ENTIDAD,DISTRITO,MUNICIPIO,NOMBRE_MUNICIPIO,SECCION,TIPO_SECCION,TIPO_NOMBRE
20,4,1,ABEJONES,1,2,URBANO(A)
20,1,2,ACATLAN DE PEREZ FIGUEROA,2,3,MIXTO(A)
20,1,2,ACATLAN DE PEREZ FIGUEROA,3,2,URBANO(A)
20,1,2,ACATLAN DE PEREZ FIGUEROA,4,2,URBANO(A)
20,1,2,ACATLAN DE PEREZ FIGUEROA,5,3,MIXTO(A)
20,1,2,ACATLAN DE PEREZ FIGUEROA,6,3,MIXTO(A)
20,1,2,ACATLAN DE PEREZ FIGUEROA,7,3,MIXTO(A)
20,1,2,ACATLAN DE PEREZ FIGUEROA,8,2,URBANO(A)
20,1,2,ACATLAN DE PEREZ FIGUEROA,9,3,MIXTO(A)
20,1,2,ACATLAN DE PEREZ FIGUEROA,10,2,URBANO(A)
20,1,2,ACATLAN DE PEREZ FIGUEROA,11,2,URBANO(A)
20,1,2,ACATLAN DE PEREZ FIGUEROA,12,3,MIXTO(A)
20,1,2,ACATLAN DE PEREZ FIGUEROA,13,4,RURAL
20,1,2,ACATLAN DE PEREZ FIGUEROA,14,4,RURAL
20,1,2,ACATLAN DE PEREZ FIGUEROA,15,4,RURAL
20,1,2,ACATLAN DE PEREZ FIGUEROA,16,4,RURAL
20,1,2,ACATLAN DE PEREZ FIGUEROA,17,4,RURAL
20,1,2,ACATLAN DE PEREZ FIGUEROA,18,4,RURAL
20,1,2,ACATLAN DE PEREZ FIGUEROA,19,2,URBANO(A)
20,1,2,ACATLAN DE PEREZ FIGUEROA,20,4,RURAL
20,1,2,ACATLAN DE PEREZ FIGUEROA,21,4,RURAL
20,1,2,ACATLAN DE PEREZ FIGUEROA,22,4,RURAL
20,1,2,ACATLAN DE PEREZ FIGUEROA,23,3,MIXTO(A)
20,1,2,ACATLAN DE PEREZ FIGUEROA,24,4,RURAL
20,1,2,ACATLAN DE PEREZ FIGUEROA,25,4,RURAL
20,1,2,ACATLAN DE PEREZ FIGUEROA,26,4,RURAL
20,1,2,ACATLAN DE PEREZ FIGUEROA,27,4,RURAL
20,1,2,ACATLAN DE PEREZ FIGUEROA,28,4,RURAL
20,1,2,ACATLAN DE PEREZ FIGUEROA,29,4,RURAL
20,1,2,ACATLAN DE PEREZ FIGUEROA,30,4,RURAL
20,1,2,ACATLAN DE PEREZ FIGUEROA,31,3,MIXTO(A)
20,1,2,ACATLAN DE PEREZ FIGUEROA,32,4,RURAL
20,1,2,ACATLAN DE PEREZ FIGUEROA,33,4,RURAL
20,1,2,ACATLAN DE PEREZ FIGUEROA,34,4,RURAL
20,4,3,ANIMAS TRUJANO,35,2,URBANO(A)
20,4,3,ANIMAS TRUJANO,36,2,URBANO(A)
20,3,386,SANTA CRUZ XOXOCOTLAN,37,2,URBANO(A)
20,3,386,SANTA CRUZ XOXOCOTLAN,38,2,URBANO(A)
20,4,4,ASUNCION CACALOTEPEC,39,3,MIXTO(A)
20,4,4,ASUNCION CACALOTEPEC,40,4,RURAL
20,4,4,ASUNCION CACALOTEPEC,41,4,RURAL
20,3,5,ASUNCION CUYOTEPEJI,42,3,MIXTO(A)
20,7,6,ASUNCION IXTALTEPEC,43,2,URBANO(A)
20,7,6,ASUNCION IXTALTEPEC,44,3,MIXTO(A)
20,7,6,ASUNCION IXTALTEPEC,45,2,URBANO(A)
20,7,6,ASUNCION IXTALTEPEC,46,3,MIXTO(A)
20,7,6,ASUNCION IXTALTEPEC,47,3,MIXTO(A)
20,7,6,ASUNCION IXTALTEPEC,48,2,URBANO(A)
20,7,6,ASUNCION IXTALTEPEC,49,2,URBANO(A)
20,7,6,ASUNCION IXTALTEPEC,50,3,MIXTO(A)
20,7,6,ASUNCION IXTALTEPEC,51,2,URBANO(A)
20,7,6,ASUNCION IXTALTEPEC,52,2,URBANO(A)
20,7,6,ASUNCION IXTALTEPEC,53,4,RURAL
20,7,6,ASUNCION IXTALTEPEC,54,4,RURAL
20,7,6,ASUNCION IXTALTEPEC,55,4,RURAL
20,7,6,ASUNCION IXTALTEPEC,56,4,RURAL
20,2,7,ASUNCION NOCHIXTLAN,57,3,MIXTO(A)
20,2,7,ASUNCION NOCHIXTLAN,58,2,URBANO(A)
20,2,7,ASUNCION NOCHIXTLAN,59,3,MIXTO(A)
20,2,7,ASUNCION NOCHIXTLAN,60,3,MIXTO(A)
20,2,7,ASUNCION NOCHIXTLAN,61,4,RURAL
20,2,7,ASUNCION NOCHIXTLAN,62,4,RURAL
20,2,7,ASUNCION NOCHIXTLAN,63,4,RURAL
20,3,7,ASUNCION NOCHIXTLAN,64,4,RURAL
20,4,8,ASUNCION OCOTLAN,65,2,URBANO(A)
20,4,8,ASUNCION OCOTLAN,66,2,URBANO(A)
20,4,8,ASUNCION OCOTLAN,67,2,URBANO(A)
20,5,9,ASUNCION TLACOLULITA,68,2,URBANO(A)
20,5,9,ASUNCION TLACOLULITA,69,4,RURAL
20,10,10,AYOQUEZCO DE ALDAMA,70,3,MIXTO(A)
20,10,10,AYOQUEZCO DE ALDAMA,71,2,URBANO(A)
20,10,10,AYOQUEZCO DE ALDAMA,72,2,URBANO(A)
20,10,10,AYOQUEZCO DE ALDAMA,73,4,RURAL
20,1,11,AYOTZINTEPEC,74,2,URBANO(A)
20,1,11,AYOTZINTEPEC,75,3,MIXTO(A)
20,1,11,AYOTZINTEPEC,76,4,RURAL
20,7,12,EL BARRIO DE LA SOLEDAD,77,3,MIXTO(A)
20,7,12,EL BARRIO DE LA SOLEDAD,78,2,URBANO(A)
20,7,12,EL BARRIO DE LA SOLEDAD,79,2,URBANO(A)
20,7,12,EL BARRIO DE LA SOLEDAD,80,3,MIXTO(A)
20,7,12,EL BARRIO DE LA SOLEDAD,81,4,RURAL
20,7,12,EL BARRIO DE LA SOLEDAD,82,4,RURAL
20,7,12,EL BARRIO DE LA SOLEDAD,83,4,RURAL
20,7,12,EL BARRIO DE LA SOLEDAD,84,4,RURAL
20,7,12,EL BARRIO DE LA SOLEDAD,85,4,RURAL
20,7,12,EL BARRIO DE LA SOLEDAD,86,4,RURAL
20,6,13,CALIHUALA,87,3,MIXTO(A)
20,6,13,CALIHUALA,89,4,RURAL
20,10,14,CANDELARIA LOXICHA,90,3,MIXTO(A)
20,10,14,CANDELARIA LOXICHA,91,3,MIXTO(A)
20,10,14,CANDELARIA LOXICHA,93,4,RURAL
20,10,14,CANDELARIA LOXICHA,94,4,RURAL
20,10,14,CANDELARIA LOXICHA,95,4,RURAL
20,10,14,CANDELARIA LOXICHA,96,4,RURAL
20,7,15,CHAHUITES,97,2,URBANO(A)
20,7,15,CHAHUITES,98,2,URBANO(A)
20,7,15,CHAHUITES,99,2,URBANO(A)
20,7,15,CHAHUITES,100,2,URBANO(A)
20,7,15,CHAHUITES,101,2,URBANO(A)
20,7,15,CHAHUITES,102,3,MIXTO(A)
20,7,15,CHAHUITES,103,3,MIXTO(A)
20,6,16,CHALCATONGO DE HIDALGO,104,2,URBANO(A)
20,6,16,CHALCATONGO DE HIDALGO,105,3,MIXTO(A)
20,6,16,CHALCATONGO DE HIDALGO,106,3,MIXTO(A)
20,6,16,CHALCATONGO DE HIDALGO,107,3,MIXTO(A)
20,6,16,CHALCATONGO DE HIDALGO,108,4,RURAL
20,6,16,CHALCATONGO DE HIDALGO,109,4,RURAL
20,6,16,CHALCATONGO DE HIDALGO,110,4,RURAL
20,3,17,CIENEGA DE ZIMATLAN,111,2,URBANO(A)
20,3,17,CIENEGA DE ZIMATLAN,112,2,URBANO(A)
20,10,18,COATECAS ALTAS,113,3,MIXTO(A)
20,10,18,COATECAS ALTAS,114,3,MIXTO(A)
20,10,18,COATECAS ALTAS,115,4,RURAL
20,10,18,COATECAS ALTAS,116,4,RURAL
20,6,19,COICOYAN DE LAS FLORES,117,3,MIXTO(A)
20,6,19,COICOYAN DE LAS FLORES,118,4,RURAL
20,6,19,COICOYAN DE LAS FLORES,119,4,RURAL
20,6,19,COICOYAN DE LAS FLORES,120,4,RURAL
20,10,20,LA COMPAÑIA,121,3,MIXTO(A)
20,10,20,LA COMPAÑIA,122,4,RURAL
20,10,20,LA COMPAÑIA,123,4,RURAL
20,10,20,LA COMPAÑIA,124,4,RURAL
20,3,21,CONCEPCION BUENAVISTA,125,3,MIXTO(A)
20,3,21,CONCEPCION BUENAVISTA,126,4,RURAL
20,2,22,CONCEPCION PAPALO,127,3,MIXTO(A)
20,2,22,CONCEPCION PAPALO,128,4,RURAL
20,2,22,CONCEPCION PAPALO,129,4,RURAL
20,2,22,CONCEPCION PAPALO,130,4,RURAL
20,6,23,CONSTANCIA DEL ROSARIO,131,3,MIXTO(A)
20,6,23,CONSTANCIA DEL ROSARIO,132,4,RURAL
20,6,23,CONSTANCIA DEL ROSARIO,133,4,RURAL
20,1,24,COSOLAPA,134,2,URBANO(A)
20,1,24,COSOLAPA,135,2,URBANO(A)
20,1,24,COSOLAPA,136,3,MIXTO(A)
20,1,24,COSOLAPA,137,2,URBANO(A)
20,1,24,COSOLAPA,138,3,MIXTO(A)
20,1,24,COSOLAPA,139,4,RURAL
20,1,24,COSOLAPA,140,4,RURAL
20,1,24,COSOLAPA,141,4,RURAL
20,1,24,COSOLAPA,142,4,RURAL
20,1,24,COSOLAPA,143,2,URBANO(A)
20,3,25,COSOLTEPEC,144,3,MIXTO(A)
20,3,25,COSOLTEPEC,145,4,RURAL
20,3,25,COSOLTEPEC,146,4,RURAL
20,3,26,CUILAPAM DE GUERRERO,147,3,MIXTO(A)
20,3,26,CUILAPAM DE GUERRERO,148,3,MIXTO(A)
20,3,26,CUILAPAM DE GUERRERO,149,2,URBANO(A)
20,3,26,CUILAPAM DE GUERRERO,150,2,URBANO(A)
20,3,26,CUILAPAM DE GUERRERO,151,2,URBANO(A)
20,3,26,CUILAPAM DE GUERRERO,152,2,URBANO(A)
20,2,27,CUYAMECALCO VILLA DE ZARAGOZA,153,3,MIXTO(A)
20,2,27,CUYAMECALCO VILLA DE ZARAGOZA,154,4,RURAL
20,2,27,CUYAMECALCO VILLA DE ZARAGOZA,155,4,RURAL
20,2,27,CUYAMECALCO VILLA DE ZARAGOZA,156,4,RURAL
20,10,28,HEROICA CIUDAD DE EJUTLA DE CRESPO,157,2,URBANO(A)
20,10,28,HEROICA CIUDAD DE EJUTLA DE CRESPO,158,3,MIXTO(A)
20,10,28,HEROICA CIUDAD DE EJUTLA DE CRESPO,159,2,URBANO(A)
20,10,28,HEROICA CIUDAD DE EJUTLA DE CRESPO,160,3,MIXTO(A)
20,10,28,HEROICA CIUDAD DE EJUTLA DE CRESPO,161,3,MIXTO(A)
20,10,28,HEROICA CIUDAD DE EJUTLA DE CRESPO,162,4,RURAL
20,10,28,HEROICA CIUDAD DE EJUTLA DE CRESPO,163,4,RURAL
20,10,28,HEROICA CIUDAD DE EJUTLA DE CRESPO,164,4,RURAL
20,10,28,HEROICA CIUDAD DE EJUTLA DE CRESPO,165,4,RURAL
20,10,28,HEROICA CIUDAD DE EJUTLA DE CRESPO,166,4,RURAL
20,10,28,HEROICA CIUDAD DE EJUTLA DE CRESPO,167,4,RURAL
20,10,28,HEROICA CIUDAD DE EJUTLA DE CRESPO,168,4,RURAL
20,10,28,HEROICA CIUDAD DE EJUTLA DE CRESPO,169,4,RURAL
20,10,28,HEROICA CIUDAD DE EJUTLA DE CRESPO,170,4,RURAL
20,10,28,HEROICA CIUDAD DE EJUTLA DE CRESPO,171,4,RURAL
20,10,28,HEROICA CIUDAD DE EJUTLA DE CRESPO,172,4,RURAL
20,10,28,HEROICA CIUDAD DE EJUTLA DE CRESPO,173,4,RURAL
20,10,28,HEROICA CIUDAD DE EJUTLA DE CRESPO,174,4,RURAL
20,10,28,HEROICA CIUDAD DE EJUTLA DE CRESPO,175,4,RURAL
20,2,29,ELOXOCHITLAN DE FLORES MAGON,176,3,MIXTO(A)
20,2,29,ELOXOCHITLAN DE FLORES MAGON,178,4,RURAL
20,2,29,ELOXOCHITLAN DE FLORES MAGON,179,4,RURAL
20,7,30,EL ESPINAL,180,3,MIXTO(A)
20,7,30,EL ESPINAL,181,2,URBANO(A)
20,7,30,EL ESPINAL,182,2,URBANO(A)
20,7,30,EL ESPINAL,183,3,MIXTO(A)
20,7,30,EL ESPINAL,184,2,URBANO(A)
20,7,30,EL ESPINAL,185,2,URBANO(A)
20,7,30,EL ESPINAL,186,3,MIXTO(A)
20,3,31,FRESNILLO DE TRUJANO,187,3,MIXTO(A)
20,3,31,FRESNILLO DE TRUJANO,188,4,RURAL
20,6,32,GUADALUPE DE RAMIREZ,189,2,URBANO(A)
20,6,32,GUADALUPE DE RAMIREZ,190,2,URBANO(A)
20,6,32,GUADALUPE DE RAMIREZ,191,4,RURAL
20,2,33,GUADALUPE ETLA,192,3,MIXTO(A)
20,4,34,GUELATAO DE JUAREZ,193,2,URBANO(A)
20,5,35,GUEVEA DE HUMBOLDT,194,3,MIXTO(A)
20,5,35,GUEVEA DE HUMBOLDT,195,3,MIXTO(A)
20,5,35,GUEVEA DE HUMBOLDT,196,4,RURAL
20,5,35,GUEVEA DE HUMBOLDT,197,4,RURAL
20,6,36,MESONES HIDALGO,198,3,MIXTO(A)
20,6,36,MESONES HIDALGO,199,4,RURAL
20,6,36,MESONES HIDALGO,200,4,RURAL
20,3,37,HEROICA CIUDAD DE HUAJUAPAN DE LEON,201,2,URBANO(A)
20,3,37,HEROICA CIUDAD DE HUAJUAPAN DE LEON,202,2,URBANO(A)
20,3,37,HEROICA CIUDAD DE HUAJUAPAN DE LEON,203,2,URBANO(A)
20,3,37,HEROICA CIUDAD DE HUAJUAPAN DE LEON,204,2,URBANO(A)
20,3,37,HEROICA CIUDAD DE HUAJUAPAN DE LEON,205,2,URBANO(A)
20,3,37,HEROICA CIUDAD DE HUAJUAPAN DE LEON,206,2,URBANO(A)
20,3,37,HEROICA CIUDAD DE HUAJUAPAN DE LEON,207,2,URBANO(A)
20,3,37,HEROICA CIUDAD DE HUAJUAPAN DE LEON,208,2,URBANO(A)
20,3,37,HEROICA CIUDAD DE HUAJUAPAN DE LEON,209,2,URBANO(A)
20,3,37,HEROICA CIUDAD DE HUAJUAPAN DE LEON,210,2,URBANO(A)
20,3,37,HEROICA CIUDAD DE HUAJUAPAN DE LEON,211,2,URBANO(A)
20,3,37,HEROICA CIUDAD DE HUAJUAPAN DE LEON,212,2,URBANO(A)
20,3,37,HEROICA CIUDAD DE HUAJUAPAN DE LEON,213,2,URBANO(A)
20,3,37,HEROICA CIUDAD DE HUAJUAPAN DE LEON,214,4,RURAL
20,3,37,HEROICA CIUDAD DE HUAJUAPAN DE LEON,215,2,URBANO(A)
20,3,37,HEROICA CIUDAD DE HUAJUAPAN DE LEON,216,2,URBANO(A)
20,3,37,HEROICA CIUDAD DE HUAJUAPAN DE LEON,217,2,URBANO(A)
20,3,37,HEROICA CIUDAD DE HUAJUAPAN DE LEON,218,2,URBANO(A)
20,3,37,HEROICA CIUDAD DE HUAJUAPAN DE LEON,219,2,URBANO(A)
20,3,37,HEROICA CIUDAD DE HUAJUAPAN DE LEON,220,3,MIXTO(A)
20,3,37,HEROICA CIUDAD DE HUAJUAPAN DE LEON,221,2,URBANO(A)
20,3,37,HEROICA CIUDAD DE HUAJUAPAN DE LEON,222,2,URBANO(A)
20,3,37,HEROICA CIUDAD DE HUAJUAPAN DE LEON,223,4,RURAL
20,3,37,HEROICA CIUDAD DE HUAJUAPAN DE LEON,224,4,RURAL
20,3,37,HEROICA CIUDAD DE HUAJUAPAN DE LEON,225,4,RURAL
20,3,37,HEROICA CIUDAD DE HUAJUAPAN DE LEON,226,4,RURAL
20,3,37,HEROICA CIUDAD DE HUAJUAPAN DE LEON,227,4,RURAL
20,3,37,HEROICA CIUDAD DE HUAJUAPAN DE LEON,229,4,RURAL
20,3,37,HEROICA CIUDAD DE HUAJUAPAN DE LEON,230,4,RURAL
20,3,37,HEROICA CIUDAD DE HUAJUAPAN DE LEON,231,2,URBANO(A)
20,2,38,HUAUTEPEC,232,3,MIXTO(A)
20,2,38,HUAUTEPEC,233,4,RURAL
20,2,38,HUAUTEPEC,234,4,RURAL
20,2,38,HUAUTEPEC,235,3,MIXTO(A)
20,2,39,HUAUTLA DE JIMENEZ,236,3,MIXTO(A)
20,2,39,HUAUTLA DE JIMENEZ,237,3,MIXTO(A)
20,2,39,HUAUTLA DE JIMENEZ,238,2,URBANO(A)
20,2,39,HUAUTLA DE JIMENEZ,239,3,MIXTO(A)
20,2,39,HUAUTLA DE JIMENEZ,240,2,URBANO(A)
20,2,39,HUAUTLA DE JIMENEZ,241,3,MIXTO(A)
20,2,39,HUAUTLA DE JIMENEZ,242,3,MIXTO(A)
20,2,39,HUAUTLA DE JIMENEZ,243,3,MIXTO(A)
20,2,39,HUAUTLA DE JIMENEZ,244,3,MIXTO(A)
20,2,39,HUAUTLA DE JIMENEZ,245,4,RURAL
20,2,39,HUAUTLA DE JIMENEZ,246,4,RURAL
20,2,39,HUAUTLA DE JIMENEZ,247,4,RURAL
20,2,39,HUAUTLA DE JIMENEZ,248,4,RURAL
20,2,39,HUAUTLA DE JIMENEZ,249,4,RURAL
20,2,39,HUAUTLA DE JIMENEZ,250,4,RURAL
20,2,39,HUAUTLA DE JIMENEZ,251,4,RURAL
20,2,39,HUAUTLA DE JIMENEZ,252,4,RURAL
20,2,39,HUAUTLA DE JIMENEZ,253,4,RURAL
20,2,39,HUAUTLA DE JIMENEZ,254,4,RURAL
20,6,40,IXPANTEPEC NIEVES,255,3,MIXTO(A)
20,6,40,IXPANTEPEC NIEVES,256,4,RURAL
20,6,40,IXPANTEPEC NIEVES,257,4,RURAL
20,7,41,CIUDAD IXTEPEC,258,3,MIXTO(A)
20,7,41,CIUDAD IXTEPEC,259,2,URBANO(A)
20,7,41,CIUDAD IXTEPEC,260,2,URBANO(A)
20,7,41,CIUDAD IXTEPEC,261,3,MIXTO(A)
20,7,41,CIUDAD IXTEPEC,262,2,URBANO(A)
20,7,41,CIUDAD IXTEPEC,263,2,URBANO(A)
20,7,41,CIUDAD IXTEPEC,264,2,URBANO(A)
20,7,41,CIUDAD IXTEPEC,265,3,MIXTO(A)
20,7,41,CIUDAD IXTEPEC,266,2,URBANO(A)
20,7,41,CIUDAD IXTEPEC,267,2,URBANO(A)
20,7,41,CIUDAD IXTEPEC,268,2,URBANO(A)
20,7,41,CIUDAD IXTEPEC,269,2,URBANO(A)
20,7,41,CIUDAD IXTEPEC,270,2,URBANO(A)
20,7,41,CIUDAD IXTEPEC,271,3,MIXTO(A)
20,7,41,CIUDAD IXTEPEC,272,2,URBANO(A)
20,7,41,CIUDAD IXTEPEC,273,2,URBANO(A)
20,7,41,CIUDAD IXTEPEC,274,2,URBANO(A)
20,4,42,IXTLAN DE JUAREZ,276,3,MIXTO(A)
20,4,42,IXTLAN DE JUAREZ,277,3,MIXTO(A)
20,4,42,IXTLAN DE JUAREZ,278,4,RURAL
20,4,42,IXTLAN DE JUAREZ,279,4,RURAL
20,4,42,IXTLAN DE JUAREZ,280,4,RURAL
20,4,42,IXTLAN DE JUAREZ,281,4,RURAL
20,4,42,IXTLAN DE JUAREZ,282,4,RURAL
20,7,43,HEROICA CIUDAD DE JUCHITAN DE ZARAGOZA,283,2,URBANO(A)
20,7,43,HEROICA CIUDAD DE JUCHITAN DE ZARAGOZA,285,2,URBANO(A)
20,7,43,HEROICA CIUDAD DE JUCHITAN DE ZARAGOZA,286,2,URBANO(A)
20,7,43,HEROICA CIUDAD DE JUCHITAN DE ZARAGOZA,287,2,URBANO(A)
20,7,43,HEROICA CIUDAD DE JUCHITAN DE ZARAGOZA,288,2,URBANO(A)
20,7,43,HEROICA CIUDAD DE JUCHITAN DE ZARAGOZA,289,2,URBANO(A)
20,7,43,HEROICA CIUDAD DE JUCHITAN DE ZARAGOZA,291,2,URBANO(A)
20,7,43,HEROICA CIUDAD DE JUCHITAN DE ZARAGOZA,292,2,URBANO(A)
20,7,43,HEROICA CIUDAD DE JUCHITAN DE ZARAGOZA,293,2,URBANO(A)
20,7,43,HEROICA CIUDAD DE JUCHITAN DE ZARAGOZA,295,2,URBANO(A)
20,7,43,HEROICA CIUDAD DE JUCHITAN DE ZARAGOZA,296,2,URBANO(A)
20,7,43,HEROICA CIUDAD DE JUCHITAN DE ZARAGOZA,297,2,URBANO(A)
20,7,43,HEROICA CIUDAD DE JUCHITAN DE ZARAGOZA,298,2,URBANO(A)
20,7,43,HEROICA CIUDAD DE JUCHITAN DE ZARAGOZA,299,2,URBANO(A)
20,7,43,HEROICA CIUDAD DE JUCHITAN DE ZARAGOZA,300,2,URBANO(A)
20,7,43,HEROICA CIUDAD DE JUCHITAN DE ZARAGOZA,301,2,URBANO(A)
20,7,43,HEROICA CIUDAD DE JUCHITAN DE ZARAGOZA,302,2,URBANO(A)
20,7,43,HEROICA CIUDAD DE JUCHITAN DE ZARAGOZA,303,2,URBANO(A)
20,7,43,HEROICA CIUDAD DE JUCHITAN DE ZARAGOZA,304,2,URBANO(A)
20,7,43,HEROICA CIUDAD DE JUCHITAN DE ZARAGOZA,305,2,URBANO(A)
20,7,43,HEROICA CIUDAD DE JUCHITAN DE ZARAGOZA,306,2,URBANO(A)
20,7,43,HEROICA CIUDAD DE JUCHITAN DE ZARAGOZA,307,2,URBANO(A)
20,7,43,HEROICA CIUDAD DE JUCHITAN DE ZARAGOZA,308,2,URBANO(A)
20,7,43,HEROICA CIUDAD DE JUCHITAN DE ZARAGOZA,309,2,URBANO(A)
20,7,43,HEROICA CIUDAD DE JUCHITAN DE ZARAGOZA,310,2,URBANO(A)
20,7,43,HEROICA CIUDAD DE JUCHITAN DE ZARAGOZA,311,2,URBANO(A)
20,7,43,HEROICA CIUDAD DE JUCHITAN DE ZARAGOZA,312,2,URBANO(A)
20,7,43,HEROICA CIUDAD DE JUCHITAN DE ZARAGOZA,313,2,URBANO(A)
20,7,43,HEROICA CIUDAD DE JUCHITAN DE ZARAGOZA,314,2,URBANO(A)
20,7,43,HEROICA CIUDAD DE JUCHITAN DE ZARAGOZA,315,2,URBANO(A)
20,7,43,HEROICA CIUDAD DE JUCHITAN DE ZARAGOZA,316,2,URBANO(A)
20,7,43,HEROICA CIUDAD DE JUCHITAN DE ZARAGOZA,317,2,URBANO(A)
20,7,43,HEROICA CIUDAD DE JUCHITAN DE ZARAGOZA,318,2,URBANO(A)
20,7,43,HEROICA CIUDAD DE JUCHITAN DE ZARAGOZA,319,3,MIXTO(A)
20,7,43,HEROICA CIUDAD DE JUCHITAN DE ZARAGOZA,320,2,URBANO(A)
20,7,43,HEROICA CIUDAD DE JUCHITAN DE ZARAGOZA,321,2,URBANO(A)
20,7,43,HEROICA CIUDAD DE JUCHITAN DE ZARAGOZA,322,3,MIXTO(A)
20,7,43,HEROICA CIUDAD DE JUCHITAN DE ZARAGOZA,323,3,MIXTO(A)
20,7,43,HEROICA CIUDAD DE JUCHITAN DE ZARAGOZA,324,3,MIXTO(A)
20,7,43,HEROICA CIUDAD DE JUCHITAN DE ZARAGOZA,325,2,URBANO(A)
20,7,43,HEROICA CIUDAD DE JUCHITAN DE ZARAGOZA,326,2,URBANO(A)
20,7,43,HEROICA CIUDAD DE JUCHITAN DE ZARAGOZA,327,3,MIXTO(A)
20,7,43,HEROICA CIUDAD DE JUCHITAN DE ZARAGOZA,328,2,URBANO(A)
20,7,43,HEROICA CIUDAD DE JUCHITAN DE ZARAGOZA,329,3,MIXTO(A)
20,7,43,HEROICA CIUDAD DE JUCHITAN DE ZARAGOZA,330,3,MIXTO(A)
20,7,43,HEROICA CIUDAD DE JUCHITAN DE ZARAGOZA,331,3,MIXTO(A)
20,7,43,HEROICA CIUDAD DE JUCHITAN DE ZARAGOZA,332,2,URBANO(A)
20,1,44,LOMA BONITA,333,2,URBANO(A)
20,1,44,LOMA BONITA,334,2,URBANO(A)
20,1,44,LOMA BONITA,335,2,URBANO(A)
20,1,44,LOMA BONITA,336,2,URBANO(A)
20,1,44,LOMA BONITA,337,2,URBANO(A)
20,1,44,LOMA BONITA,338,2,URBANO(A)
20,1,44,LOMA BONITA,339,2,URBANO(A)
20,1,44,LOMA BONITA,340,2,URBANO(A)
20,1,44,LOMA BONITA,341,3,MIXTO(A)
20,1,44,LOMA BONITA,342,2,URBANO(A)
20,1,44,LOMA BONITA,343,2,URBANO(A)
20,1,44,LOMA BONITA,344,2,URBANO(A)
20,1,44,LOMA BONITA,345,2,URBANO(A)
20,1,44,LOMA BONITA,346,2,URBANO(A)
20,1,44,LOMA BONITA,347,2,URBANO(A)
20,1,44,LOMA BONITA,348,2,URBANO(A)
20,1,44,LOMA BONITA,349,2,URBANO(A)
20,1,44,LOMA BONITA,350,2,URBANO(A)
20,1,44,LOMA BONITA,351,2,URBANO(A)
20,1,44,LOMA BONITA,352,2,URBANO(A)
20,1,44,LOMA BONITA,353,2,URBANO(A)
20,1,44,LOMA BONITA,354,2,URBANO(A)
20,1,44,LOMA BONITA,355,3,MIXTO(A)
20,1,44,LOMA BONITA,356,2,URBANO(A)
20,1,44,LOMA BONITA,357,4,RURAL
20,1,44,LOMA BONITA,358,4,RURAL
20,1,44,LOMA BONITA,359,4,RURAL
20,1,44,LOMA BONITA,360,4,RURAL
20,1,44,LOMA BONITA,361,4,RURAL
20,1,44,LOMA BONITA,362,4,RURAL
20,1,44,LOMA BONITA,363,4,RURAL
20,1,44,LOMA BONITA,364,4,RURAL
20,2,45,MAGDALENA APASCO,365,3,MIXTO(A)
20,2,45,MAGDALENA APASCO,366,3,MIXTO(A)
20,2,45,MAGDALENA APASCO,367,4,RURAL
20,2,45,MAGDALENA APASCO,368,4,RURAL
20,3,46,MAGDALENA JALTEPEC,369,3,MIXTO(A)
20,3,46,MAGDALENA JALTEPEC,370,4,RURAL
20,3,46,MAGDALENA JALTEPEC,371,4,RURAL
20,3,46,MAGDALENA JALTEPEC,372,4,RURAL
20,10,47,MAGDALENA MIXTEPEC,373,3,MIXTO(A)
20,10,48,MAGDALENA OCOTLAN,374,2,URBANO(A)
20,6,49,MAGDALENA PEÑASCO,375,3,MIXTO(A)
20,6,49,MAGDALENA PEÑASCO,376,3,MIXTO(A)
20,6,49,MAGDALENA PEÑASCO,377,4,RURAL
20,4,50,MAGDALENA TEITIPAC,378,2,URBANO(A)
20,4,50,MAGDALENA TEITIPAC,379,2,URBANO(A)
20,5,51,MAGDALENA TEQUISISTLAN,380,3,MIXTO(A)
20,5,51,MAGDALENA TEQUISISTLAN,381,3,MIXTO(A)
20,5,51,MAGDALENA TEQUISISTLAN,382,3,MIXTO(A)
20,5,51,MAGDALENA TEQUISISTLAN,383,4,RURAL
20,5,51,MAGDALENA TEQUISISTLAN,384,4,RURAL
20,5,51,MAGDALENA TEQUISISTLAN,385,4,RURAL
20,5,52,MAGDALENA TLACOTEPEC,386,3,MIXTO(A)
20,3,53,MAGDALENA YODOCONO DE PORFIRIO DIAZ,387,3,MIXTO(A)
20,3,54,MAGDALENA ZAHUATLAN,388,3,MIXTO(A)
20,6,55,MARISCALA DE JUAREZ,389,3,MIXTO(A)
20,6,55,MARISCALA DE JUAREZ,390,2,URBANO(A)
20,6,55,MARISCALA DE JUAREZ,391,3,MIXTO(A)
20,6,55,MARISCALA DE JUAREZ,392,4,RURAL
20,6,55,MARISCALA DE JUAREZ,393,4,RURAL
20,6,55,MARISCALA DE JUAREZ,394,4,RURAL
20,6,55,MARISCALA DE JUAREZ,395,4,RURAL
20,9,56,MARTIRES DE TACUBAYA,396,3,MIXTO(A)
20,7,57,MATIAS ROMERO AVENDAÑO,397,2,URBANO(A)
20,7,57,MATIAS ROMERO AVENDAÑO,398,2,URBANO(A)
20,7,57,MATIAS ROMERO AVENDAÑO,399,2,URBANO(A)
20,7,57,MATIAS ROMERO AVENDAÑO,400,2,URBANO(A)
20,7,57,MATIAS ROMERO AVENDAÑO,401,2,URBANO(A)
20,7,57,MATIAS ROMERO AVENDAÑO,402,2,URBANO(A)
20,7,57,MATIAS ROMERO AVENDAÑO,403,2,URBANO(A)
20,7,57,MATIAS ROMERO AVENDAÑO,404,2,URBANO(A)
20,7,57,MATIAS ROMERO AVENDAÑO,405,2,URBANO(A)
20,7,57,MATIAS ROMERO AVENDAÑO,406,2,URBANO(A)
20,7,57,MATIAS ROMERO AVENDAÑO,407,2,URBANO(A)
20,7,57,MATIAS ROMERO AVENDAÑO,408,3,MIXTO(A)
20,7,57,MATIAS ROMERO AVENDAÑO,409,2,URBANO(A)
20,7,57,MATIAS ROMERO AVENDAÑO,410,3,MIXTO(A)
20,7,57,MATIAS ROMERO AVENDAÑO,411,2,URBANO(A)
20,7,57,MATIAS ROMERO AVENDAÑO,412,4,RURAL
20,7,57,MATIAS ROMERO AVENDAÑO,413,4,RURAL
20,7,57,MATIAS ROMERO AVENDAÑO,414,4,RURAL
20,7,57,MATIAS ROMERO AVENDAÑO,415,3,MIXTO(A)
20,4,57,MATIAS ROMERO AVENDAÑO,416,4,RURAL
20,7,57,MATIAS ROMERO AVENDAÑO,417,4,RURAL
20,7,57,MATIAS ROMERO AVENDAÑO,418,4,RURAL
20,7,57,MATIAS ROMERO AVENDAÑO,419,4,RURAL
20,7,57,MATIAS ROMERO AVENDAÑO,420,3,MIXTO(A)
20,7,57,MATIAS ROMERO AVENDAÑO,421,4,RURAL
20,2,58,MAZATLAN VILLA DE FLORES,422,3,MIXTO(A)
20,2,58,MAZATLAN VILLA DE FLORES,423,3,MIXTO(A)
20,2,58,MAZATLAN VILLA DE FLORES,424,4,RURAL
20,2,58,MAZATLAN VILLA DE FLORES,425,4,RURAL
20,2,58,MAZATLAN VILLA DE FLORES,426,4,RURAL
20,2,58,MAZATLAN VILLA DE FLORES,427,4,RURAL
20,2,58,MAZATLAN VILLA DE FLORES,428,4,RURAL
20,2,58,MAZATLAN VILLA DE FLORES,429,4,RURAL
20,2,58,MAZATLAN VILLA DE FLORES,430,4,RURAL
20,2,58,MAZATLAN VILLA DE FLORES,431,4,RURAL
20,10,59,MIAHUATLAN DE PORFIRIO DIAZ,432,2,URBANO(A)
20,10,59,MIAHUATLAN DE PORFIRIO DIAZ,433,2,URBANO(A)
20,10,59,MIAHUATLAN DE PORFIRIO DIAZ,434,3,MIXTO(A)
20,10,59,MIAHUATLAN DE PORFIRIO DIAZ,435,3,MIXTO(A)
20,10,59,MIAHUATLAN DE PORFIRIO DIAZ,436,2,URBANO(A)
20,10,59,MIAHUATLAN DE PORFIRIO DIAZ,437,3,MIXTO(A)
20,10,59,MIAHUATLAN DE PORFIRIO DIAZ,438,3,MIXTO(A)
20,10,59,MIAHUATLAN DE PORFIRIO DIAZ,439,2,URBANO(A)
20,10,59,MIAHUATLAN DE PORFIRIO DIAZ,440,2,URBANO(A)
20,10,59,MIAHUATLAN DE PORFIRIO DIAZ,441,3,MIXTO(A)
20,10,59,MIAHUATLAN DE PORFIRIO DIAZ,442,4,RURAL
20,10,59,MIAHUATLAN DE PORFIRIO DIAZ,443,4,RURAL
20,10,59,MIAHUATLAN DE PORFIRIO DIAZ,444,4,RURAL
20,10,59,MIAHUATLAN DE PORFIRIO DIAZ,445,4,RURAL
20,10,59,MIAHUATLAN DE PORFIRIO DIAZ,446,4,RURAL
20,10,59,MIAHUATLAN DE PORFIRIO DIAZ,447,4,RURAL
20,10,59,MIAHUATLAN DE PORFIRIO DIAZ,448,4,RURAL
20,10,59,MIAHUATLAN DE PORFIRIO DIAZ,449,4,RURAL
20,10,59,MIAHUATLAN DE PORFIRIO DIAZ,450,4,RURAL
20,10,59,MIAHUATLAN DE PORFIRIO DIAZ,451,4,RURAL
20,10,59,MIAHUATLAN DE PORFIRIO DIAZ,452,4,RURAL
20,10,59,MIAHUATLAN DE PORFIRIO DIAZ,453,4,RURAL
20,4,60,MIXISTLAN DE LA REFORMA,454,3,MIXTO(A)
20,4,60,MIXISTLAN DE LA REFORMA,455,4,RURAL
20,10,61,MONJAS,456,3,MIXTO(A)
20,10,61,MONJAS,457,4,RURAL
20,4,62,NATIVIDAD,458,2,URBANO(A)
20,2,63,NAZARENO ETLA,459,2,URBANO(A)
20,2,63,NAZARENO ETLA,460,2,URBANO(A)
20,5,64,NEJAPA DE MADERO,461,3,MIXTO(A)
20,5,64,NEJAPA DE MADERO,462,3,MIXTO(A)
20,5,64,NEJAPA DE MADERO,463,2,URBANO(A)
20,5,64,NEJAPA DE MADERO,464,2,URBANO(A)
20,5,64,NEJAPA DE MADERO,465,4,RURAL
20,5,64,NEJAPA DE MADERO,466,4,RURAL
20,5,64,NEJAPA DE MADERO,467,4,RURAL
20,5,64,NEJAPA DE MADERO,468,4,RURAL
20,4,65,NUEVO ZOQUIAPAM,469,3,MIXTO(A)
20,8,66,OAXACA DE JUAREZ,472,2,URBANO(A)
20,8,66,OAXACA DE JUAREZ,473,2,URBANO(A)
20,8,66,OAXACA DE JUAREZ,474,2,URBANO(A)
20,8,66,OAXACA DE JUAREZ,475,2,URBANO(A)
20,8,66,OAXACA DE JUAREZ,476,2,URBANO(A)
20,8,66,OAXACA DE JUAREZ,477,2,URBANO(A)
20,8,66,OAXACA DE JUAREZ,479,2,URBANO(A)
20,8,66,OAXACA DE JUAREZ,480,2,URBANO(A)
20,8,66,OAXACA DE JUAREZ,481,2,URBANO(A)
20,8,66,OAXACA DE JUAREZ,483,2,URBANO(A)
20,8,66,OAXACA DE JUAREZ,484,2,URBANO(A)
20,8,66,OAXACA DE JUAREZ,485,2,URBANO(A)
20,8,66,OAXACA DE JUAREZ,486,2,URBANO(A)
20,8,66,OAXACA DE JUAREZ,487,2,URBANO(A)
20,8,66,OAXACA DE JUAREZ,488,2,URBANO(A)
20,8,66,OAXACA DE JUAREZ,489,2,URBANO(A)
20,8,66,OAXACA DE JUAREZ,490,2,URBANO(A)
20,8,66,OAXACA DE JUAREZ,491,2,URBANO(A)
20,8,66,OAXACA DE JUAREZ,492,2,URBANO(A)
20,8,66,OAXACA DE JUAREZ,494,2,URBANO(A)
20,8,66,OAXACA DE JUAREZ,495,2,URBANO(A)
20,8,66,OAXACA DE JUAREZ,496,2,URBANO(A)
20,8,66,OAXACA DE JUAREZ,497,2,URBANO(A)
20,8,66,OAXACA DE JUAREZ,498,2,URBANO(A)
20,8,66,OAXACA DE JUAREZ,499,2,URBANO(A)
20,8,66,OAXACA DE JUAREZ,501,2,URBANO(A)
20,8,66,OAXACA DE JUAREZ,502,2,URBANO(A)
20,8,66,OAXACA DE JUAREZ,503,2,URBANO(A)
20,8,66,OAXACA DE JUAREZ,504,2,URBANO(A)
20,8,66,OAXACA DE JUAREZ,505,2,URBANO(A)
20,8,66,OAXACA DE JUAREZ,506,2,URBANO(A)
20,8,66,OAXACA DE JUAREZ,507,2,URBANO(A)
20,8,66,OAXACA DE JUAREZ,508,2,URBANO(A)
20,8,66,OAXACA DE JUAREZ,509,2,URBANO(A)
20,8,66,OAXACA DE JUAREZ,510,2,URBANO(A)
20,8,66,OAXACA DE JUAREZ,511,2,URBANO(A)
20,8,66,OAXACA DE JUAREZ,512,2,URBANO(A)
20,8,66,OAXACA DE JUAREZ,513,2,URBANO(A)
20,8,66,OAXACA DE JUAREZ,514,2,URBANO(A)
20,8,66,OAXACA DE JUAREZ,515,2,URBANO(A)
20,8,66,OAXACA DE JUAREZ,516,2,URBANO(A)
20,8,66,OAXACA DE JUAREZ,517,2,URBANO(A)
20,8,66,OAXACA DE JUAREZ,518,2,URBANO(A)
20,8,66,OAXACA DE JUAREZ,519,2,URBANO(A)
20,8,66,OAXACA DE JUAREZ,520,2,URBANO(A)
20,8,66,OAXACA DE JUAREZ,521,2,URBANO(A)
20,8,66,OAXACA DE JUAREZ,522,2,URBANO(A)
20,8,66,OAXACA DE JUAREZ,523,2,URBANO(A)
20,8,66,OAXACA DE JUAREZ,524,2,URBANO(A)
20,8,66,OAXACA DE JUAREZ,525,2,URBANO(A)
20,8,66,OAXACA DE JUAREZ,526,2,URBANO(A)
20,8,66,OAXACA DE JUAREZ,527,2,URBANO(A)
20,8,66,OAXACA DE JUAREZ,528,2,URBANO(A)
20,8,66,OAXACA DE JUAREZ,529,2,URBANO(A)
20,8,66,OAXACA DE JUAREZ,530,2,URBANO(A)
20,8,66,OAXACA DE JUAREZ,531,2,URBANO(A)
20,8,66,OAXACA DE JUAREZ,532,2,URBANO(A)
20,8,66,OAXACA DE JUAREZ,533,2,URBANO(A)
20,8,66,OAXACA DE JUAREZ,534,2,URBANO(A)
20,8,66,OAXACA DE JUAREZ,535,2,URBANO(A)
20,8,66,OAXACA DE JUAREZ,536,2,URBANO(A)
20,8,66,OAXACA DE JUAREZ,537,2,URBANO(A)
20,8,66,OAXACA DE JUAREZ,538,2,URBANO(A)
20,8,66,OAXACA DE JUAREZ,539,2,URBANO(A)
20,8,66,OAXACA DE JUAREZ,540,2,URBANO(A)
20,8,66,OAXACA DE JUAREZ,541,2,URBANO(A)
20,8,66,OAXACA DE JUAREZ,542,2,URBANO(A)
20,8,66,OAXACA DE JUAREZ,544,2,URBANO(A)
20,8,66,OAXACA DE JUAREZ,545,2,URBANO(A)
20,8,66,OAXACA DE JUAREZ,546,2,URBANO(A)
20,8,66,OAXACA DE JUAREZ,547,2,URBANO(A)
20,8,66,OAXACA DE JUAREZ,548,2,URBANO(A)
20,8,66,OAXACA DE JUAREZ,549,2,URBANO(A)
20,8,66,OAXACA DE JUAREZ,550,2,URBANO(A)
20,8,66,OAXACA DE JUAREZ,551,2,URBANO(A)
20,8,66,OAXACA DE JUAREZ,552,2,URBANO(A)
20,8,66,OAXACA DE JUAREZ,553,2,URBANO(A)
20,8,66,OAXACA DE JUAREZ,554,2,URBANO(A)
20,8,66,OAXACA DE JUAREZ,555,2,URBANO(A)
20,8,66,OAXACA DE JUAREZ,556,2,URBANO(A)
20,8,66,OAXACA DE JUAREZ,557,2,URBANO(A)
20,8,66,OAXACA DE JUAREZ,558,2,URBANO(A)
20,8,66,OAXACA DE JUAREZ,559,2,URBANO(A)
20,8,66,OAXACA DE JUAREZ,560,2,URBANO(A)
20,8,66,OAXACA DE JUAREZ,561,2,URBANO(A)
20,8,66,OAXACA DE JUAREZ,562,2,URBANO(A)
20,8,66,OAXACA DE JUAREZ,563,2,URBANO(A)
20,8,66,OAXACA DE JUAREZ,564,2,URBANO(A)
20,8,66,OAXACA DE JUAREZ,565,2,URBANO(A)
20,8,66,OAXACA DE JUAREZ,566,2,URBANO(A)
20,8,66,OAXACA DE JUAREZ,567,2,URBANO(A)
20,8,66,OAXACA DE JUAREZ,568,2,URBANO(A)
20,8,66,OAXACA DE JUAREZ,569,2,URBANO(A)
20,8,66,OAXACA DE JUAREZ,570,2,URBANO(A)
20,8,66,OAXACA DE JUAREZ,571,2,URBANO(A)
20,8,66,OAXACA DE JUAREZ,572,2,URBANO(A)
20,8,66,OAXACA DE JUAREZ,573,2,URBANO(A)
20,8,66,OAXACA DE JUAREZ,574,2,URBANO(A)
20,8,66,OAXACA DE JUAREZ,575,2,URBANO(A)
20,8,66,OAXACA DE JUAREZ,576,2,URBANO(A)
20,8,66,OAXACA DE JUAREZ,577,2,URBANO(A)
20,8,66,OAXACA DE JUAREZ,578,2,URBANO(A)
20,8,66,OAXACA DE JUAREZ,579,2,URBANO(A)
20,8,66,OAXACA DE JUAREZ,580,2,URBANO(A)
20,8,66,OAXACA DE JUAREZ,581,2,URBANO(A)
20,8,66,OAXACA DE JUAREZ,582,2,URBANO(A)
20,8,66,OAXACA DE JUAREZ,583,2,URBANO(A)
20,8,66,OAXACA DE JUAREZ,584,2,URBANO(A)
20,8,66,OAXACA DE JUAREZ,585,2,URBANO(A)
20,8,66,OAXACA DE JUAREZ,586,2,URBANO(A)
20,8,66,OAXACA DE JUAREZ,587,2,URBANO(A)
20,8,66,OAXACA DE JUAREZ,588,2,URBANO(A)
20,8,66,OAXACA DE JUAREZ,589,2,URBANO(A)
20,8,66,OAXACA DE JUAREZ,590,2,URBANO(A)
20,8,66,OAXACA DE JUAREZ,591,2,URBANO(A)
20,8,66,OAXACA DE JUAREZ,592,2,URBANO(A)
20,8,66,OAXACA DE JUAREZ,594,2,URBANO(A)
20,8,66,OAXACA DE JUAREZ,595,2,URBANO(A)
20,8,66,OAXACA DE JUAREZ,596,2,URBANO(A)
20,8,66,OAXACA DE JUAREZ,597,2,URBANO(A)
20,8,66,OAXACA DE JUAREZ,598,2,URBANO(A)
20,8,66,OAXACA DE JUAREZ,599,2,URBANO(A)
20,8,66,OAXACA DE JUAREZ,600,2,URBANO(A)
20,8,66,OAXACA DE JUAREZ,601,2,URBANO(A)
20,8,66,OAXACA DE JUAREZ,602,2,URBANO(A)
20,8,66,OAXACA DE JUAREZ,603,2,URBANO(A)
20,8,66,OAXACA DE JUAREZ,604,2,URBANO(A)
20,8,66,OAXACA DE JUAREZ,605,2,URBANO(A)
20,8,66,OAXACA DE JUAREZ,606,2,URBANO(A)
20,8,66,OAXACA DE JUAREZ,607,2,URBANO(A)
20,8,66,OAXACA DE JUAREZ,608,2,URBANO(A)
20,8,66,OAXACA DE JUAREZ,609,2,URBANO(A)
20,8,66,OAXACA DE JUAREZ,610,2,URBANO(A)
20,8,66,OAXACA DE JUAREZ,611,2,URBANO(A)
20,8,66,OAXACA DE JUAREZ,612,2,URBANO(A)
20,8,66,OAXACA DE JUAREZ,613,2,URBANO(A)
20,8,66,OAXACA DE JUAREZ,614,2,URBANO(A)
20,8,66,OAXACA DE JUAREZ,615,2,URBANO(A)
20,4,67,OCOTLAN DE MORELOS,617,3,MIXTO(A)
20,4,67,OCOTLAN DE MORELOS,618,3,MIXTO(A)
20,4,67,OCOTLAN DE MORELOS,619,3,MIXTO(A)
20,4,67,OCOTLAN DE MORELOS,620,2,URBANO(A)
20,4,67,OCOTLAN DE MORELOS,621,2,URBANO(A)
20,4,67,OCOTLAN DE MORELOS,622,2,URBANO(A)
20,4,67,OCOTLAN DE MORELOS,623,3,MIXTO(A)
20,4,67,OCOTLAN DE MORELOS,624,4,RURAL
20,4,67,OCOTLAN DE MORELOS,625,4,RURAL
20,4,67,OCOTLAN DE MORELOS,626,4,RURAL
20,4,67,OCOTLAN DE MORELOS,627,4,RURAL
20,4,67,OCOTLAN DE MORELOS,628,4,RURAL
20,4,67,OCOTLAN DE MORELOS,629,4,RURAL
20,4,67,OCOTLAN DE MORELOS,630,4,RURAL
20,4,67,OCOTLAN DE MORELOS,631,4,RURAL
20,10,68,LA PE,632,3,MIXTO(A)
20,9,69,PINOTEPA DE DON LUIS,633,2,URBANO(A)
20,9,69,PINOTEPA DE DON LUIS,634,3,MIXTO(A)
20,9,69,PINOTEPA DE DON LUIS,635,3,MIXTO(A)
20,9,69,PINOTEPA DE DON LUIS,636,2,URBANO(A)
20,9,69,PINOTEPA DE DON LUIS,637,3,MIXTO(A)
20,10,70,PLUMA HIDALGO,638,3,MIXTO(A)
20,10,70,PLUMA HIDALGO,640,4,RURAL
20,10,70,PLUMA HIDALGO,641,4,RURAL
20,10,70,PLUMA HIDALGO,642,4,RURAL
20,6,71,PUTLA VILLA DE GUERRERO,643,3,MIXTO(A)
20,6,71,PUTLA VILLA DE GUERRERO,644,3,MIXTO(A)
20,6,71,PUTLA VILLA DE GUERRERO,645,3,MIXTO(A)
20,6,71,PUTLA VILLA DE GUERRERO,646,3,MIXTO(A)
20,6,71,PUTLA VILLA DE GUERRERO,647,2,URBANO(A)
20,6,71,PUTLA VILLA DE GUERRERO,648,3,MIXTO(A)
20,6,71,PUTLA VILLA DE GUERRERO,649,4,RURAL
20,6,71,PUTLA VILLA DE GUERRERO,650,4,RURAL
20,6,71,PUTLA VILLA DE GUERRERO,651,4,RURAL
20,6,71,PUTLA VILLA DE GUERRERO,652,4,RURAL
20,6,71,PUTLA VILLA DE GUERRERO,653,4,RURAL
20,6,71,PUTLA VILLA DE GUERRERO,654,4,RURAL
20,6,71,PUTLA VILLA DE GUERRERO,655,4,RURAL
20,6,71,PUTLA VILLA DE GUERRERO,656,4,RURAL
20,6,71,PUTLA VILLA DE GUERRERO,657,4,RURAL
20,6,71,PUTLA VILLA DE GUERRERO,658,4,RURAL
20,6,71,PUTLA VILLA DE GUERRERO,659,4,RURAL
20,6,71,PUTLA VILLA DE GUERRERO,660,4,RURAL
20,7,72,REFORMA DE PINEDA,661,2,URBANO(A)
20,7,72,REFORMA DE PINEDA,662,2,URBANO(A)
20,9,73,LA REFORMA,663,3,MIXTO(A)
20,9,73,LA REFORMA,664,3,MIXTO(A)
20,9,73,LA REFORMA,665,4,RURAL
20,2,74,REYES ETLA,666,2,URBANO(A)
20,2,74,REYES ETLA,667,3,MIXTO(A)
20,4,75,ROJAS DE CUAUHTEMOC,668,2,URBANO(A)
20,5,76,SALINA CRUZ,670,2,URBANO(A)
20,5,76,SALINA CRUZ,671,2,URBANO(A)
20,5,76,SALINA CRUZ,672,2,URBANO(A)
20,5,76,SALINA CRUZ,674,2,URBANO(A)
20,5,76,SALINA CRUZ,675,2,URBANO(A)
20,5,76,SALINA CRUZ,676,2,URBANO(A)
20,5,76,SALINA CRUZ,677,2,URBANO(A)
20,5,76,SALINA CRUZ,678,2,URBANO(A)
20,5,76,SALINA CRUZ,679,2,URBANO(A)
20,5,76,SALINA CRUZ,680,2,URBANO(A)
20,5,76,SALINA CRUZ,681,2,URBANO(A)
20,5,76,SALINA CRUZ,682,2,URBANO(A)
20,5,76,SALINA CRUZ,683,2,URBANO(A)
20,5,76,SALINA CRUZ,684,2,URBANO(A)
20,5,76,SALINA CRUZ,685,2,URBANO(A)
20,5,76,SALINA CRUZ,686,2,URBANO(A)
20,5,76,SALINA CRUZ,687,2,URBANO(A)
20,5,76,SALINA CRUZ,688,2,URBANO(A)
20,5,76,SALINA CRUZ,689,2,URBANO(A)
20,5,76,SALINA CRUZ,690,2,URBANO(A)
20,5,76,SALINA CRUZ,691,2,URBANO(A)
20,5,76,SALINA CRUZ,692,2,URBANO(A)
20,5,76,SALINA CRUZ,693,2,URBANO(A)
20,5,76,SALINA CRUZ,694,2,URBANO(A)
20,5,76,SALINA CRUZ,695,2,URBANO(A)
20,5,76,SALINA CRUZ,696,2,URBANO(A)
20,5,76,SALINA CRUZ,697,2,URBANO(A)
20,5,76,SALINA CRUZ,698,2,URBANO(A)
20,5,76,SALINA CRUZ,699,2,URBANO(A)
20,5,76,SALINA CRUZ,700,2,URBANO(A)
20,5,76,SALINA CRUZ,701,2,URBANO(A)
20,5,76,SALINA CRUZ,702,2,URBANO(A)
20,5,76,SALINA CRUZ,703,2,URBANO(A)
20,5,76,SALINA CRUZ,704,4,RURAL
20,5,76,SALINA CRUZ,705,4,RURAL
20,5,76,SALINA CRUZ,706,4,RURAL
20,5,76,SALINA CRUZ,707,4,RURAL
20,5,76,SALINA CRUZ,708,3,MIXTO(A)
20,5,76,SALINA CRUZ,709,2,URBANO(A)
20,10,77,SAN AGUSTIN AMATENGO,710,2,URBANO(A)
20,10,77,SAN AGUSTIN AMATENGO,711,2,URBANO(A)
20,6,78,SAN AGUSTIN ATENANGO,712,3,MIXTO(A)
20,6,78,SAN AGUSTIN ATENANGO,713,4,RURAL
20,9,79,SAN AGUSTIN CHAYUCO,714,3,MIXTO(A)
20,9,79,SAN AGUSTIN CHAYUCO,715,3,MIXTO(A)
20,9,79,SAN AGUSTIN CHAYUCO,716,4,RURAL
20,4,80,SAN AGUSTIN DE LAS JUNTAS,717,2,URBANO(A)
20,4,80,SAN AGUSTIN DE LAS JUNTAS,718,2,URBANO(A)
20,2,81,SAN AGUSTIN ETLA,719,2,URBANO(A)
20,2,81,SAN AGUSTIN ETLA,720,2,URBANO(A)
20,10,82,SAN AGUSTIN LOXICHA,721,3,MIXTO(A)
20,10,82,SAN AGUSTIN LOXICHA,722,3,MIXTO(A)
20,10,82,SAN AGUSTIN LOXICHA,723,4,RURAL
20,10,82,SAN AGUSTIN LOXICHA,724,4,RURAL
20,10,82,SAN AGUSTIN LOXICHA,725,4,RURAL
20,10,82,SAN AGUSTIN LOXICHA,726,4,RURAL
20,10,82,SAN AGUSTIN LOXICHA,727,4,RURAL
20,10,82,SAN AGUSTIN LOXICHA,728,4,RURAL
20,10,82,SAN AGUSTIN LOXICHA,729,4,RURAL
20,10,82,SAN AGUSTIN LOXICHA,730,4,RURAL
20,10,82,SAN AGUSTIN LOXICHA,731,4,RURAL
20,10,82,SAN AGUSTIN LOXICHA,732,4,RURAL
20,10,82,SAN AGUSTIN LOXICHA,733,4,RURAL
20,6,83,SAN AGUSTIN TLACOTEPEC,734,3,MIXTO(A)
20,6,83,SAN AGUSTIN TLACOTEPEC,735,3,MIXTO(A)
20,8,84,SAN AGUSTIN YATARENI,736,2,URBANO(A)
20,8,84,SAN AGUSTIN YATARENI,737,2,URBANO(A)
20,6,85,SAN ANDRES CABECERA NUEVA,738,3,MIXTO(A)
20,6,85,SAN ANDRES CABECERA NUEVA,739,4,RURAL
20,6,85,SAN ANDRES CABECERA NUEVA,740,4,RURAL
20,3,86,SAN ANDRES DINICUITI,741,3,MIXTO(A)
20,3,86,SAN ANDRES DINICUITI,742,4,RURAL
20,3,86,SAN ANDRES DINICUITI,743,4,RURAL
20,9,87,SAN ANDRES HUAXPALTEPEC,744,3,MIXTO(A)
20,9,87,SAN ANDRES HUAXPALTEPEC,745,3,MIXTO(A)
20,9,87,SAN ANDRES HUAXPALTEPEC,746,3,MIXTO(A)
20,4,88,SAN ANDRES HUAYAPAM,747,2,URBANO(A)
20,4,88,SAN ANDRES HUAYAPAM,748,2,URBANO(A)
20,3,89,SAN ANDRES IXTLAHUACA,749,3,MIXTO(A)
20,3,90,SAN ANDRES LAGUNAS,750,3,MIXTO(A)
20,3,91,SAN ANDRES NUXIÑO,751,3,MIXTO(A)
20,3,91,SAN ANDRES NUXIÑO,752,4,RURAL
20,10,92,SAN ANDRES PAXTLAN,753,3,MIXTO(A)
20,10,92,SAN ANDRES PAXTLAN,754,4,RURAL
20,10,92,SAN ANDRES PAXTLAN,755,4,RURAL
20,3,93,SAN ANDRES SINAXTLA,756,3,MIXTO(A)
20,4,94,SAN ANDRES SOLAGA,757,3,MIXTO(A)
20,4,94,SAN ANDRES SOLAGA,758,4,RURAL
20,2,95,SAN ANDRES TEOTILALPAM,759,3,MIXTO(A)
20,2,95,SAN ANDRES TEOTILALPAM,760,4,RURAL
20,6,96,SAN ANDRES TEPETLAPA,761,2,URBANO(A)
20,4,97,SAN ANDRES YAA,762,2,URBANO(A)
20,10,98,SAN ANDRES ZABACHE,763,2,URBANO(A)
20,2,99,SAN ANDRES ZAUTLA,764,3,MIXTO(A)
20,2,99,SAN ANDRES ZAUTLA,765,4,RURAL
20,4,100,SAN ANTONINO CASTILLO VELASCO,766,2,URBANO(A)
20,4,100,SAN ANTONINO CASTILLO VELASCO,767,3,MIXTO(A)
20,4,100,SAN ANTONINO CASTILLO VELASCO,768,2,URBANO(A)
20,4,100,SAN ANTONINO CASTILLO VELASCO,769,2,URBANO(A)
20,3,101,SAN ANTONINO EL ALTO,770,3,MIXTO(A)
20,3,101,SAN ANTONINO EL ALTO,771,4,RURAL
20,6,102,SAN ANTONINO MONTE VERDE,772,3,MIXTO(A)
20,6,102,SAN ANTONINO MONTE VERDE,773,4,RURAL
20,6,102,SAN ANTONINO MONTE VERDE,774,4,RURAL
20,6,102,SAN ANTONINO MONTE VERDE,775,4,RURAL
20,3,103,SAN ANTONIO ACUTLA,776,3,MIXTO(A)
20,3,104,SAN ANTONIO DE LA CAL,777,2,URBANO(A)
20,3,104,SAN ANTONIO DE LA CAL,778,2,URBANO(A)
20,3,104,SAN ANTONIO DE LA CAL,779,2,URBANO(A)
20,3,104,SAN ANTONIO DE LA CAL,780,2,URBANO(A)
20,3,104,SAN ANTONIO DE LA CAL,781,2,URBANO(A)
20,3,105,SAN ANTONIO HUITEPEC,782,3,MIXTO(A)
20,3,105,SAN ANTONIO HUITEPEC,783,3,MIXTO(A)
20,3,105,SAN ANTONIO HUITEPEC,784,4,RURAL
20,3,105,SAN ANTONIO HUITEPEC,785,4,RURAL
20,3,105,SAN ANTONIO HUITEPEC,786,4,RURAL
20,3,105,SAN ANTONIO HUITEPEC,787,4,RURAL
20,2,106,SAN ANTONIO NANAHUATIPAM,788,3,MIXTO(A)
20,6,107,SAN ANTONIO SINICAHUA,789,3,MIXTO(A)
20,9,108,SAN ANTONIO TEPETLAPA,790,3,MIXTO(A)
20,9,108,SAN ANTONIO TEPETLAPA,791,4,RURAL
20,4,109,SAN BALTAZAR CHICHICAPAM,792,2,URBANO(A)
20,4,109,SAN BALTAZAR CHICHICAPAM,793,2,URBANO(A)
20,10,110,SAN BALTAZAR LOXICHA,794,3,MIXTO(A)
20,4,111,SAN BALTAZAR YATZACHI EL BAJO,795,3,MIXTO(A)
20,4,111,SAN BALTAZAR YATZACHI EL BAJO,796,4,RURAL
20,4,111,SAN BALTAZAR YATZACHI EL BAJO,797,4,RURAL
20,3,112,SAN BARTOLO COYOTEPEC,798,2,URBANO(A)
20,3,112,SAN BARTOLO COYOTEPEC,799,3,MIXTO(A)
20,3,112,SAN BARTOLO COYOTEPEC,800,3,MIXTO(A)
20,3,113,SAN BARTOLO SOYALTEPEC,801,3,MIXTO(A)
20,3,113,SAN BARTOLO SOYALTEPEC,802,4,RURAL
20,5,114,SAN BARTOLO YAUTEPEC,803,3,MIXTO(A)
20,2,115,SAN BARTOLOME AYAUTLA,804,3,MIXTO(A)
20,2,115,SAN BARTOLOME AYAUTLA,805,3,MIXTO(A)
20,2,115,SAN BARTOLOME AYAUTLA,806,4,RURAL
20,10,116,SAN BARTOLOME LOXICHA,807,3,MIXTO(A)
20,10,116,SAN BARTOLOME LOXICHA,808,3,MIXTO(A)
20,4,117,SAN BARTOLOME QUIALANA,809,2,URBANO(A)
20,6,118,SAN BARTOLOME YUCUAÑE,810,2,URBANO(A)
20,4,119,SAN BARTOLOME ZOOGOCHO,811,2,URBANO(A)
20,10,120,SAN BERNARDO MIXTEPEC,812,3,MIXTO(A)
20,10,120,SAN BERNARDO MIXTEPEC,813,3,MIXTO(A)
20,5,121,HEROICA VILLA DE SAN BLAS ATEMPA,814,2,URBANO(A)
20,5,121,HEROICA VILLA DE SAN BLAS ATEMPA,815,2,URBANO(A)
20,5,121,HEROICA VILLA DE SAN BLAS ATEMPA,816,2,URBANO(A)
20,5,121,HEROICA VILLA DE SAN BLAS ATEMPA,817,2,URBANO(A)
20,5,121,HEROICA VILLA DE SAN BLAS ATEMPA,819,3,MIXTO(A)
20,5,122,SAN CARLOS YAUTEPEC,820,3,MIXTO(A)
20,5,122,SAN CARLOS YAUTEPEC,821,4,RURAL
20,5,122,SAN CARLOS YAUTEPEC,822,4,RURAL
20,5,122,SAN CARLOS YAUTEPEC,823,4,RURAL
20,5,122,SAN CARLOS YAUTEPEC,824,4,RURAL
20,5,122,SAN CARLOS YAUTEPEC,825,4,RURAL
20,5,122,SAN CARLOS YAUTEPEC,826,4,RURAL
20,5,122,SAN CARLOS YAUTEPEC,827,4,RURAL
20,5,122,SAN CARLOS YAUTEPEC,828,4,RURAL
20,5,122,SAN CARLOS YAUTEPEC,829,4,RURAL
20,10,123,SAN CRISTOBAL AMATLAN,831,2,URBANO(A)
20,10,123,SAN CRISTOBAL AMATLAN,832,3,MIXTO(A)
20,10,123,SAN CRISTOBAL AMATLAN,833,4,RURAL
20,10,123,SAN CRISTOBAL AMATLAN,834,4,RURAL
20,6,124,SAN CRISTOBAL AMOLTEPEC,835,3,MIXTO(A)
20,4,125,SAN CRISTOBAL LACHIRIOAG,836,2,URBANO(A)
20,3,126,SAN CRISTOBAL SUCHIXTLAHUACA,837,2,URBANO(A)
20,7,127,SAN DIONISIO DEL MAR,838,2,URBANO(A)
20,7,127,SAN DIONISIO DEL MAR,839,3,MIXTO(A)
20,7,127,SAN DIONISIO DEL MAR,840,4,RURAL
20,4,128,SAN DIONISIO OCOTEPEC,841,3,MIXTO(A)
20,4,128,SAN DIONISIO OCOTEPEC,842,2,URBANO(A)
20,4,128,SAN DIONISIO OCOTEPEC,843,2,URBANO(A)
20,4,128,SAN DIONISIO OCOTEPEC,844,4,RURAL
20,4,128,SAN DIONISIO OCOTEPEC,845,2,URBANO(A)
20,4,129,SAN DIONISIO OCOTLAN,846,3,MIXTO(A)
20,6,130,SAN ESTEBAN ATATLAHUCA,847,3,MIXTO(A)
20,6,130,SAN ESTEBAN ATATLAHUCA,848,4,RURAL
20,6,130,SAN ESTEBAN ATATLAHUCA,849,4,RURAL
20,6,130,SAN ESTEBAN ATATLAHUCA,850,4,RURAL
20,2,131,SAN FELIPE JALAPA DE DIAZ,851,2,URBANO(A)
20,2,131,SAN FELIPE JALAPA DE DIAZ,852,2,URBANO(A)
20,2,131,SAN FELIPE JALAPA DE DIAZ,853,3,MIXTO(A)
20,2,131,SAN FELIPE JALAPA DE DIAZ,854,3,MIXTO(A)
20,2,131,SAN FELIPE JALAPA DE DIAZ,855,4,RURAL
20,2,131,SAN FELIPE JALAPA DE DIAZ,856,4,RURAL
20,2,131,SAN FELIPE JALAPA DE DIAZ,857,4,RURAL
20,2,131,SAN FELIPE JALAPA DE DIAZ,858,4,RURAL
20,2,131,SAN FELIPE JALAPA DE DIAZ,859,4,RURAL
20,2,131,SAN FELIPE JALAPA DE DIAZ,860,4,RURAL
20,2,131,SAN FELIPE JALAPA DE DIAZ,861,4,RURAL
20,3,132,SAN FELIPE TEJALAPAM,862,3,MIXTO(A)
20,3,132,SAN FELIPE TEJALAPAM,863,3,MIXTO(A)
20,3,132,SAN FELIPE TEJALAPAM,864,3,MIXTO(A)
20,3,132,SAN FELIPE TEJALAPAM,865,4,RURAL
20,2,133,SAN FELIPE USILA,866,3,MIXTO(A)
20,2,133,SAN FELIPE USILA,867,3,MIXTO(A)
20,2,133,SAN FELIPE USILA,868,3,MIXTO(A)
20,2,133,SAN FELIPE USILA,869,4,RURAL
20,2,133,SAN FELIPE USILA,870,4,RURAL
20,6,134,SAN FRANCISCO CAHUACUA,871,3,MIXTO(A)
20,6,134,SAN FRANCISCO CAHUACUA,872,4,RURAL
20,6,134,SAN FRANCISCO CAHUACUA,873,4,RURAL
20,4,135,SAN FRANCISCO CAJONOS,874,3,MIXTO(A)
20,2,136,SAN FRANCISCO CHAPULAPA,875,3,MIXTO(A)
20,3,137,SAN FRANCISCO CHINDUA,876,2,URBANO(A)
20,7,138,SAN FRANCISCO DEL MAR,877,3,MIXTO(A)
20,7,138,SAN FRANCISCO DEL MAR,878,2,URBANO(A)
20,7,138,SAN FRANCISCO DEL MAR,879,3,MIXTO(A)
20,7,138,SAN FRANCISCO DEL MAR,880,4,RURAL
20,7,138,SAN FRANCISCO DEL MAR,881,4,RURAL
20,2,139,SAN FRANCISCO HUEHUETLAN,882,3,MIXTO(A)
20,7,140,SAN FRANCISCO IXHUATAN,883,3,MIXTO(A)
20,7,140,SAN FRANCISCO IXHUATAN,884,2,URBANO(A)
20,7,140,SAN FRANCISCO IXHUATAN,885,2,URBANO(A)
20,7,140,SAN FRANCISCO IXHUATAN,886,2,URBANO(A)
20,7,140,SAN FRANCISCO IXHUATAN,887,3,MIXTO(A)
20,7,140,SAN FRANCISCO IXHUATAN,888,4,RURAL
20,7,140,SAN FRANCISCO IXHUATAN,889,4,RURAL
20,7,140,SAN FRANCISCO IXHUATAN,890,4,RURAL
20,3,141,SAN FRANCISCO JALTEPETONGO,891,3,MIXTO(A)
20,3,141,SAN FRANCISCO JALTEPETONGO,892,4,RURAL
20,4,142,SAN FRANCISCO LACHIGOLO,893,2,URBANO(A)
20,10,143,SAN FRANCISCO LOGUECHE,894,3,MIXTO(A)
20,10,143,SAN FRANCISCO LOGUECHE,895,4,RURAL
20,3,144,SAN FRANCISCO NUXAÑO,896,2,URBANO(A)
20,10,145,SAN FRANCISCO OZOLOTEPEC,897,3,MIXTO(A)
20,10,145,SAN FRANCISCO OZOLOTEPEC,898,4,RURAL
20,10,146,SAN FRANCISCO SOLA,899,3,MIXTO(A)
20,2,147,SAN FRANCISCO TELIXTLAHUACA,900,3,MIXTO(A)
20,2,147,SAN FRANCISCO TELIXTLAHUACA,901,3,MIXTO(A)
20,2,147,SAN FRANCISCO TELIXTLAHUACA,902,2,URBANO(A)
20,2,147,SAN FRANCISCO TELIXTLAHUACA,903,2,URBANO(A)
20,2,147,SAN FRANCISCO TELIXTLAHUACA,905,4,RURAL
20,3,148,SAN FRANCISCO TEOPAN,906,3,MIXTO(A)
20,6,149,SAN FRANCISCO TLAPANCINGO,907,3,MIXTO(A)
20,9,150,SAN GABRIEL MIXTEPEC,908,3,MIXTO(A)
20,9,150,SAN GABRIEL MIXTEPEC,909,3,MIXTO(A)
20,9,150,SAN GABRIEL MIXTEPEC,910,3,MIXTO(A)
20,10,151,SAN ILDEFONSO AMATLAN,911,2,URBANO(A)
20,10,151,SAN ILDEFONSO AMATLAN,912,4,RURAL
20,10,152,SAN ILDEFONSO SOLA,913,3,MIXTO(A)
20,4,153,SAN ILDEFONSO VILLA ALTA,914,3,MIXTO(A)
20,4,153,SAN ILDEFONSO VILLA ALTA,915,4,RURAL
20,4,153,SAN ILDEFONSO VILLA ALTA,916,4,RURAL
20,8,154,SAN JACINTO AMILPAS,917,2,URBANO(A)
20,8,154,SAN JACINTO AMILPAS,918,2,URBANO(A)
20,9,155,SAN JACINTO TLACOTEPEC,920,3,MIXTO(A)
20,10,156,SAN JERONIMO COATLAN,921,3,MIXTO(A)
20,10,156,SAN JERONIMO COATLAN,922,4,RURAL
20,10,156,SAN JERONIMO COATLAN,923,4,RURAL
20,3,157,SAN JERONIMO SILACAYOAPILLA,924,3,MIXTO(A)
20,3,157,SAN JERONIMO SILACAYOAPILLA,925,3,MIXTO(A)
20,3,37,HEROICA CIUDAD DE HUAJUAPAN DE LEON,926,4,RURAL
20,2,158,SAN JERONIMO SOSOLA,927,3,MIXTO(A)
20,2,158,SAN JERONIMO SOSOLA,928,4,RURAL
20,2,158,SAN JERONIMO SOSOLA,929,4,RURAL
20,2,158,SAN JERONIMO SOSOLA,930,4,RURAL
20,4,159,SAN JERONIMO TAVICHE,931,3,MIXTO(A)
20,2,160,SAN JERONIMO TECOATL,932,3,MIXTO(A)
20,2,160,SAN JERONIMO TECOATL,933,4,RURAL
20,4,161,SAN JERONIMO TLACOCHAHUAYA,934,2,URBANO(A)
20,4,161,SAN JERONIMO TLACOCHAHUAYA,935,2,URBANO(A)
20,4,161,SAN JERONIMO TLACOCHAHUAYA,936,2,URBANO(A)
20,4,161,SAN JERONIMO TLACOCHAHUAYA,937,2,URBANO(A)
20,6,162,SAN JORGE NUCHITA,938,2,URBANO(A)
20,6,162,SAN JORGE NUCHITA,939,4,RURAL
20,6,162,SAN JORGE NUCHITA,940,4,RURAL
20,3,163,SAN JOSE AYUQUILA,941,3,MIXTO(A)
20,3,163,SAN JOSE AYUQUILA,942,3,MIXTO(A)
20,1,164,SAN JOSE CHILTEPEC,943,3,MIXTO(A)
20,1,164,SAN JOSE CHILTEPEC,944,3,MIXTO(A)
20,1,164,SAN JOSE CHILTEPEC,945,4,RURAL
20,1,164,SAN JOSE CHILTEPEC,946,4,RURAL
20,1,164,SAN JOSE CHILTEPEC,947,4,RURAL
20,1,164,SAN JOSE CHILTEPEC,948,3,MIXTO(A)
20,10,165,SAN JOSE DEL PEÑASCO,949,3,MIXTO(A)
20,10,165,SAN JOSE DEL PEÑASCO,950,4,RURAL
20,9,166,SAN JOSE ESTANCIA GRANDE,951,3,MIXTO(A)
20,1,167,SAN JOSE INDEPENDENCIA,952,3,MIXTO(A)
20,1,167,SAN JOSE INDEPENDENCIA,953,4,RURAL
20,1,167,SAN JOSE INDEPENDENCIA,954,4,RURAL
20,10,168,SAN JOSE LACHIGUIRI,955,2,URBANO(A)
20,10,168,SAN JOSE LACHIGUIRI,956,4,RURAL
20,10,168,SAN JOSE LACHIGUIRI,957,4,RURAL
20,10,169,SAN JOSE DEL PROGRESO,958,3,MIXTO(A)
20,10,169,SAN JOSE DEL PROGRESO,959,3,MIXTO(A)
20,10,169,SAN JOSE DEL PROGRESO,960,4,RURAL
20,10,169,SAN JOSE DEL PROGRESO,961,4,RURAL
20,2,170,SAN JOSE TENANGO,962,3,MIXTO(A)
20,2,170,SAN JOSE TENANGO,963,4,RURAL
20,2,170,SAN JOSE TENANGO,964,4,RURAL
20,2,170,SAN JOSE TENANGO,965,4,RURAL
20,2,170,SAN JOSE TENANGO,966,4,RURAL
20,2,170,SAN JOSE TENANGO,967,4,RURAL
20,2,170,SAN JOSE TENANGO,968,4,RURAL
20,2,170,SAN JOSE TENANGO,969,4,RURAL
20,2,170,SAN JOSE TENANGO,970,4,RURAL
20,2,170,SAN JOSE TENANGO,971,4,RURAL
20,2,170,SAN JOSE TENANGO,972,4,RURAL
20,2,170,SAN JOSE TENANGO,973,4,RURAL
20,2,170,SAN JOSE TENANGO,974,4,RURAL
20,2,170,SAN JOSE TENANGO,975,4,RURAL
20,2,170,SAN JOSE TENANGO,976,4,RURAL
20,2,170,SAN JOSE TENANGO,977,4,RURAL
20,6,171,SAN JUAN ACHIUTLA,978,3,MIXTO(A)
20,4,172,SAN JUAN ATEPEC,979,2,URBANO(A)
20,4,172,SAN JUAN ATEPEC,980,3,MIXTO(A)
20,2,173,SAN JUAN BAUTISTA ATATLAHUCA,981,3,MIXTO(A)
20,3,174,SAN JUAN BAUTISTA COIXTLAHUACA,982,3,MIXTO(A)
20,3,174,SAN JUAN BAUTISTA COIXTLAHUACA,983,3,MIXTO(A)
20,3,174,SAN JUAN BAUTISTA COIXTLAHUACA,984,4,RURAL
20,3,174,SAN JUAN BAUTISTA COIXTLAHUACA,985,4,RURAL
20,2,175,SAN JUAN BAUTISTA CUICATLAN,986,2,URBANO(A)
20,2,175,SAN JUAN BAUTISTA CUICATLAN,987,2,URBANO(A)
20,2,175,SAN JUAN BAUTISTA CUICATLAN,988,2,URBANO(A)
20,2,175,SAN JUAN BAUTISTA CUICATLAN,989,4,RURAL
20,2,175,SAN JUAN BAUTISTA CUICATLAN,990,4,RURAL
20,2,175,SAN JUAN BAUTISTA CUICATLAN,991,4,RURAL
20,2,175,SAN JUAN BAUTISTA CUICATLAN,992,4,RURAL
20,2,175,SAN JUAN BAUTISTA CUICATLAN,993,4,RURAL
20,2,175,SAN JUAN BAUTISTA CUICATLAN,994,4,RURAL
20,2,175,SAN JUAN BAUTISTA CUICATLAN,995,4,RURAL
20,2,175,SAN JUAN BAUTISTA CUICATLAN,996,4,RURAL
20,2,175,SAN JUAN BAUTISTA CUICATLAN,997,4,RURAL
20,2,176,SAN JUAN BAUTISTA GUELACHE,999,2,URBANO(A)
20,2,176,SAN JUAN BAUTISTA GUELACHE,1000,4,RURAL
20,2,176,SAN JUAN BAUTISTA GUELACHE,1001,4,RURAL
20,2,177,SAN JUAN BAUTISTA JAYACATLAN,1002,2,URBANO(A)
20,9,178,SAN JUAN BAUTISTA LO DE SOTO,1003,2,URBANO(A)
20,9,178,SAN JUAN BAUTISTA LO DE SOTO,1004,3,MIXTO(A)
20,3,179,SAN JUAN BAUTISTA SUCHITEPEC,1005,3,MIXTO(A)
20,3,179,SAN JUAN BAUTISTA SUCHITEPEC,1006,4,RURAL
20,6,180,SAN JUAN BAUTISTA TLACHICHILCO,1007,3,MIXTO(A)
20,6,180,SAN JUAN BAUTISTA TLACHICHILCO,1008,4,RURAL
20,2,181,SAN JUAN BAUTISTA TLACOATZINTEPEC,1009,3,MIXTO(A)
20,1,182,SAN JUAN BAUTISTA TUXTEPEC,1011,2,URBANO(A)
20,1,182,SAN JUAN BAUTISTA TUXTEPEC,1012,2,URBANO(A)
20,1,182,SAN JUAN BAUTISTA TUXTEPEC,1013,2,URBANO(A)
20,1,182,SAN JUAN BAUTISTA TUXTEPEC,1014,2,URBANO(A)
20,1,182,SAN JUAN BAUTISTA TUXTEPEC,1015,2,URBANO(A)
20,1,182,SAN JUAN BAUTISTA TUXTEPEC,1016,2,URBANO(A)
20,1,182,SAN JUAN BAUTISTA TUXTEPEC,1017,2,URBANO(A)
20,1,182,SAN JUAN BAUTISTA TUXTEPEC,1018,3,MIXTO(A)
20,1,182,SAN JUAN BAUTISTA TUXTEPEC,1019,2,URBANO(A)
20,1,182,SAN JUAN BAUTISTA TUXTEPEC,1020,2,URBANO(A)
20,1,182,SAN JUAN BAUTISTA TUXTEPEC,1021,2,URBANO(A)
20,1,182,SAN JUAN BAUTISTA TUXTEPEC,1022,2,URBANO(A)
20,1,182,SAN JUAN BAUTISTA TUXTEPEC,1023,2,URBANO(A)
20,1,182,SAN JUAN BAUTISTA TUXTEPEC,1024,2,URBANO(A)
20,1,182,SAN JUAN BAUTISTA TUXTEPEC,1025,2,URBANO(A)
20,1,182,SAN JUAN BAUTISTA TUXTEPEC,1026,2,URBANO(A)
20,1,182,SAN JUAN BAUTISTA TUXTEPEC,1027,2,URBANO(A)
20,1,182,SAN JUAN BAUTISTA TUXTEPEC,1028,2,URBANO(A)
20,1,182,SAN JUAN BAUTISTA TUXTEPEC,1029,2,URBANO(A)
20,1,182,SAN JUAN BAUTISTA TUXTEPEC,1030,2,URBANO(A)
20,1,182,SAN JUAN BAUTISTA TUXTEPEC,1031,2,URBANO(A)
20,1,182,SAN JUAN BAUTISTA TUXTEPEC,1032,2,URBANO(A)
20,1,182,SAN JUAN BAUTISTA TUXTEPEC,1033,2,URBANO(A)
20,1,182,SAN JUAN BAUTISTA TUXTEPEC,1034,3,MIXTO(A)
20,1,182,SAN JUAN BAUTISTA TUXTEPEC,1035,2,URBANO(A)
20,1,182,SAN JUAN BAUTISTA TUXTEPEC,1036,2,URBANO(A)
20,1,182,SAN JUAN BAUTISTA TUXTEPEC,1037,2,URBANO(A)
20,1,182,SAN JUAN BAUTISTA TUXTEPEC,1038,2,URBANO(A)
20,1,182,SAN JUAN BAUTISTA TUXTEPEC,1039,2,URBANO(A)
20,1,182,SAN JUAN BAUTISTA TUXTEPEC,1040,2,URBANO(A)
20,1,182,SAN JUAN BAUTISTA TUXTEPEC,1041,2,URBANO(A)
20,1,182,SAN JUAN BAUTISTA TUXTEPEC,1043,2,URBANO(A)
20,1,182,SAN JUAN BAUTISTA TUXTEPEC,1044,2,URBANO(A)
20,1,182,SAN JUAN BAUTISTA TUXTEPEC,1045,2,URBANO(A)
20,1,182,SAN JUAN BAUTISTA TUXTEPEC,1046,2,URBANO(A)
20,1,182,SAN JUAN BAUTISTA TUXTEPEC,1047,2,URBANO(A)
20,1,182,SAN JUAN BAUTISTA TUXTEPEC,1048,3,MIXTO(A)
20,1,182,SAN JUAN BAUTISTA TUXTEPEC,1049,3,MIXTO(A)
20,1,182,SAN JUAN BAUTISTA TUXTEPEC,1050,3,MIXTO(A)
20,1,182,SAN JUAN BAUTISTA TUXTEPEC,1051,3,MIXTO(A)
20,1,182,SAN JUAN BAUTISTA TUXTEPEC,1052,2,URBANO(A)
20,1,182,SAN JUAN BAUTISTA TUXTEPEC,1055,2,URBANO(A)
20,1,182,SAN JUAN BAUTISTA TUXTEPEC,1056,3,MIXTO(A)
20,1,182,SAN JUAN BAUTISTA TUXTEPEC,1057,4,RURAL
20,1,182,SAN JUAN BAUTISTA TUXTEPEC,1058,4,RURAL
20,1,182,SAN JUAN BAUTISTA TUXTEPEC,1059,4,RURAL
20,1,182,SAN JUAN BAUTISTA TUXTEPEC,1060,2,URBANO(A)
20,1,182,SAN JUAN BAUTISTA TUXTEPEC,1061,4,RURAL
20,1,182,SAN JUAN BAUTISTA TUXTEPEC,1062,4,RURAL
20,1,182,SAN JUAN BAUTISTA TUXTEPEC,1063,4,RURAL
20,1,182,SAN JUAN BAUTISTA TUXTEPEC,1064,4,RURAL
20,1,182,SAN JUAN BAUTISTA TUXTEPEC,1065,3,MIXTO(A)
20,1,182,SAN JUAN BAUTISTA TUXTEPEC,1066,4,RURAL
20,1,182,SAN JUAN BAUTISTA TUXTEPEC,1067,4,RURAL
20,1,182,SAN JUAN BAUTISTA TUXTEPEC,1068,4,RURAL
20,1,182,SAN JUAN BAUTISTA TUXTEPEC,1069,2,URBANO(A)
20,1,182,SAN JUAN BAUTISTA TUXTEPEC,1070,4,RURAL
20,1,182,SAN JUAN BAUTISTA TUXTEPEC,1071,4,RURAL
20,1,182,SAN JUAN BAUTISTA TUXTEPEC,1072,4,RURAL
20,1,182,SAN JUAN BAUTISTA TUXTEPEC,1073,4,RURAL
20,1,182,SAN JUAN BAUTISTA TUXTEPEC,1074,4,RURAL
20,1,182,SAN JUAN BAUTISTA TUXTEPEC,1075,4,RURAL
20,1,182,SAN JUAN BAUTISTA TUXTEPEC,1076,4,RURAL
20,1,182,SAN JUAN BAUTISTA TUXTEPEC,1077,4,RURAL
20,1,182,SAN JUAN BAUTISTA TUXTEPEC,1078,4,RURAL
20,1,182,SAN JUAN BAUTISTA TUXTEPEC,1079,3,MIXTO(A)
20,1,182,SAN JUAN BAUTISTA TUXTEPEC,1080,4,RURAL
20,1,182,SAN JUAN BAUTISTA TUXTEPEC,1081,4,RURAL
20,1,182,SAN JUAN BAUTISTA TUXTEPEC,1082,4,RURAL
20,1,182,SAN JUAN BAUTISTA TUXTEPEC,1083,2,URBANO(A)
20,1,183,SAN JUAN BAUTISTA VALLE NACIONAL,1084,3,MIXTO(A)
20,1,183,SAN JUAN BAUTISTA VALLE NACIONAL,1085,2,URBANO(A)
20,1,183,SAN JUAN BAUTISTA VALLE NACIONAL,1086,3,MIXTO(A)
20,1,183,SAN JUAN BAUTISTA VALLE NACIONAL,1087,3,MIXTO(A)
20,1,183,SAN JUAN BAUTISTA VALLE NACIONAL,1088,4,RURAL
20,1,183,SAN JUAN BAUTISTA VALLE NACIONAL,1089,4,RURAL
20,1,183,SAN JUAN BAUTISTA VALLE NACIONAL,1090,4,RURAL
20,1,183,SAN JUAN BAUTISTA VALLE NACIONAL,1091,4,RURAL
20,1,183,SAN JUAN BAUTISTA VALLE NACIONAL,1092,4,RURAL
20,1,183,SAN JUAN BAUTISTA VALLE NACIONAL,1093,4,RURAL
20,1,183,SAN JUAN BAUTISTA VALLE NACIONAL,1094,4,RURAL
20,1,183,SAN JUAN BAUTISTA VALLE NACIONAL,1095,4,RURAL
20,1,183,SAN JUAN BAUTISTA VALLE NACIONAL,1096,4,RURAL
20,1,183,SAN JUAN BAUTISTA VALLE NACIONAL,1097,4,RURAL
20,1,183,SAN JUAN BAUTISTA VALLE NACIONAL,1098,4,RURAL
20,9,184,SAN JUAN CACAHUATEPEC,1099,3,MIXTO(A)
20,9,184,SAN JUAN CACAHUATEPEC,1100,3,MIXTO(A)
20,9,184,SAN JUAN CACAHUATEPEC,1101,4,RURAL
20,9,184,SAN JUAN CACAHUATEPEC,1102,4,RURAL
20,9,184,SAN JUAN CACAHUATEPEC,1103,4,RURAL
20,9,184,SAN JUAN CACAHUATEPEC,1104,4,RURAL
20,9,184,SAN JUAN CACAHUATEPEC,1105,4,RURAL
20,4,185,SAN JUAN CHICOMEZUCHIL,1106,3,MIXTO(A)
20,4,186,SAN JUAN CHILATECA,1107,2,URBANO(A)
20,2,187,CHIQUIHUITLAN DE BENITO JUAREZ,1108,3,MIXTO(A)
20,2,187,CHIQUIHUITLAN DE BENITO JUAREZ,1109,3,MIXTO(A)
20,6,188,SAN JUAN CIENEGUILLA,1110,2,URBANO(A)
20,2,189,SAN JUAN COATZOSPAM,1111,3,MIXTO(A)
20,9,190,SAN JUAN COLORADO,1112,3,MIXTO(A)
20,9,190,SAN JUAN COLORADO,1113,3,MIXTO(A)
20,9,190,SAN JUAN COLORADO,1114,3,MIXTO(A)
20,9,190,SAN JUAN COLORADO,1115,4,RURAL
20,9,190,SAN JUAN COLORADO,1116,4,RURAL
20,1,191,SAN JUAN COMALTEPEC,1117,3,MIXTO(A)
20,1,191,SAN JUAN COMALTEPEC,1118,4,RURAL
20,4,192,SAN JUAN COTZOCON,1119,2,URBANO(A)
20,4,192,SAN JUAN COTZOCON,1120,3,MIXTO(A)
20,4,192,SAN JUAN COTZOCON,1121,3,MIXTO(A)
20,4,192,SAN JUAN COTZOCON,1122,4,RURAL
20,4,192,SAN JUAN COTZOCON,1123,3,MIXTO(A)
20,4,192,SAN JUAN COTZOCON,1124,3,MIXTO(A)
20,4,192,SAN JUAN COTZOCON,1125,4,RURAL
20,4,192,SAN JUAN COTZOCON,1126,4,RURAL
20,4,192,SAN JUAN COTZOCON,1127,4,RURAL
20,4,192,SAN JUAN COTZOCON,1128,4,RURAL
20,2,193,SAN JUAN DE LOS CUES,1129,3,MIXTO(A)
20,2,193,SAN JUAN DE LOS CUES,1130,4,RURAL
20,2,194,SAN JUAN DEL ESTADO,1131,2,URBANO(A)
20,2,194,SAN JUAN DEL ESTADO,1132,2,URBANO(A)
20,4,195,SAN JUAN DEL RIO,1133,2,URBANO(A)
20,3,196,SAN JUAN DIUXI,1134,2,URBANO(A)
20,3,196,SAN JUAN DIUXI,1135,3,MIXTO(A)
20,4,197,SAN JUAN EVANGELISTA ANALCO,1136,2,URBANO(A)
20,4,198,SAN JUAN GUELAVIA,1137,2,URBANO(A)
20,4,198,SAN JUAN GUELAVIA,1138,2,URBANO(A)
20,4,199,SAN JUAN GUICHICOVI,1139,2,URBANO(A)
20,4,199,SAN JUAN GUICHICOVI,1140,2,URBANO(A)
20,4,199,SAN JUAN GUICHICOVI,1141,3,MIXTO(A)
20,4,199,SAN JUAN GUICHICOVI,1142,3,MIXTO(A)
20,4,199,SAN JUAN GUICHICOVI,1143,4,RURAL
20,7,199,SAN JUAN GUICHICOVI,1144,4,RURAL
20,4,199,SAN JUAN GUICHICOVI,1145,4,RURAL
20,4,199,SAN JUAN GUICHICOVI,1146,4,RURAL
20,4,199,SAN JUAN GUICHICOVI,1147,4,RURAL
20,4,199,SAN JUAN GUICHICOVI,1148,4,RURAL
20,4,199,SAN JUAN GUICHICOVI,1149,4,RURAL
20,4,199,SAN JUAN GUICHICOVI,1150,4,RURAL
20,4,199,SAN JUAN GUICHICOVI,1151,4,RURAL
20,4,199,SAN JUAN GUICHICOVI,1152,4,RURAL
20,4,199,SAN JUAN GUICHICOVI,1153,4,RURAL
20,4,199,SAN JUAN GUICHICOVI,1154,4,RURAL
20,4,199,SAN JUAN GUICHICOVI,1155,4,RURAL
20,4,199,SAN JUAN GUICHICOVI,1156,4,RURAL
20,4,199,SAN JUAN GUICHICOVI,1157,4,RURAL
20,4,199,SAN JUAN GUICHICOVI,1158,4,RURAL
20,4,199,SAN JUAN GUICHICOVI,1159,4,RURAL
20,4,199,SAN JUAN GUICHICOVI,1160,4,RURAL
20,4,199,SAN JUAN GUICHICOVI,1161,4,RURAL
20,6,200,SAN JUAN IHUALTEPEC,1162,2,URBANO(A)
20,6,200,SAN JUAN IHUALTEPEC,1163,4,RURAL
20,4,201,SAN JUAN JUQUILA MIXES,1164,2,URBANO(A)
20,4,201,SAN JUAN JUQUILA MIXES,1165,2,URBANO(A)
20,4,201,SAN JUAN JUQUILA MIXES,1166,4,RURAL
20,4,201,SAN JUAN JUQUILA MIXES,1167,4,RURAL
20,4,202,SAN JUAN JUQUILA VIJANOS,1168,3,MIXTO(A)
20,4,202,SAN JUAN JUQUILA VIJANOS,1169,4,RURAL
20,9,203,SAN JUAN LACHAO,1170,3,MIXTO(A)
20,9,203,SAN JUAN LACHAO,1171,4,RURAL
20,10,204,SAN JUAN LACHIGALLA,1172,2,URBANO(A)
20,10,204,SAN JUAN LACHIGALLA,1173,4,RURAL
20,10,204,SAN JUAN LACHIGALLA,1174,4,RURAL
20,10,204,SAN JUAN LACHIGALLA,1175,4,RURAL
20,5,205,SAN JUAN LAJARCIA,1176,3,MIXTO(A)
20,1,206,SAN JUAN LALANA,1177,3,MIXTO(A)
20,1,206,SAN JUAN LALANA,1178,4,RURAL
20,1,206,SAN JUAN LALANA,1179,4,RURAL
20,1,206,SAN JUAN LALANA,1180,4,RURAL
20,1,206,SAN JUAN LALANA,1181,4,RURAL
20,1,206,SAN JUAN LALANA,1182,4,RURAL
20,1,206,SAN JUAN LALANA,1183,4,RURAL
20,4,207,SAN JUAN MAZATLAN,1184,3,MIXTO(A)
20,4,207,SAN JUAN MAZATLAN,1185,4,RURAL
20,4,207,SAN JUAN MAZATLAN,1186,4,RURAL
20,4,207,SAN JUAN MAZATLAN,1187,4,RURAL
20,4,207,SAN JUAN MAZATLAN,1188,4,RURAL
20,4,207,SAN JUAN MAZATLAN,1189,4,RURAL
20,4,207,SAN JUAN MAZATLAN,1190,4,RURAL
20,4,207,SAN JUAN MAZATLAN,1191,4,RURAL
20,4,207,SAN JUAN MAZATLAN,1192,4,RURAL
20,6,208,SAN JUAN MIXTEPEC,1193,2,URBANO(A)
20,6,208,SAN JUAN MIXTEPEC,1194,3,MIXTO(A)
20,6,208,SAN JUAN MIXTEPEC,1195,3,MIXTO(A)
20,6,208,SAN JUAN MIXTEPEC,1196,4,RURAL
20,6,208,SAN JUAN MIXTEPEC,1197,4,RURAL
20,6,208,SAN JUAN MIXTEPEC,1198,4,RURAL
20,6,208,SAN JUAN MIXTEPEC,1199,4,RURAL
20,6,208,SAN JUAN MIXTEPEC,1200,4,RURAL
20,6,208,SAN JUAN MIXTEPEC,1201,4,RURAL
20,6,208,SAN JUAN MIXTEPEC,1202,4,RURAL
20,6,208,SAN JUAN MIXTEPEC,1203,4,RURAL
20,10,209,SAN JUAN MIXTEPEC,1204,2,URBANO(A)
20,6,210,SAN JUAN ÑUMI,1205,3,MIXTO(A)
20,6,210,SAN JUAN ÑUMI,1206,4,RURAL
20,6,210,SAN JUAN ÑUMI,1207,4,RURAL
20,6,210,SAN JUAN ÑUMI,1208,4,RURAL
20,6,210,SAN JUAN ÑUMI,1209,4,RURAL
20,10,211,SAN JUAN OZOLOTEPEC,1210,3,MIXTO(A)
20,10,211,SAN JUAN OZOLOTEPEC,1211,4,RURAL
20,10,211,SAN JUAN OZOLOTEPEC,1212,4,RURAL
20,4,212,SAN JUAN PETLAPA,1213,3,MIXTO(A)
20,4,212,SAN JUAN PETLAPA,1214,4,RURAL
20,9,213,SAN JUAN QUIAHIJE,1215,3,MIXTO(A)
20,9,213,SAN JUAN QUIAHIJE,1216,4,RURAL
20,2,214,SAN JUAN QUIOTEPEC,1217,3,MIXTO(A)
20,2,214,SAN JUAN QUIOTEPEC,1218,4,RURAL
20,3,215,SAN JUAN SAYULTEPEC,1219,3,MIXTO(A)
20,4,216,SAN JUAN TABAA,1220,2,URBANO(A)
20,3,217,SAN JUAN TAMAZOLA,1221,3,MIXTO(A)
20,3,217,SAN JUAN TAMAZOLA,1222,4,RURAL
20,3,217,SAN JUAN TAMAZOLA,1223,4,RURAL
20,3,217,SAN JUAN TAMAZOLA,1224,4,RURAL
20,6,218,SAN JUAN TEITA,1225,2,URBANO(A)
20,4,219,SAN JUAN TEITIPAC,1226,2,URBANO(A)
20,4,219,SAN JUAN TEITIPAC,1227,2,URBANO(A)
20,2,220,SAN JUAN TEPEUXILA,1228,2,URBANO(A)
20,2,220,SAN JUAN TEPEUXILA,1229,4,RURAL
20,2,220,SAN JUAN TEPEUXILA,1230,4,RURAL
20,2,220,SAN JUAN TEPEUXILA,1231,4,RURAL
20,3,221,SAN JUAN TEPOSCOLULA,1232,3,MIXTO(A)
20,3,221,SAN JUAN TEPOSCOLULA,1233,4,RURAL
20,4,222,SAN JUAN YAEE,1234,3,MIXTO(A)
20,4,222,SAN JUAN YAEE,1235,4,RURAL
20,4,223,SAN JUAN YATZONA,1236,2,URBANO(A)
20,3,224,SAN JUAN YUCUITA,1237,3,MIXTO(A)
20,9,225,SAN LORENZO,1238,2,URBANO(A)
20,9,225,SAN LORENZO,1239,4,RURAL
20,9,225,SAN LORENZO,1240,4,RURAL
20,4,226,SAN LORENZO ALBARRADAS,1241,3,MIXTO(A)
20,4,226,SAN LORENZO ALBARRADAS,1242,4,RURAL
20,2,227,SAN LORENZO CACAOTEPEC,1243,2,URBANO(A)
20,2,227,SAN LORENZO CACAOTEPEC,1244,2,URBANO(A)
20,2,227,SAN LORENZO CACAOTEPEC,1245,2,URBANO(A)
20,2,227,SAN LORENZO CACAOTEPEC,1246,4,RURAL
20,2,227,SAN LORENZO CACAOTEPEC,1247,4,RURAL
20,2,228,SAN LORENZO CUAUNECUILTITLA,1248,2,URBANO(A)
20,6,229,SAN LORENZO TEXMELUCAN,1249,3,MIXTO(A)
20,6,229,SAN LORENZO TEXMELUCAN,1250,4,RURAL
20,6,230,SAN LORENZO VICTORIA,1251,2,URBANO(A)
20,6,230,SAN LORENZO VICTORIA,1252,4,RURAL
20,4,231,SAN LUCAS CAMOTLAN,1253,2,URBANO(A)
20,1,232,SAN LUCAS OJITLAN,1254,2,URBANO(A)
20,1,232,SAN LUCAS OJITLAN,1255,2,URBANO(A)
20,1,232,SAN LUCAS OJITLAN,1256,2,URBANO(A)
20,1,232,SAN LUCAS OJITLAN,1257,3,MIXTO(A)
20,1,232,SAN LUCAS OJITLAN,1258,4,RURAL
20,1,232,SAN LUCAS OJITLAN,1259,4,RURAL
20,1,232,SAN LUCAS OJITLAN,1260,4,RURAL
20,1,232,SAN LUCAS OJITLAN,1261,4,RURAL
20,1,232,SAN LUCAS OJITLAN,1262,4,RURAL
20,1,232,SAN LUCAS OJITLAN,1263,4,RURAL
20,1,232,SAN LUCAS OJITLAN,1264,4,RURAL
20,1,232,SAN LUCAS OJITLAN,1265,4,RURAL
20,4,233,SAN LUCAS QUIAVINI,1266,2,URBANO(A)
20,2,234,SAN LUCAS ZOQUIAPAM,1267,3,MIXTO(A)
20,2,234,SAN LUCAS ZOQUIAPAM,1268,4,RURAL
20,2,234,SAN LUCAS ZOQUIAPAM,1269,4,RURAL
20,2,234,SAN LUCAS ZOQUIAPAM,1270,4,RURAL
20,10,235,SAN LUIS AMATLAN,1271,3,MIXTO(A)
20,10,235,SAN LUIS AMATLAN,1272,3,MIXTO(A)
20,10,235,SAN LUIS AMATLAN,1273,4,RURAL
20,10,235,SAN LUIS AMATLAN,1274,4,RURAL
20,10,236,SAN MARCIAL OZOLOTEPEC,1276,3,MIXTO(A)
20,10,236,SAN MARCIAL OZOLOTEPEC,1277,3,MIXTO(A)
20,3,237,SAN MARCOS ARTEAGA,1278,3,MIXTO(A)
20,3,237,SAN MARCOS ARTEAGA,1279,3,MIXTO(A)
20,3,37,HEROICA CIUDAD DE HUAJUAPAN DE LEON,1280,4,RURAL
20,10,238,HEROICO SAN MARTIN DE LOS CANSECOS,1282,2,URBANO(A)
20,6,239,SAN MARTIN HUAMELULPAM,1283,3,MIXTO(A)
20,6,240,SAN MARTIN ITUNYOSO,1284,3,MIXTO(A)
20,10,241,SAN MARTIN LACHILA,1285,3,MIXTO(A)
20,6,242,SAN MARTIN PERAS,1286,3,MIXTO(A)
20,6,242,SAN MARTIN PERAS,1287,3,MIXTO(A)
20,6,242,SAN MARTIN PERAS,1288,4,RURAL
20,6,242,SAN MARTIN PERAS,1289,4,RURAL
20,6,242,SAN MARTIN PERAS,1290,4,RURAL
20,4,243,SAN MARTIN TILCAJETE,1291,2,URBANO(A)
20,2,244,SAN MARTIN TOXPALAN,1292,3,MIXTO(A)
20,2,244,SAN MARTIN TOXPALAN,1293,4,RURAL
20,6,245,SAN MARTIN ZACATEPEC,1294,3,MIXTO(A)
20,6,245,SAN MARTIN ZACATEPEC,1295,4,RURAL
20,4,246,SAN MATEO CAJONOS,1296,3,MIXTO(A)
20,5,247,SAN MATEO DEL MAR,1297,3,MIXTO(A)
20,5,247,SAN MATEO DEL MAR,1298,3,MIXTO(A)
20,5,247,SAN MATEO DEL MAR,1299,3,MIXTO(A)
20,5,247,SAN MATEO DEL MAR,1300,4,RURAL
20,5,247,SAN MATEO DEL MAR,1301,2,URBANO(A)
20,3,248,SAN MATEO ETLATONGO,1302,3,MIXTO(A)
20,6,249,SAN MATEO NEJAPAM,1303,3,MIXTO(A)
20,6,250,SAN MATEO PEÑASCO,1304,3,MIXTO(A)
20,6,250,SAN MATEO PEÑASCO,1305,4,RURAL
20,10,251,SAN MATEO PIÑAS,1306,3,MIXTO(A)
20,10,251,SAN MATEO PIÑAS,1307,4,RURAL
20,10,251,SAN MATEO PIÑAS,1308,4,RURAL
20,10,251,SAN MATEO PIÑAS,1309,4,RURAL
20,10,252,SAN MATEO RIO HONDO,1310,3,MIXTO(A)
20,10,252,SAN MATEO RIO HONDO,1311,4,RURAL
20,10,252,SAN MATEO RIO HONDO,1312,4,RURAL
20,10,252,SAN MATEO RIO HONDO,1313,4,RURAL
20,3,253,SAN MATEO SINDIHUI,1314,3,MIXTO(A)
20,3,254,SAN MATEO TLAPILTEPEC,1315,2,URBANO(A)
20,2,255,SAN MATEO YOLOXOCHITLAN,1316,3,MIXTO(A)
20,2,255,SAN MATEO YOLOXOCHITLAN,1317,3,MIXTO(A)
20,4,256,SAN MELCHOR BETAZA,1318,3,MIXTO(A)
20,6,257,SAN MIGUEL ACHIUTLA,1319,3,MIXTO(A)
20,6,258,SAN MIGUEL AHUEHUETITLAN,1320,2,URBANO(A)
20,6,258,SAN MIGUEL AHUEHUETITLAN,1321,4,RURAL
20,4,259,SAN MIGUEL ALOAPAM,1322,2,URBANO(A)
20,4,259,SAN MIGUEL ALOAPAM,1323,4,RURAL
20,3,260,SAN MIGUEL AMATITLAN,1324,3,MIXTO(A)
20,3,260,SAN MIGUEL AMATITLAN,1325,4,RURAL
20,3,260,SAN MIGUEL AMATITLAN,1326,4,RURAL
20,3,260,SAN MIGUEL AMATITLAN,1327,4,RURAL
20,3,260,SAN MIGUEL AMATITLAN,1328,4,RURAL
20,3,260,SAN MIGUEL AMATITLAN,1329,4,RURAL
20,3,260,SAN MIGUEL AMATITLAN,1330,4,RURAL
20,3,260,SAN MIGUEL AMATITLAN,1331,4,RURAL
20,3,260,SAN MIGUEL AMATITLAN,1332,4,RURAL
20,4,261,SAN MIGUEL AMATLAN,1333,3,MIXTO(A)
20,4,261,SAN MIGUEL AMATLAN,1335,4,RURAL
20,2,262,SAN MIGUEL CHICAHUA,1336,3,MIXTO(A)
20,2,262,SAN MIGUEL CHICAHUA,1337,3,MIXTO(A)
20,7,263,SAN MIGUEL CHIMALAPA,1338,3,MIXTO(A)
20,7,263,SAN MIGUEL CHIMALAPA,1339,3,MIXTO(A)
20,7,263,SAN MIGUEL CHIMALAPA,1340,4,RURAL
20,7,263,SAN MIGUEL CHIMALAPA,1342,4,RURAL
20,7,263,SAN MIGUEL CHIMALAPA,1343,4,RURAL
20,7,263,SAN MIGUEL CHIMALAPA,1344,4,RURAL
20,10,264,SAN MIGUEL COATLAN,1345,3,MIXTO(A)
20,10,264,SAN MIGUEL COATLAN,1346,3,MIXTO(A)
20,5,265,SAN MIGUEL DEL PUERTO,1347,3,MIXTO(A)
20,5,265,SAN MIGUEL DEL PUERTO,1348,4,RURAL
20,5,265,SAN MIGUEL DEL PUERTO,1349,4,RURAL
20,5,265,SAN MIGUEL DEL PUERTO,1350,4,RURAL
20,5,265,SAN MIGUEL DEL PUERTO,1351,4,RURAL
20,4,266,SAN MIGUEL DEL RIO,1352,2,URBANO(A)
20,10,267,SAN MIGUEL EJUTLA,1353,3,MIXTO(A)
20,6,268,SAN MIGUEL EL GRANDE,1354,3,MIXTO(A)
20,6,268,SAN MIGUEL EL GRANDE,1355,3,MIXTO(A)
20,6,268,SAN MIGUEL EL GRANDE,1356,4,RURAL
20,6,268,SAN MIGUEL EL GRANDE,1357,4,RURAL
20,6,268,SAN MIGUEL EL GRANDE,1358,4,RURAL
20,2,269,SAN MIGUEL HUAUTLA,1359,3,MIXTO(A)
20,2,269,SAN MIGUEL HUAUTLA,1360,3,MIXTO(A)
20,10,270,SAN MIGUEL MIXTEPEC,1361,3,MIXTO(A)
20,10,270,SAN MIGUEL MIXTEPEC,1362,4,RURAL
20,9,271,SAN MIGUEL PANIXTLAHUACA,1363,3,MIXTO(A)
20,9,271,SAN MIGUEL PANIXTLAHUACA,1364,3,MIXTO(A)
20,3,272,SAN MIGUEL PERAS,1365,3,MIXTO(A)
20,3,272,SAN MIGUEL PERAS,1366,3,MIXTO(A)
20,3,273,SAN MIGUEL PIEDRAS,1367,3,MIXTO(A)
20,4,274,SAN MIGUEL QUETZALTEPEC,1368,3,MIXTO(A)
20,4,274,SAN MIGUEL QUETZALTEPEC,1369,3,MIXTO(A)
20,4,274,SAN MIGUEL QUETZALTEPEC,1370,4,RURAL
20,2,275,SAN MIGUEL SANTA FLOR,1371,3,MIXTO(A)
20,1,276,SAN MIGUEL SOYALTEPEC,1372,3,MIXTO(A)
20,1,276,SAN MIGUEL SOYALTEPEC,1373,2,URBANO(A)
20,1,276,SAN MIGUEL SOYALTEPEC,1374,2,URBANO(A)
20,1,276,SAN MIGUEL SOYALTEPEC,1375,2,URBANO(A)
20,1,276,SAN MIGUEL SOYALTEPEC,1376,2,URBANO(A)
20,1,276,SAN MIGUEL SOYALTEPEC,1377,4,RURAL
20,1,276,SAN MIGUEL SOYALTEPEC,1378,4,RURAL
20,1,276,SAN MIGUEL SOYALTEPEC,1379,4,RURAL
20,1,276,SAN MIGUEL SOYALTEPEC,1380,4,RURAL
20,1,276,SAN MIGUEL SOYALTEPEC,1381,4,RURAL
20,1,276,SAN MIGUEL SOYALTEPEC,1382,4,RURAL
20,1,276,SAN MIGUEL SOYALTEPEC,1383,4,RURAL
20,1,276,SAN MIGUEL SOYALTEPEC,1384,4,RURAL
20,1,276,SAN MIGUEL SOYALTEPEC,1385,4,RURAL
20,1,276,SAN MIGUEL SOYALTEPEC,1386,4,RURAL
20,1,276,SAN MIGUEL SOYALTEPEC,1387,4,RURAL
20,1,276,SAN MIGUEL SOYALTEPEC,1388,4,RURAL
20,1,276,SAN MIGUEL SOYALTEPEC,1389,4,RURAL
20,1,276,SAN MIGUEL SOYALTEPEC,1390,4,RURAL
20,1,276,SAN MIGUEL SOYALTEPEC,1391,4,RURAL
20,1,276,SAN MIGUEL SOYALTEPEC,1392,4,RURAL
20,1,276,SAN MIGUEL SOYALTEPEC,1393,4,RURAL
20,1,276,SAN MIGUEL SOYALTEPEC,1394,4,RURAL
20,1,276,SAN MIGUEL SOYALTEPEC,1395,4,RURAL
20,10,277,SAN MIGUEL SUCHIXTEPEC,1396,3,MIXTO(A)
20,10,277,SAN MIGUEL SUCHIXTEPEC,1397,3,MIXTO(A)
20,4,278,VILLA TALEA DE CASTRO,1398,3,MIXTO(A)
20,4,278,VILLA TALEA DE CASTRO,1399,2,URBANO(A)
20,4,278,VILLA TALEA DE CASTRO,1400,4,RURAL
20,3,279,SAN MIGUEL TECOMATLAN,1401,2,URBANO(A)
20,5,280,SAN MIGUEL TENANGO,1402,3,MIXTO(A)
20,3,281,SAN MIGUEL TEQUIXTEPEC,1404,3,MIXTO(A)
20,3,281,SAN MIGUEL TEQUIXTEPEC,1405,4,RURAL
20,3,281,SAN MIGUEL TEQUIXTEPEC,1406,4,RURAL
20,4,282,SAN MIGUEL TILQUIAPAM,1407,3,MIXTO(A)
20,4,282,SAN MIGUEL TILQUIAPAM,1408,2,URBANO(A)
20,9,283,SAN MIGUEL TLACAMAMA,1409,3,MIXTO(A)
20,9,283,SAN MIGUEL TLACAMAMA,1410,4,RURAL
20,6,284,SAN MIGUEL TLACOTEPEC,1411,3,MIXTO(A)
20,6,284,SAN MIGUEL TLACOTEPEC,1412,2,URBANO(A)
20,6,284,SAN MIGUEL TLACOTEPEC,1413,4,RURAL
20,6,284,SAN MIGUEL TLACOTEPEC,1414,4,RURAL
20,3,285,SAN MIGUEL TULANCINGO,1415,3,MIXTO(A)
20,4,286,SAN MIGUEL YOTAO,1416,2,URBANO(A)
20,10,287,SAN NICOLAS,1417,3,MIXTO(A)
20,6,288,SAN NICOLAS HIDALGO,1418,3,MIXTO(A)
20,10,289,SAN PABLO COATLAN,1419,3,MIXTO(A)
20,10,289,SAN PABLO COATLAN,1420,4,RURAL
20,10,289,SAN PABLO COATLAN,1421,4,RURAL
20,3,290,SAN PABLO CUATRO VENADOS,1422,3,MIXTO(A)
20,8,291,SAN PABLO ETLA,1423,2,URBANO(A)
20,8,291,SAN PABLO ETLA,1424,2,URBANO(A)
20,8,291,SAN PABLO ETLA,1425,3,MIXTO(A)
20,2,292,SAN PABLO HUITZO,1426,3,MIXTO(A)
20,2,292,SAN PABLO HUITZO,1427,3,MIXTO(A)
20,2,292,SAN PABLO HUITZO,1428,2,URBANO(A)
20,2,292,SAN PABLO HUITZO,1429,2,URBANO(A)
20,2,292,SAN PABLO HUITZO,1430,4,RURAL
20,10,293,SAN PABLO HUIXTEPEC,1431,2,URBANO(A)
20,10,293,SAN PABLO HUIXTEPEC,1432,2,URBANO(A)
20,10,293,SAN PABLO HUIXTEPEC,1433,2,URBANO(A)
20,10,293,SAN PABLO HUIXTEPEC,1434,2,URBANO(A)
20,10,293,SAN PABLO HUIXTEPEC,1435,2,URBANO(A)
20,10,293,SAN PABLO HUIXTEPEC,1436,2,URBANO(A)
20,4,294,SAN PABLO MACUILTIANGUIS,1437,3,MIXTO(A)
20,6,295,SAN PABLO TIJALTEPEC,1438,3,MIXTO(A)
20,6,295,SAN PABLO TIJALTEPEC,1439,3,MIXTO(A)
20,4,296,SAN PABLO VILLA DE MITLA,1440,2,URBANO(A)
20,4,296,SAN PABLO VILLA DE MITLA,1441,2,URBANO(A)
20,4,296,SAN PABLO VILLA DE MITLA,1442,3,MIXTO(A)
20,4,296,SAN PABLO VILLA DE MITLA,1443,2,URBANO(A)
20,4,296,SAN PABLO VILLA DE MITLA,1444,3,MIXTO(A)
20,4,296,SAN PABLO VILLA DE MITLA,1445,4,RURAL
20,4,296,SAN PABLO VILLA DE MITLA,1446,4,RURAL
20,4,296,SAN PABLO VILLA DE MITLA,1447,4,RURAL
20,4,297,SAN PABLO YAGANIZA,1448,2,URBANO(A)
20,9,298,SAN PEDRO AMUZGOS,1449,3,MIXTO(A)
20,9,298,SAN PEDRO AMUZGOS,1450,2,URBANO(A)
20,9,298,SAN PEDRO AMUZGOS,1451,3,MIXTO(A)
20,4,299,SAN PEDRO APOSTOL,1452,2,URBANO(A)
20,4,299,SAN PEDRO APOSTOL,1453,2,URBANO(A)
20,9,300,SAN PEDRO ATOYAC,1454,3,MIXTO(A)
20,9,300,SAN PEDRO ATOYAC,1455,2,URBANO(A)
20,9,300,SAN PEDRO ATOYAC,1456,4,RURAL
20,9,300,SAN PEDRO ATOYAC,1457,4,RURAL
20,4,301,SAN PEDRO CAJONOS,1458,2,URBANO(A)
20,2,302,SAN PEDRO COXCALTEPEC CANTAROS,1459,3,MIXTO(A)
20,2,302,SAN PEDRO COXCALTEPEC CANTAROS,1460,4,RURAL
20,5,303,SAN PEDRO COMITANCILLO,1461,3,MIXTO(A)
20,5,303,SAN PEDRO COMITANCILLO,1462,2,URBANO(A)
20,10,304,SAN PEDRO EL ALTO,1463,3,MIXTO(A)
20,10,304,SAN PEDRO EL ALTO,1464,4,RURAL
20,5,305,SAN PEDRO HUAMELULA,1465,3,MIXTO(A)
20,5,305,SAN PEDRO HUAMELULA,1466,2,URBANO(A)
20,5,305,SAN PEDRO HUAMELULA,1467,4,RURAL
20,5,305,SAN PEDRO HUAMELULA,1468,4,RURAL
20,5,305,SAN PEDRO HUAMELULA,1469,4,RURAL
20,5,305,SAN PEDRO HUAMELULA,1470,4,RURAL
20,5,305,SAN PEDRO HUAMELULA,1471,4,RURAL
20,5,306,SAN PEDRO HUILOTEPEC,1472,2,URBANO(A)
20,1,307,SAN PEDRO IXCATLAN,1473,2,URBANO(A)
20,1,307,SAN PEDRO IXCATLAN,1474,3,MIXTO(A)
20,1,307,SAN PEDRO IXCATLAN,1475,4,RURAL
20,1,307,SAN PEDRO IXCATLAN,1476,4,RURAL
20,1,307,SAN PEDRO IXCATLAN,1477,4,RURAL
20,1,307,SAN PEDRO IXCATLAN,1478,4,RURAL
20,1,307,SAN PEDRO IXCATLAN,1479,4,RURAL
20,1,307,SAN PEDRO IXCATLAN,1480,4,RURAL
20,1,307,SAN PEDRO IXCATLAN,1481,4,RURAL
20,3,308,SAN PEDRO IXTLAHUACA,1482,3,MIXTO(A)
20,2,309,SAN PEDRO JALTEPETONGO,1484,2,URBANO(A)
20,9,310,SAN PEDRO JICAYAN,1485,2,URBANO(A)
20,9,310,SAN PEDRO JICAYAN,1486,2,URBANO(A)
20,9,310,SAN PEDRO JICAYAN,1487,3,MIXTO(A)
20,9,310,SAN PEDRO JICAYAN,1488,4,RURAL
20,9,310,SAN PEDRO JICAYAN,1489,4,RURAL
20,9,310,SAN PEDRO JICAYAN,1490,4,RURAL
20,9,310,SAN PEDRO JICAYAN,1491,4,RURAL
20,2,311,SAN PEDRO JOCOTIPAC,1492,2,URBANO(A)
20,9,312,SAN PEDRO JUCHATENGO,1493,3,MIXTO(A)
20,4,313,SAN PEDRO MARTIR,1494,2,URBANO(A)
20,10,314,SAN PEDRO MARTIR QUIECHAPA,1495,2,URBANO(A)
20,6,315,SAN PEDRO MARTIR YUCUXACO,1496,3,MIXTO(A)
20,6,315,SAN PEDRO MARTIR YUCUXACO,1497,4,RURAL
20,9,316,SAN PEDRO MIXTEPEC,1498,3,MIXTO(A)
20,9,316,SAN PEDRO MIXTEPEC,1499,3,MIXTO(A)
20,9,316,SAN PEDRO MIXTEPEC,1500,2,URBANO(A)
20,9,316,SAN PEDRO MIXTEPEC,1501,3,MIXTO(A)
20,9,316,SAN PEDRO MIXTEPEC,1502,2,URBANO(A)
20,9,316,SAN PEDRO MIXTEPEC,1504,2,URBANO(A)
20,9,316,SAN PEDRO MIXTEPEC,1505,2,URBANO(A)
20,9,316,SAN PEDRO MIXTEPEC,1506,2,URBANO(A)
20,9,316,SAN PEDRO MIXTEPEC,1507,2,URBANO(A)
20,9,316,SAN PEDRO MIXTEPEC,1508,4,RURAL
20,9,316,SAN PEDRO MIXTEPEC,1509,4,RURAL
20,9,316,SAN PEDRO MIXTEPEC,1510,2,URBANO(A)
20,10,317,SAN PEDRO MIXTEPEC,1511,3,MIXTO(A)
20,6,318,SAN PEDRO MOLINOS,1512,3,MIXTO(A)
20,3,319,SAN PEDRO NOPALA,1513,3,MIXTO(A)
20,2,320,SAN PEDRO OCOPETATILLO,1514,2,URBANO(A)
20,4,321,SAN PEDRO OCOTEPEC,1515,3,MIXTO(A)
20,10,322,SAN PEDRO POCHUTLA,1516,3,MIXTO(A)
20,10,322,SAN PEDRO POCHUTLA,1517,2,URBANO(A)
20,10,322,SAN PEDRO POCHUTLA,1518,3,MIXTO(A)
20,10,322,SAN PEDRO POCHUTLA,1519,3,MIXTO(A)
20,10,322,SAN PEDRO POCHUTLA,1520,2,URBANO(A)
20,10,322,SAN PEDRO POCHUTLA,1521,3,MIXTO(A)
20,10,322,SAN PEDRO POCHUTLA,1522,3,MIXTO(A)
20,10,322,SAN PEDRO POCHUTLA,1523,4,RURAL
20,10,322,SAN PEDRO POCHUTLA,1524,4,RURAL
20,10,322,SAN PEDRO POCHUTLA,1525,4,RURAL
20,10,322,SAN PEDRO POCHUTLA,1527,3,MIXTO(A)
20,10,322,SAN PEDRO POCHUTLA,1528,3,MIXTO(A)
20,10,322,SAN PEDRO POCHUTLA,1529,4,RURAL
20,10,322,SAN PEDRO POCHUTLA,1530,4,RURAL
20,10,322,SAN PEDRO POCHUTLA,1531,4,RURAL
20,10,322,SAN PEDRO POCHUTLA,1532,4,RURAL
20,10,322,SAN PEDRO POCHUTLA,1533,3,MIXTO(A)
20,10,322,SAN PEDRO POCHUTLA,1534,3,MIXTO(A)
20,5,323,SAN PEDRO QUIATONI,1535,3,MIXTO(A)
20,5,323,SAN PEDRO QUIATONI,1536,3,MIXTO(A)
20,5,323,SAN PEDRO QUIATONI,1537,3,MIXTO(A)
20,5,323,SAN PEDRO QUIATONI,1538,2,URBANO(A)
20,5,323,SAN PEDRO QUIATONI,1539,3,MIXTO(A)
20,5,323,SAN PEDRO QUIATONI,1540,4,RURAL
20,2,324,SAN PEDRO SOCHIAPAM,1541,3,MIXTO(A)
20,2,324,SAN PEDRO SOCHIAPAM,1542,4,RURAL
20,2,324,SAN PEDRO SOCHIAPAM,1543,4,RURAL
20,7,325,SAN PEDRO TAPANATEPEC,1544,3,MIXTO(A)
20,7,325,SAN PEDRO TAPANATEPEC,1545,3,MIXTO(A)
20,7,325,SAN PEDRO TAPANATEPEC,1546,3,MIXTO(A)
20,7,325,SAN PEDRO TAPANATEPEC,1547,3,MIXTO(A)
20,7,325,SAN PEDRO TAPANATEPEC,1548,2,URBANO(A)
20,7,325,SAN PEDRO TAPANATEPEC,1549,4,RURAL
20,7,325,SAN PEDRO TAPANATEPEC,1550,4,RURAL
20,7,325,SAN PEDRO TAPANATEPEC,1551,4,RURAL
20,7,325,SAN PEDRO TAPANATEPEC,1552,4,RURAL
20,10,326,SAN PEDRO TAVICHE,1553,3,MIXTO(A)
20,3,327,SAN PEDRO TEOZACOALCO,1554,3,MIXTO(A)
20,2,328,SAN PEDRO TEUTILA,1555,3,MIXTO(A)
20,2,328,SAN PEDRO TEUTILA,1556,4,RURAL
20,2,328,SAN PEDRO TEUTILA,1557,4,RURAL
20,3,329,SAN PEDRO TIDAA,1558,2,URBANO(A)
20,3,329,SAN PEDRO TIDAA,1559,2,URBANO(A)
20,3,330,SAN PEDRO TOPILTEPEC,1560,3,MIXTO(A)
20,5,331,SAN PEDRO TOTOLAPAM,1561,3,MIXTO(A)
20,5,331,SAN PEDRO TOTOLAPAM,1562,3,MIXTO(A)
20,5,331,SAN PEDRO TOTOLAPAM,1563,4,RURAL
20,9,332,VILLA DE TUTUTEPEC,1564,3,MIXTO(A)
20,9,332,VILLA DE TUTUTEPEC,1565,2,URBANO(A)
20,9,332,VILLA DE TUTUTEPEC,1566,3,MIXTO(A)
20,9,332,VILLA DE TUTUTEPEC,1567,3,MIXTO(A)
20,9,332,VILLA DE TUTUTEPEC,1568,3,MIXTO(A)
20,9,332,VILLA DE TUTUTEPEC,1569,3,MIXTO(A)
20,9,332,VILLA DE TUTUTEPEC,1570,2,URBANO(A)
20,9,332,VILLA DE TUTUTEPEC,1571,3,MIXTO(A)
20,9,332,VILLA DE TUTUTEPEC,1572,2,URBANO(A)
20,9,332,VILLA DE TUTUTEPEC,1573,2,URBANO(A)
20,9,332,VILLA DE TUTUTEPEC,1574,2,URBANO(A)
20,9,332,VILLA DE TUTUTEPEC,1575,3,MIXTO(A)
20,9,332,VILLA DE TUTUTEPEC,1576,3,MIXTO(A)
20,9,332,VILLA DE TUTUTEPEC,1577,3,MIXTO(A)
20,9,332,VILLA DE TUTUTEPEC,1578,3,MIXTO(A)
20,9,332,VILLA DE TUTUTEPEC,1579,4,RURAL
20,9,332,VILLA DE TUTUTEPEC,1580,4,RURAL
20,9,332,VILLA DE TUTUTEPEC,1581,4,RURAL
20,9,332,VILLA DE TUTUTEPEC,1582,4,RURAL
20,9,332,VILLA DE TUTUTEPEC,1583,4,RURAL
20,9,332,VILLA DE TUTUTEPEC,1584,4,RURAL
20,4,333,SAN PEDRO Y SAN PABLO AYUTLA,1585,3,MIXTO(A)
20,4,333,SAN PEDRO Y SAN PABLO AYUTLA,1586,3,MIXTO(A)
20,4,333,SAN PEDRO Y SAN PABLO AYUTLA,1587,4,RURAL
20,4,333,SAN PEDRO Y SAN PABLO AYUTLA,1588,4,RURAL
20,3,334,SAN PEDRO Y SAN PABLO TEPOSCOLULA,1589,3,MIXTO(A)
20,3,334,SAN PEDRO Y SAN PABLO TEPOSCOLULA,1590,3,MIXTO(A)
20,3,334,SAN PEDRO Y SAN PABLO TEPOSCOLULA,1591,4,RURAL
20,3,334,SAN PEDRO Y SAN PABLO TEPOSCOLULA,1592,4,RURAL
20,3,334,SAN PEDRO Y SAN PABLO TEPOSCOLULA,1593,4,RURAL
20,3,335,SAN PEDRO Y SAN PABLO TEQUIXTEPEC,1594,3,MIXTO(A)
20,3,335,SAN PEDRO Y SAN PABLO TEQUIXTEPEC,1595,4,RURAL
20,3,335,SAN PEDRO Y SAN PABLO TEQUIXTEPEC,1596,4,RURAL
20,3,335,SAN PEDRO Y SAN PABLO TEQUIXTEPEC,1597,4,RURAL
20,3,335,SAN PEDRO Y SAN PABLO TEQUIXTEPEC,1598,4,RURAL
20,3,335,SAN PEDRO Y SAN PABLO TEQUIXTEPEC,1599,4,RURAL
20,3,335,SAN PEDRO Y SAN PABLO TEQUIXTEPEC,1600,4,RURAL
20,4,336,SAN PEDRO YANERI,1601,3,MIXTO(A)
20,4,337,SAN PEDRO YOLOX,1602,3,MIXTO(A)
20,4,337,SAN PEDRO YOLOX,1603,4,RURAL
20,3,338,SAN PEDRO YUCUNAMA,1604,2,URBANO(A)
20,3,339,SAN RAYMUNDO JALPAN,1605,2,URBANO(A)
20,4,340,SAN SEBASTIAN ABASOLO,1606,3,MIXTO(A)
20,10,341,SAN SEBASTIAN COATLAN,1607,2,URBANO(A)
20,10,341,SAN SEBASTIAN COATLAN,1608,4,RURAL
20,9,342,SAN SEBASTIAN IXCAPA,1609,2,URBANO(A)
20,9,342,SAN SEBASTIAN IXCAPA,1610,4,RURAL
20,9,342,SAN SEBASTIAN IXCAPA,1611,4,RURAL
20,9,342,SAN SEBASTIAN IXCAPA,1612,4,RURAL
20,6,343,SAN SEBASTIAN NICANANDUTA,1613,2,URBANO(A)
20,10,344,SAN SEBASTIAN RIO HONDO,1614,3,MIXTO(A)
20,10,344,SAN SEBASTIAN RIO HONDO,1615,4,RURAL
20,10,344,SAN SEBASTIAN RIO HONDO,1616,4,RURAL
20,6,345,SAN SEBASTIAN TECOMAXTLAHUACA,1617,3,MIXTO(A)
20,6,345,SAN SEBASTIAN TECOMAXTLAHUACA,1618,3,MIXTO(A)
20,6,345,SAN SEBASTIAN TECOMAXTLAHUACA,1619,4,RURAL
20,6,345,SAN SEBASTIAN TECOMAXTLAHUACA,1620,4,RURAL
20,6,345,SAN SEBASTIAN TECOMAXTLAHUACA,1621,4,RURAL
20,6,345,SAN SEBASTIAN TECOMAXTLAHUACA,1622,4,RURAL
20,6,345,SAN SEBASTIAN TECOMAXTLAHUACA,1623,4,RURAL
20,6,345,SAN SEBASTIAN TECOMAXTLAHUACA,1624,4,RURAL
20,6,345,SAN SEBASTIAN TECOMAXTLAHUACA,1625,4,RURAL
20,4,346,SAN SEBASTIAN TEITIPAC,1626,3,MIXTO(A)
20,8,347,SAN SEBASTIAN TUTLA,1627,3,MIXTO(A)
20,8,347,SAN SEBASTIAN TUTLA,1628,3,MIXTO(A)
20,8,347,SAN SEBASTIAN TUTLA,1629,2,URBANO(A)
20,8,347,SAN SEBASTIAN TUTLA,1630,2,URBANO(A)
20,8,347,SAN SEBASTIAN TUTLA,1631,2,URBANO(A)
20,8,347,SAN SEBASTIAN TUTLA,1632,2,URBANO(A)
20,8,347,SAN SEBASTIAN TUTLA,1633,2,URBANO(A)
20,10,348,SAN SIMON ALMOLONGAS,1634,2,URBANO(A)
20,10,348,SAN SIMON ALMOLONGAS,1635,4,RURAL
20,3,349,SAN SIMON ZAHUATLAN,1636,3,MIXTO(A)
20,10,350,SAN VICENTE COATLAN,1637,3,MIXTO(A)
20,10,350,SAN VICENTE COATLAN,1638,3,MIXTO(A)
20,10,351,SAN VICENTE LACHIXIO,1639,3,MIXTO(A)
20,3,352,SAN VICENTE NUÑU,1640,3,MIXTO(A)
20,10,353,SANTA ANA,1641,2,URBANO(A)
20,2,354,SANTA ANA ATEIXTLAHUACA,1642,3,MIXTO(A)
20,2,355,SANTA ANA CUAUHTEMOC,1643,3,MIXTO(A)
20,4,356,SANTA ANA DEL VALLE,1644,2,URBANO(A)
20,4,356,SANTA ANA DEL VALLE,1645,2,URBANO(A)
20,5,357,SANTA ANA TAVELA,1646,2,URBANO(A)
20,10,358,SANTA ANA TLAPACOYAN,1647,2,URBANO(A)
20,10,358,SANTA ANA TLAPACOYAN,1648,4,RURAL
20,4,359,SANTA ANA YARENI,1649,2,URBANO(A)
20,4,360,SANTA ANA ZEGACHE,1650,3,MIXTO(A)
20,4,360,SANTA ANA ZEGACHE,1651,3,MIXTO(A)
20,10,361,SANTA CATALINA QUIERI,1652,2,URBANO(A)
20,10,362,SANTA CATARINA CUIXTLA,1653,3,MIXTO(A)
20,4,363,SANTA CATARINA IXTEPEJI,1654,3,MIXTO(A)
20,4,363,SANTA CATARINA IXTEPEJI,1655,4,RURAL
20,4,363,SANTA CATARINA IXTEPEJI,1656,4,RURAL
20,4,363,SANTA CATARINA IXTEPEJI,1657,4,RURAL
20,9,364,SANTA CATARINA JUQUILA,1658,2,URBANO(A)
20,9,364,SANTA CATARINA JUQUILA,1660,4,RURAL
20,9,364,SANTA CATARINA JUQUILA,1661,4,RURAL
20,9,364,SANTA CATARINA JUQUILA,1662,4,RURAL
20,9,364,SANTA CATARINA JUQUILA,1663,4,RURAL
20,9,364,SANTA CATARINA JUQUILA,1664,4,RURAL
20,4,365,SANTA CATARINA LACHATAO,1665,3,MIXTO(A)
20,4,365,SANTA CATARINA LACHATAO,1666,4,RURAL
20,4,365,SANTA CATARINA LACHATAO,1667,4,RURAL
20,10,366,SANTA CATARINA LOXICHA,1668,3,MIXTO(A)
20,10,366,SANTA CATARINA LOXICHA,1669,3,MIXTO(A)
20,10,366,SANTA CATARINA LOXICHA,1670,4,RURAL
20,9,367,SANTA CATARINA MECHOACAN,1671,2,URBANO(A)
20,9,367,SANTA CATARINA MECHOACAN,1672,3,MIXTO(A)
20,4,368,SANTA CATARINA MINAS,1673,3,MIXTO(A)
20,4,368,SANTA CATARINA MINAS,1674,3,MIXTO(A)
20,3,369,SANTA CATARINA QUIANE,1675,2,URBANO(A)
20,10,370,SANTA CATARINA QUIOQUITANI,1676,2,URBANO(A)
20,6,371,SANTA CATARINA TAYATA,1677,3,MIXTO(A)
20,6,372,SANTA CATARINA TICUA,1678,3,MIXTO(A)
20,6,372,SANTA CATARINA TICUA,1679,3,MIXTO(A)
20,6,373,SANTA CATARINA YOSONOTU,1680,3,MIXTO(A)
20,6,373,SANTA CATARINA YOSONOTU,1681,4,RURAL
20,6,373,SANTA CATARINA YOSONOTU,1682,4,RURAL
20,3,374,SANTA CATARINA ZAPOQUILA,1683,3,MIXTO(A)
20,2,375,SANTA CRUZ ACATEPEC,1685,3,MIXTO(A)
20,8,376,SANTA CRUZ AMILPAS,1686,2,URBANO(A)
20,8,376,SANTA CRUZ AMILPAS,1687,2,URBANO(A)
20,8,376,SANTA CRUZ AMILPAS,1688,2,URBANO(A)
20,8,376,SANTA CRUZ AMILPAS,1689,2,URBANO(A)
20,6,377,SANTA CRUZ DE BRAVO,1690,2,URBANO(A)
20,6,378,SANTA CRUZ ITUNDUJIA,1691,3,MIXTO(A)
20,6,378,SANTA CRUZ ITUNDUJIA,1692,4,RURAL
20,6,378,SANTA CRUZ ITUNDUJIA,1693,4,RURAL
20,6,378,SANTA CRUZ ITUNDUJIA,1694,4,RURAL
20,6,378,SANTA CRUZ ITUNDUJIA,1695,4,RURAL
20,6,378,SANTA CRUZ ITUNDUJIA,1696,4,RURAL
20,6,378,SANTA CRUZ ITUNDUJIA,1697,4,RURAL
20,6,378,SANTA CRUZ ITUNDUJIA,1698,4,RURAL
20,10,379,SANTA CRUZ MIXTEPEC,1699,3,MIXTO(A)
20,10,379,SANTA CRUZ MIXTEPEC,1700,4,RURAL
20,10,379,SANTA CRUZ MIXTEPEC,1701,4,RURAL
20,6,380,SANTA CRUZ NUNDACO,1702,3,MIXTO(A)
20,4,381,SANTA CRUZ PAPALUTLA,1703,2,URBANO(A)
20,6,382,SANTA CRUZ TACACHE DE MINA,1704,2,URBANO(A)
20,6,382,SANTA CRUZ TACACHE DE MINA,1705,2,URBANO(A)
20,6,382,SANTA CRUZ TACACHE DE MINA,1706,4,RURAL
20,6,383,SANTA CRUZ TACAHUA,1707,3,MIXTO(A)
20,6,384,SANTA CRUZ TAYATA,1708,3,MIXTO(A)
20,10,385,SANTA CRUZ XITLA,1709,2,URBANO(A)
20,10,385,SANTA CRUZ XITLA,1710,2,URBANO(A)
20,10,385,SANTA CRUZ XITLA,1711,4,RURAL
20,3,386,SANTA CRUZ XOXOCOTLAN,1712,2,URBANO(A)
20,3,386,SANTA CRUZ XOXOCOTLAN,1713,2,URBANO(A)
20,3,386,SANTA CRUZ XOXOCOTLAN,1714,2,URBANO(A)
20,3,386,SANTA CRUZ XOXOCOTLAN,1715,2,URBANO(A)
20,3,386,SANTA CRUZ XOXOCOTLAN,1716,2,URBANO(A)
20,3,386,SANTA CRUZ XOXOCOTLAN,1717,2,URBANO(A)
20,3,386,SANTA CRUZ XOXOCOTLAN,1719,2,URBANO(A)
20,3,386,SANTA CRUZ XOXOCOTLAN,1721,2,URBANO(A)
20,3,386,SANTA CRUZ XOXOCOTLAN,1723,2,URBANO(A)
20,3,386,SANTA CRUZ XOXOCOTLAN,1724,2,URBANO(A)
20,3,386,SANTA CRUZ XOXOCOTLAN,1726,3,MIXTO(A)
20,3,386,SANTA CRUZ XOXOCOTLAN,1727,4,RURAL
20,3,386,SANTA CRUZ XOXOCOTLAN,1729,4,RURAL
20,9,387,SANTA CRUZ ZENZONTEPEC,1730,3,MIXTO(A)
20,9,387,SANTA CRUZ ZENZONTEPEC,1731,3,MIXTO(A)
20,9,387,SANTA CRUZ ZENZONTEPEC,1732,4,RURAL
20,9,387,SANTA CRUZ ZENZONTEPEC,1733,4,RURAL
20,9,387,SANTA CRUZ ZENZONTEPEC,1734,4,RURAL
20,9,387,SANTA CRUZ ZENZONTEPEC,1735,4,RURAL
20,9,387,SANTA CRUZ ZENZONTEPEC,1736,4,RURAL
20,9,387,SANTA CRUZ ZENZONTEPEC,1737,4,RURAL
20,10,388,SANTA GERTRUDIS,1738,3,MIXTO(A)
20,10,388,SANTA GERTRUDIS,1739,2,URBANO(A)
20,10,388,SANTA GERTRUDIS,1740,4,RURAL
20,3,389,SANTA INES DEL MONTE,1741,3,MIXTO(A)
20,4,390,SANTA INES YATZECHE,1742,2,URBANO(A)
20,3,391,SANTA INES DE ZARAGOZA,1743,3,MIXTO(A)
20,3,391,SANTA INES DE ZARAGOZA,1744,4,RURAL
20,3,391,SANTA INES DE ZARAGOZA,1745,4,RURAL
20,8,392,SANTA LUCIA DEL CAMINO,1746,2,URBANO(A)
20,8,392,SANTA LUCIA DEL CAMINO,1747,2,URBANO(A)
20,8,392,SANTA LUCIA DEL CAMINO,1748,2,URBANO(A)
20,8,392,SANTA LUCIA DEL CAMINO,1749,2,URBANO(A)
20,8,392,SANTA LUCIA DEL CAMINO,1750,2,URBANO(A)
20,8,392,SANTA LUCIA DEL CAMINO,1752,2,URBANO(A)
20,8,392,SANTA LUCIA DEL CAMINO,1753,2,URBANO(A)
20,8,392,SANTA LUCIA DEL CAMINO,1754,2,URBANO(A)
20,8,392,SANTA LUCIA DEL CAMINO,1755,2,URBANO(A)
20,8,392,SANTA LUCIA DEL CAMINO,1756,2,URBANO(A)
20,8,392,SANTA LUCIA DEL CAMINO,1757,2,URBANO(A)
20,8,392,SANTA LUCIA DEL CAMINO,1758,2,URBANO(A)
20,8,392,SANTA LUCIA DEL CAMINO,1759,2,URBANO(A)
20,8,392,SANTA LUCIA DEL CAMINO,1760,2,URBANO(A)
20,8,392,SANTA LUCIA DEL CAMINO,1761,2,URBANO(A)
20,8,392,SANTA LUCIA DEL CAMINO,1763,2,URBANO(A)
20,8,392,SANTA LUCIA DEL CAMINO,1764,2,URBANO(A)
20,8,392,SANTA LUCIA DEL CAMINO,1765,2,URBANO(A)
20,8,392,SANTA LUCIA DEL CAMINO,1766,2,URBANO(A)
20,8,392,SANTA LUCIA DEL CAMINO,1767,2,URBANO(A)
20,8,392,SANTA LUCIA DEL CAMINO,1768,2,URBANO(A)
20,10,393,SANTA LUCIA MIAHUATLAN,1769,3,MIXTO(A)
20,10,393,SANTA LUCIA MIAHUATLAN,1770,3,MIXTO(A)
20,6,394,SANTA LUCIA MONTEVERDE,1771,3,MIXTO(A)
20,6,394,SANTA LUCIA MONTEVERDE,1772,4,RURAL
20,6,394,SANTA LUCIA MONTEVERDE,1773,4,RURAL
20,6,394,SANTA LUCIA MONTEVERDE,1774,4,RURAL
20,6,394,SANTA LUCIA MONTEVERDE,1775,4,RURAL
20,4,395,SANTA LUCIA OCOTLAN,1776,3,MIXTO(A)
20,3,396,SANTA MAGDALENA JICOTLAN,1777,2,URBANO(A)
20,4,397,SANTA MARIA ALOTEPEC,1778,3,MIXTO(A)
20,4,397,SANTA MARIA ALOTEPEC,1779,4,RURAL
20,2,398,SANTA MARIA APAZCO,1780,3,MIXTO(A)
20,2,398,SANTA MARIA APAZCO,1781,4,RURAL
20,2,399,SANTA MARIA LA ASUNCION,1782,2,URBANO(A)
20,2,399,SANTA MARIA LA ASUNCION,1783,4,RURAL
20,8,400,SANTA MARIA ATZOMPA,1786,3,MIXTO(A)
20,3,401,SANTA MARIA CAMOTLAN,1787,2,URBANO(A)
20,3,401,SANTA MARIA CAMOTLAN,1788,3,MIXTO(A)
20,3,402,SANTA MARIA CHACHOAPAM,1789,3,MIXTO(A)
20,3,403,VILLA DE CHILAPA DE DIAZ,1790,3,MIXTO(A)
20,3,403,VILLA DE CHILAPA DE DIAZ,1791,3,MIXTO(A)
20,3,403,VILLA DE CHILAPA DE DIAZ,1792,4,RURAL
20,2,404,SANTA MARIA CHILCHOTLA,1793,3,MIXTO(A)
20,2,404,SANTA MARIA CHILCHOTLA,1794,4,RURAL
20,2,404,SANTA MARIA CHILCHOTLA,1795,4,RURAL
20,2,404,SANTA MARIA CHILCHOTLA,1796,4,RURAL
20,2,404,SANTA MARIA CHILCHOTLA,1797,4,RURAL
20,2,404,SANTA MARIA CHILCHOTLA,1798,4,RURAL
20,2,404,SANTA MARIA CHILCHOTLA,1799,4,RURAL
20,2,404,SANTA MARIA CHILCHOTLA,1800,4,RURAL
20,2,404,SANTA MARIA CHILCHOTLA,1801,4,RURAL
20,2,404,SANTA MARIA CHILCHOTLA,1802,4,RURAL
20,2,404,SANTA MARIA CHILCHOTLA,1803,4,RURAL
20,2,404,SANTA MARIA CHILCHOTLA,1804,4,RURAL
20,2,404,SANTA MARIA CHILCHOTLA,1805,4,RURAL
20,2,404,SANTA MARIA CHILCHOTLA,1806,4,RURAL
20,2,404,SANTA MARIA CHILCHOTLA,1807,4,RURAL
20,2,404,SANTA MARIA CHILCHOTLA,1808,4,RURAL
20,2,404,SANTA MARIA CHILCHOTLA,1809,4,RURAL
20,7,405,SANTA MARIA CHIMALAPA,1810,3,MIXTO(A)
20,7,405,SANTA MARIA CHIMALAPA,1811,4,RURAL
20,7,405,SANTA MARIA CHIMALAPA,1812,4,RURAL
20,7,405,SANTA MARIA CHIMALAPA,1813,4,RURAL
20,7,405,SANTA MARIA CHIMALAPA,1814,4,RURAL
20,7,405,SANTA MARIA CHIMALAPA,1815,4,RURAL
20,10,406,SANTA MARIA COLOTEPEC,1816,3,MIXTO(A)
20,10,406,SANTA MARIA COLOTEPEC,1817,2,URBANO(A)
20,10,406,SANTA MARIA COLOTEPEC,1818,2,URBANO(A)
20,10,406,SANTA MARIA COLOTEPEC,1819,2,URBANO(A)
20,10,406,SANTA MARIA COLOTEPEC,1820,2,URBANO(A)
20,10,406,SANTA MARIA COLOTEPEC,1821,4,RURAL
20,10,406,SANTA MARIA COLOTEPEC,1822,4,RURAL
20,10,406,SANTA MARIA COLOTEPEC,1823,4,RURAL
20,10,406,SANTA MARIA COLOTEPEC,1824,4,RURAL
20,10,406,SANTA MARIA COLOTEPEC,1825,4,RURAL
20,9,407,SANTA MARIA CORTIJO,1826,3,MIXTO(A)
20,4,408,SANTA MARIA COYOTEPEC,1827,2,URBANO(A)
20,6,409,SANTA MARIA DEL ROSARIO,1828,3,MIXTO(A)
20,4,410,SANTA MARIA DEL TULE,1829,2,URBANO(A)
20,4,410,SANTA MARIA DEL TULE,1830,2,URBANO(A)
20,4,410,SANTA MARIA DEL TULE,1831,2,URBANO(A)
20,4,410,SANTA MARIA DEL TULE,1832,2,URBANO(A)
20,4,410,SANTA MARIA DEL TULE,1833,2,URBANO(A)
20,5,411,SANTA MARIA ECATEPEC,1834,3,MIXTO(A)
20,5,411,SANTA MARIA ECATEPEC,1835,4,RURAL
20,5,411,SANTA MARIA ECATEPEC,1836,4,RURAL
20,5,411,SANTA MARIA ECATEPEC,1837,4,RURAL
20,4,412,SANTA MARIA GUELACE,1838,2,URBANO(A)
20,5,413,SANTA MARIA GUIENAGATI,1839,3,MIXTO(A)
20,5,413,SANTA MARIA GUIENAGATI,1840,4,RURAL
20,5,414,SANTA MARIA HUATULCO,1841,3,MIXTO(A)
20,5,414,SANTA MARIA HUATULCO,1843,4,RURAL
20,5,414,SANTA MARIA HUATULCO,1844,4,RURAL
20,5,414,SANTA MARIA HUATULCO,1847,3,MIXTO(A)
20,5,414,SANTA MARIA HUATULCO,1849,3,MIXTO(A)
20,5,414,SANTA MARIA HUATULCO,1850,2,URBANO(A)
20,9,415,SANTA MARIA HUAZOLOTITLAN,1851,3,MIXTO(A)
20,9,415,SANTA MARIA HUAZOLOTITLAN,1852,2,URBANO(A)
20,9,415,SANTA MARIA HUAZOLOTITLAN,1853,3,MIXTO(A)
20,9,415,SANTA MARIA HUAZOLOTITLAN,1854,3,MIXTO(A)
20,9,415,SANTA MARIA HUAZOLOTITLAN,1855,4,RURAL
20,9,416,SANTA MARIA IPALAPA,1856,3,MIXTO(A)
20,9,416,SANTA MARIA IPALAPA,1857,4,RURAL
20,9,416,SANTA MARIA IPALAPA,1858,4,RURAL
20,2,417,SANTA MARIA IXCATLAN,1859,2,URBANO(A)
20,1,418,SANTA MARIA JACATEPEC,1860,3,MIXTO(A)
20,1,418,SANTA MARIA JACATEPEC,1861,4,RURAL
20,1,418,SANTA MARIA JACATEPEC,1862,4,RURAL
20,1,418,SANTA MARIA JACATEPEC,1863,4,RURAL
20,1,418,SANTA MARIA JACATEPEC,1864,4,RURAL
20,1,418,SANTA MARIA JACATEPEC,1865,4,RURAL
20,5,419,SANTA MARIA JALAPA DEL MARQUES,1866,2,URBANO(A)
20,5,419,SANTA MARIA JALAPA DEL MARQUES,1867,2,URBANO(A)
20,5,419,SANTA MARIA JALAPA DEL MARQUES,1868,3,MIXTO(A)
20,5,419,SANTA MARIA JALAPA DEL MARQUES,1869,2,URBANO(A)
20,5,419,SANTA MARIA JALAPA DEL MARQUES,1870,2,URBANO(A)
20,5,419,SANTA MARIA JALAPA DEL MARQUES,1871,4,RURAL
20,5,419,SANTA MARIA JALAPA DEL MARQUES,1872,4,RURAL
20,4,420,SANTA MARIA JALTIANGUIS,1873,2,URBANO(A)
20,10,421,SANTA MARIA LACHIXIO,1874,3,MIXTO(A)
20,5,422,SANTA MARIA MIXTEQUILLA,1875,2,URBANO(A)
20,5,422,SANTA MARIA MIXTEQUILLA,1876,3,MIXTO(A)
20,5,422,SANTA MARIA MIXTEQUILLA,1877,3,MIXTO(A)
20,3,423,SANTA MARIA NATIVITAS,1878,2,URBANO(A)
20,3,423,SANTA MARIA NATIVITAS,1879,4,RURAL
20,3,424,SANTA MARIA NDUAYACO,1880,3,MIXTO(A)
20,3,424,SANTA MARIA NDUAYACO,1881,4,RURAL
20,10,425,SANTA MARIA OZOLOTEPEC,1882,3,MIXTO(A)
20,10,425,SANTA MARIA OZOLOTEPEC,1883,4,RURAL
20,10,425,SANTA MARIA OZOLOTEPEC,1884,4,RURAL
20,10,425,SANTA MARIA OZOLOTEPEC,1885,4,RURAL
20,10,425,SANTA MARIA OZOLOTEPEC,1886,4,RURAL
20,2,426,SANTA MARIA PAPALO,1887,3,MIXTO(A)
20,7,427,SANTA MARIA PETAPA,1888,2,URBANO(A)
20,7,427,SANTA MARIA PETAPA,1889,2,URBANO(A)
20,7,427,SANTA MARIA PETAPA,1890,2,URBANO(A)
20,7,427,SANTA MARIA PETAPA,1891,2,URBANO(A)
20,7,427,SANTA MARIA PETAPA,1892,2,URBANO(A)
20,7,427,SANTA MARIA PETAPA,1893,2,URBANO(A)
20,7,427,SANTA MARIA PETAPA,1894,3,MIXTO(A)
20,7,427,SANTA MARIA PETAPA,1895,4,RURAL
20,7,427,SANTA MARIA PETAPA,1896,4,RURAL
20,7,427,SANTA MARIA PETAPA,1897,4,RURAL
20,3,428,SANTA MARIA PEÑOLES,1898,3,MIXTO(A)
20,3,428,SANTA MARIA PEÑOLES,1899,4,RURAL
20,3,428,SANTA MARIA PEÑOLES,1900,4,RURAL
20,3,428,SANTA MARIA PEÑOLES,1901,4,RURAL
20,3,428,SANTA MARIA PEÑOLES,1902,4,RURAL
20,5,429,SANTA MARIA QUIEGOLANI,1903,3,MIXTO(A)
20,10,430,SANTA MARIA SOLA,1904,3,MIXTO(A)
20,6,431,SANTA MARIA TATALTEPEC,1905,2,URBANO(A)
20,2,432,SANTA MARIA TECOMAVACA,1906,3,MIXTO(A)
20,4,433,SANTA MARIA TEMAXCALAPA,1907,2,URBANO(A)
20,9,434,SANTA MARIA TEMAXCALTEPEC,1908,3,MIXTO(A)
20,2,435,SANTA MARIA TEOPOXCO,1909,3,MIXTO(A)
20,2,435,SANTA MARIA TEOPOXCO,1910,4,RURAL
20,4,436,SANTA MARIA TEPANTLALI,1911,3,MIXTO(A)
20,4,436,SANTA MARIA TEPANTLALI,1912,4,RURAL
20,2,437,SANTA MARIA TEXCATITLAN,1913,2,URBANO(A)
20,4,438,SANTA MARIA TLAHUITOLTEPEC,1914,3,MIXTO(A)
20,4,438,SANTA MARIA TLAHUITOLTEPEC,1915,3,MIXTO(A)
20,4,438,SANTA MARIA TLAHUITOLTEPEC,1916,3,MIXTO(A)
20,4,438,SANTA MARIA TLAHUITOLTEPEC,1917,4,RURAL
20,2,439,SANTA MARIA TLALIXTAC,1918,3,MIXTO(A)
20,10,440,SANTA MARIA TONAMECA,1919,3,MIXTO(A)
20,10,440,SANTA MARIA TONAMECA,1920,4,RURAL
20,10,440,SANTA MARIA TONAMECA,1921,4,RURAL
20,10,440,SANTA MARIA TONAMECA,1922,3,MIXTO(A)
20,10,440,SANTA MARIA TONAMECA,1923,4,RURAL
20,10,440,SANTA MARIA TONAMECA,1924,4,RURAL
20,10,440,SANTA MARIA TONAMECA,1925,4,RURAL
20,10,440,SANTA MARIA TONAMECA,1926,4,RURAL
20,5,441,SANTA MARIA TOTOLAPILLA,1928,2,URBANO(A)
20,5,442,SANTA MARIA XADANI,1929,3,MIXTO(A)
20,5,442,SANTA MARIA XADANI,1930,3,MIXTO(A)
20,5,442,SANTA MARIA XADANI,1931,2,URBANO(A)
20,5,442,SANTA MARIA XADANI,1932,2,URBANO(A)
20,4,443,SANTA MARIA YALINA,1933,2,URBANO(A)
20,4,444,SANTA MARIA YAVESIA,1934,2,URBANO(A)
20,6,445,SANTA MARIA YOLOTEPEC,1935,3,MIXTO(A)
20,6,446,SANTA MARIA YOSOYUA,1936,3,MIXTO(A)
20,6,447,SANTA MARIA YUCUHITI,1937,3,MIXTO(A)
20,6,447,SANTA MARIA YUCUHITI,1938,4,RURAL
20,6,447,SANTA MARIA YUCUHITI,1939,4,RURAL
20,6,448,SANTA MARIA ZACATEPEC,1940,3,MIXTO(A)
20,6,448,SANTA MARIA ZACATEPEC,1941,3,MIXTO(A)
20,6,448,SANTA MARIA ZACATEPEC,1942,3,MIXTO(A)
20,6,448,SANTA MARIA ZACATEPEC,1943,4,RURAL
20,6,448,SANTA MARIA ZACATEPEC,1944,4,RURAL
20,6,448,SANTA MARIA ZACATEPEC,1945,4,RURAL
20,6,448,SANTA MARIA ZACATEPEC,1946,4,RURAL
20,6,448,SANTA MARIA ZACATEPEC,1947,4,RURAL
20,6,448,SANTA MARIA ZACATEPEC,1948,4,RURAL
20,6,448,SANTA MARIA ZACATEPEC,1949,4,RURAL
20,6,449,SANTA MARIA ZANIZA,1950,3,MIXTO(A)
20,4,450,SANTA MARIA ZOQUITLAN,1951,3,MIXTO(A)
20,4,450,SANTA MARIA ZOQUITLAN,1952,3,MIXTO(A)
20,4,450,SANTA MARIA ZOQUITLAN,1953,4,RURAL
20,4,450,SANTA MARIA ZOQUITLAN,1954,4,RURAL
20,6,451,SANTIAGO AMOLTEPEC,1955,3,MIXTO(A)
20,6,451,SANTIAGO AMOLTEPEC,1956,4,RURAL
20,6,451,SANTIAGO AMOLTEPEC,1957,4,RURAL
20,6,451,SANTIAGO AMOLTEPEC,1958,4,RURAL
20,6,451,SANTIAGO AMOLTEPEC,1959,4,RURAL
20,2,452,SANTIAGO APOALA,1960,3,MIXTO(A)
20,2,452,SANTIAGO APOALA,1961,4,RURAL
20,4,453,SANTIAGO APOSTOL,1962,2,URBANO(A)
20,4,453,SANTIAGO APOSTOL,1963,2,URBANO(A)
20,4,453,SANTIAGO APOSTOL,1964,2,URBANO(A)
20,5,454,SANTIAGO ASTATA,1965,2,URBANO(A)
20,5,454,SANTIAGO ASTATA,1966,3,MIXTO(A)
20,5,454,SANTIAGO ASTATA,1967,4,RURAL
20,5,454,SANTIAGO ASTATA,1968,4,RURAL
20,4,455,SANTIAGO ATITLAN,1969,3,MIXTO(A)
20,4,455,SANTIAGO ATITLAN,1970,4,RURAL
20,3,456,SANTIAGO AYUQUILILLA,1971,3,MIXTO(A)
20,3,456,SANTIAGO AYUQUILILLA,1972,4,RURAL
20,3,457,SANTIAGO CACALOXTEPEC,1973,2,URBANO(A)
20,3,457,SANTIAGO CACALOXTEPEC,1974,2,URBANO(A)
20,3,457,SANTIAGO CACALOXTEPEC,1975,4,RURAL
20,4,458,SANTIAGO CAMOTLAN,1976,3,MIXTO(A)
20,4,458,SANTIAGO CAMOTLAN,1977,4,RURAL
20,3,459,SANTIAGO CHAZUMBA,1978,3,MIXTO(A)
20,3,459,SANTIAGO CHAZUMBA,1979,2,URBANO(A)
20,3,459,SANTIAGO CHAZUMBA,1980,4,RURAL
20,3,459,SANTIAGO CHAZUMBA,1981,4,RURAL
20,3,459,SANTIAGO CHAZUMBA,1982,4,RURAL
20,3,459,SANTIAGO CHAZUMBA,1983,4,RURAL
20,3,459,SANTIAGO CHAZUMBA,1984,4,RURAL
20,3,459,SANTIAGO CHAZUMBA,1985,4,RURAL
20,3,459,SANTIAGO CHAZUMBA,1986,4,RURAL
20,1,460,SANTIAGO CHOAPAM,1987,3,MIXTO(A)
20,1,460,SANTIAGO CHOAPAM,1988,4,RURAL
20,1,460,SANTIAGO CHOAPAM,1989,4,RURAL
20,1,460,SANTIAGO CHOAPAM,1990,4,RURAL
20,4,461,SANTIAGO COMALTEPEC,1991,3,MIXTO(A)
20,4,461,SANTIAGO COMALTEPEC,1992,4,RURAL
20,6,462,SANTIAGO DEL RIO,1993,3,MIXTO(A)
20,6,462,SANTIAGO DEL RIO,1994,4,RURAL
20,3,463,SANTIAGO HUAJOLOTITLAN,1995,3,MIXTO(A)
20,3,463,SANTIAGO HUAJOLOTITLAN,1996,4,RURAL
20,3,463,SANTIAGO HUAJOLOTITLAN,1997,4,RURAL
20,3,463,SANTIAGO HUAJOLOTITLAN,1998,4,RURAL
20,2,464,SANTIAGO HUAUCLILLA,1999,3,MIXTO(A)
20,3,465,SANTIAGO IHUITLAN PLUMAS,2002,2,URBANO(A)
20,3,465,SANTIAGO IHUITLAN PLUMAS,2003,4,RURAL
20,4,466,SANTIAGO IXCUINTEPEC,2004,3,MIXTO(A)
20,9,467,SANTIAGO IXTAYUTLA,2005,3,MIXTO(A)
20,9,467,SANTIAGO IXTAYUTLA,2006,4,RURAL
20,9,467,SANTIAGO IXTAYUTLA,2007,4,RURAL
20,9,467,SANTIAGO IXTAYUTLA,2008,4,RURAL
20,9,467,SANTIAGO IXTAYUTLA,2009,4,RURAL
20,9,467,SANTIAGO IXTAYUTLA,2010,4,RURAL
20,9,467,SANTIAGO IXTAYUTLA,2011,4,RURAL
20,9,468,SANTIAGO JAMILTEPEC,2012,2,URBANO(A)
20,9,468,SANTIAGO JAMILTEPEC,2013,2,URBANO(A)
20,9,468,SANTIAGO JAMILTEPEC,2014,2,URBANO(A)
20,9,468,SANTIAGO JAMILTEPEC,2015,2,URBANO(A)
20,9,468,SANTIAGO JAMILTEPEC,2016,2,URBANO(A)
20,9,468,SANTIAGO JAMILTEPEC,2017,2,URBANO(A)
20,9,468,SANTIAGO JAMILTEPEC,2018,4,RURAL
20,9,468,SANTIAGO JAMILTEPEC,2019,4,RURAL
20,9,468,SANTIAGO JAMILTEPEC,2020,4,RURAL
20,9,468,SANTIAGO JAMILTEPEC,2021,4,RURAL
20,9,468,SANTIAGO JAMILTEPEC,2022,4,RURAL
20,9,468,SANTIAGO JAMILTEPEC,2023,4,RURAL
20,9,468,SANTIAGO JAMILTEPEC,2024,4,RURAL
20,1,469,SANTIAGO JOCOTEPEC,2025,3,MIXTO(A)
20,1,469,SANTIAGO JOCOTEPEC,2026,4,RURAL
20,1,469,SANTIAGO JOCOTEPEC,2027,4,RURAL
20,1,469,SANTIAGO JOCOTEPEC,2028,4,RURAL
20,1,469,SANTIAGO JOCOTEPEC,2029,4,RURAL
20,1,469,SANTIAGO JOCOTEPEC,2030,4,RURAL
20,1,469,SANTIAGO JOCOTEPEC,2031,4,RURAL
20,1,469,SANTIAGO JOCOTEPEC,2032,4,RURAL
20,6,470,SANTIAGO JUXTLAHUACA,2033,2,URBANO(A)
20,6,470,SANTIAGO JUXTLAHUACA,2034,2,URBANO(A)
20,6,470,SANTIAGO JUXTLAHUACA,2035,3,MIXTO(A)
20,6,470,SANTIAGO JUXTLAHUACA,2036,2,URBANO(A)
20,6,470,SANTIAGO JUXTLAHUACA,2037,4,RURAL
20,6,470,SANTIAGO JUXTLAHUACA,2038,4,RURAL
20,6,470,SANTIAGO JUXTLAHUACA,2039,4,RURAL
20,6,470,SANTIAGO JUXTLAHUACA,2040,4,RURAL
20,6,470,SANTIAGO JUXTLAHUACA,2041,4,RURAL
20,6,470,SANTIAGO JUXTLAHUACA,2042,4,RURAL
20,6,470,SANTIAGO JUXTLAHUACA,2043,4,RURAL
20,6,470,SANTIAGO JUXTLAHUACA,2044,4,RURAL
20,6,470,SANTIAGO JUXTLAHUACA,2045,4,RURAL
20,6,470,SANTIAGO JUXTLAHUACA,2046,4,RURAL
20,6,470,SANTIAGO JUXTLAHUACA,2047,4,RURAL
20,6,470,SANTIAGO JUXTLAHUACA,2048,4,RURAL
20,6,470,SANTIAGO JUXTLAHUACA,2049,4,RURAL
20,5,471,SANTIAGO LACHIGUIRI,2050,3,MIXTO(A)
20,5,471,SANTIAGO LACHIGUIRI,2051,2,URBANO(A)
20,5,471,SANTIAGO LACHIGUIRI,2052,4,RURAL
20,5,471,SANTIAGO LACHIGUIRI,2053,4,RURAL
20,5,515,SANTO DOMINGO TEHUANTEPEC,2054,4,RURAL
20,5,471,SANTIAGO LACHIGUIRI,2055,4,RURAL
20,4,472,SANTIAGO LALOPA,2056,2,URBANO(A)
20,5,473,SANTIAGO LAOLLAGA,2057,3,MIXTO(A)
20,5,473,SANTIAGO LAOLLAGA,2058,3,MIXTO(A)
20,5,473,SANTIAGO LAOLLAGA,2059,4,RURAL
20,4,474,SANTIAGO LAXOPA,2060,2,URBANO(A)
20,4,474,SANTIAGO LAXOPA,2061,4,RURAL
20,9,475,SANTIAGO LLANO GRANDE,2062,2,URBANO(A)
20,9,475,SANTIAGO LLANO GRANDE,2063,4,RURAL
20,9,475,SANTIAGO LLANO GRANDE,2064,4,RURAL
20,4,476,SANTIAGO MATATLAN,2065,2,URBANO(A)
20,4,476,SANTIAGO MATATLAN,2066,2,URBANO(A)
20,4,476,SANTIAGO MATATLAN,2067,2,URBANO(A)
20,4,476,SANTIAGO MATATLAN,2068,4,RURAL
20,4,476,SANTIAGO MATATLAN,2069,3,MIXTO(A)
20,3,477,SANTIAGO MILTEPEC,2070,3,MIXTO(A)
20,9,478,SANTIAGO MINAS,2071,3,MIXTO(A)
20,2,479,SANTIAGO NACALTEPEC,2072,3,MIXTO(A)
20,2,479,SANTIAGO NACALTEPEC,2073,4,RURAL
20,2,479,SANTIAGO NACALTEPEC,2074,4,RURAL
20,2,479,SANTIAGO NACALTEPEC,2075,4,RURAL
20,3,480,SANTIAGO NEJAPILLA,2076,2,URBANO(A)
20,7,481,SANTIAGO NILTEPEC,2077,3,MIXTO(A)
20,7,481,SANTIAGO NILTEPEC,2078,2,URBANO(A)
20,7,481,SANTIAGO NILTEPEC,2079,2,URBANO(A)
20,7,481,SANTIAGO NILTEPEC,2080,3,MIXTO(A)
20,7,481,SANTIAGO NILTEPEC,2081,4,RURAL
20,7,481,SANTIAGO NILTEPEC,2082,4,RURAL
20,7,481,SANTIAGO NILTEPEC,2083,4,RURAL
20,6,482,SANTIAGO NUNDICHE,2084,3,MIXTO(A)
20,6,482,SANTIAGO NUNDICHE,2085,4,RURAL
20,6,483,SANTIAGO NUYOO,2086,3,MIXTO(A)
20,6,483,SANTIAGO NUYOO,2087,4,RURAL
20,9,484,SANTIAGO PINOTEPA NACIONAL,2088,3,MIXTO(A)
20,9,484,SANTIAGO PINOTEPA NACIONAL,2089,2,URBANO(A)
20,9,484,SANTIAGO PINOTEPA NACIONAL,2090,3,MIXTO(A)
20,9,484,SANTIAGO PINOTEPA NACIONAL,2091,3,MIXTO(A)
20,9,484,SANTIAGO PINOTEPA NACIONAL,2092,2,URBANO(A)
20,9,484,SANTIAGO PINOTEPA NACIONAL,2093,2,URBANO(A)
20,9,484,SANTIAGO PINOTEPA NACIONAL,2094,2,URBANO(A)
20,9,484,SANTIAGO PINOTEPA NACIONAL,2095,2,URBANO(A)
20,9,484,SANTIAGO PINOTEPA NACIONAL,2096,2,URBANO(A)
20,9,484,SANTIAGO PINOTEPA NACIONAL,2097,2,URBANO(A)
20,9,484,SANTIAGO PINOTEPA NACIONAL,2098,2,URBANO(A)
20,9,484,SANTIAGO PINOTEPA NACIONAL,2099,3,MIXTO(A)
20,9,484,SANTIAGO PINOTEPA NACIONAL,2101,3,MIXTO(A)
20,9,484,SANTIAGO PINOTEPA NACIONAL,2102,3,MIXTO(A)
20,9,484,SANTIAGO PINOTEPA NACIONAL,2103,4,RURAL
20,9,484,SANTIAGO PINOTEPA NACIONAL,2104,4,RURAL
20,9,484,SANTIAGO PINOTEPA NACIONAL,2105,4,RURAL
20,9,484,SANTIAGO PINOTEPA NACIONAL,2106,4,RURAL
20,9,484,SANTIAGO PINOTEPA NACIONAL,2107,4,RURAL
20,9,484,SANTIAGO PINOTEPA NACIONAL,2108,4,RURAL
20,9,484,SANTIAGO PINOTEPA NACIONAL,2109,4,RURAL
20,9,484,SANTIAGO PINOTEPA NACIONAL,2110,4,RURAL
20,9,484,SANTIAGO PINOTEPA NACIONAL,2111,4,RURAL
20,2,485,SANTIAGO SUCHILQUITONGO,2112,2,URBANO(A)
20,2,485,SANTIAGO SUCHILQUITONGO,2113,2,URBANO(A)
20,2,485,SANTIAGO SUCHILQUITONGO,2114,2,URBANO(A)
20,2,485,SANTIAGO SUCHILQUITONGO,2115,4,RURAL
20,2,485,SANTIAGO SUCHILQUITONGO,2116,4,RURAL
20,6,486,SANTIAGO TAMAZOLA,2117,2,URBANO(A)
20,6,486,SANTIAGO TAMAZOLA,2118,2,URBANO(A)
20,6,486,SANTIAGO TAMAZOLA,2119,4,RURAL
20,6,486,SANTIAGO TAMAZOLA,2120,4,RURAL
20,6,486,SANTIAGO TAMAZOLA,2121,4,RURAL
20,6,486,SANTIAGO TAMAZOLA,2122,4,RURAL
20,9,487,SANTIAGO TAPEXTLA,2123,3,MIXTO(A)
20,9,487,SANTIAGO TAPEXTLA,2124,4,RURAL
20,2,488,SANTIAGO TENANGO,2125,3,MIXTO(A)
20,2,488,SANTIAGO TENANGO,2126,4,RURAL
20,3,489,SANTIAGO TEPETLAPA,2127,3,MIXTO(A)
20,9,490,SANTIAGO TETEPEC,2128,3,MIXTO(A)
20,9,490,SANTIAGO TETEPEC,2129,4,RURAL
20,9,490,SANTIAGO TETEPEC,2130,4,RURAL
20,2,491,SANTIAGO TEXCALCINGO,2131,2,URBANO(A)
20,2,491,SANTIAGO TEXCALCINGO,2132,3,MIXTO(A)
20,6,492,SANTIAGO TEXTITLAN,2133,3,MIXTO(A)
20,6,492,SANTIAGO TEXTITLAN,2134,4,RURAL
20,3,493,SANTIAGO TILANTONGO,2135,3,MIXTO(A)
20,3,493,SANTIAGO TILANTONGO,2136,4,RURAL
20,3,493,SANTIAGO TILANTONGO,2137,4,RURAL
20,3,493,SANTIAGO TILANTONGO,2138,4,RURAL
20,3,494,SANTIAGO TILLO,2139,3,MIXTO(A)
20,3,495,SANTIAGO TLAZOYALTEPEC,2140,3,MIXTO(A)
20,3,495,SANTIAGO TLAZOYALTEPEC,2141,4,RURAL
20,3,495,SANTIAGO TLAZOYALTEPEC,2142,4,RURAL
20,3,495,SANTIAGO TLAZOYALTEPEC,2143,4,RURAL
20,5,496,SANTIAGO XANICA,2144,3,MIXTO(A)
20,5,496,SANTIAGO XANICA,2145,4,RURAL
20,5,496,SANTIAGO XANICA,2146,4,RURAL
20,5,496,SANTIAGO XANICA,2147,4,RURAL
20,4,497,SANTIAGO XIACUI,2148,3,MIXTO(A)
20,4,497,SANTIAGO XIACUI,2149,4,RURAL
20,9,498,SANTIAGO YAITEPEC,2150,3,MIXTO(A)
20,1,499,SANTIAGO YAVEO,2151,3,MIXTO(A)
20,1,499,SANTIAGO YAVEO,2152,4,RURAL
20,1,499,SANTIAGO YAVEO,2153,4,RURAL
20,1,499,SANTIAGO YAVEO,2154,4,RURAL
20,1,499,SANTIAGO YAVEO,2155,4,RURAL
20,3,500,SANTIAGO YOLOMECATL,2156,3,MIXTO(A)
20,3,500,SANTIAGO YOLOMECATL,2157,2,URBANO(A)
20,6,501,SANTIAGO YOSONDUA,2158,3,MIXTO(A)
20,6,501,SANTIAGO YOSONDUA,2159,4,RURAL
20,6,501,SANTIAGO YOSONDUA,2160,4,RURAL
20,6,501,SANTIAGO YOSONDUA,2161,4,RURAL
20,6,501,SANTIAGO YOSONDUA,2162,4,RURAL
20,6,501,SANTIAGO YOSONDUA,2163,4,RURAL
20,6,501,SANTIAGO YOSONDUA,2164,4,RURAL
20,6,502,SANTIAGO YUCUYACHI,2165,2,URBANO(A)
20,6,502,SANTIAGO YUCUYACHI,2166,4,RURAL
20,4,503,SANTIAGO ZACATEPEC,2167,3,MIXTO(A)
20,4,503,SANTIAGO ZACATEPEC,2168,2,URBANO(A)
20,4,503,SANTIAGO ZACATEPEC,2169,4,RURAL
20,4,503,SANTIAGO ZACATEPEC,2170,4,RURAL
20,4,504,SANTIAGO ZOOCHILA,2171,2,URBANO(A)
20,4,505,SANTO DOMINGO ALBARRADAS,2172,3,MIXTO(A)
20,9,506,SANTO DOMINGO ARMENTA,2173,3,MIXTO(A)
20,9,506,SANTO DOMINGO ARMENTA,2174,3,MIXTO(A)
20,7,507,SANTO DOMINGO CHIHUITAN,2175,3,MIXTO(A)
20,10,508,SANTO DOMINGO DE MORELOS,2176,3,MIXTO(A)
20,10,508,SANTO DOMINGO DE MORELOS,2177,4,RURAL
20,10,508,SANTO DOMINGO DE MORELOS,2178,4,RURAL
20,10,508,SANTO DOMINGO DE MORELOS,2179,3,MIXTO(A)
20,7,509,SANTO DOMINGO INGENIO,2180,3,MIXTO(A)
20,7,509,SANTO DOMINGO INGENIO,2181,2,URBANO(A)
20,7,509,SANTO DOMINGO INGENIO,2182,2,URBANO(A)
20,7,509,SANTO DOMINGO INGENIO,2183,2,URBANO(A)
20,7,509,SANTO DOMINGO INGENIO,2184,3,MIXTO(A)
20,6,510,SANTO DOMINGO IXCATLAN,2185,3,MIXTO(A)
20,3,511,SANTO DOMINGO NUXAA,2186,3,MIXTO(A)
20,3,511,SANTO DOMINGO NUXAA,2187,4,RURAL
20,3,511,SANTO DOMINGO NUXAA,2188,4,RURAL
20,10,512,SANTO DOMINGO OZOLOTEPEC,2189,3,MIXTO(A)
20,7,513,SANTO DOMINGO PETAPA,2190,3,MIXTO(A)
20,7,513,SANTO DOMINGO PETAPA,2191,2,URBANO(A)
20,7,513,SANTO DOMINGO PETAPA,2192,2,URBANO(A)
20,7,513,SANTO DOMINGO PETAPA,2193,2,URBANO(A)
20,7,513,SANTO DOMINGO PETAPA,2194,4,RURAL
20,7,513,SANTO DOMINGO PETAPA,2195,4,RURAL
20,7,513,SANTO DOMINGO PETAPA,2196,4,RURAL
20,7,513,SANTO DOMINGO PETAPA,2197,4,RURAL
20,7,513,SANTO DOMINGO PETAPA,2198,4,RURAL
20,4,514,SANTO DOMINGO ROAYAGA,2199,3,MIXTO(A)
20,5,515,SANTO DOMINGO TEHUANTEPEC,2200,3,MIXTO(A)
20,5,515,SANTO DOMINGO TEHUANTEPEC,2201,2,URBANO(A)
20,5,515,SANTO DOMINGO TEHUANTEPEC,2202,2,URBANO(A)
20,5,515,SANTO DOMINGO TEHUANTEPEC,2203,2,URBANO(A)
20,5,515,SANTO DOMINGO TEHUANTEPEC,2204,2,URBANO(A)
20,5,515,SANTO DOMINGO TEHUANTEPEC,2205,2,URBANO(A)
20,5,515,SANTO DOMINGO TEHUANTEPEC,2206,2,URBANO(A)
20,5,515,SANTO DOMINGO TEHUANTEPEC,2207,4,RURAL
20,5,515,SANTO DOMINGO TEHUANTEPEC,2208,2,URBANO(A)
20,5,515,SANTO DOMINGO TEHUANTEPEC,2209,2,URBANO(A)
20,5,515,SANTO DOMINGO TEHUANTEPEC,2210,2,URBANO(A)
20,5,515,SANTO DOMINGO TEHUANTEPEC,2211,2,URBANO(A)
20,5,515,SANTO DOMINGO TEHUANTEPEC,2212,2,URBANO(A)
20,5,515,SANTO DOMINGO TEHUANTEPEC,2213,2,URBANO(A)
20,5,515,SANTO DOMINGO TEHUANTEPEC,2214,2,URBANO(A)
20,5,515,SANTO DOMINGO TEHUANTEPEC,2215,2,URBANO(A)
20,5,515,SANTO DOMINGO TEHUANTEPEC,2216,2,URBANO(A)
20,5,515,SANTO DOMINGO TEHUANTEPEC,2217,2,URBANO(A)
20,5,515,SANTO DOMINGO TEHUANTEPEC,2218,2,URBANO(A)
20,5,515,SANTO DOMINGO TEHUANTEPEC,2219,2,URBANO(A)
20,5,515,SANTO DOMINGO TEHUANTEPEC,2220,2,URBANO(A)
20,5,515,SANTO DOMINGO TEHUANTEPEC,2221,3,MIXTO(A)
20,5,515,SANTO DOMINGO TEHUANTEPEC,2222,4,RURAL
20,5,515,SANTO DOMINGO TEHUANTEPEC,2223,4,RURAL
20,5,515,SANTO DOMINGO TEHUANTEPEC,2224,4,RURAL
20,5,515,SANTO DOMINGO TEHUANTEPEC,2225,4,RURAL
20,5,515,SANTO DOMINGO TEHUANTEPEC,2226,3,MIXTO(A)
20,5,515,SANTO DOMINGO TEHUANTEPEC,2227,4,RURAL
20,5,515,SANTO DOMINGO TEHUANTEPEC,2228,3,MIXTO(A)
20,6,516,SANTO DOMINGO TEOJOMULCO,2229,3,MIXTO(A)
20,6,516,SANTO DOMINGO TEOJOMULCO,2230,4,RURAL
20,4,517,SANTO DOMINGO TEPUXTEPEC,2231,3,MIXTO(A)
20,4,517,SANTO DOMINGO TEPUXTEPEC,2232,4,RURAL
20,4,517,SANTO DOMINGO TEPUXTEPEC,2233,4,RURAL
20,3,518,SANTO DOMINGO TLATAYAPAM,2234,2,URBANO(A)
20,4,519,SANTO DOMINGO TOMALTEPEC,2235,2,URBANO(A)
20,4,519,SANTO DOMINGO TOMALTEPEC,2236,2,URBANO(A)
20,6,520,SANTO DOMINGO TONALA,2237,2,URBANO(A)
20,6,520,SANTO DOMINGO TONALA,2238,2,URBANO(A)
20,6,520,SANTO DOMINGO TONALA,2239,2,URBANO(A)
20,6,520,SANTO DOMINGO TONALA,2240,4,RURAL
20,6,520,SANTO DOMINGO TONALA,2241,4,RURAL
20,6,520,SANTO DOMINGO TONALA,2242,4,RURAL
20,6,520,SANTO DOMINGO TONALA,2243,4,RURAL
20,3,521,SANTO DOMINGO TONALTEPEC,2244,3,MIXTO(A)
20,4,522,SANTO DOMINGO XAGACIA,2245,2,URBANO(A)
20,3,523,SANTO DOMINGO YANHUITLAN,2246,3,MIXTO(A)
20,3,524,SANTO DOMINGO YODOHINO,2248,2,URBANO(A)
20,7,525,SANTO DOMINGO ZANATEPEC,2249,2,URBANO(A)
20,7,525,SANTO DOMINGO ZANATEPEC,2250,3,MIXTO(A)
20,7,525,SANTO DOMINGO ZANATEPEC,2251,3,MIXTO(A)
20,7,525,SANTO DOMINGO ZANATEPEC,2252,2,URBANO(A)
20,7,525,SANTO DOMINGO ZANATEPEC,2253,3,MIXTO(A)
20,7,525,SANTO DOMINGO ZANATEPEC,2254,3,MIXTO(A)
20,7,525,SANTO DOMINGO ZANATEPEC,2255,3,MIXTO(A)
20,7,525,SANTO DOMINGO ZANATEPEC,2256,4,RURAL
20,7,525,SANTO DOMINGO ZANATEPEC,2257,4,RURAL
20,4,526,SANTO TOMAS JALIEZA,2258,2,URBANO(A)
20,4,526,SANTO TOMAS JALIEZA,2259,3,MIXTO(A)
20,4,526,SANTO TOMAS JALIEZA,2260,4,RURAL
20,2,527,SANTO TOMAS MAZALTEPEC,2261,2,URBANO(A)
20,6,528,SANTO TOMAS OCOTEPEC,2262,3,MIXTO(A)
20,6,528,SANTO TOMAS OCOTEPEC,2263,3,MIXTO(A)
20,10,529,SANTO TOMAS TAMAZULAPAN,2264,3,MIXTO(A)
20,9,530,SANTOS REYES NOPALA,2265,3,MIXTO(A)
20,9,530,SANTOS REYES NOPALA,2266,3,MIXTO(A)
20,9,530,SANTOS REYES NOPALA,2267,2,URBANO(A)
20,9,530,SANTOS REYES NOPALA,2268,4,RURAL
20,9,530,SANTOS REYES NOPALA,2269,4,RURAL
20,9,530,SANTOS REYES NOPALA,2270,4,RURAL
20,9,530,SANTOS REYES NOPALA,2271,4,RURAL
20,2,531,SANTOS REYES PAPALO,2272,3,MIXTO(A)
20,6,532,SANTOS REYES TEPEJILLO,2273,3,MIXTO(A)
20,6,533,SANTOS REYES YUCUNA,2274,3,MIXTO(A)
20,6,534,SILACAYOAPAM,2275,3,MIXTO(A)
20,6,534,SILACAYOAPAM,2276,2,URBANO(A)
20,6,534,SILACAYOAPAM,2277,4,RURAL
20,6,534,SILACAYOAPAM,2278,4,RURAL
20,6,534,SILACAYOAPAM,2279,4,RURAL
20,6,534,SILACAYOAPAM,2280,4,RURAL
20,6,534,SILACAYOAPAM,2281,4,RURAL
20,6,534,SILACAYOAPAM,2282,4,RURAL
20,6,534,SILACAYOAPAM,2283,4,RURAL
20,6,534,SILACAYOAPAM,2284,4,RURAL
20,6,534,SILACAYOAPAM,2285,4,RURAL
20,6,534,SILACAYOAPAM,2286,4,RURAL
20,6,534,SILACAYOAPAM,2287,4,RURAL
20,6,534,SILACAYOAPAM,2288,4,RURAL
20,6,534,SILACAYOAPAM,2289,4,RURAL
20,10,535,SITIO DE XITLAPEHUA,2290,3,MIXTO(A)
20,10,536,VILLA SOLA DE VEGA,2291,3,MIXTO(A)
20,10,536,VILLA SOLA DE VEGA,2292,3,MIXTO(A)
20,10,536,VILLA SOLA DE VEGA,2293,4,RURAL
20,10,536,VILLA SOLA DE VEGA,2294,4,RURAL
20,10,536,VILLA SOLA DE VEGA,2295,4,RURAL
20,10,536,VILLA SOLA DE VEGA,2296,4,RURAL
20,10,536,VILLA SOLA DE VEGA,2297,4,RURAL
20,10,536,VILLA SOLA DE VEGA,2298,4,RURAL
20,10,536,VILLA SOLA DE VEGA,2299,4,RURAL
20,10,536,VILLA SOLA DE VEGA,2300,4,RURAL
20,2,537,SOLEDAD ETLA,2301,3,MIXTO(A)
20,2,537,SOLEDAD ETLA,2302,4,RURAL
20,2,537,SOLEDAD ETLA,2303,3,MIXTO(A)
20,10,538,TANICHE,2304,2,URBANO(A)
20,3,539,VILLA DE TAMAZULAPAM DEL PROGRESO,2305,2,URBANO(A)
20,3,539,VILLA DE TAMAZULAPAM DEL PROGRESO,2306,2,URBANO(A)
20,3,539,VILLA DE TAMAZULAPAM DEL PROGRESO,2307,2,URBANO(A)
20,3,539,VILLA DE TAMAZULAPAM DEL PROGRESO,2308,3,MIXTO(A)
20,3,539,VILLA DE TAMAZULAPAM DEL PROGRESO,2309,2,URBANO(A)
20,3,539,VILLA DE TAMAZULAPAM DEL PROGRESO,2310,4,RURAL
20,4,540,TAMAZULAPAM DEL ESPIRITU SANTO,2311,3,MIXTO(A)
20,4,540,TAMAZULAPAM DEL ESPIRITU SANTO,2312,2,URBANO(A)
20,4,540,TAMAZULAPAM DEL ESPIRITU SANTO,2313,4,RURAL
20,4,540,TAMAZULAPAM DEL ESPIRITU SANTO,2314,4,RURAL
20,4,540,TAMAZULAPAM DEL ESPIRITU SANTO,2315,4,RURAL
20,4,541,TANETZE DE ZARAGOZA,2316,3,MIXTO(A)
20,4,541,TANETZE DE ZARAGOZA,2317,2,URBANO(A)
20,9,542,TATALTEPEC DE VALDES,2318,3,MIXTO(A)
20,9,542,TATALTEPEC DE VALDES,2319,3,MIXTO(A)
20,9,542,TATALTEPEC DE VALDES,2320,4,RURAL
20,3,543,VILLA TEJUPAM DE LA UNION,2321,3,MIXTO(A)
20,3,543,VILLA TEJUPAM DE LA UNION,2322,3,MIXTO(A)
20,3,543,VILLA TEJUPAM DE LA UNION,2323,4,RURAL
20,4,544,TEOCOCUILCO DE MARCOS PEREZ,2324,3,MIXTO(A)
20,2,545,TEOTITLAN DE FLORES MAGON,2325,3,MIXTO(A)
20,2,545,TEOTITLAN DE FLORES MAGON,2326,3,MIXTO(A)
20,2,545,TEOTITLAN DE FLORES MAGON,2327,2,URBANO(A)
20,2,545,TEOTITLAN DE FLORES MAGON,2328,3,MIXTO(A)
20,2,545,TEOTITLAN DE FLORES MAGON,2329,4,RURAL
20,2,545,TEOTITLAN DE FLORES MAGON,2330,4,RURAL
20,4,546,TEOTITLAN DEL VALLE,2331,2,URBANO(A)
20,4,546,TEOTITLAN DEL VALLE,2332,2,URBANO(A)
20,4,546,TEOTITLAN DEL VALLE,2333,2,URBANO(A)
20,4,546,TEOTITLAN DEL VALLE,2334,2,URBANO(A)
20,3,547,TEOTONGO,2335,3,MIXTO(A)
20,3,548,TEPELMEME VILLA DE MORELOS,2336,3,MIXTO(A)
20,3,548,TEPELMEME VILLA DE MORELOS,2337,4,RURAL
20,3,548,TEPELMEME VILLA DE MORELOS,2338,4,RURAL
20,6,549,H VILLA TEZOATLAN SEGURA Y LUNA CUNA IND OAX,2339,2,URBANO(A)
20,6,549,H VILLA TEZOATLAN SEGURA Y LUNA CUNA IND OAX,2340,3,MIXTO(A)
20,6,549,H VILLA TEZOATLAN SEGURA Y LUNA CUNA IND OAX,2341,3,MIXTO(A)
20,6,549,H VILLA TEZOATLAN SEGURA Y LUNA CUNA IND OAX,2342,4,RURAL
20,6,549,H VILLA TEZOATLAN SEGURA Y LUNA CUNA IND OAX,2343,4,RURAL
20,6,549,H VILLA TEZOATLAN SEGURA Y LUNA CUNA IND OAX,2344,4,RURAL
20,6,549,H VILLA TEZOATLAN SEGURA Y LUNA CUNA IND OAX,2345,4,RURAL
20,6,549,H VILLA TEZOATLAN SEGURA Y LUNA CUNA IND OAX,2346,4,RURAL
20,6,549,H VILLA TEZOATLAN SEGURA Y LUNA CUNA IND OAX,2347,4,RURAL
20,6,549,H VILLA TEZOATLAN SEGURA Y LUNA CUNA IND OAX,2348,4,RURAL
20,6,549,H VILLA TEZOATLAN SEGURA Y LUNA CUNA IND OAX,2349,4,RURAL
20,6,549,H VILLA TEZOATLAN SEGURA Y LUNA CUNA IND OAX,2350,4,RURAL
20,6,549,H VILLA TEZOATLAN SEGURA Y LUNA CUNA IND OAX,2351,4,RURAL
20,4,550,TLACOLULA DE MATAMOROS,2352,2,URBANO(A)
20,4,550,TLACOLULA DE MATAMOROS,2353,3,MIXTO(A)
20,4,550,TLACOLULA DE MATAMOROS,2354,2,URBANO(A)
20,4,550,TLACOLULA DE MATAMOROS,2355,2,URBANO(A)
20,4,550,TLACOLULA DE MATAMOROS,2356,3,MIXTO(A)
20,4,550,TLACOLULA DE MATAMOROS,2357,2,URBANO(A)
20,4,550,TLACOLULA DE MATAMOROS,2358,3,MIXTO(A)
20,4,550,TLACOLULA DE MATAMOROS,2359,2,URBANO(A)
20,4,550,TLACOLULA DE MATAMOROS,2360,4,RURAL
20,4,550,TLACOLULA DE MATAMOROS,2361,4,RURAL
20,3,551,TLACOTEPEC PLUMAS,2362,3,MIXTO(A)
20,4,552,TLALIXTAC DE CABRERA,2363,2,URBANO(A)
20,4,552,TLALIXTAC DE CABRERA,2364,3,MIXTO(A)
20,4,552,TLALIXTAC DE CABRERA,2365,2,URBANO(A)
20,4,552,TLALIXTAC DE CABRERA,2366,2,URBANO(A)
20,6,553,HEROICA CIUDAD DE TLAXIACO,2367,3,MIXTO(A)
20,6,553,HEROICA CIUDAD DE TLAXIACO,2368,3,MIXTO(A)
20,6,553,HEROICA CIUDAD DE TLAXIACO,2369,3,MIXTO(A)
20,6,553,HEROICA CIUDAD DE TLAXIACO,2370,2,URBANO(A)
20,6,553,HEROICA CIUDAD DE TLAXIACO,2371,2,URBANO(A)
20,6,553,HEROICA CIUDAD DE TLAXIACO,2372,2,URBANO(A)
20,6,553,HEROICA CIUDAD DE TLAXIACO,2373,3,MIXTO(A)
20,6,553,HEROICA CIUDAD DE TLAXIACO,2374,3,MIXTO(A)
20,6,553,HEROICA CIUDAD DE TLAXIACO,2376,4,RURAL
20,6,553,HEROICA CIUDAD DE TLAXIACO,2377,4,RURAL
20,6,553,HEROICA CIUDAD DE TLAXIACO,2378,4,RURAL
20,6,553,HEROICA CIUDAD DE TLAXIACO,2379,4,RURAL
20,6,553,HEROICA CIUDAD DE TLAXIACO,2380,4,RURAL
20,6,553,HEROICA CIUDAD DE TLAXIACO,2381,4,RURAL
20,6,553,HEROICA CIUDAD DE TLAXIACO,2382,4,RURAL
20,6,553,HEROICA CIUDAD DE TLAXIACO,2383,4,RURAL
20,6,553,HEROICA CIUDAD DE TLAXIACO,2384,4,RURAL
20,6,553,HEROICA CIUDAD DE TLAXIACO,2385,4,RURAL
20,4,554,TOTONTEPEC VILLA DE MORELOS,2386,3,MIXTO(A)
20,4,554,TOTONTEPEC VILLA DE MORELOS,2387,2,URBANO(A)
20,4,554,TOTONTEPEC VILLA DE MORELOS,2388,4,RURAL
20,4,554,TOTONTEPEC VILLA DE MORELOS,2389,4,RURAL
20,4,554,TOTONTEPEC VILLA DE MORELOS,2390,4,RURAL
20,3,555,TRINIDAD ZAACHILA,2391,3,MIXTO(A)
20,3,555,TRINIDAD ZAACHILA,2392,4,RURAL
20,3,556,LA TRINIDAD VISTA HERMOSA,2393,3,MIXTO(A)
20,7,557,UNION HIDALGO,2394,3,MIXTO(A)
20,7,557,UNION HIDALGO,2395,2,URBANO(A)
20,7,557,UNION HIDALGO,2396,2,URBANO(A)
20,7,557,UNION HIDALGO,2397,2,URBANO(A)
20,7,557,UNION HIDALGO,2398,2,URBANO(A)
20,7,557,UNION HIDALGO,2399,2,URBANO(A)
20,7,557,UNION HIDALGO,2400,2,URBANO(A)
20,7,557,UNION HIDALGO,2401,2,URBANO(A)
20,7,557,UNION HIDALGO,2402,2,URBANO(A)
20,7,557,UNION HIDALGO,2403,2,URBANO(A)
20,7,557,UNION HIDALGO,2404,2,URBANO(A)
20,2,558,VALERIO TRUJANO,2405,2,URBANO(A)
20,2,558,VALERIO TRUJANO,2406,4,RURAL
20,4,559,CAPULALPAM DE MENDEZ,2407,2,URBANO(A)
20,2,560,VILLA DE ETLA,2408,2,URBANO(A)
20,2,560,VILLA DE ETLA,2409,2,URBANO(A)
20,2,560,VILLA DE ETLA,2410,2,URBANO(A)
20,2,560,VILLA DE ETLA,2411,3,MIXTO(A)
20,4,561,VILLA DIAZ ORDAZ,2412,2,URBANO(A)
20,4,561,VILLA DIAZ ORDAZ,2413,2,URBANO(A)
20,4,561,VILLA DIAZ ORDAZ,2414,3,MIXTO(A)
20,4,561,VILLA DIAZ ORDAZ,2415,2,URBANO(A)
20,4,561,VILLA DIAZ ORDAZ,2416,4,RURAL
20,4,562,VILLA HIDALGO YALALAG,2417,3,MIXTO(A)
20,4,562,VILLA HIDALGO YALALAG,2418,3,MIXTO(A)
20,4,563,YAXE,2419,2,URBANO(A)
20,4,563,YAXE,2420,2,URBANO(A)
20,10,564,YOGANA,2421,3,MIXTO(A)
20,3,565,YUTANDUCHI DE GUERRERO,2422,3,MIXTO(A)
20,3,566,VILLA DE ZAACHILA,2423,2,URBANO(A)
20,3,566,VILLA DE ZAACHILA,2424,2,URBANO(A)
20,3,566,VILLA DE ZAACHILA,2425,2,URBANO(A)
20,3,566,VILLA DE ZAACHILA,2426,2,URBANO(A)
20,3,566,VILLA DE ZAACHILA,2427,2,URBANO(A)
20,3,566,VILLA DE ZAACHILA,2429,4,RURAL
20,6,567,SAN MATEO YUCUTINDOO,2430,3,MIXTO(A)
20,6,567,SAN MATEO YUCUTINDOO,2431,3,MIXTO(A)
20,6,568,ZAPOTITLAN LAGUNAS,2432,3,MIXTO(A)
20,6,568,ZAPOTITLAN LAGUNAS,2433,3,MIXTO(A)
20,6,568,ZAPOTITLAN LAGUNAS,2434,4,RURAL
20,3,569,ZAPOTITLAN PALMAS,2435,3,MIXTO(A)
20,10,570,ZIMATLAN DE ALVAREZ,2436,3,MIXTO(A)
20,10,570,ZIMATLAN DE ALVAREZ,2437,3,MIXTO(A)
20,10,570,ZIMATLAN DE ALVAREZ,2438,2,URBANO(A)
20,10,570,ZIMATLAN DE ALVAREZ,2439,2,URBANO(A)
20,10,570,ZIMATLAN DE ALVAREZ,2440,2,URBANO(A)
20,10,570,ZIMATLAN DE ALVAREZ,2441,3,MIXTO(A)
20,10,570,ZIMATLAN DE ALVAREZ,2442,3,MIXTO(A)
20,10,570,ZIMATLAN DE ALVAREZ,2443,4,RURAL
20,10,570,ZIMATLAN DE ALVAREZ,2444,4,RURAL
20,10,570,ZIMATLAN DE ALVAREZ,2445,4,RURAL
20,10,570,ZIMATLAN DE ALVAREZ,2446,4,RURAL
20,10,570,ZIMATLAN DE ALVAREZ,2447,4,RURAL
20,10,570,ZIMATLAN DE ALVAREZ,2448,4,RURAL
20,10,570,ZIMATLAN DE ALVAREZ,2449,4,RURAL
20,5,265,SAN MIGUEL DEL PUERTO,2450,4,RURAL
20,3,37,HEROICA CIUDAD DE HUAJUAPAN DE LEON,2451,4,RURAL
20,6,553,HEROICA CIUDAD DE TLAXIACO,2452,4,RURAL
20,6,470,SANTIAGO JUXTLAHUACA,2453,4,RURAL
20,8,66,OAXACA DE JUAREZ,2454,2,URBANO(A)
20,3,26,CUILAPAM DE GUERRERO,2455,2,URBANO(A)
20,3,495,SANTIAGO TLAZOYALTEPEC,2456,4,RURAL
20,1,182,SAN JUAN BAUTISTA TUXTEPEC,2457,2,URBANO(A)
20,1,182,SAN JUAN BAUTISTA TUXTEPEC,2458,4,RURAL
20,3,37,HEROICA CIUDAD DE HUAJUAPAN DE LEON,2459,2,URBANO(A)
20,3,37,HEROICA CIUDAD DE HUAJUAPAN DE LEON,2460,3,MIXTO(A)
20,5,76,SALINA CRUZ,2461,2,URBANO(A)
20,5,76,SALINA CRUZ,2462,2,URBANO(A)
20,5,76,SALINA CRUZ,2463,2,URBANO(A)
20,5,76,SALINA CRUZ,2464,2,URBANO(A)
20,5,121,HEROICA VILLA DE SAN BLAS ATEMPA,2465,4,RURAL
20,5,121,HEROICA VILLA DE SAN BLAS ATEMPA,2466,4,RURAL
20,5,121,HEROICA VILLA DE SAN BLAS ATEMPA,2467,2,URBANO(A)
20,7,43,HEROICA CIUDAD DE JUCHITAN DE ZARAGOZA,2468,2,URBANO(A)
20,7,43,HEROICA CIUDAD DE JUCHITAN DE ZARAGOZA,2469,2,URBANO(A)
20,8,66,OAXACA DE JUAREZ,2470,2,URBANO(A)
20,8,66,OAXACA DE JUAREZ,2471,2,URBANO(A)
20,8,66,OAXACA DE JUAREZ,2472,2,URBANO(A)
20,8,66,OAXACA DE JUAREZ,2473,2,URBANO(A)
20,8,66,OAXACA DE JUAREZ,2474,2,URBANO(A)
20,8,66,OAXACA DE JUAREZ,2475,2,URBANO(A)
20,8,66,OAXACA DE JUAREZ,2476,2,URBANO(A)
20,8,66,OAXACA DE JUAREZ,2477,2,URBANO(A)
20,8,66,OAXACA DE JUAREZ,2478,2,URBANO(A)
20,8,66,OAXACA DE JUAREZ,2479,2,URBANO(A)
20,8,66,OAXACA DE JUAREZ,2480,2,URBANO(A)
20,8,66,OAXACA DE JUAREZ,2481,2,URBANO(A)
20,8,154,SAN JACINTO AMILPAS,2482,2,URBANO(A)
20,8,154,SAN JACINTO AMILPAS,2483,2,URBANO(A)
20,8,154,SAN JACINTO AMILPAS,2484,3,MIXTO(A)
20,8,400,SANTA MARIA ATZOMPA,2485,2,URBANO(A)
20,8,400,SANTA MARIA ATZOMPA,2486,2,URBANO(A)
20,8,400,SANTA MARIA ATZOMPA,2487,4,RURAL
20,8,400,SANTA MARIA ATZOMPA,2488,2,URBANO(A)
20,8,400,SANTA MARIA ATZOMPA,2489,4,RURAL
20,8,400,SANTA MARIA ATZOMPA,2490,2,URBANO(A)
20,8,400,SANTA MARIA ATZOMPA,2491,2,URBANO(A)
20,8,400,SANTA MARIA ATZOMPA,2492,4,RURAL
20,5,414,SANTA MARIA HUATULCO,2493,4,RURAL
20,5,414,SANTA MARIA HUATULCO,2494,4,RURAL
20,5,414,SANTA MARIA HUATULCO,2495,4,RURAL
20,5,414,SANTA MARIA HUATULCO,2496,4,RURAL
20,5,414,SANTA MARIA HUATULCO,2497,4,RURAL
20,10,440,SANTA MARIA TONAMECA,2498,4,RURAL
20,10,440,SANTA MARIA TONAMECA,2499,4,RURAL
20,1,182,SAN JUAN BAUTISTA TUXTEPEC,2500,4,RURAL
20,2,74,REYES ETLA,2501,4,RURAL
20,3,37,HEROICA CIUDAD DE HUAJUAPAN DE LEON,2502,4,RURAL
20,3,37,HEROICA CIUDAD DE HUAJUAPAN DE LEON,2503,2,URBANO(A)
20,3,37,HEROICA CIUDAD DE HUAJUAPAN DE LEON,2504,4,RURAL
20,3,386,SANTA CRUZ XOXOCOTLAN,2505,4,RURAL
20,3,459,SANTIAGO CHAZUMBA,2506,4,RURAL
20,3,539,VILLA DE TAMAZULAPAM DEL PROGRESO,2507,4,RURAL
20,8,376,SANTA CRUZ AMILPAS,2508,4,RURAL
20,4,410,SANTA MARIA DEL TULE,2509,4,RURAL
20,5,515,SANTO DOMINGO TEHUANTEPEC,2510,4,RURAL
20,5,515,SANTO DOMINGO TEHUANTEPEC,2511,4,RURAL
20,5,515,SANTO DOMINGO TEHUANTEPEC,2512,2,URBANO(A)
20,6,242,SAN MARTIN PERAS,2513,4,RURAL
20,6,470,SANTIAGO JUXTLAHUACA,2514,4,RURAL
20,4,57,MATIAS ROMERO AVENDAÑO,2515,4,RURAL
20,7,140,SAN FRANCISCO IXHUATAN,2516,4,RURAL
20,8,400,SANTA MARIA ATZOMPA,2517,4,RURAL
20,10,59,MIAHUATLAN DE PORFIRIO DIAZ,2518,4,RURAL
20,10,322,SAN PEDRO POCHUTLA,2520,4,RURAL
20,10,406,SANTA MARIA COLOTEPEC,2521,4,RURAL
20,5,414,SANTA MARIA HUATULCO,2522,3,MIXTO(A)
20,1,182,SAN JUAN BAUTISTA TUXTEPEC,2523,2,URBANO(A)
20,1,182,SAN JUAN BAUTISTA TUXTEPEC,2524,2,URBANO(A)
20,1,182,SAN JUAN BAUTISTA TUXTEPEC,2525,2,URBANO(A)
20,3,386,SANTA CRUZ XOXOCOTLAN,2526,2,URBANO(A)
20,3,386,SANTA CRUZ XOXOCOTLAN,2527,2,URBANO(A)
20,8,392,SANTA LUCIA DEL CAMINO,2528,2,URBANO(A)
20,8,392,SANTA LUCIA DEL CAMINO,2529,2,URBANO(A)
20,8,392,SANTA LUCIA DEL CAMINO,2530,2,URBANO(A)
20,8,392,SANTA LUCIA DEL CAMINO,2531,2,URBANO(A)
20,8,392,SANTA LUCIA DEL CAMINO,2532,2,URBANO(A)
20,1,182,SAN JUAN BAUTISTA TUXTEPEC,2533,3,MIXTO(A)
20,1,182,SAN JUAN BAUTISTA TUXTEPEC,2534,2,URBANO(A)
20,1,182,SAN JUAN BAUTISTA TUXTEPEC,2535,2,URBANO(A)
20,3,386,SANTA CRUZ XOXOCOTLAN,2536,2,URBANO(A)
20,3,386,SANTA CRUZ XOXOCOTLAN,2537,2,URBANO(A)
20,3,386,SANTA CRUZ XOXOCOTLAN,2538,2,URBANO(A)
20,3,386,SANTA CRUZ XOXOCOTLAN,2539,2,URBANO(A)
20,3,386,SANTA CRUZ XOXOCOTLAN,2540,2,URBANO(A)
20,8,66,OAXACA DE JUAREZ,2541,2,URBANO(A)
20,8,66,OAXACA DE JUAREZ,2542,2,URBANO(A)
20,8,66,OAXACA DE JUAREZ,2543,2,URBANO(A)
20,9,316,SAN PEDRO MIXTEPEC,2544,3,MIXTO(A)
20,9,316,SAN PEDRO MIXTEPEC,2545,3,MIXTO(A)
20,9,316,SAN PEDRO MIXTEPEC,2546,3,MIXTO(A)
20,9,316,SAN PEDRO MIXTEPEC,2547,2,URBANO(A)
20,9,316,SAN PEDRO MIXTEPEC,2548,2,URBANO(A)
20,9,316,SAN PEDRO MIXTEPEC,2549,2,URBANO(A)
20,5,414,SANTA MARIA HUATULCO,2550,2,URBANO(A)
20,5,414,SANTA MARIA HUATULCO,2551,2,URBANO(A)
20,5,414,SANTA MARIA HUATULCO,2552,2,URBANO(A)
20,5,414,SANTA MARIA HUATULCO,2553,2,URBANO(A)
20,5,414,SANTA MARIA HUATULCO,2554,2,URBANO(A)
20,5,414,SANTA MARIA HUATULCO,2555,2,URBANO(A)
20,5,414,SANTA MARIA HUATULCO,2556,2,URBANO(A)
20,5,414,SANTA MARIA HUATULCO,2557,2,URBANO(A)
20,1,182,SAN JUAN BAUTISTA TUXTEPEC,2558,2,URBANO(A)
20,1,182,SAN JUAN BAUTISTA TUXTEPEC,2559,2,URBANO(A)
20,3,308,SAN PEDRO IXTLAHUACA,2560,4,RURAL
20,3,308,SAN PEDRO IXTLAHUACA,2561,2,URBANO(A)
20,3,386,SANTA CRUZ XOXOCOTLAN,2563,3,MIXTO(A)
20,3,386,SANTA CRUZ XOXOCOTLAN,2564,3,MIXTO(A)
20,3,386,SANTA CRUZ XOXOCOTLAN,2565,2,URBANO(A)
20,3,386,SANTA CRUZ XOXOCOTLAN,2566,4,RURAL
20,3,386,SANTA CRUZ XOXOCOTLAN,2567,4,RURAL
20,3,386,SANTA CRUZ XOXOCOTLAN,2568,4,RURAL
20,6,553,HEROICA CIUDAD DE TLAXIACO,2569,2,URBANO(A)
20,6,553,HEROICA CIUDAD DE TLAXIACO,2570,4,RURAL
20,7,43,HEROICA CIUDAD DE JUCHITAN DE ZARAGOZA,2571,3,MIXTO(A)
20,7,43,HEROICA CIUDAD DE JUCHITAN DE ZARAGOZA,2572,3,MIXTO(A)
20,8,66,OAXACA DE JUAREZ,2573,2,URBANO(A)
20,8,66,OAXACA DE JUAREZ,2574,2,URBANO(A)
20,8,66,OAXACA DE JUAREZ,2575,2,URBANO(A)
20,8,66,OAXACA DE JUAREZ,2576,2,URBANO(A)
20,8,66,OAXACA DE JUAREZ,2577,2,URBANO(A)
20,8,66,OAXACA DE JUAREZ,2578,2,URBANO(A)
20,8,66,OAXACA DE JUAREZ,2579,2,URBANO(A)
20,8,66,OAXACA DE JUAREZ,2580,2,URBANO(A)
20,8,66,OAXACA DE JUAREZ,2581,2,URBANO(A)
20,8,66,OAXACA DE JUAREZ,2582,2,URBANO(A)
20,8,66,OAXACA DE JUAREZ,2583,2,URBANO(A)
20,8,66,OAXACA DE JUAREZ,2584,2,URBANO(A)
20,8,66,OAXACA DE JUAREZ,2585,2,URBANO(A)
20,8,66,OAXACA DE JUAREZ,2586,2,URBANO(A)
20,8,66,OAXACA DE JUAREZ,2587,2,URBANO(A)
20,9,364,SANTA CATARINA JUQUILA,2588,2,URBANO(A)
20,9,364,SANTA CATARINA JUQUILA,2589,3,MIXTO(A)
20,9,484,SANTIAGO PINOTEPA NACIONAL,2590,3,MIXTO(A)
20,9,484,SANTIAGO PINOTEPA NACIONAL,2591,3,MIXTO(A)
20,3,308,SAN PEDRO IXTLAHUACA,2592,4,RURAL
20,3,386,SANTA CRUZ XOXOCOTLAN,2593,2,URBANO(A)
20,3,386,SANTA CRUZ XOXOCOTLAN,2594,2,URBANO(A)
20,3,386,SANTA CRUZ XOXOCOTLAN,2595,2,URBANO(A)
20,3,386,SANTA CRUZ XOXOCOTLAN,2596,2,URBANO(A)
20,7,43,HEROICA CIUDAD DE JUCHITAN DE ZARAGOZA,2597,2,URBANO(A)
20,7,43,HEROICA CIUDAD DE JUCHITAN DE ZARAGOZA,2598,2,URBANO(A)
20,7,43,HEROICA CIUDAD DE JUCHITAN DE ZARAGOZA,2599,2,URBANO(A)
20,5,414,SANTA MARIA HUATULCO,2600,4,RURAL
20,5,414,SANTA MARIA HUATULCO,2601,2,URBANO(A)
20,5,414,SANTA MARIA HUATULCO,2602,2,URBANO(A)
20,5,414,SANTA MARIA HUATULCO,2603,3,MIXTO(A)
20,5,414,SANTA MARIA HUATULCO,2604,3,MIXTO(A)
20,3,566,VILLA DE ZAACHILA,2605,2,URBANO(A)
20,3,566,VILLA DE ZAACHILA,2606,4,RURAL
20,3,566,VILLA DE ZAACHILA,2607,4,RURAL
20,3,566,VILLA DE ZAACHILA,2608,4,RURAL
20,3,566,VILLA DE ZAACHILA,2609,4,RURAL
20,3,566,VILLA DE ZAACHILA,2610,4,RURAL
20,3,566,VILLA DE ZAACHILA,2611,4,RURAL
20,3,566,VILLA DE ZAACHILA,2612,4,RURAL
20,3,566,VILLA DE ZAACHILA,2613,4,RURAL
20,3,566,VILLA DE ZAACHILA,2614,4,RURAL
20,3,566,VILLA DE ZAACHILA,2615,4,RURAL
20,8,400,SANTA MARIA ATZOMPA,2616,2,URBANO(A)
20,8,400,SANTA MARIA ATZOMPA,2617,3,MIXTO(A)
20,8,400,SANTA MARIA ATZOMPA,2618,2,URBANO(A)
20,8,400,SANTA MARIA ATZOMPA,2619,2,URBANO(A)
20,8,400,SANTA MARIA ATZOMPA,2620,2,URBANO(A)
20,8,400,SANTA MARIA ATZOMPA,2621,3,MIXTO(A)
20,8,400,SANTA MARIA ATZOMPA,2622,4,RURAL
20,8,400,SANTA MARIA ATZOMPA,2623,4,RURAL
