ENTIDAD,DISTRITO,MUNICIPIO,NOMBRE_MUNICIPIO,SECCION,TIPO_SECCION,TIPO_NOMBRE
8,2,1,AHUMADA,1,3,MIXTO(A)
8,2,1,AHUMADA,2,2,URBANO(A)
8,2,1,AHUMADA,3,2,URBANO(A)
8,2,1,AHUMADA,4,2,URBANO(A)
8,2,1,AHUMADA,5,2,URBANO(A)
8,2,1,AHUMADA,6,3,MIXTO(A)
8,2,1,AHUMADA,7,2,URBANO(A)
8,2,1,AHUMADA,8,2,URBANO(A)
8,2,1,AHUMADA,10,4,RURAL
8,2,1,AHUMADA,11,4,RURAL
8,2,1,AHUMADA,12,4,RURAL
8,2,1,AHUMADA,13,4,RURAL
8,2,1,AHUMADA,14,4,RURAL
8,2,1,AHUMADA,15,4,RURAL
8,2,1,AHUMADA,16,4,RURAL
8,5,2,ALDAMA,17,2,URBANO(A)
8,5,2,ALDAMA,18,2,URBANO(A)
8,5,2,ALDAMA,19,2,URBANO(A)
8,5,2,ALDAMA,20,2,URBANO(A)
8,5,2,ALDAMA,21,2,URBANO(A)
8,5,2,ALDAMA,22,2,URBANO(A)
8,5,2,ALDAMA,23,2,URBANO(A)
8,5,2,ALDAMA,24,2,URBANO(A)
8,5,2,ALDAMA,25,2,URBANO(A)
8,5,2,ALDAMA,26,2,URBANO(A)
8,5,2,ALDAMA,27,2,URBANO(A)
8,5,2,ALDAMA,28,2,URBANO(A)
8,5,2,ALDAMA,30,4,RURAL
8,5,2,ALDAMA,31,4,RURAL
8,5,2,ALDAMA,32,4,RURAL
8,5,2,ALDAMA,33,3,MIXTO(A)
8,5,2,ALDAMA,34,4,RURAL
8,5,2,ALDAMA,35,4,RURAL
8,5,2,ALDAMA,36,4,RURAL
8,5,2,ALDAMA,37,4,RURAL
8,9,3,ALLENDE,38,3,MIXTO(A)
8,9,3,ALLENDE,39,2,URBANO(A)
8,9,3,ALLENDE,40,2,URBANO(A)
8,9,3,ALLENDE,41,3,MIXTO(A)
8,9,3,ALLENDE,43,4,RURAL
8,9,3,ALLENDE,46,4,RURAL
8,9,3,ALLENDE,47,4,RURAL
8,9,3,ALLENDE,48,4,RURAL
8,9,3,ALLENDE,49,4,RURAL
8,9,3,ALLENDE,50,4,RURAL
8,9,3,ALLENDE,51,4,RURAL
8,9,3,ALLENDE,52,4,RURAL
8,9,3,ALLENDE,53,3,MIXTO(A)
8,9,3,ALLENDE,54,3,MIXTO(A)
8,9,3,ALLENDE,55,4,RURAL
8,5,4,AQUILES SERDAN,56,2,URBANO(A)
8,5,4,AQUILES SERDAN,57,4,RURAL
8,3,5,ASCENSION,60,2,URBANO(A)
8,3,5,ASCENSION,61,2,URBANO(A)
8,3,5,ASCENSION,62,2,URBANO(A)
8,3,5,ASCENSION,63,2,URBANO(A)
8,3,5,ASCENSION,64,3,MIXTO(A)
8,3,5,ASCENSION,65,2,URBANO(A)
8,3,5,ASCENSION,66,2,URBANO(A)
8,3,5,ASCENSION,67,2,URBANO(A)
8,3,5,ASCENSION,68,2,URBANO(A)
8,3,5,ASCENSION,69,2,URBANO(A)
8,3,5,ASCENSION,70,2,URBANO(A)
8,3,5,ASCENSION,71,2,URBANO(A)
8,3,5,ASCENSION,72,2,URBANO(A)
8,3,5,ASCENSION,73,2,URBANO(A)
8,3,5,ASCENSION,74,2,URBANO(A)
8,3,5,ASCENSION,75,3,MIXTO(A)
8,3,5,ASCENSION,76,2,URBANO(A)
8,3,5,ASCENSION,78,4,RURAL
8,3,5,ASCENSION,79,4,RURAL
8,3,5,ASCENSION,80,4,RURAL
8,3,5,ASCENSION,81,4,RURAL
8,7,6,BACHINIVA,82,2,URBANO(A)
8,7,6,BACHINIVA,83,3,MIXTO(A)
8,7,6,BACHINIVA,84,3,MIXTO(A)
8,7,6,BACHINIVA,85,2,URBANO(A)
8,7,6,BACHINIVA,87,4,RURAL
8,7,6,BACHINIVA,88,4,RURAL
8,7,6,BACHINIVA,89,4,RURAL
8,7,6,BACHINIVA,90,4,RURAL
8,7,6,BACHINIVA,91,4,RURAL
8,7,6,BACHINIVA,92,4,RURAL
8,7,6,BACHINIVA,94,4,RURAL
8,7,6,BACHINIVA,95,4,RURAL
8,7,6,BACHINIVA,97,4,RURAL
8,7,6,BACHINIVA,98,4,RURAL
8,7,6,BACHINIVA,99,2,URBANO(A)
8,7,6,BACHINIVA,100,2,URBANO(A)
8,7,6,BACHINIVA,101,2,URBANO(A)
8,9,7,BALLEZA,102,3,MIXTO(A)
8,9,7,BALLEZA,103,3,MIXTO(A)
8,9,7,BALLEZA,104,4,RURAL
8,9,7,BALLEZA,105,4,RURAL
8,9,7,BALLEZA,106,4,RURAL
8,9,7,BALLEZA,107,4,RURAL
8,9,7,BALLEZA,108,4,RURAL
8,9,7,BALLEZA,109,4,RURAL
8,9,7,BALLEZA,110,4,RURAL
8,9,7,BALLEZA,111,4,RURAL
8,9,7,BALLEZA,112,4,RURAL
8,9,7,BALLEZA,113,4,RURAL
8,9,7,BALLEZA,114,4,RURAL
8,9,7,BALLEZA,115,4,RURAL
8,9,8,BATOPILAS DE MANUEL GOMEZ MORIN,116,3,MIXTO(A)
8,9,8,BATOPILAS DE MANUEL GOMEZ MORIN,117,4,RURAL
8,9,8,BATOPILAS DE MANUEL GOMEZ MORIN,118,4,RURAL
8,9,8,BATOPILAS DE MANUEL GOMEZ MORIN,119,4,RURAL
8,9,8,BATOPILAS DE MANUEL GOMEZ MORIN,120,4,RURAL
8,9,8,BATOPILAS DE MANUEL GOMEZ MORIN,121,4,RURAL
8,9,8,BATOPILAS DE MANUEL GOMEZ MORIN,122,4,RURAL
8,9,8,BATOPILAS DE MANUEL GOMEZ MORIN,123,4,RURAL
8,9,8,BATOPILAS DE MANUEL GOMEZ MORIN,124,4,RURAL
8,9,8,BATOPILAS DE MANUEL GOMEZ MORIN,125,4,RURAL
8,9,8,BATOPILAS DE MANUEL GOMEZ MORIN,126,4,RURAL
8,9,9,BOCOYNA,127,2,URBANO(A)
8,9,9,BOCOYNA,128,3,MIXTO(A)
8,9,9,BOCOYNA,129,3,MIXTO(A)
8,9,9,BOCOYNA,130,3,MIXTO(A)
8,9,9,BOCOYNA,131,2,URBANO(A)
8,9,9,BOCOYNA,132,2,URBANO(A)
8,9,9,BOCOYNA,133,2,URBANO(A)
8,9,9,BOCOYNA,134,2,URBANO(A)
8,9,9,BOCOYNA,135,2,URBANO(A)
8,9,9,BOCOYNA,136,2,URBANO(A)
8,9,9,BOCOYNA,137,3,MIXTO(A)
8,9,9,BOCOYNA,138,4,RURAL
8,9,9,BOCOYNA,139,4,RURAL
8,9,9,BOCOYNA,140,4,RURAL
8,9,9,BOCOYNA,141,4,RURAL
8,9,9,BOCOYNA,142,4,RURAL
8,9,9,BOCOYNA,143,4,RURAL
8,9,9,BOCOYNA,144,4,RURAL
8,9,9,BOCOYNA,145,4,RURAL
8,9,9,BOCOYNA,146,4,RURAL
8,9,9,BOCOYNA,147,4,RURAL
8,9,9,BOCOYNA,148,4,RURAL
8,7,10,BUENAVENTURA,149,2,URBANO(A)
8,7,10,BUENAVENTURA,150,2,URBANO(A)
8,7,10,BUENAVENTURA,151,2,URBANO(A)
8,7,10,BUENAVENTURA,152,2,URBANO(A)
8,7,10,BUENAVENTURA,153,2,URBANO(A)
8,7,10,BUENAVENTURA,154,2,URBANO(A)
8,7,10,BUENAVENTURA,155,2,URBANO(A)
8,7,10,BUENAVENTURA,156,2,URBANO(A)
8,7,10,BUENAVENTURA,157,2,URBANO(A)
8,7,10,BUENAVENTURA,158,3,MIXTO(A)
8,7,10,BUENAVENTURA,159,2,URBANO(A)
8,7,10,BUENAVENTURA,160,2,URBANO(A)
8,7,10,BUENAVENTURA,161,2,URBANO(A)
8,7,10,BUENAVENTURA,162,3,MIXTO(A)
8,7,10,BUENAVENTURA,163,2,URBANO(A)
8,7,10,BUENAVENTURA,164,2,URBANO(A)
8,7,10,BUENAVENTURA,165,2,URBANO(A)
8,7,10,BUENAVENTURA,166,3,MIXTO(A)
8,7,10,BUENAVENTURA,167,3,MIXTO(A)
8,7,10,BUENAVENTURA,168,3,MIXTO(A)
8,7,10,BUENAVENTURA,169,4,RURAL
8,7,10,BUENAVENTURA,170,4,RURAL
8,7,10,BUENAVENTURA,171,4,RURAL
8,7,10,BUENAVENTURA,172,4,RURAL
8,7,10,BUENAVENTURA,173,4,RURAL
8,7,10,BUENAVENTURA,174,4,RURAL
8,5,11,CAMARGO,175,3,MIXTO(A)
8,5,11,CAMARGO,176,2,URBANO(A)
8,5,11,CAMARGO,177,3,MIXTO(A)
8,5,11,CAMARGO,178,3,MIXTO(A)
8,5,11,CAMARGO,179,2,URBANO(A)
8,5,11,CAMARGO,180,2,URBANO(A)
8,5,11,CAMARGO,181,2,URBANO(A)
8,5,11,CAMARGO,182,2,URBANO(A)
8,5,11,CAMARGO,183,2,URBANO(A)
8,5,11,CAMARGO,184,2,URBANO(A)
8,5,11,CAMARGO,185,2,URBANO(A)
8,5,11,CAMARGO,186,2,URBANO(A)
8,5,11,CAMARGO,187,2,URBANO(A)
8,5,11,CAMARGO,188,2,URBANO(A)
8,5,11,CAMARGO,189,2,URBANO(A)
8,5,11,CAMARGO,190,2,URBANO(A)
8,5,11,CAMARGO,191,2,URBANO(A)
8,5,11,CAMARGO,192,2,URBANO(A)
8,5,11,CAMARGO,193,2,URBANO(A)
8,5,11,CAMARGO,194,2,URBANO(A)
8,5,11,CAMARGO,195,2,URBANO(A)
8,5,11,CAMARGO,196,2,URBANO(A)
8,5,11,CAMARGO,197,2,URBANO(A)
8,5,11,CAMARGO,198,3,MIXTO(A)
8,5,11,CAMARGO,199,3,MIXTO(A)
8,5,11,CAMARGO,200,2,URBANO(A)
8,5,11,CAMARGO,201,2,URBANO(A)
8,5,11,CAMARGO,202,2,URBANO(A)
8,5,11,CAMARGO,203,2,URBANO(A)
8,5,11,CAMARGO,204,2,URBANO(A)
8,5,11,CAMARGO,205,2,URBANO(A)
8,5,11,CAMARGO,206,3,MIXTO(A)
8,5,11,CAMARGO,207,3,MIXTO(A)
8,5,11,CAMARGO,208,3,MIXTO(A)
8,5,11,CAMARGO,209,3,MIXTO(A)
8,5,11,CAMARGO,214,4,RURAL
8,5,11,CAMARGO,215,4,RURAL
8,5,11,CAMARGO,216,4,RURAL
8,5,11,CAMARGO,217,4,RURAL
8,5,11,CAMARGO,218,4,RURAL
8,5,11,CAMARGO,219,4,RURAL
8,5,11,CAMARGO,220,4,RURAL
8,9,12,CARICHI,221,3,MIXTO(A)
8,9,12,CARICHI,222,3,MIXTO(A)
8,9,12,CARICHI,223,4,RURAL
8,9,12,CARICHI,224,4,RURAL
8,9,12,CARICHI,225,4,RURAL
8,9,12,CARICHI,226,4,RURAL
8,9,12,CARICHI,227,4,RURAL
8,9,12,CARICHI,229,4,RURAL
8,9,12,CARICHI,231,4,RURAL
8,9,12,CARICHI,232,4,RURAL
8,9,12,CARICHI,233,4,RURAL
8,9,12,CARICHI,234,4,RURAL
8,9,12,CARICHI,235,4,RURAL
8,9,12,CARICHI,236,4,RURAL
8,9,12,CARICHI,237,4,RURAL
8,7,13,CASAS GRANDES,238,2,URBANO(A)
8,7,13,CASAS GRANDES,239,2,URBANO(A)
8,7,13,CASAS GRANDES,240,3,MIXTO(A)
8,7,13,CASAS GRANDES,241,2,URBANO(A)
8,7,13,CASAS GRANDES,242,4,RURAL
8,7,13,CASAS GRANDES,243,4,RURAL
8,7,13,CASAS GRANDES,244,4,RURAL
8,7,13,CASAS GRANDES,245,4,RURAL
8,7,13,CASAS GRANDES,248,4,RURAL
8,7,13,CASAS GRANDES,249,4,RURAL
8,7,13,CASAS GRANDES,250,4,RURAL
8,7,13,CASAS GRANDES,251,4,RURAL
8,7,13,CASAS GRANDES,252,4,RURAL
8,9,14,CORONADO,253,3,MIXTO(A)
8,9,14,CORONADO,254,4,RURAL
8,9,14,CORONADO,256,4,RURAL
8,9,14,CORONADO,257,4,RURAL
8,9,14,CORONADO,258,4,RURAL
8,9,14,CORONADO,260,4,RURAL
8,5,15,COYAME DEL SOTOL,261,3,MIXTO(A)
8,5,15,COYAME DEL SOTOL,263,4,RURAL
8,5,15,COYAME DEL SOTOL,264,4,RURAL
8,5,15,COYAME DEL SOTOL,265,4,RURAL
8,5,16,LA CRUZ,266,2,URBANO(A)
8,5,16,LA CRUZ,267,3,MIXTO(A)
8,5,16,LA CRUZ,268,4,RURAL
8,5,16,LA CRUZ,269,4,RURAL
8,5,16,LA CRUZ,270,4,RURAL
8,7,17,CUAUHTEMOC,271,2,URBANO(A)
8,7,17,CUAUHTEMOC,272,3,MIXTO(A)
8,7,17,CUAUHTEMOC,273,2,URBANO(A)
8,7,17,CUAUHTEMOC,274,2,URBANO(A)
8,7,17,CUAUHTEMOC,275,2,URBANO(A)
8,7,17,CUAUHTEMOC,276,2,URBANO(A)
8,7,17,CUAUHTEMOC,277,2,URBANO(A)
8,7,17,CUAUHTEMOC,278,2,URBANO(A)
8,7,17,CUAUHTEMOC,279,2,URBANO(A)
8,7,17,CUAUHTEMOC,280,2,URBANO(A)
8,7,17,CUAUHTEMOC,281,2,URBANO(A)
8,7,17,CUAUHTEMOC,282,2,URBANO(A)
8,7,17,CUAUHTEMOC,283,2,URBANO(A)
8,7,17,CUAUHTEMOC,284,2,URBANO(A)
8,7,17,CUAUHTEMOC,285,2,URBANO(A)
8,7,17,CUAUHTEMOC,286,2,URBANO(A)
8,7,17,CUAUHTEMOC,287,2,URBANO(A)
8,7,17,CUAUHTEMOC,288,2,URBANO(A)
8,7,17,CUAUHTEMOC,289,2,URBANO(A)
8,7,17,CUAUHTEMOC,290,2,URBANO(A)
8,7,17,CUAUHTEMOC,291,2,URBANO(A)
8,7,17,CUAUHTEMOC,292,2,URBANO(A)
8,7,17,CUAUHTEMOC,293,2,URBANO(A)
8,7,17,CUAUHTEMOC,294,2,URBANO(A)
8,7,17,CUAUHTEMOC,295,2,URBANO(A)
8,7,17,CUAUHTEMOC,296,2,URBANO(A)
8,7,17,CUAUHTEMOC,298,2,URBANO(A)
8,7,17,CUAUHTEMOC,299,2,URBANO(A)
8,7,17,CUAUHTEMOC,300,2,URBANO(A)
8,7,17,CUAUHTEMOC,301,2,URBANO(A)
8,7,17,CUAUHTEMOC,302,2,URBANO(A)
8,7,17,CUAUHTEMOC,303,2,URBANO(A)
8,7,17,CUAUHTEMOC,304,2,URBANO(A)
8,7,17,CUAUHTEMOC,305,2,URBANO(A)
8,7,17,CUAUHTEMOC,307,2,URBANO(A)
8,7,17,CUAUHTEMOC,308,2,URBANO(A)
8,7,17,CUAUHTEMOC,309,2,URBANO(A)
8,7,17,CUAUHTEMOC,310,2,URBANO(A)
8,7,17,CUAUHTEMOC,311,2,URBANO(A)
8,7,17,CUAUHTEMOC,312,2,URBANO(A)
8,7,17,CUAUHTEMOC,313,2,URBANO(A)
8,7,17,CUAUHTEMOC,314,2,URBANO(A)
8,7,17,CUAUHTEMOC,315,2,URBANO(A)
8,7,17,CUAUHTEMOC,316,2,URBANO(A)
8,7,17,CUAUHTEMOC,317,2,URBANO(A)
8,7,17,CUAUHTEMOC,318,2,URBANO(A)
8,7,17,CUAUHTEMOC,319,2,URBANO(A)
8,7,17,CUAUHTEMOC,320,2,URBANO(A)
8,7,17,CUAUHTEMOC,321,2,URBANO(A)
8,7,17,CUAUHTEMOC,322,2,URBANO(A)
8,7,17,CUAUHTEMOC,323,2,URBANO(A)
8,7,17,CUAUHTEMOC,324,2,URBANO(A)
8,7,17,CUAUHTEMOC,325,2,URBANO(A)
8,7,17,CUAUHTEMOC,326,2,URBANO(A)
8,7,17,CUAUHTEMOC,327,2,URBANO(A)
8,7,17,CUAUHTEMOC,328,2,URBANO(A)
8,7,17,CUAUHTEMOC,329,2,URBANO(A)
8,7,17,CUAUHTEMOC,330,2,URBANO(A)
8,7,17,CUAUHTEMOC,331,2,URBANO(A)
8,7,17,CUAUHTEMOC,332,2,URBANO(A)
8,7,17,CUAUHTEMOC,333,2,URBANO(A)
8,7,17,CUAUHTEMOC,334,2,URBANO(A)
8,7,17,CUAUHTEMOC,335,2,URBANO(A)
8,7,17,CUAUHTEMOC,336,2,URBANO(A)
8,7,17,CUAUHTEMOC,337,2,URBANO(A)
8,7,17,CUAUHTEMOC,338,2,URBANO(A)
8,7,17,CUAUHTEMOC,339,2,URBANO(A)
8,7,17,CUAUHTEMOC,340,2,URBANO(A)
8,7,17,CUAUHTEMOC,341,3,MIXTO(A)
8,7,17,CUAUHTEMOC,342,2,URBANO(A)
8,7,17,CUAUHTEMOC,343,2,URBANO(A)
8,7,17,CUAUHTEMOC,344,2,URBANO(A)
8,7,17,CUAUHTEMOC,345,2,URBANO(A)
8,7,17,CUAUHTEMOC,346,2,URBANO(A)
8,7,17,CUAUHTEMOC,347,2,URBANO(A)
8,7,17,CUAUHTEMOC,348,2,URBANO(A)
8,7,17,CUAUHTEMOC,349,2,URBANO(A)
8,7,17,CUAUHTEMOC,350,2,URBANO(A)
8,7,17,CUAUHTEMOC,351,2,URBANO(A)
8,7,17,CUAUHTEMOC,353,2,URBANO(A)
8,7,17,CUAUHTEMOC,355,4,RURAL
8,7,17,CUAUHTEMOC,356,4,RURAL
8,7,17,CUAUHTEMOC,358,4,RURAL
8,7,17,CUAUHTEMOC,359,4,RURAL
8,7,17,CUAUHTEMOC,361,4,RURAL
8,7,17,CUAUHTEMOC,362,4,RURAL
8,7,17,CUAUHTEMOC,363,4,RURAL
8,7,17,CUAUHTEMOC,364,4,RURAL
8,7,17,CUAUHTEMOC,365,4,RURAL
8,7,17,CUAUHTEMOC,367,4,RURAL
8,7,17,CUAUHTEMOC,368,4,RURAL
8,7,17,CUAUHTEMOC,369,4,RURAL
8,7,17,CUAUHTEMOC,370,4,RURAL
8,7,17,CUAUHTEMOC,373,4,RURAL
8,7,17,CUAUHTEMOC,374,4,RURAL
8,7,17,CUAUHTEMOC,375,4,RURAL
8,7,17,CUAUHTEMOC,376,4,RURAL
8,7,17,CUAUHTEMOC,377,4,RURAL
8,7,17,CUAUHTEMOC,378,4,RURAL
8,7,17,CUAUHTEMOC,379,4,RURAL
8,7,17,CUAUHTEMOC,380,4,RURAL
8,7,17,CUAUHTEMOC,381,4,RURAL
8,7,17,CUAUHTEMOC,382,4,RURAL
8,7,17,CUAUHTEMOC,383,3,MIXTO(A)
8,7,17,CUAUHTEMOC,384,3,MIXTO(A)
8,7,17,CUAUHTEMOC,385,4,RURAL
8,7,17,CUAUHTEMOC,386,3,MIXTO(A)
8,7,18,CUSIHUIRIACHI,388,3,MIXTO(A)
8,7,18,CUSIHUIRIACHI,389,4,RURAL
8,7,18,CUSIHUIRIACHI,390,4,RURAL
8,7,18,CUSIHUIRIACHI,391,4,RURAL
8,7,18,CUSIHUIRIACHI,393,4,RURAL
8,7,18,CUSIHUIRIACHI,394,4,RURAL
8,7,18,CUSIHUIRIACHI,395,4,RURAL
8,7,18,CUSIHUIRIACHI,396,4,RURAL
8,7,18,CUSIHUIRIACHI,397,4,RURAL
8,7,18,CUSIHUIRIACHI,398,4,RURAL
8,7,18,CUSIHUIRIACHI,399,4,RURAL
8,7,18,CUSIHUIRIACHI,400,4,RURAL
8,7,18,CUSIHUIRIACHI,401,4,RURAL
8,6,19,CHIHUAHUA,402,2,URBANO(A)
8,6,19,CHIHUAHUA,403,2,URBANO(A)
8,6,19,CHIHUAHUA,404,2,URBANO(A)
8,6,19,CHIHUAHUA,405,2,URBANO(A)
8,6,19,CHIHUAHUA,406,2,URBANO(A)
8,6,19,CHIHUAHUA,407,2,URBANO(A)
8,6,19,CHIHUAHUA,408,2,URBANO(A)
8,6,19,CHIHUAHUA,409,2,URBANO(A)
8,6,19,CHIHUAHUA,410,2,URBANO(A)
8,6,19,CHIHUAHUA,411,2,URBANO(A)
8,6,19,CHIHUAHUA,412,2,URBANO(A)
8,6,19,CHIHUAHUA,413,2,URBANO(A)
8,6,19,CHIHUAHUA,414,2,URBANO(A)
8,8,19,CHIHUAHUA,415,2,URBANO(A)
8,8,19,CHIHUAHUA,416,2,URBANO(A)
8,8,19,CHIHUAHUA,417,2,URBANO(A)
8,8,19,CHIHUAHUA,418,2,URBANO(A)
8,8,19,CHIHUAHUA,419,2,URBANO(A)
8,8,19,CHIHUAHUA,420,2,URBANO(A)
8,8,19,CHIHUAHUA,421,2,URBANO(A)
8,8,19,CHIHUAHUA,422,2,URBANO(A)
8,8,19,CHIHUAHUA,423,2,URBANO(A)
8,8,19,CHIHUAHUA,424,2,URBANO(A)
8,8,19,CHIHUAHUA,425,2,URBANO(A)
8,8,19,CHIHUAHUA,426,2,URBANO(A)
8,8,19,CHIHUAHUA,427,2,URBANO(A)
8,8,19,CHIHUAHUA,428,2,URBANO(A)
8,8,19,CHIHUAHUA,429,2,URBANO(A)
8,8,19,CHIHUAHUA,430,2,URBANO(A)
8,8,19,CHIHUAHUA,431,2,URBANO(A)
8,8,19,CHIHUAHUA,432,2,URBANO(A)
8,8,19,CHIHUAHUA,433,2,URBANO(A)
8,8,19,CHIHUAHUA,434,2,URBANO(A)
8,8,19,CHIHUAHUA,435,2,URBANO(A)
8,8,19,CHIHUAHUA,436,2,URBANO(A)
8,8,19,CHIHUAHUA,437,2,URBANO(A)
8,8,19,CHIHUAHUA,438,2,URBANO(A)
8,8,19,CHIHUAHUA,439,2,URBANO(A)
8,8,19,CHIHUAHUA,440,2,URBANO(A)
8,8,19,CHIHUAHUA,441,2,URBANO(A)
8,8,19,CHIHUAHUA,442,2,URBANO(A)
8,8,19,CHIHUAHUA,443,2,URBANO(A)
8,8,19,CHIHUAHUA,444,2,URBANO(A)
8,8,19,CHIHUAHUA,445,2,URBANO(A)
8,8,19,CHIHUAHUA,446,2,URBANO(A)
8,8,19,CHIHUAHUA,447,2,URBANO(A)
8,8,19,CHIHUAHUA,448,2,URBANO(A)
8,8,19,CHIHUAHUA,449,2,URBANO(A)
8,8,19,CHIHUAHUA,450,2,URBANO(A)
8,8,19,CHIHUAHUA,451,2,URBANO(A)
8,8,19,CHIHUAHUA,452,2,URBANO(A)
8,8,19,CHIHUAHUA,453,2,URBANO(A)
8,8,19,CHIHUAHUA,454,2,URBANO(A)
8,8,19,CHIHUAHUA,455,2,URBANO(A)
8,8,19,CHIHUAHUA,456,2,URBANO(A)
8,8,19,CHIHUAHUA,457,2,URBANO(A)
8,8,19,CHIHUAHUA,458,2,URBANO(A)
8,8,19,CHIHUAHUA,459,2,URBANO(A)
8,8,19,CHIHUAHUA,460,2,URBANO(A)
8,8,19,CHIHUAHUA,461,2,URBANO(A)
8,8,19,CHIHUAHUA,462,2,URBANO(A)
8,8,19,CHIHUAHUA,463,2,URBANO(A)
8,8,19,CHIHUAHUA,464,2,URBANO(A)
8,8,19,CHIHUAHUA,465,2,URBANO(A)
8,8,19,CHIHUAHUA,466,2,URBANO(A)
8,8,19,CHIHUAHUA,467,2,URBANO(A)
8,8,19,CHIHUAHUA,468,2,URBANO(A)
8,8,19,CHIHUAHUA,469,2,URBANO(A)
8,8,19,CHIHUAHUA,470,2,URBANO(A)
8,8,19,CHIHUAHUA,471,2,URBANO(A)
8,8,19,CHIHUAHUA,472,2,URBANO(A)
8,8,19,CHIHUAHUA,473,2,URBANO(A)
8,8,19,CHIHUAHUA,474,2,URBANO(A)
8,8,19,CHIHUAHUA,475,2,URBANO(A)
8,8,19,CHIHUAHUA,476,2,URBANO(A)
8,8,19,CHIHUAHUA,477,2,URBANO(A)
8,8,19,CHIHUAHUA,478,2,URBANO(A)
8,8,19,CHIHUAHUA,479,2,URBANO(A)
8,8,19,CHIHUAHUA,480,2,URBANO(A)
8,8,19,CHIHUAHUA,481,2,URBANO(A)
8,8,19,CHIHUAHUA,482,2,URBANO(A)
8,8,19,CHIHUAHUA,483,2,URBANO(A)
8,8,19,CHIHUAHUA,484,2,URBANO(A)
8,8,19,CHIHUAHUA,485,2,URBANO(A)
8,8,19,CHIHUAHUA,486,2,URBANO(A)
8,8,19,CHIHUAHUA,487,2,URBANO(A)
8,8,19,CHIHUAHUA,488,2,URBANO(A)
8,8,19,CHIHUAHUA,489,2,URBANO(A)
8,8,19,CHIHUAHUA,490,2,URBANO(A)
8,8,19,CHIHUAHUA,491,2,URBANO(A)
8,8,19,CHIHUAHUA,492,2,URBANO(A)
8,8,19,CHIHUAHUA,493,2,URBANO(A)
8,8,19,CHIHUAHUA,494,2,URBANO(A)
8,8,19,CHIHUAHUA,495,2,URBANO(A)
8,8,19,CHIHUAHUA,496,2,URBANO(A)
8,8,19,CHIHUAHUA,497,2,URBANO(A)
8,8,19,CHIHUAHUA,498,2,URBANO(A)
8,8,19,CHIHUAHUA,499,2,URBANO(A)
8,8,19,CHIHUAHUA,500,2,URBANO(A)
8,8,19,CHIHUAHUA,501,2,URBANO(A)
8,8,19,CHIHUAHUA,502,2,URBANO(A)
8,8,19,CHIHUAHUA,503,2,URBANO(A)
8,8,19,CHIHUAHUA,504,2,URBANO(A)
8,8,19,CHIHUAHUA,505,2,URBANO(A)
8,8,19,CHIHUAHUA,506,2,URBANO(A)
8,8,19,CHIHUAHUA,507,2,URBANO(A)
8,8,19,CHIHUAHUA,508,2,URBANO(A)
8,8,19,CHIHUAHUA,509,2,URBANO(A)
8,8,19,CHIHUAHUA,510,2,URBANO(A)
8,8,19,CHIHUAHUA,511,2,URBANO(A)
8,8,19,CHIHUAHUA,512,2,URBANO(A)
8,8,19,CHIHUAHUA,513,2,URBANO(A)
8,8,19,CHIHUAHUA,514,2,URBANO(A)
8,8,19,CHIHUAHUA,515,2,URBANO(A)
8,8,19,CHIHUAHUA,516,2,URBANO(A)
8,8,19,CHIHUAHUA,517,2,URBANO(A)
8,8,19,CHIHUAHUA,518,2,URBANO(A)
8,8,19,CHIHUAHUA,519,2,URBANO(A)
8,8,19,CHIHUAHUA,520,2,URBANO(A)
8,8,19,CHIHUAHUA,521,2,URBANO(A)
8,8,19,CHIHUAHUA,522,2,URBANO(A)
8,8,19,CHIHUAHUA,523,2,URBANO(A)
8,8,19,CHIHUAHUA,524,2,URBANO(A)
8,8,19,CHIHUAHUA,525,2,URBANO(A)
8,8,19,CHIHUAHUA,526,2,URBANO(A)
8,8,19,CHIHUAHUA,527,2,URBANO(A)
8,8,19,CHIHUAHUA,528,2,URBANO(A)
8,8,19,CHIHUAHUA,529,2,URBANO(A)
8,8,19,CHIHUAHUA,530,2,URBANO(A)
8,8,19,CHIHUAHUA,531,2,URBANO(A)
8,8,19,CHIHUAHUA,532,2,URBANO(A)
8,8,19,CHIHUAHUA,533,2,URBANO(A)
8,8,19,CHIHUAHUA,534,2,URBANO(A)
8,8,19,CHIHUAHUA,535,2,URBANO(A)
8,8,19,CHIHUAHUA,536,2,URBANO(A)
8,8,19,CHIHUAHUA,537,2,URBANO(A)
8,8,19,CHIHUAHUA,538,2,URBANO(A)
8,8,19,CHIHUAHUA,539,2,URBANO(A)
8,8,19,CHIHUAHUA,540,2,URBANO(A)
8,8,19,CHIHUAHUA,541,2,URBANO(A)
8,8,19,CHIHUAHUA,542,2,URBANO(A)
8,8,19,CHIHUAHUA,543,2,URBANO(A)
8,8,19,CHIHUAHUA,544,2,URBANO(A)
8,8,19,CHIHUAHUA,545,2,URBANO(A)
8,8,19,CHIHUAHUA,546,2,URBANO(A)
8,8,19,CHIHUAHUA,547,2,URBANO(A)
8,8,19,CHIHUAHUA,548,2,URBANO(A)
8,8,19,CHIHUAHUA,549,2,URBANO(A)
8,8,19,CHIHUAHUA,550,2,URBANO(A)
8,8,19,CHIHUAHUA,551,2,URBANO(A)
8,8,19,CHIHUAHUA,552,2,URBANO(A)
8,8,19,CHIHUAHUA,553,2,URBANO(A)
8,8,19,CHIHUAHUA,554,2,URBANO(A)
8,8,19,CHIHUAHUA,555,2,URBANO(A)
8,8,19,CHIHUAHUA,556,2,URBANO(A)
8,8,19,CHIHUAHUA,557,2,URBANO(A)
8,8,19,CHIHUAHUA,558,2,URBANO(A)
8,8,19,CHIHUAHUA,559,2,URBANO(A)
8,8,19,CHIHUAHUA,560,2,URBANO(A)
8,8,19,CHIHUAHUA,561,2,URBANO(A)
8,8,19,CHIHUAHUA,562,2,URBANO(A)
8,8,19,CHIHUAHUA,563,2,URBANO(A)
8,8,19,CHIHUAHUA,564,2,URBANO(A)
8,8,19,CHIHUAHUA,565,2,URBANO(A)
8,8,19,CHIHUAHUA,566,2,URBANO(A)
8,8,19,CHIHUAHUA,567,2,URBANO(A)
8,8,19,CHIHUAHUA,568,2,URBANO(A)
8,8,19,CHIHUAHUA,569,2,URBANO(A)
8,8,19,CHIHUAHUA,570,2,URBANO(A)
8,8,19,CHIHUAHUA,571,2,URBANO(A)
8,8,19,CHIHUAHUA,572,2,URBANO(A)
8,8,19,CHIHUAHUA,573,2,URBANO(A)
8,8,19,CHIHUAHUA,574,2,URBANO(A)
8,8,19,CHIHUAHUA,575,2,URBANO(A)
8,8,19,CHIHUAHUA,576,2,URBANO(A)
8,8,19,CHIHUAHUA,577,2,URBANO(A)
8,8,19,CHIHUAHUA,578,2,URBANO(A)
8,8,19,CHIHUAHUA,579,2,URBANO(A)
8,8,19,CHIHUAHUA,580,2,URBANO(A)
8,8,19,CHIHUAHUA,581,2,URBANO(A)
8,8,19,CHIHUAHUA,582,2,URBANO(A)
8,8,19,CHIHUAHUA,583,2,URBANO(A)
8,8,19,CHIHUAHUA,584,2,URBANO(A)
8,8,19,CHIHUAHUA,585,2,URBANO(A)
8,8,19,CHIHUAHUA,586,2,URBANO(A)
8,8,19,CHIHUAHUA,587,2,URBANO(A)
8,8,19,CHIHUAHUA,588,2,URBANO(A)
8,8,19,CHIHUAHUA,589,2,URBANO(A)
8,8,19,CHIHUAHUA,590,2,URBANO(A)
8,8,19,CHIHUAHUA,591,2,URBANO(A)
8,8,19,CHIHUAHUA,592,2,URBANO(A)
8,8,19,CHIHUAHUA,593,2,URBANO(A)
8,8,19,CHIHUAHUA,594,2,URBANO(A)
8,8,19,CHIHUAHUA,595,2,URBANO(A)
8,8,19,CHIHUAHUA,597,2,URBANO(A)
8,8,19,CHIHUAHUA,598,2,URBANO(A)
8,8,19,CHIHUAHUA,599,2,URBANO(A)
8,8,19,CHIHUAHUA,600,2,URBANO(A)
8,8,19,CHIHUAHUA,601,2,URBANO(A)
8,8,19,CHIHUAHUA,602,2,URBANO(A)
8,8,19,CHIHUAHUA,603,2,URBANO(A)
8,8,19,CHIHUAHUA,604,2,URBANO(A)
8,8,19,CHIHUAHUA,605,2,URBANO(A)
8,8,19,CHIHUAHUA,606,2,URBANO(A)
8,8,19,CHIHUAHUA,607,2,URBANO(A)
8,6,19,CHIHUAHUA,612,2,URBANO(A)
8,8,19,CHIHUAHUA,614,2,URBANO(A)
8,6,19,CHIHUAHUA,615,2,URBANO(A)
8,6,19,CHIHUAHUA,616,2,URBANO(A)
8,6,19,CHIHUAHUA,617,2,URBANO(A)
8,6,19,CHIHUAHUA,618,2,URBANO(A)
8,6,19,CHIHUAHUA,619,2,URBANO(A)
8,6,19,CHIHUAHUA,620,2,URBANO(A)
8,6,19,CHIHUAHUA,621,2,URBANO(A)
8,6,19,CHIHUAHUA,622,2,URBANO(A)
8,6,19,CHIHUAHUA,623,2,URBANO(A)
8,6,19,CHIHUAHUA,624,2,URBANO(A)
8,6,19,CHIHUAHUA,625,2,URBANO(A)
8,6,19,CHIHUAHUA,626,2,URBANO(A)
8,6,19,CHIHUAHUA,627,2,URBANO(A)
8,6,19,CHIHUAHUA,628,2,URBANO(A)
8,6,19,CHIHUAHUA,629,2,URBANO(A)
8,6,19,CHIHUAHUA,630,2,URBANO(A)
8,6,19,CHIHUAHUA,631,2,URBANO(A)
8,6,19,CHIHUAHUA,632,2,URBANO(A)
8,8,19,CHIHUAHUA,633,2,URBANO(A)
8,6,19,CHIHUAHUA,634,2,URBANO(A)
8,6,19,CHIHUAHUA,635,2,URBANO(A)
8,6,19,CHIHUAHUA,636,2,URBANO(A)
8,6,19,CHIHUAHUA,637,2,URBANO(A)
8,6,19,CHIHUAHUA,638,2,URBANO(A)
8,6,19,CHIHUAHUA,639,2,URBANO(A)
8,6,19,CHIHUAHUA,640,2,URBANO(A)
8,6,19,CHIHUAHUA,642,2,URBANO(A)
8,6,19,CHIHUAHUA,643,2,URBANO(A)
8,6,19,CHIHUAHUA,644,2,URBANO(A)
8,6,19,CHIHUAHUA,645,2,URBANO(A)
8,8,19,CHIHUAHUA,646,2,URBANO(A)
8,8,19,CHIHUAHUA,647,2,URBANO(A)
8,8,19,CHIHUAHUA,648,2,URBANO(A)
8,8,19,CHIHUAHUA,649,2,URBANO(A)
8,8,19,CHIHUAHUA,650,2,URBANO(A)
8,8,19,CHIHUAHUA,651,2,URBANO(A)
8,8,19,CHIHUAHUA,652,2,URBANO(A)
8,6,19,CHIHUAHUA,653,2,URBANO(A)
8,6,19,CHIHUAHUA,654,2,URBANO(A)
8,6,19,CHIHUAHUA,655,2,URBANO(A)
8,6,19,CHIHUAHUA,656,2,URBANO(A)
8,6,19,CHIHUAHUA,657,2,URBANO(A)
8,6,19,CHIHUAHUA,658,2,URBANO(A)
8,6,19,CHIHUAHUA,659,2,URBANO(A)
8,6,19,CHIHUAHUA,660,2,URBANO(A)
8,6,19,CHIHUAHUA,661,2,URBANO(A)
8,8,19,CHIHUAHUA,662,2,URBANO(A)
8,8,19,CHIHUAHUA,663,2,URBANO(A)
8,8,19,CHIHUAHUA,664,2,URBANO(A)
8,8,19,CHIHUAHUA,665,2,URBANO(A)
8,8,19,CHIHUAHUA,666,2,URBANO(A)
8,8,19,CHIHUAHUA,667,2,URBANO(A)
8,8,19,CHIHUAHUA,668,2,URBANO(A)
8,8,19,CHIHUAHUA,669,2,URBANO(A)
8,8,19,CHIHUAHUA,671,2,URBANO(A)
8,8,19,CHIHUAHUA,672,2,URBANO(A)
8,8,19,CHIHUAHUA,673,2,URBANO(A)
8,8,19,CHIHUAHUA,674,2,URBANO(A)
8,6,19,CHIHUAHUA,675,2,URBANO(A)
8,6,19,CHIHUAHUA,676,2,URBANO(A)
8,6,19,CHIHUAHUA,677,2,URBANO(A)
8,6,19,CHIHUAHUA,678,2,URBANO(A)
8,6,19,CHIHUAHUA,679,2,URBANO(A)
8,6,19,CHIHUAHUA,680,2,URBANO(A)
8,6,19,CHIHUAHUA,681,2,URBANO(A)
8,6,19,CHIHUAHUA,682,2,URBANO(A)
8,8,19,CHIHUAHUA,683,2,URBANO(A)
8,8,19,CHIHUAHUA,684,2,URBANO(A)
8,8,19,CHIHUAHUA,685,2,URBANO(A)
8,8,19,CHIHUAHUA,686,2,URBANO(A)
8,8,19,CHIHUAHUA,687,2,URBANO(A)
8,8,19,CHIHUAHUA,688,2,URBANO(A)
8,8,19,CHIHUAHUA,689,2,URBANO(A)
8,8,19,CHIHUAHUA,690,2,URBANO(A)
8,8,19,CHIHUAHUA,691,2,URBANO(A)
8,8,19,CHIHUAHUA,692,2,URBANO(A)
8,8,19,CHIHUAHUA,693,2,URBANO(A)
8,8,19,CHIHUAHUA,694,2,URBANO(A)
8,8,19,CHIHUAHUA,695,2,URBANO(A)
8,6,19,CHIHUAHUA,696,2,URBANO(A)
8,6,19,CHIHUAHUA,697,2,URBANO(A)
8,6,19,CHIHUAHUA,698,2,URBANO(A)
8,6,19,CHIHUAHUA,699,2,URBANO(A)
8,6,19,CHIHUAHUA,700,2,URBANO(A)
8,6,19,CHIHUAHUA,701,2,URBANO(A)
8,6,19,CHIHUAHUA,702,2,URBANO(A)
8,6,19,CHIHUAHUA,703,2,URBANO(A)
8,6,19,CHIHUAHUA,704,2,URBANO(A)
8,6,19,CHIHUAHUA,705,2,URBANO(A)
8,6,19,CHIHUAHUA,706,2,URBANO(A)
8,6,19,CHIHUAHUA,707,2,URBANO(A)
8,6,19,CHIHUAHUA,708,2,URBANO(A)
8,6,19,CHIHUAHUA,709,2,URBANO(A)
8,6,19,CHIHUAHUA,710,2,URBANO(A)
8,6,19,CHIHUAHUA,711,2,URBANO(A)
8,8,19,CHIHUAHUA,712,2,URBANO(A)
8,8,19,CHIHUAHUA,713,2,URBANO(A)
8,8,19,CHIHUAHUA,714,2,URBANO(A)
8,8,19,CHIHUAHUA,715,2,URBANO(A)
8,8,19,CHIHUAHUA,716,2,URBANO(A)
8,8,19,CHIHUAHUA,717,2,URBANO(A)
8,8,19,CHIHUAHUA,718,2,URBANO(A)
8,8,19,CHIHUAHUA,719,2,URBANO(A)
8,6,19,CHIHUAHUA,720,2,URBANO(A)
8,6,19,CHIHUAHUA,721,2,URBANO(A)
8,6,19,CHIHUAHUA,722,2,URBANO(A)
8,6,19,CHIHUAHUA,723,2,URBANO(A)
8,6,19,CHIHUAHUA,724,2,URBANO(A)
8,6,19,CHIHUAHUA,725,2,URBANO(A)
8,6,19,CHIHUAHUA,726,2,URBANO(A)
8,6,19,CHIHUAHUA,727,2,URBANO(A)
8,6,19,CHIHUAHUA,728,2,URBANO(A)
8,6,19,CHIHUAHUA,729,2,URBANO(A)
8,6,19,CHIHUAHUA,730,2,URBANO(A)
8,6,19,CHIHUAHUA,731,2,URBANO(A)
8,6,19,CHIHUAHUA,732,2,URBANO(A)
8,6,19,CHIHUAHUA,733,2,URBANO(A)
8,6,19,CHIHUAHUA,734,2,URBANO(A)
8,6,19,CHIHUAHUA,735,2,URBANO(A)
8,6,19,CHIHUAHUA,736,2,URBANO(A)
8,6,19,CHIHUAHUA,737,2,URBANO(A)
8,8,19,CHIHUAHUA,738,2,URBANO(A)
8,8,19,CHIHUAHUA,739,2,URBANO(A)
8,8,19,CHIHUAHUA,740,2,URBANO(A)
8,8,19,CHIHUAHUA,741,2,URBANO(A)
8,8,19,CHIHUAHUA,742,2,URBANO(A)
8,6,19,CHIHUAHUA,743,2,URBANO(A)
8,6,19,CHIHUAHUA,744,2,URBANO(A)
8,6,19,CHIHUAHUA,745,2,URBANO(A)
8,6,19,CHIHUAHUA,746,2,URBANO(A)
8,6,19,CHIHUAHUA,747,2,URBANO(A)
8,6,19,CHIHUAHUA,748,2,URBANO(A)
8,6,19,CHIHUAHUA,749,2,URBANO(A)
8,6,19,CHIHUAHUA,750,2,URBANO(A)
8,6,19,CHIHUAHUA,751,2,URBANO(A)
8,6,19,CHIHUAHUA,752,2,URBANO(A)
8,6,19,CHIHUAHUA,753,2,URBANO(A)
8,6,19,CHIHUAHUA,755,2,URBANO(A)
8,6,19,CHIHUAHUA,756,2,URBANO(A)
8,6,19,CHIHUAHUA,757,2,URBANO(A)
8,6,19,CHIHUAHUA,758,2,URBANO(A)
8,6,19,CHIHUAHUA,759,2,URBANO(A)
8,6,19,CHIHUAHUA,760,2,URBANO(A)
8,6,19,CHIHUAHUA,761,2,URBANO(A)
8,6,19,CHIHUAHUA,762,2,URBANO(A)
8,6,19,CHIHUAHUA,763,2,URBANO(A)
8,6,19,CHIHUAHUA,764,2,URBANO(A)
8,8,19,CHIHUAHUA,765,2,URBANO(A)
8,8,19,CHIHUAHUA,766,2,URBANO(A)
8,8,19,CHIHUAHUA,767,2,URBANO(A)
8,8,19,CHIHUAHUA,768,2,URBANO(A)
8,8,19,CHIHUAHUA,769,2,URBANO(A)
8,8,19,CHIHUAHUA,770,2,URBANO(A)
8,6,19,CHIHUAHUA,771,2,URBANO(A)
8,6,19,CHIHUAHUA,772,2,URBANO(A)
8,6,19,CHIHUAHUA,773,2,URBANO(A)
8,6,19,CHIHUAHUA,774,2,URBANO(A)
8,6,19,CHIHUAHUA,775,2,URBANO(A)
8,6,19,CHIHUAHUA,776,2,URBANO(A)
8,6,19,CHIHUAHUA,777,2,URBANO(A)
8,6,19,CHIHUAHUA,778,2,URBANO(A)
8,6,19,CHIHUAHUA,779,2,URBANO(A)
8,6,19,CHIHUAHUA,780,2,URBANO(A)
8,6,19,CHIHUAHUA,781,2,URBANO(A)
8,8,19,CHIHUAHUA,782,2,URBANO(A)
8,8,19,CHIHUAHUA,783,2,URBANO(A)
8,8,19,CHIHUAHUA,784,2,URBANO(A)
8,8,19,CHIHUAHUA,785,2,URBANO(A)
8,8,19,CHIHUAHUA,786,2,URBANO(A)
8,8,19,CHIHUAHUA,787,2,URBANO(A)
8,8,19,CHIHUAHUA,788,2,URBANO(A)
8,8,19,CHIHUAHUA,789,2,URBANO(A)
8,8,19,CHIHUAHUA,790,2,URBANO(A)
8,8,19,CHIHUAHUA,791,2,URBANO(A)
8,8,19,CHIHUAHUA,792,2,URBANO(A)
8,8,19,CHIHUAHUA,793,2,URBANO(A)
8,8,19,CHIHUAHUA,794,2,URBANO(A)
8,6,19,CHIHUAHUA,795,2,URBANO(A)
8,6,19,CHIHUAHUA,796,2,URBANO(A)
8,6,19,CHIHUAHUA,797,2,URBANO(A)
8,6,19,CHIHUAHUA,798,2,URBANO(A)
8,6,19,CHIHUAHUA,799,2,URBANO(A)
8,6,19,CHIHUAHUA,800,2,URBANO(A)
8,6,19,CHIHUAHUA,801,2,URBANO(A)
8,6,19,CHIHUAHUA,802,2,URBANO(A)
8,6,19,CHIHUAHUA,803,2,URBANO(A)
8,6,19,CHIHUAHUA,804,2,URBANO(A)
8,6,19,CHIHUAHUA,806,2,URBANO(A)
8,6,19,CHIHUAHUA,807,2,URBANO(A)
8,6,19,CHIHUAHUA,808,2,URBANO(A)
8,6,19,CHIHUAHUA,809,2,URBANO(A)
8,8,19,CHIHUAHUA,810,2,URBANO(A)
8,8,19,CHIHUAHUA,811,2,URBANO(A)
8,8,19,CHIHUAHUA,812,2,URBANO(A)
8,8,19,CHIHUAHUA,813,2,URBANO(A)
8,8,19,CHIHUAHUA,814,2,URBANO(A)
8,8,19,CHIHUAHUA,815,2,URBANO(A)
8,8,19,CHIHUAHUA,816,2,URBANO(A)
8,8,19,CHIHUAHUA,817,2,URBANO(A)
8,8,19,CHIHUAHUA,818,2,URBANO(A)
8,6,19,CHIHUAHUA,819,2,URBANO(A)
8,6,19,CHIHUAHUA,820,2,URBANO(A)
8,6,19,CHIHUAHUA,821,2,URBANO(A)
8,6,19,CHIHUAHUA,822,2,URBANO(A)
8,6,19,CHIHUAHUA,823,2,URBANO(A)
8,6,19,CHIHUAHUA,824,2,URBANO(A)
8,6,19,CHIHUAHUA,825,2,URBANO(A)
8,6,19,CHIHUAHUA,826,2,URBANO(A)
8,6,19,CHIHUAHUA,827,2,URBANO(A)
8,6,19,CHIHUAHUA,828,2,URBANO(A)
8,6,19,CHIHUAHUA,829,2,URBANO(A)
8,6,19,CHIHUAHUA,830,2,URBANO(A)
8,8,19,CHIHUAHUA,831,2,URBANO(A)
8,8,19,CHIHUAHUA,832,2,URBANO(A)
8,8,19,CHIHUAHUA,833,2,URBANO(A)
8,8,19,CHIHUAHUA,834,2,URBANO(A)
8,6,19,CHIHUAHUA,835,2,URBANO(A)
8,6,19,CHIHUAHUA,836,2,URBANO(A)
8,6,19,CHIHUAHUA,837,2,URBANO(A)
8,6,19,CHIHUAHUA,838,2,URBANO(A)
8,6,19,CHIHUAHUA,839,2,URBANO(A)
8,6,19,CHIHUAHUA,840,2,URBANO(A)
8,6,19,CHIHUAHUA,841,2,URBANO(A)
8,6,19,CHIHUAHUA,842,2,URBANO(A)
8,6,19,CHIHUAHUA,843,2,URBANO(A)
8,6,19,CHIHUAHUA,844,2,URBANO(A)
8,6,19,CHIHUAHUA,845,2,URBANO(A)
8,6,19,CHIHUAHUA,846,2,URBANO(A)
8,6,19,CHIHUAHUA,847,2,URBANO(A)
8,8,19,CHIHUAHUA,848,2,URBANO(A)
8,8,19,CHIHUAHUA,850,2,URBANO(A)
8,8,19,CHIHUAHUA,851,2,URBANO(A)
8,8,19,CHIHUAHUA,852,2,URBANO(A)
8,8,19,CHIHUAHUA,853,2,URBANO(A)
8,8,19,CHIHUAHUA,854,2,URBANO(A)
8,8,19,CHIHUAHUA,855,2,URBANO(A)
8,8,19,CHIHUAHUA,856,2,URBANO(A)
8,8,19,CHIHUAHUA,857,2,URBANO(A)
8,8,19,CHIHUAHUA,858,2,URBANO(A)
8,8,19,CHIHUAHUA,859,2,URBANO(A)
8,8,19,CHIHUAHUA,860,2,URBANO(A)
8,8,19,CHIHUAHUA,861,2,URBANO(A)
8,8,19,CHIHUAHUA,862,2,URBANO(A)
8,8,19,CHIHUAHUA,863,2,URBANO(A)
8,8,19,CHIHUAHUA,864,2,URBANO(A)
8,8,19,CHIHUAHUA,865,2,URBANO(A)
8,8,19,CHIHUAHUA,866,2,URBANO(A)
8,8,19,CHIHUAHUA,867,2,URBANO(A)
8,8,19,CHIHUAHUA,868,2,URBANO(A)
8,8,19,CHIHUAHUA,869,2,URBANO(A)
8,8,19,CHIHUAHUA,870,2,URBANO(A)
8,8,19,CHIHUAHUA,871,2,URBANO(A)
8,8,19,CHIHUAHUA,872,2,URBANO(A)
8,8,19,CHIHUAHUA,873,2,URBANO(A)
8,8,19,CHIHUAHUA,874,2,URBANO(A)
8,8,19,CHIHUAHUA,875,2,URBANO(A)
8,8,19,CHIHUAHUA,876,2,URBANO(A)
8,8,19,CHIHUAHUA,877,3,MIXTO(A)
8,8,19,CHIHUAHUA,878,2,URBANO(A)
8,8,19,CHIHUAHUA,880,2,URBANO(A)
8,8,19,CHIHUAHUA,885,2,URBANO(A)
8,6,19,CHIHUAHUA,886,4,RURAL
8,6,19,CHIHUAHUA,887,4,RURAL
8,6,19,CHIHUAHUA,889,2,URBANO(A)
8,6,19,CHIHUAHUA,890,4,RURAL
8,6,19,CHIHUAHUA,891,3,MIXTO(A)
8,6,19,CHIHUAHUA,892,4,RURAL
8,6,19,CHIHUAHUA,893,4,RURAL
8,6,19,CHIHUAHUA,894,4,RURAL
8,6,19,CHIHUAHUA,898,4,RURAL
8,8,19,CHIHUAHUA,899,4,RURAL
8,8,19,CHIHUAHUA,900,3,MIXTO(A)
8,8,19,CHIHUAHUA,901,4,RURAL
8,8,19,CHIHUAHUA,902,4,RURAL
8,8,19,CHIHUAHUA,903,4,RURAL
8,8,19,CHIHUAHUA,904,4,RURAL
8,8,19,CHIHUAHUA,905,4,RURAL
8,6,19,CHIHUAHUA,906,2,URBANO(A)
8,8,19,CHIHUAHUA,908,2,URBANO(A)
8,8,19,CHIHUAHUA,909,2,URBANO(A)
8,8,19,CHIHUAHUA,910,2,URBANO(A)
8,9,20,CHINIPAS,912,3,MIXTO(A)
8,9,20,CHINIPAS,913,3,MIXTO(A)
8,9,20,CHINIPAS,914,4,RURAL
8,9,20,CHINIPAS,915,4,RURAL
8,9,20,CHINIPAS,916,4,RURAL
8,9,20,CHINIPAS,917,4,RURAL
8,9,20,CHINIPAS,918,4,RURAL
8,9,20,CHINIPAS,919,4,RURAL
8,5,21,DELICIAS,921,2,URBANO(A)
8,5,21,DELICIAS,922,2,URBANO(A)
8,5,21,DELICIAS,923,2,URBANO(A)
8,5,21,DELICIAS,924,2,URBANO(A)
8,5,21,DELICIAS,925,2,URBANO(A)
8,5,21,DELICIAS,926,2,URBANO(A)
8,5,21,DELICIAS,927,2,URBANO(A)
8,5,21,DELICIAS,928,2,URBANO(A)
8,5,21,DELICIAS,929,2,URBANO(A)
8,5,21,DELICIAS,930,2,URBANO(A)
8,5,21,DELICIAS,931,2,URBANO(A)
8,5,21,DELICIAS,932,2,URBANO(A)
8,5,21,DELICIAS,933,2,URBANO(A)
8,5,21,DELICIAS,934,2,URBANO(A)
8,5,21,DELICIAS,935,2,URBANO(A)
8,5,21,DELICIAS,936,2,URBANO(A)
8,5,21,DELICIAS,937,2,URBANO(A)
8,5,21,DELICIAS,938,2,URBANO(A)
8,5,21,DELICIAS,939,2,URBANO(A)
8,5,21,DELICIAS,940,2,URBANO(A)
8,5,21,DELICIAS,941,2,URBANO(A)
8,5,21,DELICIAS,942,2,URBANO(A)
8,5,21,DELICIAS,943,2,URBANO(A)
8,5,21,DELICIAS,944,2,URBANO(A)
8,5,21,DELICIAS,945,3,MIXTO(A)
8,5,21,DELICIAS,946,2,URBANO(A)
8,5,21,DELICIAS,947,2,URBANO(A)
8,5,21,DELICIAS,948,2,URBANO(A)
8,5,21,DELICIAS,949,2,URBANO(A)
8,5,21,DELICIAS,950,2,URBANO(A)
8,5,21,DELICIAS,951,2,URBANO(A)
8,5,21,DELICIAS,952,2,URBANO(A)
8,5,21,DELICIAS,953,2,URBANO(A)
8,5,21,DELICIAS,954,2,URBANO(A)
8,5,21,DELICIAS,955,2,URBANO(A)
8,5,21,DELICIAS,956,2,URBANO(A)
8,5,21,DELICIAS,957,2,URBANO(A)
8,5,21,DELICIAS,958,2,URBANO(A)
8,5,21,DELICIAS,959,2,URBANO(A)
8,5,21,DELICIAS,960,2,URBANO(A)
8,5,21,DELICIAS,961,2,URBANO(A)
8,5,21,DELICIAS,962,2,URBANO(A)
8,5,21,DELICIAS,963,2,URBANO(A)
8,5,21,DELICIAS,964,2,URBANO(A)
8,5,21,DELICIAS,965,2,URBANO(A)
8,5,21,DELICIAS,966,2,URBANO(A)
8,5,21,DELICIAS,967,2,URBANO(A)
8,5,21,DELICIAS,968,2,URBANO(A)
8,5,21,DELICIAS,969,2,URBANO(A)
8,5,21,DELICIAS,970,2,URBANO(A)
8,5,21,DELICIAS,971,2,URBANO(A)
8,5,21,DELICIAS,973,2,URBANO(A)
8,5,21,DELICIAS,974,2,URBANO(A)
8,5,21,DELICIAS,975,2,URBANO(A)
8,5,21,DELICIAS,976,2,URBANO(A)
8,5,21,DELICIAS,977,2,URBANO(A)
8,5,21,DELICIAS,978,2,URBANO(A)
8,5,21,DELICIAS,979,2,URBANO(A)
8,5,21,DELICIAS,980,2,URBANO(A)
8,5,21,DELICIAS,981,2,URBANO(A)
8,5,21,DELICIAS,982,2,URBANO(A)
8,5,21,DELICIAS,983,2,URBANO(A)
8,5,21,DELICIAS,984,2,URBANO(A)
8,5,21,DELICIAS,985,2,URBANO(A)
8,5,21,DELICIAS,986,2,URBANO(A)
8,5,21,DELICIAS,987,2,URBANO(A)
8,5,21,DELICIAS,988,2,URBANO(A)
8,5,21,DELICIAS,989,2,URBANO(A)
8,5,21,DELICIAS,990,2,URBANO(A)
8,5,21,DELICIAS,992,2,URBANO(A)
8,5,21,DELICIAS,993,2,URBANO(A)
8,5,21,DELICIAS,994,2,URBANO(A)
8,5,21,DELICIAS,995,2,URBANO(A)
8,5,21,DELICIAS,996,2,URBANO(A)
8,5,21,DELICIAS,997,2,URBANO(A)
8,5,21,DELICIAS,998,3,MIXTO(A)
8,5,21,DELICIAS,999,2,URBANO(A)
8,5,21,DELICIAS,1000,2,URBANO(A)
8,5,21,DELICIAS,1001,3,MIXTO(A)
8,5,21,DELICIAS,1002,2,URBANO(A)
8,5,21,DELICIAS,1003,2,URBANO(A)
8,5,21,DELICIAS,1004,2,URBANO(A)
8,5,21,DELICIAS,1005,2,URBANO(A)
8,5,21,DELICIAS,1006,2,URBANO(A)
8,5,21,DELICIAS,1007,2,URBANO(A)
8,5,21,DELICIAS,1008,2,URBANO(A)
8,5,21,DELICIAS,1009,4,RURAL
8,5,21,DELICIAS,1010,4,RURAL
8,5,21,DELICIAS,1011,3,MIXTO(A)
8,5,21,DELICIAS,1012,4,RURAL
8,5,21,DELICIAS,1013,2,URBANO(A)
8,5,21,DELICIAS,1014,2,URBANO(A)
8,5,21,DELICIAS,1015,3,MIXTO(A)
8,5,21,DELICIAS,1016,2,URBANO(A)
8,5,21,DELICIAS,1017,4,RURAL
8,5,21,DELICIAS,1018,4,RURAL
8,5,21,DELICIAS,1019,4,RURAL
8,5,21,DELICIAS,1020,2,URBANO(A)
8,5,21,DELICIAS,1021,3,MIXTO(A)
8,5,21,DELICIAS,1022,4,RURAL
8,5,21,DELICIAS,1023,3,MIXTO(A)
8,5,21,DELICIAS,1024,3,MIXTO(A)
8,5,21,DELICIAS,1026,3,MIXTO(A)
8,5,21,DELICIAS,1027,3,MIXTO(A)
8,5,21,DELICIAS,1028,3,MIXTO(A)
8,5,21,DELICIAS,1029,4,RURAL
8,5,21,DELICIAS,1030,2,URBANO(A)
8,9,22,DR. BELISARIO DOMINGUEZ,1031,3,MIXTO(A)
8,9,22,DR. BELISARIO DOMINGUEZ,1032,3,MIXTO(A)
8,9,22,DR. BELISARIO DOMINGUEZ,1033,3,MIXTO(A)
8,9,22,DR. BELISARIO DOMINGUEZ,1034,4,RURAL
8,9,22,DR. BELISARIO DOMINGUEZ,1035,4,RURAL
8,9,22,DR. BELISARIO DOMINGUEZ,1036,4,RURAL
8,9,22,DR. BELISARIO DOMINGUEZ,1039,4,RURAL
8,9,22,DR. BELISARIO DOMINGUEZ,1041,4,RURAL
8,7,23,GALEANA,1042,3,MIXTO(A)
8,7,23,GALEANA,1044,4,RURAL
8,7,23,GALEANA,1045,4,RURAL
8,7,24,SANTA ISABEL,1046,2,URBANO(A)
8,7,24,SANTA ISABEL,1047,4,RURAL
8,7,24,SANTA ISABEL,1048,4,RURAL
8,7,24,SANTA ISABEL,1049,4,RURAL
8,7,24,SANTA ISABEL,1050,4,RURAL
8,7,24,SANTA ISABEL,1051,4,RURAL
8,7,24,SANTA ISABEL,1052,4,RURAL
8,7,25,GOMEZ FARIAS,1053,2,URBANO(A)
8,7,25,GOMEZ FARIAS,1054,2,URBANO(A)
8,7,25,GOMEZ FARIAS,1055,2,URBANO(A)
8,7,25,GOMEZ FARIAS,1056,2,URBANO(A)
8,7,25,GOMEZ FARIAS,1057,2,URBANO(A)
8,7,25,GOMEZ FARIAS,1058,2,URBANO(A)
8,7,25,GOMEZ FARIAS,1059,3,MIXTO(A)
8,7,25,GOMEZ FARIAS,1060,3,MIXTO(A)
8,7,25,GOMEZ FARIAS,1061,2,URBANO(A)
8,7,25,GOMEZ FARIAS,1062,3,MIXTO(A)
8,7,25,GOMEZ FARIAS,1063,2,URBANO(A)
8,7,25,GOMEZ FARIAS,1064,4,RURAL
8,7,25,GOMEZ FARIAS,1065,4,RURAL
8,7,25,GOMEZ FARIAS,1066,4,RURAL
8,7,25,GOMEZ FARIAS,1067,4,RURAL
8,7,26,GRAN MORELOS,1069,3,MIXTO(A)
8,7,26,GRAN MORELOS,1070,3,MIXTO(A)
8,7,26,GRAN MORELOS,1071,4,RURAL
8,7,26,GRAN MORELOS,1072,4,RURAL
8,7,26,GRAN MORELOS,1073,4,RURAL
8,7,26,GRAN MORELOS,1074,4,RURAL
8,7,26,GRAN MORELOS,1075,4,RURAL
8,7,26,GRAN MORELOS,1076,4,RURAL
8,7,26,GRAN MORELOS,1077,4,RURAL
8,7,26,GRAN MORELOS,1078,4,RURAL
8,7,26,GRAN MORELOS,1079,4,RURAL
8,7,26,GRAN MORELOS,1080,4,RURAL
8,7,26,GRAN MORELOS,1081,4,RURAL
8,9,27,GUACHOCHI,1082,2,URBANO(A)
8,9,27,GUACHOCHI,1083,2,URBANO(A)
8,9,27,GUACHOCHI,1084,2,URBANO(A)
8,9,27,GUACHOCHI,1085,2,URBANO(A)
8,9,27,GUACHOCHI,1086,2,URBANO(A)
8,9,27,GUACHOCHI,1087,2,URBANO(A)
8,9,27,GUACHOCHI,1088,2,URBANO(A)
8,9,27,GUACHOCHI,1089,2,URBANO(A)
8,9,27,GUACHOCHI,1090,2,URBANO(A)
8,9,27,GUACHOCHI,1091,2,URBANO(A)
8,9,27,GUACHOCHI,1092,4,RURAL
8,9,27,GUACHOCHI,1093,4,RURAL
8,9,27,GUACHOCHI,1094,4,RURAL
8,9,27,GUACHOCHI,1095,4,RURAL
8,9,27,GUACHOCHI,1096,4,RURAL
8,9,27,GUACHOCHI,1097,4,RURAL
8,9,27,GUACHOCHI,1098,4,RURAL
8,9,27,GUACHOCHI,1099,4,RURAL
8,9,27,GUACHOCHI,1100,4,RURAL
8,9,27,GUACHOCHI,1101,4,RURAL
8,9,27,GUACHOCHI,1102,4,RURAL
8,9,27,GUACHOCHI,1103,4,RURAL
8,9,27,GUACHOCHI,1104,4,RURAL
8,9,27,GUACHOCHI,1105,4,RURAL
8,9,27,GUACHOCHI,1106,4,RURAL
8,9,27,GUACHOCHI,1107,4,RURAL
8,9,27,GUACHOCHI,1108,4,RURAL
8,9,27,GUACHOCHI,1109,4,RURAL
8,9,27,GUACHOCHI,1110,4,RURAL
8,9,27,GUACHOCHI,1111,4,RURAL
8,9,27,GUACHOCHI,1112,4,RURAL
8,9,27,GUACHOCHI,1113,4,RURAL
8,9,27,GUACHOCHI,1114,4,RURAL
8,9,27,GUACHOCHI,1115,4,RURAL
8,9,27,GUACHOCHI,1116,4,RURAL
8,9,27,GUACHOCHI,1117,4,RURAL
8,9,27,GUACHOCHI,1118,4,RURAL
8,9,27,GUACHOCHI,1119,4,RURAL
8,9,27,GUACHOCHI,1120,4,RURAL
8,9,27,GUACHOCHI,1122,4,RURAL
8,9,27,GUACHOCHI,1123,4,RURAL
8,9,27,GUACHOCHI,1124,4,RURAL
8,9,27,GUACHOCHI,1125,4,RURAL
8,2,28,GUADALUPE,1126,2,URBANO(A)
8,2,28,GUADALUPE,1127,3,MIXTO(A)
8,2,28,GUADALUPE,1128,2,URBANO(A)
8,2,28,GUADALUPE,1129,2,URBANO(A)
8,2,28,GUADALUPE,1130,2,URBANO(A)
8,2,28,GUADALUPE,1131,4,RURAL
8,2,28,GUADALUPE,1132,4,RURAL
8,2,28,GUADALUPE,1134,4,RURAL
8,9,29,GUADALUPE Y CALVO,1135,2,URBANO(A)
8,9,29,GUADALUPE Y CALVO,1136,3,MIXTO(A)
8,9,29,GUADALUPE Y CALVO,1137,4,RURAL
8,9,29,GUADALUPE Y CALVO,1138,4,RURAL
8,9,29,GUADALUPE Y CALVO,1139,4,RURAL
8,9,29,GUADALUPE Y CALVO,1140,4,RURAL
8,9,29,GUADALUPE Y CALVO,1142,4,RURAL
8,9,29,GUADALUPE Y CALVO,1143,2,URBANO(A)
8,9,29,GUADALUPE Y CALVO,1144,4,RURAL
8,9,29,GUADALUPE Y CALVO,1145,4,RURAL
8,9,29,GUADALUPE Y CALVO,1146,4,RURAL
8,9,29,GUADALUPE Y CALVO,1147,4,RURAL
8,9,29,GUADALUPE Y CALVO,1148,4,RURAL
8,9,29,GUADALUPE Y CALVO,1149,4,RURAL
8,9,29,GUADALUPE Y CALVO,1150,4,RURAL
8,9,29,GUADALUPE Y CALVO,1151,4,RURAL
8,9,29,GUADALUPE Y CALVO,1152,4,RURAL
8,9,29,GUADALUPE Y CALVO,1153,4,RURAL
8,9,29,GUADALUPE Y CALVO,1154,4,RURAL
8,9,29,GUADALUPE Y CALVO,1155,4,RURAL
8,9,29,GUADALUPE Y CALVO,1156,4,RURAL
8,9,29,GUADALUPE Y CALVO,1157,4,RURAL
8,9,29,GUADALUPE Y CALVO,1158,4,RURAL
8,9,29,GUADALUPE Y CALVO,1159,4,RURAL
8,9,29,GUADALUPE Y CALVO,1160,4,RURAL
8,9,29,GUADALUPE Y CALVO,1161,4,RURAL
8,9,29,GUADALUPE Y CALVO,1162,4,RURAL
8,9,29,GUADALUPE Y CALVO,1163,4,RURAL
8,9,29,GUADALUPE Y CALVO,1164,4,RURAL
8,9,29,GUADALUPE Y CALVO,1165,4,RURAL
8,9,30,GUAZAPARES,1167,3,MIXTO(A)
8,9,30,GUAZAPARES,1168,3,MIXTO(A)
8,9,30,GUAZAPARES,1169,4,RURAL
8,9,30,GUAZAPARES,1170,4,RURAL
8,9,30,GUAZAPARES,1171,4,RURAL
8,9,30,GUAZAPARES,1172,4,RURAL
8,9,30,GUAZAPARES,1173,4,RURAL
8,9,30,GUAZAPARES,1174,4,RURAL
8,9,30,GUAZAPARES,1175,4,RURAL
8,9,30,GUAZAPARES,1177,4,RURAL
8,9,30,GUAZAPARES,1178,4,RURAL
8,9,30,GUAZAPARES,1179,4,RURAL
8,9,30,GUAZAPARES,1180,4,RURAL
8,9,30,GUAZAPARES,1181,4,RURAL
8,7,31,GUERRERO,1182,3,MIXTO(A)
8,7,31,GUERRERO,1183,2,URBANO(A)
8,7,31,GUERRERO,1184,3,MIXTO(A)
8,7,31,GUERRERO,1185,2,URBANO(A)
8,7,31,GUERRERO,1186,2,URBANO(A)
8,7,31,GUERRERO,1187,2,URBANO(A)
8,7,31,GUERRERO,1188,2,URBANO(A)
8,7,31,GUERRERO,1189,2,URBANO(A)
8,7,31,GUERRERO,1190,2,URBANO(A)
8,7,31,GUERRERO,1191,2,URBANO(A)
8,7,31,GUERRERO,1192,2,URBANO(A)
8,7,31,GUERRERO,1193,2,URBANO(A)
8,7,31,GUERRERO,1194,2,URBANO(A)
8,7,31,GUERRERO,1195,2,URBANO(A)
8,7,31,GUERRERO,1196,2,URBANO(A)
8,7,31,GUERRERO,1197,2,URBANO(A)
8,7,31,GUERRERO,1198,2,URBANO(A)
8,7,31,GUERRERO,1199,3,MIXTO(A)
8,7,31,GUERRERO,1200,4,RURAL
8,7,31,GUERRERO,1201,4,RURAL
8,7,31,GUERRERO,1202,4,RURAL
8,7,31,GUERRERO,1203,4,RURAL
8,7,31,GUERRERO,1204,4,RURAL
8,7,31,GUERRERO,1205,4,RURAL
8,7,31,GUERRERO,1209,4,RURAL
8,7,31,GUERRERO,1210,3,MIXTO(A)
8,7,31,GUERRERO,1211,4,RURAL
8,7,31,GUERRERO,1212,4,RURAL
8,7,31,GUERRERO,1213,4,RURAL
8,7,31,GUERRERO,1214,4,RURAL
8,7,31,GUERRERO,1215,3,MIXTO(A)
8,7,31,GUERRERO,1216,4,RURAL
8,7,31,GUERRERO,1217,4,RURAL
8,7,31,GUERRERO,1218,4,RURAL
8,7,31,GUERRERO,1219,4,RURAL
8,7,31,GUERRERO,1221,4,RURAL
8,7,31,GUERRERO,1222,4,RURAL
8,7,31,GUERRERO,1223,4,RURAL
8,7,31,GUERRERO,1224,4,RURAL
8,7,31,GUERRERO,1225,4,RURAL
8,7,31,GUERRERO,1226,4,RURAL
8,7,31,GUERRERO,1227,4,RURAL
8,7,31,GUERRERO,1228,4,RURAL
8,7,31,GUERRERO,1229,4,RURAL
8,7,31,GUERRERO,1230,4,RURAL
8,7,31,GUERRERO,1231,4,RURAL
8,7,31,GUERRERO,1232,4,RURAL
8,7,31,GUERRERO,1235,3,MIXTO(A)
8,7,31,GUERRERO,1237,3,MIXTO(A)
8,7,31,GUERRERO,1238,4,RURAL
8,7,31,GUERRERO,1239,4,RURAL
8,7,31,GUERRERO,1242,4,RURAL
8,7,31,GUERRERO,1243,4,RURAL
8,7,31,GUERRERO,1244,4,RURAL
8,7,31,GUERRERO,1245,4,RURAL
8,7,31,GUERRERO,1246,4,RURAL
8,7,31,GUERRERO,1247,4,RURAL
8,7,31,GUERRERO,1248,4,RURAL
8,7,31,GUERRERO,1249,4,RURAL
8,7,31,GUERRERO,1250,4,RURAL
8,7,31,GUERRERO,1255,4,RURAL
8,7,31,GUERRERO,1257,4,RURAL
8,7,31,GUERRERO,1258,4,RURAL
8,7,31,GUERRERO,1260,4,RURAL
8,7,31,GUERRERO,1264,4,RURAL
8,7,31,GUERRERO,1265,4,RURAL
8,9,32,HIDALGO DEL PARRAL,1266,2,URBANO(A)
8,9,32,HIDALGO DEL PARRAL,1267,2,URBANO(A)
8,9,32,HIDALGO DEL PARRAL,1268,2,URBANO(A)
8,9,32,HIDALGO DEL PARRAL,1269,2,URBANO(A)
8,9,32,HIDALGO DEL PARRAL,1270,2,URBANO(A)
8,9,32,HIDALGO DEL PARRAL,1271,2,URBANO(A)
8,9,32,HIDALGO DEL PARRAL,1272,2,URBANO(A)
8,9,32,HIDALGO DEL PARRAL,1273,2,URBANO(A)
8,9,32,HIDALGO DEL PARRAL,1274,2,URBANO(A)
8,9,32,HIDALGO DEL PARRAL,1275,2,URBANO(A)
8,9,32,HIDALGO DEL PARRAL,1276,2,URBANO(A)
8,9,32,HIDALGO DEL PARRAL,1277,2,URBANO(A)
8,9,32,HIDALGO DEL PARRAL,1278,2,URBANO(A)
8,9,32,HIDALGO DEL PARRAL,1279,2,URBANO(A)
8,9,32,HIDALGO DEL PARRAL,1280,2,URBANO(A)
8,9,32,HIDALGO DEL PARRAL,1281,2,URBANO(A)
8,9,32,HIDALGO DEL PARRAL,1282,2,URBANO(A)
8,9,32,HIDALGO DEL PARRAL,1283,2,URBANO(A)
8,9,32,HIDALGO DEL PARRAL,1284,2,URBANO(A)
8,9,32,HIDALGO DEL PARRAL,1285,2,URBANO(A)
8,9,32,HIDALGO DEL PARRAL,1286,2,URBANO(A)
8,9,32,HIDALGO DEL PARRAL,1287,2,URBANO(A)
8,9,32,HIDALGO DEL PARRAL,1288,2,URBANO(A)
8,9,32,HIDALGO DEL PARRAL,1289,2,URBANO(A)
8,9,32,HIDALGO DEL PARRAL,1290,2,URBANO(A)
8,9,32,HIDALGO DEL PARRAL,1291,2,URBANO(A)
8,9,32,HIDALGO DEL PARRAL,1292,2,URBANO(A)
8,9,32,HIDALGO DEL PARRAL,1293,2,URBANO(A)
8,9,32,HIDALGO DEL PARRAL,1294,2,URBANO(A)
8,9,32,HIDALGO DEL PARRAL,1295,2,URBANO(A)
8,9,32,HIDALGO DEL PARRAL,1297,2,URBANO(A)
8,9,32,HIDALGO DEL PARRAL,1298,2,URBANO(A)
8,9,32,HIDALGO DEL PARRAL,1299,2,URBANO(A)
8,9,32,HIDALGO DEL PARRAL,1300,2,URBANO(A)
8,9,32,HIDALGO DEL PARRAL,1301,2,URBANO(A)
8,9,32,HIDALGO DEL PARRAL,1302,2,URBANO(A)
8,9,32,HIDALGO DEL PARRAL,1303,2,URBANO(A)
8,9,32,HIDALGO DEL PARRAL,1304,2,URBANO(A)
8,9,32,HIDALGO DEL PARRAL,1305,2,URBANO(A)
8,9,32,HIDALGO DEL PARRAL,1306,3,MIXTO(A)
8,9,32,HIDALGO DEL PARRAL,1307,2,URBANO(A)
8,9,32,HIDALGO DEL PARRAL,1308,2,URBANO(A)
8,9,32,HIDALGO DEL PARRAL,1309,2,URBANO(A)
8,9,32,HIDALGO DEL PARRAL,1310,2,URBANO(A)
8,9,32,HIDALGO DEL PARRAL,1311,2,URBANO(A)
8,9,32,HIDALGO DEL PARRAL,1312,2,URBANO(A)
8,9,32,HIDALGO DEL PARRAL,1313,2,URBANO(A)
8,9,32,HIDALGO DEL PARRAL,1314,2,URBANO(A)
8,9,32,HIDALGO DEL PARRAL,1315,2,URBANO(A)
8,9,32,HIDALGO DEL PARRAL,1316,2,URBANO(A)
8,9,32,HIDALGO DEL PARRAL,1317,2,URBANO(A)
8,9,32,HIDALGO DEL PARRAL,1318,2,URBANO(A)
8,9,32,HIDALGO DEL PARRAL,1319,2,URBANO(A)
8,9,32,HIDALGO DEL PARRAL,1320,2,URBANO(A)
8,9,32,HIDALGO DEL PARRAL,1321,2,URBANO(A)
8,9,32,HIDALGO DEL PARRAL,1322,2,URBANO(A)
8,9,32,HIDALGO DEL PARRAL,1323,2,URBANO(A)
8,9,32,HIDALGO DEL PARRAL,1324,2,URBANO(A)
8,9,32,HIDALGO DEL PARRAL,1325,2,URBANO(A)
8,9,32,HIDALGO DEL PARRAL,1326,2,URBANO(A)
8,9,32,HIDALGO DEL PARRAL,1327,2,URBANO(A)
8,9,32,HIDALGO DEL PARRAL,1328,2,URBANO(A)
8,9,32,HIDALGO DEL PARRAL,1329,2,URBANO(A)
8,9,32,HIDALGO DEL PARRAL,1330,2,URBANO(A)
8,9,32,HIDALGO DEL PARRAL,1331,2,URBANO(A)
8,9,32,HIDALGO DEL PARRAL,1332,2,URBANO(A)
8,9,32,HIDALGO DEL PARRAL,1333,2,URBANO(A)
8,9,32,HIDALGO DEL PARRAL,1334,2,URBANO(A)
8,9,32,HIDALGO DEL PARRAL,1335,2,URBANO(A)
8,9,32,HIDALGO DEL PARRAL,1336,2,URBANO(A)
8,9,32,HIDALGO DEL PARRAL,1337,2,URBANO(A)
8,9,32,HIDALGO DEL PARRAL,1338,2,URBANO(A)
8,9,32,HIDALGO DEL PARRAL,1339,2,URBANO(A)
8,9,32,HIDALGO DEL PARRAL,1340,3,MIXTO(A)
8,9,32,HIDALGO DEL PARRAL,1341,2,URBANO(A)
8,9,32,HIDALGO DEL PARRAL,1342,2,URBANO(A)
8,9,32,HIDALGO DEL PARRAL,1343,2,URBANO(A)
8,9,32,HIDALGO DEL PARRAL,1344,2,URBANO(A)
8,9,32,HIDALGO DEL PARRAL,1345,2,URBANO(A)
8,9,32,HIDALGO DEL PARRAL,1346,2,URBANO(A)
8,9,32,HIDALGO DEL PARRAL,1347,2,URBANO(A)
8,9,32,HIDALGO DEL PARRAL,1348,3,MIXTO(A)
8,9,32,HIDALGO DEL PARRAL,1350,4,RURAL
8,9,32,HIDALGO DEL PARRAL,1351,4,RURAL
8,9,32,HIDALGO DEL PARRAL,1353,4,RURAL
8,9,32,HIDALGO DEL PARRAL,1354,3,MIXTO(A)
8,9,33,HUEJOTITAN,1355,3,MIXTO(A)
8,9,33,HUEJOTITAN,1356,4,RURAL
8,7,34,IGNACIO ZARAGOZA,1357,2,URBANO(A)
8,7,34,IGNACIO ZARAGOZA,1358,3,MIXTO(A)
8,7,34,IGNACIO ZARAGOZA,1359,3,MIXTO(A)
8,7,34,IGNACIO ZARAGOZA,1360,2,URBANO(A)
8,7,34,IGNACIO ZARAGOZA,1361,2,URBANO(A)
8,7,34,IGNACIO ZARAGOZA,1362,2,URBANO(A)
8,7,34,IGNACIO ZARAGOZA,1363,3,MIXTO(A)
8,7,34,IGNACIO ZARAGOZA,1367,4,RURAL
8,7,34,IGNACIO ZARAGOZA,1368,4,RURAL
8,7,34,IGNACIO ZARAGOZA,1369,4,RURAL
8,7,34,IGNACIO ZARAGOZA,1371,4,RURAL
8,7,34,IGNACIO ZARAGOZA,1374,4,RURAL
8,3,35,JANOS,1375,3,MIXTO(A)
8,3,35,JANOS,1376,2,URBANO(A)
8,3,35,JANOS,1377,3,MIXTO(A)
8,3,35,JANOS,1378,4,RURAL
8,3,35,JANOS,1379,4,RURAL
8,3,35,JANOS,1380,4,RURAL
8,3,35,JANOS,1381,4,RURAL
8,3,35,JANOS,1382,4,RURAL
8,3,35,JANOS,1383,4,RURAL
8,3,35,JANOS,1384,4,RURAL
8,3,35,JANOS,1385,4,RURAL
8,3,35,JANOS,1386,4,RURAL
8,5,36,JIMENEZ,1387,3,MIXTO(A)
8,5,36,JIMENEZ,1388,2,URBANO(A)
8,5,36,JIMENEZ,1389,2,URBANO(A)
8,5,36,JIMENEZ,1390,2,URBANO(A)
8,5,36,JIMENEZ,1391,2,URBANO(A)
8,5,36,JIMENEZ,1392,2,URBANO(A)
8,5,36,JIMENEZ,1393,2,URBANO(A)
8,5,36,JIMENEZ,1394,2,URBANO(A)
8,5,36,JIMENEZ,1395,2,URBANO(A)
8,5,36,JIMENEZ,1396,2,URBANO(A)
8,5,36,JIMENEZ,1397,2,URBANO(A)
8,5,36,JIMENEZ,1398,3,MIXTO(A)
8,5,36,JIMENEZ,1399,2,URBANO(A)
8,5,36,JIMENEZ,1400,2,URBANO(A)
8,5,36,JIMENEZ,1401,2,URBANO(A)
8,5,36,JIMENEZ,1402,2,URBANO(A)
8,5,36,JIMENEZ,1403,2,URBANO(A)
8,5,36,JIMENEZ,1404,2,URBANO(A)
8,5,36,JIMENEZ,1405,2,URBANO(A)
8,5,36,JIMENEZ,1406,2,URBANO(A)
8,5,36,JIMENEZ,1407,2,URBANO(A)
8,5,36,JIMENEZ,1408,2,URBANO(A)
8,5,36,JIMENEZ,1409,2,URBANO(A)
8,5,36,JIMENEZ,1410,2,URBANO(A)
8,5,36,JIMENEZ,1411,2,URBANO(A)
8,5,36,JIMENEZ,1412,2,URBANO(A)
8,5,36,JIMENEZ,1413,4,RURAL
8,5,36,JIMENEZ,1414,4,RURAL
8,5,36,JIMENEZ,1415,4,RURAL
8,5,36,JIMENEZ,1416,4,RURAL
8,5,36,JIMENEZ,1417,4,RURAL
8,5,36,JIMENEZ,1418,4,RURAL
8,5,36,JIMENEZ,1419,4,RURAL
8,5,36,JIMENEZ,1421,4,RURAL
8,5,36,JIMENEZ,1422,3,MIXTO(A)
8,5,36,JIMENEZ,1423,3,MIXTO(A)
8,3,37,JUAREZ,1424,3,MIXTO(A)
8,3,37,JUAREZ,1425,2,URBANO(A)
8,3,37,JUAREZ,1426,2,URBANO(A)
8,3,37,JUAREZ,1427,2,URBANO(A)
8,3,37,JUAREZ,1428,2,URBANO(A)
8,3,37,JUAREZ,1429,2,URBANO(A)
8,3,37,JUAREZ,1430,2,URBANO(A)
8,3,37,JUAREZ,1431,2,URBANO(A)
8,3,37,JUAREZ,1432,2,URBANO(A)
8,3,37,JUAREZ,1433,2,URBANO(A)
8,3,37,JUAREZ,1434,2,URBANO(A)
8,3,37,JUAREZ,1435,2,URBANO(A)
8,3,37,JUAREZ,1436,2,URBANO(A)
8,3,37,JUAREZ,1437,2,URBANO(A)
8,3,37,JUAREZ,1438,2,URBANO(A)
8,3,37,JUAREZ,1439,2,URBANO(A)
8,3,37,JUAREZ,1440,2,URBANO(A)
8,3,37,JUAREZ,1441,2,URBANO(A)
8,3,37,JUAREZ,1442,2,URBANO(A)
8,3,37,JUAREZ,1443,2,URBANO(A)
8,3,37,JUAREZ,1444,2,URBANO(A)
8,4,37,JUAREZ,1445,2,URBANO(A)
8,4,37,JUAREZ,1446,2,URBANO(A)
8,4,37,JUAREZ,1447,2,URBANO(A)
8,4,37,JUAREZ,1448,2,URBANO(A)
8,4,37,JUAREZ,1449,2,URBANO(A)
8,4,37,JUAREZ,1450,2,URBANO(A)
8,4,37,JUAREZ,1451,2,URBANO(A)
8,3,37,JUAREZ,1452,2,URBANO(A)
8,3,37,JUAREZ,1453,2,URBANO(A)
8,3,37,JUAREZ,1454,2,URBANO(A)
8,3,37,JUAREZ,1455,2,URBANO(A)
8,3,37,JUAREZ,1456,2,URBANO(A)
8,3,37,JUAREZ,1457,2,URBANO(A)
8,3,37,JUAREZ,1458,2,URBANO(A)
8,3,37,JUAREZ,1459,2,URBANO(A)
8,3,37,JUAREZ,1460,2,URBANO(A)
8,3,37,JUAREZ,1461,2,URBANO(A)
8,3,37,JUAREZ,1462,2,URBANO(A)
8,3,37,JUAREZ,1463,2,URBANO(A)
8,3,37,JUAREZ,1464,2,URBANO(A)
8,3,37,JUAREZ,1465,2,URBANO(A)
8,3,37,JUAREZ,1466,2,URBANO(A)
8,3,37,JUAREZ,1467,2,URBANO(A)
8,3,37,JUAREZ,1468,2,URBANO(A)
8,3,37,JUAREZ,1469,2,URBANO(A)
8,3,37,JUAREZ,1470,2,URBANO(A)
8,3,37,JUAREZ,1471,2,URBANO(A)
8,3,37,JUAREZ,1472,2,URBANO(A)
8,3,37,JUAREZ,1473,2,URBANO(A)
8,3,37,JUAREZ,1474,2,URBANO(A)
8,3,37,JUAREZ,1475,2,URBANO(A)
8,3,37,JUAREZ,1476,2,URBANO(A)
8,3,37,JUAREZ,1477,2,URBANO(A)
8,3,37,JUAREZ,1478,2,URBANO(A)
8,3,37,JUAREZ,1479,2,URBANO(A)
8,3,37,JUAREZ,1480,2,URBANO(A)
8,3,37,JUAREZ,1481,2,URBANO(A)
8,3,37,JUAREZ,1482,2,URBANO(A)
8,3,37,JUAREZ,1483,2,URBANO(A)
8,3,37,JUAREZ,1484,2,URBANO(A)
8,3,37,JUAREZ,1485,2,URBANO(A)
8,3,37,JUAREZ,1486,2,URBANO(A)
8,3,37,JUAREZ,1487,2,URBANO(A)
8,3,37,JUAREZ,1488,2,URBANO(A)
8,3,37,JUAREZ,1489,2,URBANO(A)
8,3,37,JUAREZ,1490,2,URBANO(A)
8,3,37,JUAREZ,1491,2,URBANO(A)
8,3,37,JUAREZ,1492,2,URBANO(A)
8,3,37,JUAREZ,1493,2,URBANO(A)
8,4,37,JUAREZ,1494,2,URBANO(A)
8,4,37,JUAREZ,1495,2,URBANO(A)
8,4,37,JUAREZ,1496,2,URBANO(A)
8,4,37,JUAREZ,1497,2,URBANO(A)
8,3,37,JUAREZ,1498,2,URBANO(A)
8,3,37,JUAREZ,1499,2,URBANO(A)
8,3,37,JUAREZ,1500,2,URBANO(A)
8,3,37,JUAREZ,1501,2,URBANO(A)
8,3,37,JUAREZ,1502,2,URBANO(A)
8,3,37,JUAREZ,1503,2,URBANO(A)
8,3,37,JUAREZ,1504,2,URBANO(A)
8,3,37,JUAREZ,1505,2,URBANO(A)
8,3,37,JUAREZ,1506,2,URBANO(A)
8,3,37,JUAREZ,1507,2,URBANO(A)
8,3,37,JUAREZ,1508,2,URBANO(A)
8,3,37,JUAREZ,1509,2,URBANO(A)
8,3,37,JUAREZ,1510,2,URBANO(A)
8,3,37,JUAREZ,1511,2,URBANO(A)
8,3,37,JUAREZ,1512,2,URBANO(A)
8,3,37,JUAREZ,1513,2,URBANO(A)
8,3,37,JUAREZ,1514,2,URBANO(A)
8,3,37,JUAREZ,1515,2,URBANO(A)
8,3,37,JUAREZ,1516,2,URBANO(A)
8,3,37,JUAREZ,1517,2,URBANO(A)
8,3,37,JUAREZ,1518,2,URBANO(A)
8,3,37,JUAREZ,1519,2,URBANO(A)
8,3,37,JUAREZ,1520,2,URBANO(A)
8,3,37,JUAREZ,1521,2,URBANO(A)
8,3,37,JUAREZ,1522,2,URBANO(A)
8,3,37,JUAREZ,1523,2,URBANO(A)
8,3,37,JUAREZ,1524,2,URBANO(A)
8,3,37,JUAREZ,1525,2,URBANO(A)
8,3,37,JUAREZ,1526,2,URBANO(A)
8,4,37,JUAREZ,1527,2,URBANO(A)
8,4,37,JUAREZ,1528,2,URBANO(A)
8,3,37,JUAREZ,1529,2,URBANO(A)
8,3,37,JUAREZ,1530,2,URBANO(A)
8,3,37,JUAREZ,1531,2,URBANO(A)
8,3,37,JUAREZ,1532,2,URBANO(A)
8,3,37,JUAREZ,1533,2,URBANO(A)
8,3,37,JUAREZ,1534,2,URBANO(A)
8,3,37,JUAREZ,1535,2,URBANO(A)
8,3,37,JUAREZ,1536,2,URBANO(A)
8,3,37,JUAREZ,1537,2,URBANO(A)
8,3,37,JUAREZ,1538,2,URBANO(A)
8,3,37,JUAREZ,1539,2,URBANO(A)
8,3,37,JUAREZ,1540,2,URBANO(A)
8,3,37,JUAREZ,1541,2,URBANO(A)
8,3,37,JUAREZ,1542,2,URBANO(A)
8,3,37,JUAREZ,1543,2,URBANO(A)
8,3,37,JUAREZ,1544,2,URBANO(A)
8,3,37,JUAREZ,1545,2,URBANO(A)
8,3,37,JUAREZ,1546,2,URBANO(A)
8,3,37,JUAREZ,1547,2,URBANO(A)
8,3,37,JUAREZ,1548,2,URBANO(A)
8,3,37,JUAREZ,1549,2,URBANO(A)
8,3,37,JUAREZ,1550,2,URBANO(A)
8,3,37,JUAREZ,1551,2,URBANO(A)
8,3,37,JUAREZ,1552,2,URBANO(A)
8,3,37,JUAREZ,1553,2,URBANO(A)
8,3,37,JUAREZ,1554,2,URBANO(A)
8,3,37,JUAREZ,1555,2,URBANO(A)
8,3,37,JUAREZ,1556,2,URBANO(A)
8,3,37,JUAREZ,1557,2,URBANO(A)
8,3,37,JUAREZ,1558,2,URBANO(A)
8,3,37,JUAREZ,1559,2,URBANO(A)
8,3,37,JUAREZ,1560,2,URBANO(A)
8,3,37,JUAREZ,1561,2,URBANO(A)
8,3,37,JUAREZ,1562,3,MIXTO(A)
8,3,37,JUAREZ,1563,2,URBANO(A)
8,3,37,JUAREZ,1564,2,URBANO(A)
8,3,37,JUAREZ,1565,2,URBANO(A)
8,4,37,JUAREZ,1566,2,URBANO(A)
8,4,37,JUAREZ,1567,2,URBANO(A)
8,4,37,JUAREZ,1568,2,URBANO(A)
8,4,37,JUAREZ,1569,2,URBANO(A)
8,4,37,JUAREZ,1570,2,URBANO(A)
8,4,37,JUAREZ,1571,2,URBANO(A)
8,4,37,JUAREZ,1572,2,URBANO(A)
8,4,37,JUAREZ,1573,2,URBANO(A)
8,4,37,JUAREZ,1574,2,URBANO(A)
8,4,37,JUAREZ,1575,2,URBANO(A)
8,4,37,JUAREZ,1576,2,URBANO(A)
8,4,37,JUAREZ,1577,2,URBANO(A)
8,4,37,JUAREZ,1578,2,URBANO(A)
8,4,37,JUAREZ,1579,2,URBANO(A)
8,4,37,JUAREZ,1580,2,URBANO(A)
8,4,37,JUAREZ,1581,2,URBANO(A)
8,4,37,JUAREZ,1582,2,URBANO(A)
8,4,37,JUAREZ,1583,2,URBANO(A)
8,4,37,JUAREZ,1584,2,URBANO(A)
8,4,37,JUAREZ,1585,2,URBANO(A)
8,4,37,JUAREZ,1586,2,URBANO(A)
8,4,37,JUAREZ,1587,2,URBANO(A)
8,4,37,JUAREZ,1588,2,URBANO(A)
8,4,37,JUAREZ,1589,2,URBANO(A)
8,4,37,JUAREZ,1590,2,URBANO(A)
8,4,37,JUAREZ,1591,2,URBANO(A)
8,4,37,JUAREZ,1592,2,URBANO(A)
8,4,37,JUAREZ,1593,2,URBANO(A)
8,4,37,JUAREZ,1594,2,URBANO(A)
8,4,37,JUAREZ,1595,2,URBANO(A)
8,4,37,JUAREZ,1596,2,URBANO(A)
8,4,37,JUAREZ,1597,2,URBANO(A)
8,4,37,JUAREZ,1598,2,URBANO(A)
8,4,37,JUAREZ,1599,2,URBANO(A)
8,4,37,JUAREZ,1600,2,URBANO(A)
8,4,37,JUAREZ,1601,2,URBANO(A)
8,4,37,JUAREZ,1602,2,URBANO(A)
8,4,37,JUAREZ,1603,2,URBANO(A)
8,4,37,JUAREZ,1604,2,URBANO(A)
8,4,37,JUAREZ,1605,2,URBANO(A)
8,4,37,JUAREZ,1606,2,URBANO(A)
8,4,37,JUAREZ,1607,2,URBANO(A)
8,4,37,JUAREZ,1608,2,URBANO(A)
8,4,37,JUAREZ,1609,2,URBANO(A)
8,4,37,JUAREZ,1610,2,URBANO(A)
8,4,37,JUAREZ,1611,2,URBANO(A)
8,4,37,JUAREZ,1612,2,URBANO(A)
8,4,37,JUAREZ,1613,2,URBANO(A)
8,4,37,JUAREZ,1614,2,URBANO(A)
8,4,37,JUAREZ,1615,2,URBANO(A)
8,4,37,JUAREZ,1616,2,URBANO(A)
8,4,37,JUAREZ,1617,2,URBANO(A)
8,4,37,JUAREZ,1618,2,URBANO(A)
8,4,37,JUAREZ,1619,2,URBANO(A)
8,4,37,JUAREZ,1620,2,URBANO(A)
8,4,37,JUAREZ,1621,2,URBANO(A)
8,4,37,JUAREZ,1622,2,URBANO(A)
8,4,37,JUAREZ,1623,2,URBANO(A)
8,4,37,JUAREZ,1624,2,URBANO(A)
8,4,37,JUAREZ,1625,2,URBANO(A)
8,4,37,JUAREZ,1626,2,URBANO(A)
8,4,37,JUAREZ,1627,2,URBANO(A)
8,4,37,JUAREZ,1628,2,URBANO(A)
8,4,37,JUAREZ,1629,2,URBANO(A)
8,4,37,JUAREZ,1630,2,URBANO(A)
8,4,37,JUAREZ,1631,2,URBANO(A)
8,4,37,JUAREZ,1632,2,URBANO(A)
8,4,37,JUAREZ,1633,2,URBANO(A)
8,4,37,JUAREZ,1634,2,URBANO(A)
8,4,37,JUAREZ,1635,2,URBANO(A)
8,4,37,JUAREZ,1636,2,URBANO(A)
8,4,37,JUAREZ,1637,2,URBANO(A)
8,4,37,JUAREZ,1638,2,URBANO(A)
8,4,37,JUAREZ,1639,2,URBANO(A)
8,4,37,JUAREZ,1640,2,URBANO(A)
8,4,37,JUAREZ,1641,2,URBANO(A)
8,4,37,JUAREZ,1643,2,URBANO(A)
8,4,37,JUAREZ,1644,2,URBANO(A)
8,4,37,JUAREZ,1645,2,URBANO(A)
8,4,37,JUAREZ,1646,2,URBANO(A)
8,4,37,JUAREZ,1647,2,URBANO(A)
8,4,37,JUAREZ,1648,2,URBANO(A)
8,4,37,JUAREZ,1649,2,URBANO(A)
8,4,37,JUAREZ,1650,2,URBANO(A)
8,4,37,JUAREZ,1651,2,URBANO(A)
8,4,37,JUAREZ,1652,2,URBANO(A)
8,4,37,JUAREZ,1653,2,URBANO(A)
8,4,37,JUAREZ,1654,2,URBANO(A)
8,4,37,JUAREZ,1655,2,URBANO(A)
8,4,37,JUAREZ,1656,2,URBANO(A)
8,4,37,JUAREZ,1657,2,URBANO(A)
8,4,37,JUAREZ,1658,2,URBANO(A)
8,4,37,JUAREZ,1659,2,URBANO(A)
8,4,37,JUAREZ,1660,2,URBANO(A)
8,4,37,JUAREZ,1661,2,URBANO(A)
8,4,37,JUAREZ,1662,2,URBANO(A)
8,4,37,JUAREZ,1663,2,URBANO(A)
8,4,37,JUAREZ,1664,2,URBANO(A)
8,4,37,JUAREZ,1665,2,URBANO(A)
8,4,37,JUAREZ,1666,2,URBANO(A)
8,4,37,JUAREZ,1667,2,URBANO(A)
8,4,37,JUAREZ,1668,2,URBANO(A)
8,4,37,JUAREZ,1669,2,URBANO(A)
8,4,37,JUAREZ,1670,2,URBANO(A)
8,4,37,JUAREZ,1671,2,URBANO(A)
8,4,37,JUAREZ,1672,2,URBANO(A)
8,4,37,JUAREZ,1673,2,URBANO(A)
8,4,37,JUAREZ,1674,2,URBANO(A)
8,4,37,JUAREZ,1675,2,URBANO(A)
8,4,37,JUAREZ,1676,2,URBANO(A)
8,4,37,JUAREZ,1677,2,URBANO(A)
8,4,37,JUAREZ,1678,2,URBANO(A)
8,4,37,JUAREZ,1679,2,URBANO(A)
8,4,37,JUAREZ,1680,2,URBANO(A)
8,4,37,JUAREZ,1681,2,URBANO(A)
8,4,37,JUAREZ,1682,2,URBANO(A)
8,4,37,JUAREZ,1684,2,URBANO(A)
8,4,37,JUAREZ,1685,2,URBANO(A)
8,4,37,JUAREZ,1686,2,URBANO(A)
8,4,37,JUAREZ,1687,2,URBANO(A)
8,4,37,JUAREZ,1688,2,URBANO(A)
8,4,37,JUAREZ,1689,2,URBANO(A)
8,4,37,JUAREZ,1690,2,URBANO(A)
8,4,37,JUAREZ,1691,2,URBANO(A)
8,4,37,JUAREZ,1692,2,URBANO(A)
8,4,37,JUAREZ,1693,2,URBANO(A)
8,4,37,JUAREZ,1694,2,URBANO(A)
8,4,37,JUAREZ,1695,2,URBANO(A)
8,4,37,JUAREZ,1696,2,URBANO(A)
8,4,37,JUAREZ,1697,2,URBANO(A)
8,4,37,JUAREZ,1698,2,URBANO(A)
8,4,37,JUAREZ,1699,2,URBANO(A)
8,4,37,JUAREZ,1700,2,URBANO(A)
8,4,37,JUAREZ,1701,2,URBANO(A)
8,4,37,JUAREZ,1702,2,URBANO(A)
8,4,37,JUAREZ,1703,2,URBANO(A)
8,4,37,JUAREZ,1704,2,URBANO(A)
8,4,37,JUAREZ,1705,2,URBANO(A)
8,4,37,JUAREZ,1707,2,URBANO(A)
8,4,37,JUAREZ,1708,2,URBANO(A)
8,4,37,JUAREZ,1709,2,URBANO(A)
8,4,37,JUAREZ,1710,2,URBANO(A)
8,4,37,JUAREZ,1711,2,URBANO(A)
8,4,37,JUAREZ,1712,2,URBANO(A)
8,4,37,JUAREZ,1713,2,URBANO(A)
8,4,37,JUAREZ,1714,2,URBANO(A)
8,4,37,JUAREZ,1715,2,URBANO(A)
8,4,37,JUAREZ,1716,2,URBANO(A)
8,4,37,JUAREZ,1717,2,URBANO(A)
8,4,37,JUAREZ,1718,2,URBANO(A)
8,4,37,JUAREZ,1719,2,URBANO(A)
8,4,37,JUAREZ,1720,2,URBANO(A)
8,4,37,JUAREZ,1721,2,URBANO(A)
8,4,37,JUAREZ,1722,2,URBANO(A)
8,4,37,JUAREZ,1723,2,URBANO(A)
8,4,37,JUAREZ,1724,2,URBANO(A)
8,4,37,JUAREZ,1725,2,URBANO(A)
8,4,37,JUAREZ,1726,2,URBANO(A)
8,4,37,JUAREZ,1727,2,URBANO(A)
8,4,37,JUAREZ,1728,2,URBANO(A)
8,4,37,JUAREZ,1729,2,URBANO(A)
8,4,37,JUAREZ,1730,2,URBANO(A)
8,4,37,JUAREZ,1731,2,URBANO(A)
8,4,37,JUAREZ,1732,2,URBANO(A)
8,4,37,JUAREZ,1733,2,URBANO(A)
8,4,37,JUAREZ,1734,2,URBANO(A)
8,4,37,JUAREZ,1735,2,URBANO(A)
8,4,37,JUAREZ,1736,2,URBANO(A)
8,2,37,JUAREZ,1737,2,URBANO(A)
8,4,37,JUAREZ,1738,2,URBANO(A)
8,4,37,JUAREZ,1739,2,URBANO(A)
8,4,37,JUAREZ,1740,2,URBANO(A)
8,4,37,JUAREZ,1741,2,URBANO(A)
8,4,37,JUAREZ,1742,2,URBANO(A)
8,4,37,JUAREZ,1743,2,URBANO(A)
8,4,37,JUAREZ,1744,2,URBANO(A)
8,4,37,JUAREZ,1745,2,URBANO(A)
8,4,37,JUAREZ,1746,2,URBANO(A)
8,4,37,JUAREZ,1747,2,URBANO(A)
8,4,37,JUAREZ,1748,2,URBANO(A)
8,4,37,JUAREZ,1749,2,URBANO(A)
8,4,37,JUAREZ,1750,2,URBANO(A)
8,4,37,JUAREZ,1751,2,URBANO(A)
8,4,37,JUAREZ,1753,2,URBANO(A)
8,4,37,JUAREZ,1754,2,URBANO(A)
8,4,37,JUAREZ,1755,2,URBANO(A)
8,4,37,JUAREZ,1756,2,URBANO(A)
8,4,37,JUAREZ,1757,2,URBANO(A)
8,4,37,JUAREZ,1758,2,URBANO(A)
8,4,37,JUAREZ,1759,2,URBANO(A)
8,4,37,JUAREZ,1760,2,URBANO(A)
8,4,37,JUAREZ,1761,2,URBANO(A)
8,4,37,JUAREZ,1762,2,URBANO(A)
8,4,37,JUAREZ,1763,2,URBANO(A)
8,4,37,JUAREZ,1764,2,URBANO(A)
8,4,37,JUAREZ,1765,2,URBANO(A)
8,4,37,JUAREZ,1766,2,URBANO(A)
8,4,37,JUAREZ,1767,2,URBANO(A)
8,4,37,JUAREZ,1768,2,URBANO(A)
8,4,37,JUAREZ,1769,2,URBANO(A)
8,4,37,JUAREZ,1770,2,URBANO(A)
8,4,37,JUAREZ,1771,2,URBANO(A)
8,4,37,JUAREZ,1773,2,URBANO(A)
8,4,37,JUAREZ,1774,2,URBANO(A)
8,4,37,JUAREZ,1775,2,URBANO(A)
8,4,37,JUAREZ,1776,2,URBANO(A)
8,4,37,JUAREZ,1777,2,URBANO(A)
8,4,37,JUAREZ,1778,2,URBANO(A)
8,4,37,JUAREZ,1779,2,URBANO(A)
8,4,37,JUAREZ,1780,2,URBANO(A)
8,4,37,JUAREZ,1781,2,URBANO(A)
8,4,37,JUAREZ,1782,2,URBANO(A)
8,4,37,JUAREZ,1783,2,URBANO(A)
8,4,37,JUAREZ,1784,2,URBANO(A)
8,4,37,JUAREZ,1785,2,URBANO(A)
8,4,37,JUAREZ,1786,2,URBANO(A)
8,4,37,JUAREZ,1787,2,URBANO(A)
8,4,37,JUAREZ,1788,2,URBANO(A)
8,4,37,JUAREZ,1789,2,URBANO(A)
8,4,37,JUAREZ,1790,2,URBANO(A)
8,4,37,JUAREZ,1791,2,URBANO(A)
8,4,37,JUAREZ,1792,2,URBANO(A)
8,4,37,JUAREZ,1793,2,URBANO(A)
8,4,37,JUAREZ,1794,2,URBANO(A)
8,4,37,JUAREZ,1795,2,URBANO(A)
8,4,37,JUAREZ,1796,2,URBANO(A)
8,4,37,JUAREZ,1797,2,URBANO(A)
8,4,37,JUAREZ,1798,2,URBANO(A)
8,4,37,JUAREZ,1799,2,URBANO(A)
8,4,37,JUAREZ,1800,2,URBANO(A)
8,4,37,JUAREZ,1801,2,URBANO(A)
8,4,37,JUAREZ,1802,2,URBANO(A)
8,4,37,JUAREZ,1803,2,URBANO(A)
8,4,37,JUAREZ,1804,2,URBANO(A)
8,4,37,JUAREZ,1805,2,URBANO(A)
8,1,37,JUAREZ,1806,2,URBANO(A)
8,1,37,JUAREZ,1807,2,URBANO(A)
8,1,37,JUAREZ,1808,2,URBANO(A)
8,1,37,JUAREZ,1809,2,URBANO(A)
8,1,37,JUAREZ,1810,2,URBANO(A)
8,4,37,JUAREZ,1811,2,URBANO(A)
8,1,37,JUAREZ,1812,2,URBANO(A)
8,1,37,JUAREZ,1813,2,URBANO(A)
8,1,37,JUAREZ,1814,2,URBANO(A)
8,1,37,JUAREZ,1815,2,URBANO(A)
8,1,37,JUAREZ,1816,2,URBANO(A)
8,1,37,JUAREZ,1817,2,URBANO(A)
8,1,37,JUAREZ,1818,2,URBANO(A)
8,1,37,JUAREZ,1819,2,URBANO(A)
8,1,37,JUAREZ,1820,2,URBANO(A)
8,1,37,JUAREZ,1821,2,URBANO(A)
8,1,37,JUAREZ,1822,2,URBANO(A)
8,1,37,JUAREZ,1823,2,URBANO(A)
8,1,37,JUAREZ,1824,2,URBANO(A)
8,1,37,JUAREZ,1825,2,URBANO(A)
8,1,37,JUAREZ,1826,2,URBANO(A)
8,2,37,JUAREZ,1827,2,URBANO(A)
8,4,37,JUAREZ,1828,2,URBANO(A)
8,4,37,JUAREZ,1829,2,URBANO(A)
8,4,37,JUAREZ,1830,2,URBANO(A)
8,1,37,JUAREZ,1831,2,URBANO(A)
8,1,37,JUAREZ,1832,2,URBANO(A)
8,1,37,JUAREZ,1833,2,URBANO(A)
8,1,37,JUAREZ,1834,2,URBANO(A)
8,1,37,JUAREZ,1835,2,URBANO(A)
8,1,37,JUAREZ,1836,2,URBANO(A)
8,1,37,JUAREZ,1837,2,URBANO(A)
8,1,37,JUAREZ,1838,2,URBANO(A)
8,1,37,JUAREZ,1839,2,URBANO(A)
8,1,37,JUAREZ,1840,2,URBANO(A)
8,1,37,JUAREZ,1841,2,URBANO(A)
8,1,37,JUAREZ,1842,2,URBANO(A)
8,1,37,JUAREZ,1843,2,URBANO(A)
8,1,37,JUAREZ,1844,2,URBANO(A)
8,1,37,JUAREZ,1845,2,URBANO(A)
8,1,37,JUAREZ,1846,2,URBANO(A)
8,1,37,JUAREZ,1847,2,URBANO(A)
8,1,37,JUAREZ,1848,2,URBANO(A)
8,1,37,JUAREZ,1849,2,URBANO(A)
8,1,37,JUAREZ,1850,2,URBANO(A)
8,1,37,JUAREZ,1851,2,URBANO(A)
8,1,37,JUAREZ,1852,2,URBANO(A)
8,1,37,JUAREZ,1853,2,URBANO(A)
8,1,37,JUAREZ,1854,2,URBANO(A)
8,1,37,JUAREZ,1855,2,URBANO(A)
8,1,37,JUAREZ,1856,2,URBANO(A)
8,1,37,JUAREZ,1857,2,URBANO(A)
8,1,37,JUAREZ,1858,2,URBANO(A)
8,1,37,JUAREZ,1859,2,URBANO(A)
8,1,37,JUAREZ,1860,2,URBANO(A)
8,1,37,JUAREZ,1861,2,URBANO(A)
8,1,37,JUAREZ,1862,2,URBANO(A)
8,2,37,JUAREZ,1863,2,URBANO(A)
8,1,37,JUAREZ,1864,2,URBANO(A)
8,1,37,JUAREZ,1865,2,URBANO(A)
8,1,37,JUAREZ,1866,2,URBANO(A)
8,1,37,JUAREZ,1867,2,URBANO(A)
8,1,37,JUAREZ,1868,2,URBANO(A)
8,1,37,JUAREZ,1869,2,URBANO(A)
8,1,37,JUAREZ,1870,2,URBANO(A)
8,1,37,JUAREZ,1871,2,URBANO(A)
8,1,37,JUAREZ,1872,2,URBANO(A)
8,2,37,JUAREZ,1873,2,URBANO(A)
8,2,37,JUAREZ,1874,2,URBANO(A)
8,2,37,JUAREZ,1875,2,URBANO(A)
8,2,37,JUAREZ,1876,2,URBANO(A)
8,1,37,JUAREZ,1877,2,URBANO(A)
8,1,37,JUAREZ,1878,2,URBANO(A)
8,1,37,JUAREZ,1879,2,URBANO(A)
8,1,37,JUAREZ,1880,2,URBANO(A)
8,1,37,JUAREZ,1881,2,URBANO(A)
8,1,37,JUAREZ,1882,2,URBANO(A)
8,1,37,JUAREZ,1883,2,URBANO(A)
8,3,37,JUAREZ,1884,2,URBANO(A)
8,2,37,JUAREZ,1886,2,URBANO(A)
8,2,37,JUAREZ,1888,2,URBANO(A)
8,2,37,JUAREZ,1889,2,URBANO(A)
8,3,37,JUAREZ,1890,2,URBANO(A)
8,1,37,JUAREZ,1891,2,URBANO(A)
8,1,37,JUAREZ,1892,2,URBANO(A)
8,1,37,JUAREZ,1893,2,URBANO(A)
8,1,37,JUAREZ,1894,2,URBANO(A)
8,1,37,JUAREZ,1895,2,URBANO(A)
8,1,37,JUAREZ,1896,2,URBANO(A)
8,1,37,JUAREZ,1897,2,URBANO(A)
8,1,37,JUAREZ,1898,2,URBANO(A)
8,1,37,JUAREZ,1899,2,URBANO(A)
8,1,37,JUAREZ,1900,2,URBANO(A)
8,1,37,JUAREZ,1901,2,URBANO(A)
8,1,37,JUAREZ,1902,2,URBANO(A)
8,1,37,JUAREZ,1903,2,URBANO(A)
8,1,37,JUAREZ,1904,2,URBANO(A)
8,1,37,JUAREZ,1905,2,URBANO(A)
8,1,37,JUAREZ,1906,2,URBANO(A)
8,1,37,JUAREZ,1907,2,URBANO(A)
8,1,37,JUAREZ,1908,2,URBANO(A)
8,1,37,JUAREZ,1909,2,URBANO(A)
8,1,37,JUAREZ,1910,2,URBANO(A)
8,1,37,JUAREZ,1911,2,URBANO(A)
8,1,37,JUAREZ,1912,2,URBANO(A)
8,3,37,JUAREZ,1914,2,URBANO(A)
8,3,37,JUAREZ,1915,2,URBANO(A)
8,1,37,JUAREZ,1917,2,URBANO(A)
8,1,37,JUAREZ,1918,2,URBANO(A)
8,1,37,JUAREZ,1919,2,URBANO(A)
8,1,37,JUAREZ,1920,2,URBANO(A)
8,1,37,JUAREZ,1921,2,URBANO(A)
8,1,37,JUAREZ,1922,2,URBANO(A)
8,1,37,JUAREZ,1923,2,URBANO(A)
8,1,37,JUAREZ,1924,2,URBANO(A)
8,1,37,JUAREZ,1925,2,URBANO(A)
8,1,37,JUAREZ,1926,2,URBANO(A)
8,1,37,JUAREZ,1927,2,URBANO(A)
8,1,37,JUAREZ,1928,2,URBANO(A)
8,1,37,JUAREZ,1929,2,URBANO(A)
8,1,37,JUAREZ,1930,2,URBANO(A)
8,1,37,JUAREZ,1931,2,URBANO(A)
8,1,37,JUAREZ,1932,2,URBANO(A)
8,1,37,JUAREZ,1933,2,URBANO(A)
8,1,37,JUAREZ,1934,2,URBANO(A)
8,1,37,JUAREZ,1935,2,URBANO(A)
8,1,37,JUAREZ,1936,2,URBANO(A)
8,1,37,JUAREZ,1937,2,URBANO(A)
8,1,37,JUAREZ,1938,2,URBANO(A)
8,1,37,JUAREZ,1939,2,URBANO(A)
8,1,37,JUAREZ,1940,2,URBANO(A)
8,2,37,JUAREZ,1942,4,RURAL
8,2,37,JUAREZ,1943,4,RURAL
8,2,37,JUAREZ,1944,4,RURAL
8,4,37,JUAREZ,1946,2,URBANO(A)
8,4,37,JUAREZ,1947,2,URBANO(A)
8,4,37,JUAREZ,1948,2,URBANO(A)
8,4,37,JUAREZ,1949,2,URBANO(A)
8,4,37,JUAREZ,1950,2,URBANO(A)
8,3,37,JUAREZ,1951,2,URBANO(A)
8,3,37,JUAREZ,1952,2,URBANO(A)
8,3,37,JUAREZ,1953,2,URBANO(A)
8,3,37,JUAREZ,1954,2,URBANO(A)
8,3,37,JUAREZ,1955,2,URBANO(A)
8,3,37,JUAREZ,1956,2,URBANO(A)
8,3,37,JUAREZ,1957,2,URBANO(A)
8,3,37,JUAREZ,1958,2,URBANO(A)
8,3,37,JUAREZ,1959,2,URBANO(A)
8,3,37,JUAREZ,1960,2,URBANO(A)
8,3,37,JUAREZ,1961,2,URBANO(A)
8,3,37,JUAREZ,1962,2,URBANO(A)
8,3,37,JUAREZ,1963,2,URBANO(A)
8,3,37,JUAREZ,1964,2,URBANO(A)
8,4,37,JUAREZ,1965,2,URBANO(A)
8,4,37,JUAREZ,1966,2,URBANO(A)
8,4,37,JUAREZ,1967,2,URBANO(A)
8,3,37,JUAREZ,1968,2,URBANO(A)
8,3,37,JUAREZ,1969,2,URBANO(A)
8,3,37,JUAREZ,1970,2,URBANO(A)
8,3,37,JUAREZ,1971,2,URBANO(A)
8,3,37,JUAREZ,1972,2,URBANO(A)
8,3,37,JUAREZ,1973,2,URBANO(A)
8,3,37,JUAREZ,1974,2,URBANO(A)
8,3,37,JUAREZ,1975,2,URBANO(A)
8,3,37,JUAREZ,1976,2,URBANO(A)
8,3,37,JUAREZ,1977,2,URBANO(A)
8,3,37,JUAREZ,1978,2,URBANO(A)
8,3,37,JUAREZ,1979,2,URBANO(A)
8,3,37,JUAREZ,1980,2,URBANO(A)
8,3,37,JUAREZ,1981,2,URBANO(A)
8,3,37,JUAREZ,1982,2,URBANO(A)
8,3,37,JUAREZ,1983,2,URBANO(A)
8,3,37,JUAREZ,1984,2,URBANO(A)
8,3,37,JUAREZ,1985,2,URBANO(A)
8,3,37,JUAREZ,1986,2,URBANO(A)
8,3,37,JUAREZ,1987,2,URBANO(A)
8,4,37,JUAREZ,1988,2,URBANO(A)
8,4,37,JUAREZ,1989,2,URBANO(A)
8,4,37,JUAREZ,1990,2,URBANO(A)
8,4,37,JUAREZ,1991,2,URBANO(A)
8,4,37,JUAREZ,1992,2,URBANO(A)
8,3,37,JUAREZ,1993,2,URBANO(A)
8,3,37,JUAREZ,1994,2,URBANO(A)
8,3,37,JUAREZ,1995,2,URBANO(A)
8,3,37,JUAREZ,1996,2,URBANO(A)
8,3,37,JUAREZ,1997,2,URBANO(A)
8,3,37,JUAREZ,1998,2,URBANO(A)
8,3,37,JUAREZ,1999,2,URBANO(A)
8,3,37,JUAREZ,2000,2,URBANO(A)
8,3,37,JUAREZ,2001,2,URBANO(A)
8,3,37,JUAREZ,2002,2,URBANO(A)
8,3,37,JUAREZ,2003,2,URBANO(A)
8,3,37,JUAREZ,2004,2,URBANO(A)
8,3,37,JUAREZ,2005,2,URBANO(A)
8,3,37,JUAREZ,2006,2,URBANO(A)
8,3,37,JUAREZ,2007,2,URBANO(A)
8,3,37,JUAREZ,2008,2,URBANO(A)
8,3,37,JUAREZ,2009,2,URBANO(A)
8,3,37,JUAREZ,2010,2,URBANO(A)
8,3,37,JUAREZ,2011,2,URBANO(A)
8,3,37,JUAREZ,2012,2,URBANO(A)
8,3,37,JUAREZ,2013,2,URBANO(A)
8,3,37,JUAREZ,2014,2,URBANO(A)
8,3,37,JUAREZ,2015,2,URBANO(A)
8,3,37,JUAREZ,2016,2,URBANO(A)
8,3,37,JUAREZ,2017,2,URBANO(A)
8,3,37,JUAREZ,2018,2,URBANO(A)
8,3,37,JUAREZ,2019,2,URBANO(A)
8,3,37,JUAREZ,2020,2,URBANO(A)
8,3,37,JUAREZ,2021,2,URBANO(A)
8,3,37,JUAREZ,2022,2,URBANO(A)
8,3,37,JUAREZ,2023,2,URBANO(A)
8,4,37,JUAREZ,2024,2,URBANO(A)
8,4,37,JUAREZ,2025,2,URBANO(A)
8,4,37,JUAREZ,2026,2,URBANO(A)
8,4,37,JUAREZ,2027,2,URBANO(A)
8,4,37,JUAREZ,2028,2,URBANO(A)
8,4,37,JUAREZ,2029,2,URBANO(A)
8,4,37,JUAREZ,2030,2,URBANO(A)
8,4,37,JUAREZ,2031,2,URBANO(A)
8,4,37,JUAREZ,2032,2,URBANO(A)
8,4,37,JUAREZ,2033,2,URBANO(A)
8,4,37,JUAREZ,2034,2,URBANO(A)
8,4,37,JUAREZ,2035,2,URBANO(A)
8,4,37,JUAREZ,2036,2,URBANO(A)
8,3,37,JUAREZ,2037,2,URBANO(A)
8,3,37,JUAREZ,2038,2,URBANO(A)
8,3,37,JUAREZ,2039,2,URBANO(A)
8,3,37,JUAREZ,2040,2,URBANO(A)
8,3,37,JUAREZ,2041,2,URBANO(A)
8,3,37,JUAREZ,2042,2,URBANO(A)
8,3,37,JUAREZ,2043,2,URBANO(A)
8,3,37,JUAREZ,2044,2,URBANO(A)
8,3,37,JUAREZ,2045,2,URBANO(A)
8,3,37,JUAREZ,2046,2,URBANO(A)
8,3,37,JUAREZ,2047,2,URBANO(A)
8,3,37,JUAREZ,2048,2,URBANO(A)
8,3,37,JUAREZ,2049,2,URBANO(A)
8,3,37,JUAREZ,2050,2,URBANO(A)
8,3,37,JUAREZ,2051,2,URBANO(A)
8,3,37,JUAREZ,2052,2,URBANO(A)
8,3,37,JUAREZ,2053,2,URBANO(A)
8,3,37,JUAREZ,2054,2,URBANO(A)
8,3,37,JUAREZ,2055,2,URBANO(A)
8,3,37,JUAREZ,2056,2,URBANO(A)
8,3,37,JUAREZ,2057,2,URBANO(A)
8,3,37,JUAREZ,2058,2,URBANO(A)
8,3,37,JUAREZ,2059,2,URBANO(A)
8,3,37,JUAREZ,2060,2,URBANO(A)
8,3,37,JUAREZ,2061,2,URBANO(A)
8,3,37,JUAREZ,2062,2,URBANO(A)
8,3,37,JUAREZ,2063,2,URBANO(A)
8,3,37,JUAREZ,2064,2,URBANO(A)
8,3,37,JUAREZ,2065,2,URBANO(A)
8,3,37,JUAREZ,2066,2,URBANO(A)
8,3,37,JUAREZ,2067,2,URBANO(A)
8,4,37,JUAREZ,2068,2,URBANO(A)
8,4,37,JUAREZ,2069,2,URBANO(A)
8,4,37,JUAREZ,2070,2,URBANO(A)
8,4,37,JUAREZ,2071,2,URBANO(A)
8,4,37,JUAREZ,2072,2,URBANO(A)
8,4,37,JUAREZ,2073,2,URBANO(A)
8,4,37,JUAREZ,2074,2,URBANO(A)
8,4,37,JUAREZ,2075,2,URBANO(A)
8,4,37,JUAREZ,2076,2,URBANO(A)
8,4,37,JUAREZ,2077,2,URBANO(A)
8,4,37,JUAREZ,2078,2,URBANO(A)
8,4,37,JUAREZ,2079,2,URBANO(A)
8,4,37,JUAREZ,2080,2,URBANO(A)
8,4,37,JUAREZ,2081,2,URBANO(A)
8,4,37,JUAREZ,2082,2,URBANO(A)
8,4,37,JUAREZ,2083,2,URBANO(A)
8,4,37,JUAREZ,2084,2,URBANO(A)
8,4,37,JUAREZ,2085,2,URBANO(A)
8,4,37,JUAREZ,2086,2,URBANO(A)
8,4,37,JUAREZ,2087,2,URBANO(A)
8,4,37,JUAREZ,2088,2,URBANO(A)
8,3,37,JUAREZ,2089,2,URBANO(A)
8,3,37,JUAREZ,2090,2,URBANO(A)
8,3,37,JUAREZ,2091,2,URBANO(A)
8,3,37,JUAREZ,2092,2,URBANO(A)
8,3,37,JUAREZ,2093,2,URBANO(A)
8,3,37,JUAREZ,2094,2,URBANO(A)
8,4,37,JUAREZ,2095,2,URBANO(A)
8,4,37,JUAREZ,2096,2,URBANO(A)
8,4,37,JUAREZ,2097,2,URBANO(A)
8,4,37,JUAREZ,2098,2,URBANO(A)
8,4,37,JUAREZ,2099,2,URBANO(A)
8,4,37,JUAREZ,2100,2,URBANO(A)
8,4,37,JUAREZ,2101,2,URBANO(A)
8,4,37,JUAREZ,2102,2,URBANO(A)
8,4,37,JUAREZ,2103,2,URBANO(A)
8,4,37,JUAREZ,2104,2,URBANO(A)
8,4,37,JUAREZ,2105,2,URBANO(A)
8,4,37,JUAREZ,2106,2,URBANO(A)
8,4,37,JUAREZ,2107,2,URBANO(A)
8,4,37,JUAREZ,2108,2,URBANO(A)
8,4,37,JUAREZ,2109,2,URBANO(A)
8,4,37,JUAREZ,2110,2,URBANO(A)
8,4,37,JUAREZ,2111,2,URBANO(A)
8,4,37,JUAREZ,2112,2,URBANO(A)
8,3,37,JUAREZ,2113,2,URBANO(A)
8,3,37,JUAREZ,2114,2,URBANO(A)
8,3,37,JUAREZ,2115,2,URBANO(A)
8,3,37,JUAREZ,2116,2,URBANO(A)
8,3,37,JUAREZ,2117,2,URBANO(A)
8,3,37,JUAREZ,2118,2,URBANO(A)
8,3,37,JUAREZ,2119,2,URBANO(A)
8,3,37,JUAREZ,2121,2,URBANO(A)
8,3,37,JUAREZ,2122,2,URBANO(A)
8,3,37,JUAREZ,2123,2,URBANO(A)
8,4,37,JUAREZ,2124,2,URBANO(A)
8,4,37,JUAREZ,2125,2,URBANO(A)
8,4,37,JUAREZ,2126,2,URBANO(A)
8,3,37,JUAREZ,2127,2,URBANO(A)
8,4,37,JUAREZ,2128,2,URBANO(A)
8,4,37,JUAREZ,2129,2,URBANO(A)
8,4,37,JUAREZ,2130,2,URBANO(A)
8,4,37,JUAREZ,2131,2,URBANO(A)
8,4,37,JUAREZ,2132,2,URBANO(A)
8,3,37,JUAREZ,2133,2,URBANO(A)
8,3,37,JUAREZ,2134,2,URBANO(A)
8,3,37,JUAREZ,2135,2,URBANO(A)
8,3,37,JUAREZ,2136,2,URBANO(A)
8,3,37,JUAREZ,2137,2,URBANO(A)
8,3,37,JUAREZ,2138,2,URBANO(A)
8,3,37,JUAREZ,2139,2,URBANO(A)
8,3,37,JUAREZ,2140,2,URBANO(A)
8,3,37,JUAREZ,2141,2,URBANO(A)
8,3,37,JUAREZ,2142,2,URBANO(A)
8,3,37,JUAREZ,2143,2,URBANO(A)
8,3,37,JUAREZ,2144,2,URBANO(A)
8,3,37,JUAREZ,2145,2,URBANO(A)
8,4,37,JUAREZ,2146,2,URBANO(A)
8,4,37,JUAREZ,2147,2,URBANO(A)
8,4,37,JUAREZ,2148,2,URBANO(A)
8,4,37,JUAREZ,2149,2,URBANO(A)
8,4,37,JUAREZ,2150,2,URBANO(A)
8,4,37,JUAREZ,2151,2,URBANO(A)
8,3,37,JUAREZ,2152,2,URBANO(A)
8,3,37,JUAREZ,2153,2,URBANO(A)
8,3,37,JUAREZ,2154,2,URBANO(A)
8,3,37,JUAREZ,2155,2,URBANO(A)
8,3,37,JUAREZ,2156,2,URBANO(A)
8,3,37,JUAREZ,2157,2,URBANO(A)
8,3,37,JUAREZ,2158,2,URBANO(A)
8,4,37,JUAREZ,2159,2,URBANO(A)
8,3,37,JUAREZ,2160,2,URBANO(A)
8,3,37,JUAREZ,2161,2,URBANO(A)
8,3,37,JUAREZ,2162,2,URBANO(A)
8,4,37,JUAREZ,2163,2,URBANO(A)
8,3,37,JUAREZ,2164,2,URBANO(A)
8,3,37,JUAREZ,2165,2,URBANO(A)
8,3,37,JUAREZ,2166,2,URBANO(A)
8,3,37,JUAREZ,2167,2,URBANO(A)
8,3,37,JUAREZ,2168,2,URBANO(A)
8,3,37,JUAREZ,2169,2,URBANO(A)
8,3,37,JUAREZ,2170,2,URBANO(A)
8,3,37,JUAREZ,2171,2,URBANO(A)
8,3,37,JUAREZ,2172,2,URBANO(A)
8,3,37,JUAREZ,2173,2,URBANO(A)
8,3,37,JUAREZ,2174,2,URBANO(A)
8,3,37,JUAREZ,2175,2,URBANO(A)
8,3,37,JUAREZ,2176,2,URBANO(A)
8,3,37,JUAREZ,2177,2,URBANO(A)
8,3,37,JUAREZ,2178,2,URBANO(A)
8,3,37,JUAREZ,2179,2,URBANO(A)
8,3,37,JUAREZ,2180,2,URBANO(A)
8,3,37,JUAREZ,2181,2,URBANO(A)
8,3,37,JUAREZ,2182,2,URBANO(A)
8,3,37,JUAREZ,2183,2,URBANO(A)
8,3,37,JUAREZ,2184,2,URBANO(A)
8,3,37,JUAREZ,2185,2,URBANO(A)
8,3,37,JUAREZ,2186,2,URBANO(A)
8,3,37,JUAREZ,2187,2,URBANO(A)
8,3,37,JUAREZ,2188,2,URBANO(A)
8,3,37,JUAREZ,2189,2,URBANO(A)
8,3,37,JUAREZ,2190,2,URBANO(A)
8,3,37,JUAREZ,2191,2,URBANO(A)
8,3,37,JUAREZ,2192,2,URBANO(A)
8,3,37,JUAREZ,2193,2,URBANO(A)
8,3,37,JUAREZ,2194,2,URBANO(A)
8,3,37,JUAREZ,2195,2,URBANO(A)
8,3,37,JUAREZ,2196,2,URBANO(A)
8,3,37,JUAREZ,2197,2,URBANO(A)
8,5,38,JULIMES,2199,3,MIXTO(A)
8,5,38,JULIMES,2200,3,MIXTO(A)
8,5,38,JULIMES,2201,4,RURAL
8,5,38,JULIMES,2203,4,RURAL
8,5,38,JULIMES,2204,4,RURAL
8,5,38,JULIMES,2205,4,RURAL
8,9,39,LOPEZ,2206,2,URBANO(A)
8,9,39,LOPEZ,2207,3,MIXTO(A)
8,9,39,LOPEZ,2208,4,RURAL
8,9,39,LOPEZ,2209,4,RURAL
8,9,39,LOPEZ,2211,4,RURAL
8,9,39,LOPEZ,2212,4,RURAL
8,7,40,MADERA,2214,3,MIXTO(A)
8,7,40,MADERA,2215,2,URBANO(A)
8,7,40,MADERA,2216,3,MIXTO(A)
8,7,40,MADERA,2217,2,URBANO(A)
8,7,40,MADERA,2218,2,URBANO(A)
8,7,40,MADERA,2219,2,URBANO(A)
8,7,40,MADERA,2220,2,URBANO(A)
8,7,40,MADERA,2221,2,URBANO(A)
8,7,40,MADERA,2222,2,URBANO(A)
8,7,40,MADERA,2223,2,URBANO(A)
8,7,40,MADERA,2224,2,URBANO(A)
8,7,40,MADERA,2225,2,URBANO(A)
8,7,40,MADERA,2226,3,MIXTO(A)
8,7,40,MADERA,2227,3,MIXTO(A)
8,7,40,MADERA,2228,2,URBANO(A)
8,7,40,MADERA,2229,2,URBANO(A)
8,7,40,MADERA,2230,2,URBANO(A)
8,7,40,MADERA,2231,2,URBANO(A)
8,7,40,MADERA,2232,2,URBANO(A)
8,7,40,MADERA,2233,2,URBANO(A)
8,7,40,MADERA,2234,2,URBANO(A)
8,7,40,MADERA,2235,2,URBANO(A)
8,7,40,MADERA,2236,3,MIXTO(A)
8,7,40,MADERA,2237,2,URBANO(A)
8,7,40,MADERA,2238,2,URBANO(A)
8,7,40,MADERA,2239,2,URBANO(A)
8,7,40,MADERA,2240,2,URBANO(A)
8,7,40,MADERA,2241,3,MIXTO(A)
8,7,40,MADERA,2242,2,URBANO(A)
8,7,40,MADERA,2243,2,URBANO(A)
8,7,40,MADERA,2244,3,MIXTO(A)
8,7,40,MADERA,2245,3,MIXTO(A)
8,7,40,MADERA,2246,2,URBANO(A)
8,7,40,MADERA,2247,3,MIXTO(A)
8,7,40,MADERA,2249,4,RURAL
8,7,40,MADERA,2250,4,RURAL
8,7,40,MADERA,2251,4,RURAL
8,7,40,MADERA,2252,4,RURAL
8,7,40,MADERA,2254,4,RURAL
8,7,40,MADERA,2255,4,RURAL
8,7,40,MADERA,2256,4,RURAL
8,7,40,MADERA,2257,4,RURAL
8,7,40,MADERA,2258,4,RURAL
8,7,40,MADERA,2259,4,RURAL
8,7,40,MADERA,2260,4,RURAL
8,9,41,MAGUARICHI,2261,3,MIXTO(A)
8,9,41,MAGUARICHI,2262,4,RURAL
8,9,41,MAGUARICHI,2263,4,RURAL
8,9,41,MAGUARICHI,2265,4,RURAL
8,5,42,MANUEL BENAVIDES,2266,3,MIXTO(A)
8,5,42,MANUEL BENAVIDES,2267,2,URBANO(A)
8,5,42,MANUEL BENAVIDES,2268,4,RURAL
8,5,42,MANUEL BENAVIDES,2269,4,RURAL
8,5,42,MANUEL BENAVIDES,2270,4,RURAL
8,7,43,MATACHI,2271,3,MIXTO(A)
8,7,43,MATACHI,2272,3,MIXTO(A)
8,7,43,MATACHI,2273,3,MIXTO(A)
8,7,43,MATACHI,2274,4,RURAL
8,7,43,MATACHI,2275,4,RURAL
8,7,43,MATACHI,2276,4,RURAL
8,7,43,MATACHI,2277,4,RURAL
8,9,44,MATAMOROS,2278,3,MIXTO(A)
8,9,44,MATAMOROS,2279,3,MIXTO(A)
8,9,44,MATAMOROS,2280,4,RURAL
8,9,44,MATAMOROS,2281,4,RURAL
8,9,44,MATAMOROS,2282,4,RURAL
8,9,44,MATAMOROS,2283,4,RURAL
8,9,44,MATAMOROS,2286,4,RURAL
8,9,44,MATAMOROS,2287,4,RURAL
8,5,45,MEOQUI,2288,2,URBANO(A)
8,5,45,MEOQUI,2289,2,URBANO(A)
8,5,45,MEOQUI,2290,2,URBANO(A)
8,5,45,MEOQUI,2291,2,URBANO(A)
8,5,45,MEOQUI,2292,2,URBANO(A)
8,5,45,MEOQUI,2293,2,URBANO(A)
8,5,45,MEOQUI,2294,2,URBANO(A)
8,5,45,MEOQUI,2295,2,URBANO(A)
8,5,45,MEOQUI,2296,2,URBANO(A)
8,5,45,MEOQUI,2297,2,URBANO(A)
8,5,45,MEOQUI,2298,2,URBANO(A)
8,5,45,MEOQUI,2299,2,URBANO(A)
8,5,45,MEOQUI,2300,2,URBANO(A)
8,5,45,MEOQUI,2301,2,URBANO(A)
8,5,45,MEOQUI,2302,2,URBANO(A)
8,5,45,MEOQUI,2303,2,URBANO(A)
8,5,45,MEOQUI,2304,2,URBANO(A)
8,5,45,MEOQUI,2305,2,URBANO(A)
8,5,45,MEOQUI,2306,2,URBANO(A)
8,5,45,MEOQUI,2307,2,URBANO(A)
8,5,45,MEOQUI,2308,2,URBANO(A)
8,5,45,MEOQUI,2309,2,URBANO(A)
8,5,45,MEOQUI,2310,4,RURAL
8,5,45,MEOQUI,2311,4,RURAL
8,5,45,MEOQUI,2312,4,RURAL
8,5,45,MEOQUI,2313,4,RURAL
8,5,45,MEOQUI,2314,4,RURAL
8,5,45,MEOQUI,2315,4,RURAL
8,5,45,MEOQUI,2316,4,RURAL
8,5,45,MEOQUI,2317,4,RURAL
8,5,45,MEOQUI,2318,2,URBANO(A)
8,5,45,MEOQUI,2319,2,URBANO(A)
8,5,45,MEOQUI,2320,4,RURAL
8,5,45,MEOQUI,2321,4,RURAL
8,5,45,MEOQUI,2322,3,MIXTO(A)
8,9,46,MORELOS,2323,3,MIXTO(A)
8,9,46,MORELOS,2324,4,RURAL
8,9,46,MORELOS,2325,4,RURAL
8,9,46,MORELOS,2326,4,RURAL
8,9,46,MORELOS,2327,4,RURAL
8,9,46,MORELOS,2328,4,RURAL
8,9,46,MORELOS,2329,4,RURAL
8,9,46,MORELOS,2330,4,RURAL
8,7,47,MORIS,2331,3,MIXTO(A)
8,7,47,MORIS,2332,4,RURAL
8,7,47,MORIS,2333,4,RURAL
8,7,47,MORIS,2334,4,RURAL
8,7,47,MORIS,2335,4,RURAL
8,7,47,MORIS,2336,4,RURAL
8,7,47,MORIS,2337,4,RURAL
8,7,47,MORIS,2338,4,RURAL
8,7,48,NAMIQUIPA,2339,2,URBANO(A)
8,7,48,NAMIQUIPA,2340,3,MIXTO(A)
8,7,48,NAMIQUIPA,2341,3,MIXTO(A)
8,7,48,NAMIQUIPA,2342,3,MIXTO(A)
8,7,48,NAMIQUIPA,2343,3,MIXTO(A)
8,7,48,NAMIQUIPA,2344,3,MIXTO(A)
8,7,48,NAMIQUIPA,2345,3,MIXTO(A)
8,7,48,NAMIQUIPA,2346,2,URBANO(A)
8,7,48,NAMIQUIPA,2347,2,URBANO(A)
8,7,48,NAMIQUIPA,2348,2,URBANO(A)
8,7,48,NAMIQUIPA,2349,2,URBANO(A)
8,7,48,NAMIQUIPA,2350,3,MIXTO(A)
8,7,48,NAMIQUIPA,2351,3,MIXTO(A)
8,7,48,NAMIQUIPA,2352,3,MIXTO(A)
8,7,48,NAMIQUIPA,2353,2,URBANO(A)
8,7,48,NAMIQUIPA,2354,2,URBANO(A)
8,7,48,NAMIQUIPA,2356,4,RURAL
8,7,48,NAMIQUIPA,2357,4,RURAL
8,7,48,NAMIQUIPA,2358,4,RURAL
8,7,48,NAMIQUIPA,2359,4,RURAL
8,7,48,NAMIQUIPA,2360,4,RURAL
8,7,48,NAMIQUIPA,2361,4,RURAL
8,7,48,NAMIQUIPA,2362,4,RURAL
8,7,48,NAMIQUIPA,2363,4,RURAL
8,7,48,NAMIQUIPA,2364,4,RURAL
8,7,48,NAMIQUIPA,2365,4,RURAL
8,7,48,NAMIQUIPA,2367,4,RURAL
8,7,48,NAMIQUIPA,2368,4,RURAL
8,7,48,NAMIQUIPA,2371,4,RURAL
8,7,48,NAMIQUIPA,2374,4,RURAL
8,7,48,NAMIQUIPA,2375,4,RURAL
8,7,48,NAMIQUIPA,2378,4,RURAL
8,7,48,NAMIQUIPA,2379,4,RURAL
8,7,48,NAMIQUIPA,2380,4,RURAL
8,7,48,NAMIQUIPA,2381,4,RURAL
8,7,48,NAMIQUIPA,2382,4,RURAL
8,7,48,NAMIQUIPA,2384,4,RURAL
8,7,48,NAMIQUIPA,2385,4,RURAL
8,7,48,NAMIQUIPA,2387,4,RURAL
8,7,48,NAMIQUIPA,2388,2,URBANO(A)
8,7,48,NAMIQUIPA,2389,2,URBANO(A)
8,9,49,NONOAVA,2390,3,MIXTO(A)
8,9,49,NONOAVA,2392,4,RURAL
8,9,49,NONOAVA,2393,4,RURAL
8,9,49,NONOAVA,2395,4,RURAL
8,7,50,NUEVO CASAS GRANDES,2396,2,URBANO(A)
8,7,50,NUEVO CASAS GRANDES,2397,2,URBANO(A)
8,7,50,NUEVO CASAS GRANDES,2398,2,URBANO(A)
8,7,50,NUEVO CASAS GRANDES,2399,3,MIXTO(A)
8,7,50,NUEVO CASAS GRANDES,2400,2,URBANO(A)
8,7,50,NUEVO CASAS GRANDES,2401,2,URBANO(A)
8,7,50,NUEVO CASAS GRANDES,2402,2,URBANO(A)
8,7,50,NUEVO CASAS GRANDES,2403,2,URBANO(A)
8,7,50,NUEVO CASAS GRANDES,2404,2,URBANO(A)
8,7,50,NUEVO CASAS GRANDES,2405,2,URBANO(A)
8,7,50,NUEVO CASAS GRANDES,2406,2,URBANO(A)
8,7,50,NUEVO CASAS GRANDES,2407,2,URBANO(A)
8,7,50,NUEVO CASAS GRANDES,2408,2,URBANO(A)
8,7,50,NUEVO CASAS GRANDES,2409,2,URBANO(A)
8,7,50,NUEVO CASAS GRANDES,2410,2,URBANO(A)
8,7,50,NUEVO CASAS GRANDES,2411,2,URBANO(A)
8,7,50,NUEVO CASAS GRANDES,2412,2,URBANO(A)
8,7,50,NUEVO CASAS GRANDES,2413,2,URBANO(A)
8,7,50,NUEVO CASAS GRANDES,2414,2,URBANO(A)
8,7,50,NUEVO CASAS GRANDES,2415,3,MIXTO(A)
8,7,50,NUEVO CASAS GRANDES,2416,2,URBANO(A)
8,7,50,NUEVO CASAS GRANDES,2417,2,URBANO(A)
8,7,50,NUEVO CASAS GRANDES,2418,2,URBANO(A)
8,7,50,NUEVO CASAS GRANDES,2419,2,URBANO(A)
8,7,50,NUEVO CASAS GRANDES,2420,2,URBANO(A)
8,7,50,NUEVO CASAS GRANDES,2421,2,URBANO(A)
8,7,50,NUEVO CASAS GRANDES,2422,2,URBANO(A)
8,7,50,NUEVO CASAS GRANDES,2423,2,URBANO(A)
8,7,50,NUEVO CASAS GRANDES,2424,2,URBANO(A)
8,7,50,NUEVO CASAS GRANDES,2425,2,URBANO(A)
8,7,50,NUEVO CASAS GRANDES,2426,2,URBANO(A)
8,7,50,NUEVO CASAS GRANDES,2427,2,URBANO(A)
8,7,50,NUEVO CASAS GRANDES,2428,2,URBANO(A)
8,7,50,NUEVO CASAS GRANDES,2429,2,URBANO(A)
8,7,50,NUEVO CASAS GRANDES,2430,2,URBANO(A)
8,7,50,NUEVO CASAS GRANDES,2431,2,URBANO(A)
8,7,50,NUEVO CASAS GRANDES,2432,2,URBANO(A)
8,7,50,NUEVO CASAS GRANDES,2433,2,URBANO(A)
8,7,50,NUEVO CASAS GRANDES,2434,2,URBANO(A)
8,7,50,NUEVO CASAS GRANDES,2435,2,URBANO(A)
8,7,50,NUEVO CASAS GRANDES,2436,2,URBANO(A)
8,7,50,NUEVO CASAS GRANDES,2437,3,MIXTO(A)
8,7,50,NUEVO CASAS GRANDES,2438,2,URBANO(A)
8,7,50,NUEVO CASAS GRANDES,2439,2,URBANO(A)
8,7,50,NUEVO CASAS GRANDES,2440,2,URBANO(A)
8,7,50,NUEVO CASAS GRANDES,2441,2,URBANO(A)
8,7,50,NUEVO CASAS GRANDES,2442,2,URBANO(A)
8,7,50,NUEVO CASAS GRANDES,2443,2,URBANO(A)
8,7,50,NUEVO CASAS GRANDES,2444,2,URBANO(A)
8,7,50,NUEVO CASAS GRANDES,2445,2,URBANO(A)
8,7,50,NUEVO CASAS GRANDES,2446,2,URBANO(A)
8,7,50,NUEVO CASAS GRANDES,2447,2,URBANO(A)
8,7,50,NUEVO CASAS GRANDES,2448,2,URBANO(A)
8,7,50,NUEVO CASAS GRANDES,2449,2,URBANO(A)
8,7,50,NUEVO CASAS GRANDES,2450,2,URBANO(A)
8,7,50,NUEVO CASAS GRANDES,2451,2,URBANO(A)
8,7,50,NUEVO CASAS GRANDES,2452,2,URBANO(A)
8,7,50,NUEVO CASAS GRANDES,2453,2,URBANO(A)
8,7,50,NUEVO CASAS GRANDES,2454,2,URBANO(A)
8,7,50,NUEVO CASAS GRANDES,2455,4,RURAL
8,7,50,NUEVO CASAS GRANDES,2456,4,RURAL
8,7,50,NUEVO CASAS GRANDES,2457,4,RURAL
8,7,50,NUEVO CASAS GRANDES,2458,4,RURAL
8,7,50,NUEVO CASAS GRANDES,2459,4,RURAL
8,7,51,OCAMPO,2460,3,MIXTO(A)
8,7,51,OCAMPO,2461,4,RURAL
8,7,51,OCAMPO,2462,4,RURAL
8,7,51,OCAMPO,2463,4,RURAL
8,7,51,OCAMPO,2464,4,RURAL
8,7,51,OCAMPO,2466,4,RURAL
8,7,51,OCAMPO,2467,4,RURAL
8,7,51,OCAMPO,2469,4,RURAL
8,7,51,OCAMPO,2470,4,RURAL
8,7,51,OCAMPO,2471,4,RURAL
8,7,51,OCAMPO,2472,4,RURAL
8,7,51,OCAMPO,2473,4,RURAL
8,7,51,OCAMPO,2475,4,RURAL
8,5,52,OJINAGA,2477,2,URBANO(A)
8,5,52,OJINAGA,2478,2,URBANO(A)
8,5,52,OJINAGA,2479,2,URBANO(A)
8,5,52,OJINAGA,2480,2,URBANO(A)
8,5,52,OJINAGA,2481,2,URBANO(A)
8,5,52,OJINAGA,2482,2,URBANO(A)
8,5,52,OJINAGA,2483,2,URBANO(A)
8,5,52,OJINAGA,2484,2,URBANO(A)
8,5,52,OJINAGA,2485,2,URBANO(A)
8,5,52,OJINAGA,2486,2,URBANO(A)
8,5,52,OJINAGA,2487,2,URBANO(A)
8,5,52,OJINAGA,2488,2,URBANO(A)
8,5,52,OJINAGA,2489,2,URBANO(A)
8,5,52,OJINAGA,2490,2,URBANO(A)
8,5,52,OJINAGA,2491,2,URBANO(A)
8,5,52,OJINAGA,2492,2,URBANO(A)
8,5,52,OJINAGA,2493,2,URBANO(A)
8,5,52,OJINAGA,2495,4,RURAL
8,5,52,OJINAGA,2498,4,RURAL
8,5,52,OJINAGA,2499,4,RURAL
8,5,52,OJINAGA,2500,4,RURAL
8,5,52,OJINAGA,2501,4,RURAL
8,5,52,OJINAGA,2502,4,RURAL
8,5,52,OJINAGA,2503,4,RURAL
8,5,52,OJINAGA,2504,4,RURAL
8,5,52,OJINAGA,2505,4,RURAL
8,5,52,OJINAGA,2507,4,RURAL
8,5,52,OJINAGA,2508,4,RURAL
8,2,53,PRAXEDIS G. GUERRERO,2509,2,URBANO(A)
8,2,53,PRAXEDIS G. GUERRERO,2510,3,MIXTO(A)
8,2,53,PRAXEDIS G. GUERRERO,2511,3,MIXTO(A)
8,2,53,PRAXEDIS G. GUERRERO,2512,2,URBANO(A)
8,2,53,PRAXEDIS G. GUERRERO,2513,3,MIXTO(A)
8,2,53,PRAXEDIS G. GUERRERO,2514,2,URBANO(A)
8,2,53,PRAXEDIS G. GUERRERO,2515,3,MIXTO(A)
8,2,53,PRAXEDIS G. GUERRERO,2516,4,RURAL
8,2,53,PRAXEDIS G. GUERRERO,2517,4,RURAL
8,7,54,RIVA PALACIO,2518,3,MIXTO(A)
8,7,54,RIVA PALACIO,2519,4,RURAL
8,7,54,RIVA PALACIO,2520,4,RURAL
8,7,54,RIVA PALACIO,2521,4,RURAL
8,7,54,RIVA PALACIO,2522,4,RURAL
8,7,54,RIVA PALACIO,2523,4,RURAL
8,7,54,RIVA PALACIO,2524,4,RURAL
8,7,54,RIVA PALACIO,2525,4,RURAL
8,7,54,RIVA PALACIO,2527,4,RURAL
8,5,55,ROSALES,2528,2,URBANO(A)
8,5,55,ROSALES,2529,2,URBANO(A)
8,5,55,ROSALES,2530,2,URBANO(A)
8,5,55,ROSALES,2531,3,MIXTO(A)
8,5,55,ROSALES,2532,4,RURAL
8,5,55,ROSALES,2533,4,RURAL
8,5,55,ROSALES,2534,4,RURAL
8,5,55,ROSALES,2535,4,RURAL
8,5,55,ROSALES,2537,3,MIXTO(A)
8,5,55,ROSALES,2538,2,URBANO(A)
8,5,55,ROSALES,2539,4,RURAL
8,5,55,ROSALES,2540,4,RURAL
8,5,55,ROSALES,2541,4,RURAL
8,5,55,ROSALES,2542,4,RURAL
8,5,55,ROSALES,2543,4,RURAL
8,5,55,ROSALES,2544,4,RURAL
8,9,56,ROSARIO,2545,3,MIXTO(A)
8,9,56,ROSARIO,2546,4,RURAL
8,9,56,ROSARIO,2547,4,RURAL
8,9,56,ROSARIO,2548,4,RURAL
8,9,57,SAN FRANCISCO DE BORJA,2549,2,URBANO(A)
8,9,57,SAN FRANCISCO DE BORJA,2550,3,MIXTO(A)
8,9,57,SAN FRANCISCO DE BORJA,2554,4,RURAL
8,9,57,SAN FRANCISCO DE BORJA,2555,4,RURAL
8,9,57,SAN FRANCISCO DE BORJA,2557,4,RURAL
8,9,57,SAN FRANCISCO DE BORJA,2558,4,RURAL
8,5,58,SAN FRANCISCO DE CONCHOS,2559,3,MIXTO(A)
8,5,58,SAN FRANCISCO DE CONCHOS,2560,3,MIXTO(A)
8,5,58,SAN FRANCISCO DE CONCHOS,2561,3,MIXTO(A)
8,5,58,SAN FRANCISCO DE CONCHOS,2562,4,RURAL
8,5,58,SAN FRANCISCO DE CONCHOS,2563,4,RURAL
8,5,58,SAN FRANCISCO DE CONCHOS,2564,4,RURAL
8,9,59,SAN FRANCISCO DEL ORO,2566,2,URBANO(A)
8,9,59,SAN FRANCISCO DEL ORO,2567,2,URBANO(A)
8,9,59,SAN FRANCISCO DEL ORO,2568,2,URBANO(A)
8,9,59,SAN FRANCISCO DEL ORO,2569,2,URBANO(A)
8,9,59,SAN FRANCISCO DEL ORO,2570,2,URBANO(A)
8,9,59,SAN FRANCISCO DEL ORO,2571,2,URBANO(A)
8,9,59,SAN FRANCISCO DEL ORO,2572,2,URBANO(A)
8,9,59,SAN FRANCISCO DEL ORO,2573,2,URBANO(A)
8,9,59,SAN FRANCISCO DEL ORO,2574,2,URBANO(A)
8,9,59,SAN FRANCISCO DEL ORO,2575,4,RURAL
8,9,59,SAN FRANCISCO DEL ORO,2576,4,RURAL
8,9,60,SANTA BARBARA,2578,2,URBANO(A)
8,9,60,SANTA BARBARA,2579,3,MIXTO(A)
8,9,60,SANTA BARBARA,2580,2,URBANO(A)
8,9,60,SANTA BARBARA,2581,2,URBANO(A)
8,9,60,SANTA BARBARA,2582,2,URBANO(A)
8,9,60,SANTA BARBARA,2583,2,URBANO(A)
8,9,60,SANTA BARBARA,2584,2,URBANO(A)
8,9,60,SANTA BARBARA,2585,2,URBANO(A)
8,9,60,SANTA BARBARA,2586,2,URBANO(A)
8,9,60,SANTA BARBARA,2587,3,MIXTO(A)
8,9,60,SANTA BARBARA,2588,2,URBANO(A)
8,9,60,SANTA BARBARA,2589,2,URBANO(A)
8,9,60,SANTA BARBARA,2590,2,URBANO(A)
8,9,60,SANTA BARBARA,2591,3,MIXTO(A)
8,9,60,SANTA BARBARA,2592,2,URBANO(A)
8,9,60,SANTA BARBARA,2593,2,URBANO(A)
8,9,60,SANTA BARBARA,2594,4,RURAL
8,9,60,SANTA BARBARA,2595,4,RURAL
8,9,60,SANTA BARBARA,2597,4,RURAL
8,9,60,SANTA BARBARA,2599,4,RURAL
8,9,61,SATEVO,2601,3,MIXTO(A)
8,9,61,SATEVO,2602,3,MIXTO(A)
8,9,61,SATEVO,2603,3,MIXTO(A)
8,9,61,SATEVO,2604,4,RURAL
8,9,61,SATEVO,2605,4,RURAL
8,9,61,SATEVO,2606,4,RURAL
8,9,61,SATEVO,2607,4,RURAL
8,9,61,SATEVO,2608,4,RURAL
8,9,61,SATEVO,2609,4,RURAL
8,9,61,SATEVO,2611,4,RURAL
8,9,61,SATEVO,2612,4,RURAL
8,9,61,SATEVO,2613,4,RURAL
8,9,61,SATEVO,2614,4,RURAL
8,5,62,SAUCILLO,2615,2,URBANO(A)
8,5,62,SAUCILLO,2616,2,URBANO(A)
8,5,62,SAUCILLO,2617,3,MIXTO(A)
8,5,62,SAUCILLO,2618,2,URBANO(A)
8,5,62,SAUCILLO,2619,2,URBANO(A)
8,5,62,SAUCILLO,2620,2,URBANO(A)
8,5,62,SAUCILLO,2621,3,MIXTO(A)
8,5,62,SAUCILLO,2622,2,URBANO(A)
8,5,62,SAUCILLO,2623,2,URBANO(A)
8,5,62,SAUCILLO,2624,2,URBANO(A)
8,5,62,SAUCILLO,2625,2,URBANO(A)
8,5,62,SAUCILLO,2626,3,MIXTO(A)
8,5,62,SAUCILLO,2627,3,MIXTO(A)
8,5,62,SAUCILLO,2628,2,URBANO(A)
8,5,62,SAUCILLO,2630,2,URBANO(A)
8,5,62,SAUCILLO,2631,2,URBANO(A)
8,5,62,SAUCILLO,2632,2,URBANO(A)
8,5,62,SAUCILLO,2633,3,MIXTO(A)
8,5,62,SAUCILLO,2634,3,MIXTO(A)
8,5,62,SAUCILLO,2635,3,MIXTO(A)
8,5,62,SAUCILLO,2636,3,MIXTO(A)
8,5,62,SAUCILLO,2637,3,MIXTO(A)
8,5,62,SAUCILLO,2638,3,MIXTO(A)
8,5,62,SAUCILLO,2639,4,RURAL
8,5,62,SAUCILLO,2640,3,MIXTO(A)
8,5,62,SAUCILLO,2641,4,RURAL
8,5,62,SAUCILLO,2642,4,RURAL
8,5,62,SAUCILLO,2643,3,MIXTO(A)
8,5,62,SAUCILLO,2644,4,RURAL
8,5,62,SAUCILLO,2645,4,RURAL
8,5,62,SAUCILLO,2646,4,RURAL
8,5,62,SAUCILLO,2647,3,MIXTO(A)
8,7,63,TEMOSACHIC,2648,2,URBANO(A)
8,7,63,TEMOSACHIC,2649,3,MIXTO(A)
8,7,63,TEMOSACHIC,2650,3,MIXTO(A)
8,7,63,TEMOSACHIC,2651,4,RURAL
8,7,63,TEMOSACHIC,2652,4,RURAL
8,7,63,TEMOSACHIC,2653,4,RURAL
8,7,63,TEMOSACHIC,2654,4,RURAL
8,7,63,TEMOSACHIC,2655,4,RURAL
8,7,63,TEMOSACHIC,2656,4,RURAL
8,7,63,TEMOSACHIC,2657,4,RURAL
8,7,63,TEMOSACHIC,2658,4,RURAL
8,7,63,TEMOSACHIC,2659,4,RURAL
8,7,63,TEMOSACHIC,2660,4,RURAL
8,9,64,EL TULE,2661,2,URBANO(A)
8,9,64,EL TULE,2662,3,MIXTO(A)
8,9,64,EL TULE,2663,4,RURAL
8,9,64,EL TULE,2664,4,RURAL
8,9,64,EL TULE,2665,4,RURAL
8,9,64,EL TULE,2667,4,RURAL
8,9,65,URIQUE,2668,3,MIXTO(A)
8,9,65,URIQUE,2669,4,RURAL
8,9,65,URIQUE,2670,4,RURAL
8,9,65,URIQUE,2671,4,RURAL
8,9,65,URIQUE,2672,4,RURAL
8,9,65,URIQUE,2673,4,RURAL
8,9,65,URIQUE,2674,4,RURAL
8,9,65,URIQUE,2675,4,RURAL
8,9,65,URIQUE,2676,4,RURAL
8,9,65,URIQUE,2677,4,RURAL
8,9,65,URIQUE,2678,4,RURAL
8,9,65,URIQUE,2679,4,RURAL
8,9,65,URIQUE,2680,4,RURAL
8,9,65,URIQUE,2681,4,RURAL
8,9,65,URIQUE,2682,4,RURAL
8,9,65,URIQUE,2683,4,RURAL
8,9,66,URUACHI,2684,3,MIXTO(A)
8,9,66,URUACHI,2685,3,MIXTO(A)
8,9,66,URUACHI,2686,4,RURAL
8,9,66,URUACHI,2687,4,RURAL
8,9,66,URUACHI,2689,4,RURAL
8,9,66,URUACHI,2690,4,RURAL
8,9,66,URUACHI,2691,4,RURAL
8,9,66,URUACHI,2692,4,RURAL
8,9,66,URUACHI,2693,4,RURAL
8,9,66,URUACHI,2694,4,RURAL
8,9,66,URUACHI,2695,4,RURAL
8,9,67,VALLE DE ZARAGOZA,2697,3,MIXTO(A)
8,9,67,VALLE DE ZARAGOZA,2698,2,URBANO(A)
8,9,67,VALLE DE ZARAGOZA,2699,4,RURAL
8,9,67,VALLE DE ZARAGOZA,2700,4,RURAL
8,9,67,VALLE DE ZARAGOZA,2701,4,RURAL
8,9,67,VALLE DE ZARAGOZA,2702,4,RURAL
8,9,67,VALLE DE ZARAGOZA,2704,4,RURAL
8,9,67,VALLE DE ZARAGOZA,2706,4,RURAL
8,9,67,VALLE DE ZARAGOZA,2707,4,RURAL
8,9,67,VALLE DE ZARAGOZA,2708,4,RURAL
8,9,67,VALLE DE ZARAGOZA,2709,4,RURAL
8,9,67,VALLE DE ZARAGOZA,2710,4,RURAL
8,1,37,JUAREZ,2712,2,URBANO(A)
8,1,37,JUAREZ,2713,2,URBANO(A)
8,1,37,JUAREZ,2714,2,URBANO(A)
8,1,37,JUAREZ,2715,2,URBANO(A)
8,1,37,JUAREZ,2716,2,URBANO(A)
8,1,37,JUAREZ,2717,2,URBANO(A)
8,1,37,JUAREZ,2718,2,URBANO(A)
8,1,37,JUAREZ,2719,2,URBANO(A)
8,1,37,JUAREZ,2720,2,URBANO(A)
8,1,37,JUAREZ,2721,2,URBANO(A)
8,1,37,JUAREZ,2722,2,URBANO(A)
8,1,37,JUAREZ,2723,2,URBANO(A)
8,1,37,JUAREZ,2724,2,URBANO(A)
8,1,37,JUAREZ,2725,2,URBANO(A)
8,1,37,JUAREZ,2726,2,URBANO(A)
8,1,37,JUAREZ,2727,2,URBANO(A)
8,1,37,JUAREZ,2728,2,URBANO(A)
8,1,37,JUAREZ,2729,2,URBANO(A)
8,1,37,JUAREZ,2730,2,URBANO(A)
8,2,37,JUAREZ,2731,2,URBANO(A)
8,1,37,JUAREZ,2732,2,URBANO(A)
8,1,37,JUAREZ,2733,2,URBANO(A)
8,2,37,JUAREZ,2734,2,URBANO(A)
8,2,37,JUAREZ,2735,2,URBANO(A)
8,2,37,JUAREZ,2736,2,URBANO(A)
8,1,37,JUAREZ,2737,2,URBANO(A)
8,1,37,JUAREZ,2738,2,URBANO(A)
8,1,37,JUAREZ,2739,2,URBANO(A)
8,1,37,JUAREZ,2740,2,URBANO(A)
8,1,37,JUAREZ,2741,2,URBANO(A)
8,1,37,JUAREZ,2742,2,URBANO(A)
8,1,37,JUAREZ,2743,2,URBANO(A)
8,1,37,JUAREZ,2744,2,URBANO(A)
8,1,37,JUAREZ,2745,2,URBANO(A)
8,1,37,JUAREZ,2746,2,URBANO(A)
8,1,37,JUAREZ,2747,2,URBANO(A)
8,1,37,JUAREZ,2748,2,URBANO(A)
8,1,37,JUAREZ,2749,2,URBANO(A)
8,1,37,JUAREZ,2750,2,URBANO(A)
8,1,37,JUAREZ,2751,2,URBANO(A)
8,1,37,JUAREZ,2752,2,URBANO(A)
8,1,37,JUAREZ,2753,2,URBANO(A)
8,1,37,JUAREZ,2754,2,URBANO(A)
8,1,37,JUAREZ,2755,2,URBANO(A)
8,1,37,JUAREZ,2756,2,URBANO(A)
8,1,37,JUAREZ,2757,2,URBANO(A)
8,1,37,JUAREZ,2758,2,URBANO(A)
8,1,37,JUAREZ,2759,2,URBANO(A)
8,1,37,JUAREZ,2760,2,URBANO(A)
8,1,37,JUAREZ,2761,2,URBANO(A)
8,1,37,JUAREZ,2762,2,URBANO(A)
8,1,37,JUAREZ,2763,2,URBANO(A)
8,1,37,JUAREZ,2764,2,URBANO(A)
8,1,37,JUAREZ,2765,2,URBANO(A)
8,1,37,JUAREZ,2766,2,URBANO(A)
8,1,37,JUAREZ,2767,2,URBANO(A)
8,1,37,JUAREZ,2768,2,URBANO(A)
8,1,37,JUAREZ,2769,2,URBANO(A)
8,1,37,JUAREZ,2770,2,URBANO(A)
8,1,37,JUAREZ,2771,2,URBANO(A)
8,1,37,JUAREZ,2772,2,URBANO(A)
8,1,37,JUAREZ,2773,2,URBANO(A)
8,1,37,JUAREZ,2774,2,URBANO(A)
8,1,37,JUAREZ,2775,2,URBANO(A)
8,1,37,JUAREZ,2776,2,URBANO(A)
8,1,37,JUAREZ,2777,2,URBANO(A)
8,1,37,JUAREZ,2778,2,URBANO(A)
8,1,37,JUAREZ,2779,2,URBANO(A)
8,2,37,JUAREZ,2780,2,URBANO(A)
8,2,37,JUAREZ,2782,2,URBANO(A)
8,2,37,JUAREZ,2783,2,URBANO(A)
8,2,37,JUAREZ,2784,2,URBANO(A)
8,2,37,JUAREZ,2785,2,URBANO(A)
8,1,37,JUAREZ,2786,2,URBANO(A)
8,1,37,JUAREZ,2787,2,URBANO(A)
8,1,37,JUAREZ,2788,2,URBANO(A)
8,1,37,JUAREZ,2789,2,URBANO(A)
8,1,37,JUAREZ,2790,2,URBANO(A)
8,1,37,JUAREZ,2791,2,URBANO(A)
8,1,37,JUAREZ,2792,2,URBANO(A)
8,1,37,JUAREZ,2793,2,URBANO(A)
8,1,37,JUAREZ,2794,2,URBANO(A)
8,1,37,JUAREZ,2795,2,URBANO(A)
8,1,37,JUAREZ,2796,2,URBANO(A)
8,1,37,JUAREZ,2797,2,URBANO(A)
8,1,37,JUAREZ,2798,2,URBANO(A)
8,1,37,JUAREZ,2799,2,URBANO(A)
8,1,37,JUAREZ,2800,2,URBANO(A)
8,1,37,JUAREZ,2801,2,URBANO(A)
8,1,37,JUAREZ,2802,2,URBANO(A)
8,1,37,JUAREZ,2803,2,URBANO(A)
8,1,37,JUAREZ,2804,2,URBANO(A)
8,1,37,JUAREZ,2805,2,URBANO(A)
8,1,37,JUAREZ,2806,2,URBANO(A)
8,1,37,JUAREZ,2807,2,URBANO(A)
8,1,37,JUAREZ,2808,2,URBANO(A)
8,1,37,JUAREZ,2809,2,URBANO(A)
8,1,37,JUAREZ,2810,2,URBANO(A)
8,1,37,JUAREZ,2811,2,URBANO(A)
8,1,37,JUAREZ,2812,2,URBANO(A)
8,1,37,JUAREZ,2813,2,URBANO(A)
8,1,37,JUAREZ,2814,2,URBANO(A)
8,1,37,JUAREZ,2816,2,URBANO(A)
8,1,37,JUAREZ,2817,2,URBANO(A)
8,1,37,JUAREZ,2818,2,URBANO(A)
8,1,37,JUAREZ,2819,2,URBANO(A)
8,1,37,JUAREZ,2820,2,URBANO(A)
8,1,37,JUAREZ,2822,2,URBANO(A)
8,1,37,JUAREZ,2824,2,URBANO(A)
8,2,37,JUAREZ,2825,2,URBANO(A)
8,2,37,JUAREZ,2826,2,URBANO(A)
8,2,37,JUAREZ,2827,2,URBANO(A)
8,1,37,JUAREZ,2829,2,URBANO(A)
8,3,37,JUAREZ,2830,2,URBANO(A)
8,3,37,JUAREZ,2831,2,URBANO(A)
8,3,37,JUAREZ,2832,2,URBANO(A)
8,3,37,JUAREZ,2833,2,URBANO(A)
8,3,37,JUAREZ,2834,2,URBANO(A)
8,3,37,JUAREZ,2835,2,URBANO(A)
8,3,37,JUAREZ,2836,2,URBANO(A)
8,3,37,JUAREZ,2837,2,URBANO(A)
8,1,37,JUAREZ,2838,2,URBANO(A)
8,1,37,JUAREZ,2839,2,URBANO(A)
8,1,37,JUAREZ,2840,2,URBANO(A)
8,1,37,JUAREZ,2841,2,URBANO(A)
8,1,37,JUAREZ,2842,2,URBANO(A)
8,1,37,JUAREZ,2843,2,URBANO(A)
8,6,19,CHIHUAHUA,2844,2,URBANO(A)
8,6,19,CHIHUAHUA,2845,2,URBANO(A)
8,6,19,CHIHUAHUA,2846,2,URBANO(A)
8,6,19,CHIHUAHUA,2847,2,URBANO(A)
8,6,19,CHIHUAHUA,2848,2,URBANO(A)
8,6,19,CHIHUAHUA,2849,2,URBANO(A)
8,6,19,CHIHUAHUA,2850,2,URBANO(A)
8,6,19,CHIHUAHUA,2851,2,URBANO(A)
8,6,19,CHIHUAHUA,2852,2,URBANO(A)
8,6,19,CHIHUAHUA,2853,2,URBANO(A)
8,6,19,CHIHUAHUA,2854,2,URBANO(A)
8,6,19,CHIHUAHUA,2855,2,URBANO(A)
8,6,19,CHIHUAHUA,2856,2,URBANO(A)
8,6,19,CHIHUAHUA,2857,2,URBANO(A)
8,6,19,CHIHUAHUA,2858,2,URBANO(A)
8,6,19,CHIHUAHUA,2859,2,URBANO(A)
8,6,19,CHIHUAHUA,2860,2,URBANO(A)
8,6,19,CHIHUAHUA,2861,2,URBANO(A)
8,6,19,CHIHUAHUA,2862,2,URBANO(A)
8,6,19,CHIHUAHUA,2863,2,URBANO(A)
8,6,19,CHIHUAHUA,2864,2,URBANO(A)
8,6,19,CHIHUAHUA,2865,2,URBANO(A)
8,6,19,CHIHUAHUA,2866,2,URBANO(A)
8,6,19,CHIHUAHUA,2867,2,URBANO(A)
8,6,19,CHIHUAHUA,2868,2,URBANO(A)
8,6,19,CHIHUAHUA,2869,2,URBANO(A)
8,6,19,CHIHUAHUA,2870,2,URBANO(A)
8,6,19,CHIHUAHUA,2871,2,URBANO(A)
8,6,19,CHIHUAHUA,2872,2,URBANO(A)
8,6,19,CHIHUAHUA,2873,2,URBANO(A)
8,6,19,CHIHUAHUA,2874,2,URBANO(A)
8,6,19,CHIHUAHUA,2875,2,URBANO(A)
8,6,19,CHIHUAHUA,2876,2,URBANO(A)
8,6,19,CHIHUAHUA,2877,2,URBANO(A)
8,6,19,CHIHUAHUA,2878,2,URBANO(A)
8,6,19,CHIHUAHUA,2879,2,URBANO(A)
8,6,19,CHIHUAHUA,2880,2,URBANO(A)
8,6,19,CHIHUAHUA,2881,2,URBANO(A)
8,6,19,CHIHUAHUA,2882,2,URBANO(A)
8,6,19,CHIHUAHUA,2883,2,URBANO(A)
8,6,19,CHIHUAHUA,2884,2,URBANO(A)
8,6,19,CHIHUAHUA,2885,2,URBANO(A)
8,6,19,CHIHUAHUA,2886,2,URBANO(A)
8,6,19,CHIHUAHUA,2887,2,URBANO(A)
8,6,19,CHIHUAHUA,2888,2,URBANO(A)
8,6,19,CHIHUAHUA,2889,2,URBANO(A)
8,6,19,CHIHUAHUA,2890,2,URBANO(A)
8,6,19,CHIHUAHUA,2891,2,URBANO(A)
8,6,19,CHIHUAHUA,2892,2,URBANO(A)
8,6,19,CHIHUAHUA,2893,2,URBANO(A)
8,6,19,CHIHUAHUA,2894,2,URBANO(A)
8,6,19,CHIHUAHUA,2895,2,URBANO(A)
8,6,19,CHIHUAHUA,2896,2,URBANO(A)
8,6,19,CHIHUAHUA,2897,2,URBANO(A)
8,6,19,CHIHUAHUA,2898,2,URBANO(A)
8,6,19,CHIHUAHUA,2899,2,URBANO(A)
8,6,19,CHIHUAHUA,2900,2,URBANO(A)
8,6,19,CHIHUAHUA,2901,2,URBANO(A)
8,6,19,CHIHUAHUA,2902,2,URBANO(A)
8,2,37,JUAREZ,2903,2,URBANO(A)
8,2,37,JUAREZ,2904,2,URBANO(A)
8,2,37,JUAREZ,2905,2,URBANO(A)
8,2,37,JUAREZ,2906,2,URBANO(A)
8,2,37,JUAREZ,2907,2,URBANO(A)
8,2,37,JUAREZ,2908,2,URBANO(A)
8,2,37,JUAREZ,2909,2,URBANO(A)
8,2,37,JUAREZ,2910,2,URBANO(A)
8,2,37,JUAREZ,2911,2,URBANO(A)
8,2,37,JUAREZ,2912,2,URBANO(A)
8,2,37,JUAREZ,2913,2,URBANO(A)
8,2,37,JUAREZ,2914,2,URBANO(A)
8,2,37,JUAREZ,2915,2,URBANO(A)
8,2,37,JUAREZ,2916,2,URBANO(A)
8,2,37,JUAREZ,2917,2,URBANO(A)
8,2,37,JUAREZ,2918,2,URBANO(A)
8,2,37,JUAREZ,2919,2,URBANO(A)
8,2,37,JUAREZ,2920,2,URBANO(A)
8,2,37,JUAREZ,2921,2,URBANO(A)
8,2,37,JUAREZ,2922,2,URBANO(A)
8,2,37,JUAREZ,2923,2,URBANO(A)
8,2,37,JUAREZ,2924,2,URBANO(A)
8,2,37,JUAREZ,2925,2,URBANO(A)
8,2,37,JUAREZ,2926,2,URBANO(A)
8,2,37,JUAREZ,2927,2,URBANO(A)
8,2,37,JUAREZ,2928,2,URBANO(A)
8,2,37,JUAREZ,2929,2,URBANO(A)
8,2,37,JUAREZ,2930,2,URBANO(A)
8,2,37,JUAREZ,2931,2,URBANO(A)
8,2,37,JUAREZ,2932,2,URBANO(A)
8,2,37,JUAREZ,2933,2,URBANO(A)
8,2,37,JUAREZ,2934,2,URBANO(A)
8,2,37,JUAREZ,2935,2,URBANO(A)
8,2,37,JUAREZ,2936,2,URBANO(A)
8,2,37,JUAREZ,2937,2,URBANO(A)
8,2,37,JUAREZ,2938,2,URBANO(A)
8,2,37,JUAREZ,2939,2,URBANO(A)
8,2,37,JUAREZ,2940,2,URBANO(A)
8,2,37,JUAREZ,2941,2,URBANO(A)
8,2,37,JUAREZ,2942,2,URBANO(A)
8,2,37,JUAREZ,2943,2,URBANO(A)
8,2,37,JUAREZ,2944,2,URBANO(A)
8,2,37,JUAREZ,2945,2,URBANO(A)
8,2,37,JUAREZ,2946,2,URBANO(A)
8,2,37,JUAREZ,2947,2,URBANO(A)
8,2,37,JUAREZ,2948,2,URBANO(A)
8,2,37,JUAREZ,2949,2,URBANO(A)
8,2,37,JUAREZ,2950,2,URBANO(A)
8,2,37,JUAREZ,2951,2,URBANO(A)
8,2,37,JUAREZ,2952,2,URBANO(A)
8,2,37,JUAREZ,2953,2,URBANO(A)
8,2,37,JUAREZ,2954,2,URBANO(A)
8,2,37,JUAREZ,2955,2,URBANO(A)
8,2,37,JUAREZ,2956,2,URBANO(A)
8,2,37,JUAREZ,2957,2,URBANO(A)
8,2,37,JUAREZ,2958,2,URBANO(A)
8,2,37,JUAREZ,2959,2,URBANO(A)
8,2,37,JUAREZ,2960,2,URBANO(A)
8,2,37,JUAREZ,2961,2,URBANO(A)
8,2,37,JUAREZ,2962,2,URBANO(A)
8,2,37,JUAREZ,2963,2,URBANO(A)
8,2,37,JUAREZ,2964,2,URBANO(A)
8,2,37,JUAREZ,2965,2,URBANO(A)
8,2,37,JUAREZ,2966,2,URBANO(A)
8,2,37,JUAREZ,2967,2,URBANO(A)
8,2,37,JUAREZ,2968,2,URBANO(A)
8,2,37,JUAREZ,2969,2,URBANO(A)
8,2,37,JUAREZ,2970,2,URBANO(A)
8,2,37,JUAREZ,2971,2,URBANO(A)
8,2,37,JUAREZ,2972,2,URBANO(A)
8,2,37,JUAREZ,2973,2,URBANO(A)
8,2,37,JUAREZ,2974,2,URBANO(A)
8,2,37,JUAREZ,2975,2,URBANO(A)
8,2,37,JUAREZ,2976,2,URBANO(A)
8,2,37,JUAREZ,2977,2,URBANO(A)
8,2,37,JUAREZ,2978,2,URBANO(A)
8,2,37,JUAREZ,2979,2,URBANO(A)
8,2,37,JUAREZ,2980,2,URBANO(A)
8,2,37,JUAREZ,2981,2,URBANO(A)
8,2,37,JUAREZ,2982,2,URBANO(A)
8,2,37,JUAREZ,2984,2,URBANO(A)
8,2,37,JUAREZ,2985,2,URBANO(A)
8,2,37,JUAREZ,2986,2,URBANO(A)
8,2,37,JUAREZ,2987,2,URBANO(A)
8,2,37,JUAREZ,2988,2,URBANO(A)
8,2,37,JUAREZ,2989,2,URBANO(A)
8,2,37,JUAREZ,2990,2,URBANO(A)
8,2,37,JUAREZ,2991,2,URBANO(A)
8,2,37,JUAREZ,2992,2,URBANO(A)
8,2,37,JUAREZ,2993,2,URBANO(A)
8,2,37,JUAREZ,2994,2,URBANO(A)
8,2,37,JUAREZ,2995,2,URBANO(A)
8,2,37,JUAREZ,2996,2,URBANO(A)
8,2,37,JUAREZ,2997,2,URBANO(A)
8,2,37,JUAREZ,2998,2,URBANO(A)
8,2,37,JUAREZ,2999,2,URBANO(A)
8,2,37,JUAREZ,3000,2,URBANO(A)
8,2,37,JUAREZ,3001,2,URBANO(A)
8,2,37,JUAREZ,3002,2,URBANO(A)
8,2,37,JUAREZ,3003,2,URBANO(A)
8,2,37,JUAREZ,3004,2,URBANO(A)
8,2,37,JUAREZ,3005,2,URBANO(A)
8,2,37,JUAREZ,3006,2,URBANO(A)
8,2,37,JUAREZ,3007,2,URBANO(A)
8,2,37,JUAREZ,3008,2,URBANO(A)
8,2,37,JUAREZ,3009,2,URBANO(A)
8,2,37,JUAREZ,3010,2,URBANO(A)
8,2,37,JUAREZ,3011,2,URBANO(A)
8,2,37,JUAREZ,3012,2,URBANO(A)
8,2,37,JUAREZ,3013,2,URBANO(A)
8,2,37,JUAREZ,3014,2,URBANO(A)
8,2,37,JUAREZ,3015,2,URBANO(A)
8,2,37,JUAREZ,3016,2,URBANO(A)
8,2,37,JUAREZ,3017,2,URBANO(A)
8,2,37,JUAREZ,3018,2,URBANO(A)
8,2,37,JUAREZ,3019,2,URBANO(A)
8,2,37,JUAREZ,3020,2,URBANO(A)
8,2,37,JUAREZ,3021,2,URBANO(A)
8,2,37,JUAREZ,3022,2,URBANO(A)
8,2,37,JUAREZ,3023,2,URBANO(A)
8,2,37,JUAREZ,3024,2,URBANO(A)
8,2,37,JUAREZ,3025,2,URBANO(A)
8,2,37,JUAREZ,3026,2,URBANO(A)
8,2,37,JUAREZ,3027,2,URBANO(A)
8,4,37,JUAREZ,3028,2,URBANO(A)
8,4,37,JUAREZ,3029,2,URBANO(A)
8,2,37,JUAREZ,3030,2,URBANO(A)
8,4,37,JUAREZ,3031,2,URBANO(A)
8,4,37,JUAREZ,3032,2,URBANO(A)
8,4,37,JUAREZ,3033,2,URBANO(A)
8,2,37,JUAREZ,3034,2,URBANO(A)
8,4,37,JUAREZ,3035,2,URBANO(A)
8,4,37,JUAREZ,3036,2,URBANO(A)
8,4,37,JUAREZ,3037,2,URBANO(A)
8,2,37,JUAREZ,3038,2,URBANO(A)
8,2,37,JUAREZ,3039,2,URBANO(A)
8,2,37,JUAREZ,3040,2,URBANO(A)
8,2,37,JUAREZ,3041,2,URBANO(A)
8,2,37,JUAREZ,3042,2,URBANO(A)
8,2,37,JUAREZ,3043,2,URBANO(A)
8,2,37,JUAREZ,3044,2,URBANO(A)
8,2,37,JUAREZ,3045,2,URBANO(A)
8,2,37,JUAREZ,3046,2,URBANO(A)
8,2,37,JUAREZ,3047,2,URBANO(A)
8,2,37,JUAREZ,3048,2,URBANO(A)
8,2,37,JUAREZ,3049,2,URBANO(A)
8,2,37,JUAREZ,3050,2,URBANO(A)
8,2,37,JUAREZ,3051,2,URBANO(A)
8,2,37,JUAREZ,3052,2,URBANO(A)
8,2,37,JUAREZ,3053,2,URBANO(A)
8,2,37,JUAREZ,3054,2,URBANO(A)
8,2,37,JUAREZ,3055,2,URBANO(A)
8,2,37,JUAREZ,3056,2,URBANO(A)
8,2,37,JUAREZ,3057,2,URBANO(A)
8,2,37,JUAREZ,3058,2,URBANO(A)
8,2,37,JUAREZ,3059,2,URBANO(A)
8,2,37,JUAREZ,3060,2,URBANO(A)
8,2,37,JUAREZ,3061,2,URBANO(A)
8,2,37,JUAREZ,3062,2,URBANO(A)
8,2,37,JUAREZ,3063,2,URBANO(A)
8,2,37,JUAREZ,3064,2,URBANO(A)
8,2,37,JUAREZ,3065,2,URBANO(A)
8,2,37,JUAREZ,3066,2,URBANO(A)
8,2,37,JUAREZ,3067,2,URBANO(A)
8,2,37,JUAREZ,3068,2,URBANO(A)
8,2,37,JUAREZ,3069,2,URBANO(A)
8,2,37,JUAREZ,3070,2,URBANO(A)
8,2,37,JUAREZ,3071,2,URBANO(A)
8,2,37,JUAREZ,3072,2,URBANO(A)
8,2,37,JUAREZ,3073,2,URBANO(A)
8,2,37,JUAREZ,3074,2,URBANO(A)
8,2,37,JUAREZ,3075,2,URBANO(A)
8,2,37,JUAREZ,3076,2,URBANO(A)
8,2,37,JUAREZ,3077,2,URBANO(A)
8,2,37,JUAREZ,3078,2,URBANO(A)
8,2,37,JUAREZ,3079,2,URBANO(A)
8,2,37,JUAREZ,3080,2,URBANO(A)
8,2,37,JUAREZ,3081,2,URBANO(A)
8,2,37,JUAREZ,3082,2,URBANO(A)
8,2,37,JUAREZ,3083,2,URBANO(A)
8,2,37,JUAREZ,3084,2,URBANO(A)
8,2,37,JUAREZ,3085,2,URBANO(A)
8,2,37,JUAREZ,3086,2,URBANO(A)
8,2,37,JUAREZ,3087,2,URBANO(A)
8,2,37,JUAREZ,3088,2,URBANO(A)
8,2,37,JUAREZ,3089,2,URBANO(A)
8,2,37,JUAREZ,3090,2,URBANO(A)
8,2,37,JUAREZ,3091,2,URBANO(A)
8,2,37,JUAREZ,3092,2,URBANO(A)
8,2,37,JUAREZ,3093,2,URBANO(A)
8,2,37,JUAREZ,3094,2,URBANO(A)
8,2,37,JUAREZ,3095,2,URBANO(A)
8,2,37,JUAREZ,3096,2,URBANO(A)
8,2,37,JUAREZ,3097,2,URBANO(A)
8,2,37,JUAREZ,3098,2,URBANO(A)
8,2,37,JUAREZ,3099,2,URBANO(A)
8,2,37,JUAREZ,3100,2,URBANO(A)
8,3,37,JUAREZ,3101,2,URBANO(A)
8,3,37,JUAREZ,3102,2,URBANO(A)
8,3,37,JUAREZ,3103,2,URBANO(A)
8,3,37,JUAREZ,3104,2,URBANO(A)
8,3,37,JUAREZ,3105,2,URBANO(A)
8,3,37,JUAREZ,3106,2,URBANO(A)
8,3,37,JUAREZ,3107,2,URBANO(A)
8,3,37,JUAREZ,3108,2,URBANO(A)
8,3,37,JUAREZ,3109,2,URBANO(A)
8,3,37,JUAREZ,3110,2,URBANO(A)
8,3,37,JUAREZ,3111,2,URBANO(A)
8,3,37,JUAREZ,3112,2,URBANO(A)
8,3,37,JUAREZ,3113,2,URBANO(A)
8,3,37,JUAREZ,3114,2,URBANO(A)
8,3,37,JUAREZ,3115,2,URBANO(A)
8,3,37,JUAREZ,3116,2,URBANO(A)
8,3,37,JUAREZ,3117,2,URBANO(A)
8,3,37,JUAREZ,3118,2,URBANO(A)
8,3,37,JUAREZ,3119,2,URBANO(A)
8,2,37,JUAREZ,3120,2,URBANO(A)
8,2,37,JUAREZ,3121,2,URBANO(A)
8,2,37,JUAREZ,3122,2,URBANO(A)
8,2,37,JUAREZ,3123,2,URBANO(A)
8,2,37,JUAREZ,3124,2,URBANO(A)
8,2,37,JUAREZ,3125,2,URBANO(A)
8,2,37,JUAREZ,3126,2,URBANO(A)
8,2,37,JUAREZ,3127,2,URBANO(A)
8,2,37,JUAREZ,3128,2,URBANO(A)
8,2,37,JUAREZ,3129,2,URBANO(A)
8,2,37,JUAREZ,3130,2,URBANO(A)
8,2,37,JUAREZ,3131,2,URBANO(A)
8,2,37,JUAREZ,3132,2,URBANO(A)
8,2,37,JUAREZ,3133,2,URBANO(A)
8,2,37,JUAREZ,3134,4,RURAL
8,2,37,JUAREZ,3135,2,URBANO(A)
8,2,37,JUAREZ,3136,2,URBANO(A)
8,2,37,JUAREZ,3137,2,URBANO(A)
8,2,37,JUAREZ,3138,2,URBANO(A)
8,2,37,JUAREZ,3139,2,URBANO(A)
8,2,37,JUAREZ,3140,2,URBANO(A)
8,2,37,JUAREZ,3141,2,URBANO(A)
8,2,37,JUAREZ,3142,4,RURAL
8,2,37,JUAREZ,3143,4,RURAL
8,2,37,JUAREZ,3144,2,URBANO(A)
8,2,37,JUAREZ,3145,4,RURAL
8,2,37,JUAREZ,3146,2,URBANO(A)
8,2,37,JUAREZ,3147,2,URBANO(A)
8,2,37,JUAREZ,3148,2,URBANO(A)
8,2,37,JUAREZ,3149,2,URBANO(A)
8,2,37,JUAREZ,3150,2,URBANO(A)
8,2,37,JUAREZ,3151,2,URBANO(A)
8,2,37,JUAREZ,3152,2,URBANO(A)
8,2,37,JUAREZ,3153,2,URBANO(A)
8,2,37,JUAREZ,3154,2,URBANO(A)
8,2,37,JUAREZ,3155,2,URBANO(A)
8,2,37,JUAREZ,3156,2,URBANO(A)
8,2,37,JUAREZ,3157,2,URBANO(A)
8,2,37,JUAREZ,3158,2,URBANO(A)
8,2,37,JUAREZ,3159,2,URBANO(A)
8,2,37,JUAREZ,3160,2,URBANO(A)
8,2,37,JUAREZ,3161,2,URBANO(A)
8,2,37,JUAREZ,3162,2,URBANO(A)
8,2,37,JUAREZ,3163,2,URBANO(A)
8,2,37,JUAREZ,3164,2,URBANO(A)
8,2,37,JUAREZ,3165,2,URBANO(A)
8,2,37,JUAREZ,3166,2,URBANO(A)
8,2,37,JUAREZ,3167,2,URBANO(A)
8,2,37,JUAREZ,3168,2,URBANO(A)
8,2,37,JUAREZ,3169,2,URBANO(A)
8,2,37,JUAREZ,3170,2,URBANO(A)
8,2,37,JUAREZ,3171,2,URBANO(A)
8,2,37,JUAREZ,3172,2,URBANO(A)
8,2,37,JUAREZ,3173,2,URBANO(A)
8,2,37,JUAREZ,3174,2,URBANO(A)
8,2,37,JUAREZ,3175,2,URBANO(A)
8,2,37,JUAREZ,3176,2,URBANO(A)
8,6,19,CHIHUAHUA,3177,2,URBANO(A)
8,6,19,CHIHUAHUA,3178,2,URBANO(A)
8,6,19,CHIHUAHUA,3179,2,URBANO(A)
8,6,19,CHIHUAHUA,3180,2,URBANO(A)
8,6,19,CHIHUAHUA,3181,2,URBANO(A)
8,6,19,CHIHUAHUA,3182,2,URBANO(A)
8,6,19,CHIHUAHUA,3183,2,URBANO(A)
8,6,19,CHIHUAHUA,3184,2,URBANO(A)
8,6,19,CHIHUAHUA,3185,2,URBANO(A)
8,6,19,CHIHUAHUA,3186,2,URBANO(A)
8,6,19,CHIHUAHUA,3187,2,URBANO(A)
8,6,19,CHIHUAHUA,3188,2,URBANO(A)
8,6,19,CHIHUAHUA,3189,2,URBANO(A)
8,6,19,CHIHUAHUA,3190,2,URBANO(A)
8,6,19,CHIHUAHUA,3191,2,URBANO(A)
8,6,19,CHIHUAHUA,3192,2,URBANO(A)
8,6,19,CHIHUAHUA,3193,2,URBANO(A)
8,6,19,CHIHUAHUA,3194,2,URBANO(A)
8,6,19,CHIHUAHUA,3195,2,URBANO(A)
8,6,19,CHIHUAHUA,3196,2,URBANO(A)
8,6,19,CHIHUAHUA,3197,2,URBANO(A)
8,6,19,CHIHUAHUA,3198,2,URBANO(A)
8,6,19,CHIHUAHUA,3199,2,URBANO(A)
8,6,19,CHIHUAHUA,3200,2,URBANO(A)
8,6,19,CHIHUAHUA,3201,2,URBANO(A)
8,6,19,CHIHUAHUA,3202,2,URBANO(A)
8,6,19,CHIHUAHUA,3203,2,URBANO(A)
8,6,19,CHIHUAHUA,3204,2,URBANO(A)
8,6,19,CHIHUAHUA,3205,2,URBANO(A)
8,6,19,CHIHUAHUA,3206,2,URBANO(A)
8,6,19,CHIHUAHUA,3207,2,URBANO(A)
8,6,19,CHIHUAHUA,3208,2,URBANO(A)
8,6,19,CHIHUAHUA,3209,2,URBANO(A)
8,6,19,CHIHUAHUA,3210,2,URBANO(A)
8,6,19,CHIHUAHUA,3211,2,URBANO(A)
8,6,19,CHIHUAHUA,3212,2,URBANO(A)
8,6,19,CHIHUAHUA,3213,2,URBANO(A)
8,6,19,CHIHUAHUA,3214,2,URBANO(A)
8,8,19,CHIHUAHUA,3216,3,MIXTO(A)
8,8,19,CHIHUAHUA,3217,3,MIXTO(A)
8,5,2,ALDAMA,3218,4,RURAL
8,8,19,CHIHUAHUA,3219,3,MIXTO(A)
8,8,19,CHIHUAHUA,3220,3,MIXTO(A)
8,8,19,CHIHUAHUA,3221,2,URBANO(A)
8,8,19,CHIHUAHUA,3222,2,URBANO(A)
8,8,19,CHIHUAHUA,3223,2,URBANO(A)
8,8,19,CHIHUAHUA,3224,2,URBANO(A)
8,8,19,CHIHUAHUA,3225,2,URBANO(A)
8,8,19,CHIHUAHUA,3226,3,MIXTO(A)
8,8,19,CHIHUAHUA,3227,2,URBANO(A)
8,8,19,CHIHUAHUA,3228,2,URBANO(A)
8,8,19,CHIHUAHUA,3229,2,URBANO(A)
8,8,19,CHIHUAHUA,3230,2,URBANO(A)
8,8,19,CHIHUAHUA,3231,2,URBANO(A)
8,8,19,CHIHUAHUA,3232,2,URBANO(A)
8,8,19,CHIHUAHUA,3233,2,URBANO(A)
8,8,19,CHIHUAHUA,3234,2,URBANO(A)
8,8,19,CHIHUAHUA,3235,2,URBANO(A)
8,8,19,CHIHUAHUA,3236,2,URBANO(A)
8,8,19,CHIHUAHUA,3237,2,URBANO(A)
8,8,19,CHIHUAHUA,3238,2,URBANO(A)
8,8,19,CHIHUAHUA,3239,2,URBANO(A)
8,8,19,CHIHUAHUA,3240,2,URBANO(A)
8,8,19,CHIHUAHUA,3241,2,URBANO(A)
8,8,19,CHIHUAHUA,3242,2,URBANO(A)
8,8,19,CHIHUAHUA,3243,3,MIXTO(A)
8,8,19,CHIHUAHUA,3244,2,URBANO(A)
8,8,19,CHIHUAHUA,3245,2,URBANO(A)
8,8,19,CHIHUAHUA,3246,2,URBANO(A)
8,8,19,CHIHUAHUA,3247,2,URBANO(A)
8,8,19,CHIHUAHUA,3248,2,URBANO(A)
8,8,19,CHIHUAHUA,3249,2,URBANO(A)
8,8,19,CHIHUAHUA,3250,2,URBANO(A)
8,8,19,CHIHUAHUA,3251,2,URBANO(A)
8,8,19,CHIHUAHUA,3252,2,URBANO(A)
8,8,19,CHIHUAHUA,3253,2,URBANO(A)
8,8,19,CHIHUAHUA,3254,2,URBANO(A)
8,8,19,CHIHUAHUA,3255,2,URBANO(A)
8,8,19,CHIHUAHUA,3256,2,URBANO(A)
8,8,19,CHIHUAHUA,3257,2,URBANO(A)
8,8,19,CHIHUAHUA,3258,2,URBANO(A)
8,8,19,CHIHUAHUA,3259,3,MIXTO(A)
8,8,19,CHIHUAHUA,3260,2,URBANO(A)
8,8,19,CHIHUAHUA,3261,2,URBANO(A)
8,8,19,CHIHUAHUA,3262,2,URBANO(A)
8,8,19,CHIHUAHUA,3263,2,URBANO(A)
8,6,19,CHIHUAHUA,3264,4,RURAL
8,6,19,CHIHUAHUA,3265,4,RURAL
8,6,19,CHIHUAHUA,3266,2,URBANO(A)
8,6,19,CHIHUAHUA,3267,2,URBANO(A)
8,6,19,CHIHUAHUA,3268,2,URBANO(A)
8,6,19,CHIHUAHUA,3269,2,URBANO(A)
8,6,19,CHIHUAHUA,3270,2,URBANO(A)
8,6,19,CHIHUAHUA,3271,2,URBANO(A)
8,6,19,CHIHUAHUA,3272,2,URBANO(A)
8,6,19,CHIHUAHUA,3273,2,URBANO(A)
8,6,19,CHIHUAHUA,3274,2,URBANO(A)
8,6,19,CHIHUAHUA,3275,2,URBANO(A)
8,6,19,CHIHUAHUA,3276,2,URBANO(A)
8,6,19,CHIHUAHUA,3277,2,URBANO(A)
8,6,19,CHIHUAHUA,3278,2,URBANO(A)
8,6,19,CHIHUAHUA,3279,2,URBANO(A)
8,6,19,CHIHUAHUA,3280,2,URBANO(A)
8,6,19,CHIHUAHUA,3281,2,URBANO(A)
8,5,21,DELICIAS,3282,2,URBANO(A)
8,5,21,DELICIAS,3283,2,URBANO(A)
8,5,21,DELICIAS,3284,2,URBANO(A)
8,6,19,CHIHUAHUA,3285,2,URBANO(A)
8,6,19,CHIHUAHUA,3286,2,URBANO(A)
8,6,19,CHIHUAHUA,3287,2,URBANO(A)
8,6,19,CHIHUAHUA,3288,2,URBANO(A)
8,6,19,CHIHUAHUA,3289,2,URBANO(A)
8,6,19,CHIHUAHUA,3290,2,URBANO(A)
8,6,19,CHIHUAHUA,3291,2,URBANO(A)
8,6,19,CHIHUAHUA,3292,2,URBANO(A)
8,6,19,CHIHUAHUA,3293,2,URBANO(A)
8,6,19,CHIHUAHUA,3294,2,URBANO(A)
8,8,19,CHIHUAHUA,3295,2,URBANO(A)
8,8,19,CHIHUAHUA,3296,2,URBANO(A)
8,8,19,CHIHUAHUA,3297,2,URBANO(A)
8,8,19,CHIHUAHUA,3298,2,URBANO(A)
8,8,19,CHIHUAHUA,3299,2,URBANO(A)
8,8,19,CHIHUAHUA,3300,2,URBANO(A)
8,8,19,CHIHUAHUA,3301,2,URBANO(A)
8,8,19,CHIHUAHUA,3302,2,URBANO(A)
8,8,19,CHIHUAHUA,3303,2,URBANO(A)
8,8,19,CHIHUAHUA,3304,2,URBANO(A)
8,8,19,CHIHUAHUA,3305,2,URBANO(A)
8,3,37,JUAREZ,3306,2,URBANO(A)
8,3,37,JUAREZ,3307,2,URBANO(A)
8,3,37,JUAREZ,3308,2,URBANO(A)
8,4,37,JUAREZ,3309,2,URBANO(A)
8,4,37,JUAREZ,3310,2,URBANO(A)
8,4,37,JUAREZ,3311,2,URBANO(A)
8,4,37,JUAREZ,3312,2,URBANO(A)
8,4,37,JUAREZ,3313,2,URBANO(A)
8,4,37,JUAREZ,3314,2,URBANO(A)
8,7,17,CUAUHTEMOC,3315,2,URBANO(A)
8,7,17,CUAUHTEMOC,3316,2,URBANO(A)
8,8,19,CHIHUAHUA,3317,2,URBANO(A)
8,8,19,CHIHUAHUA,3318,2,URBANO(A)
8,8,19,CHIHUAHUA,3319,2,URBANO(A)
8,1,37,JUAREZ,3320,2,URBANO(A)
8,1,37,JUAREZ,3321,2,URBANO(A)
8,1,37,JUAREZ,3322,2,URBANO(A)
8,1,37,JUAREZ,3323,2,URBANO(A)
8,1,37,JUAREZ,3324,2,URBANO(A)
8,1,37,JUAREZ,3325,2,URBANO(A)
8,2,37,JUAREZ,3326,2,URBANO(A)
8,2,37,JUAREZ,3327,2,URBANO(A)
8,2,37,JUAREZ,3328,2,URBANO(A)
8,2,37,JUAREZ,3329,2,URBANO(A)
8,2,37,JUAREZ,3330,2,URBANO(A)
8,2,37,JUAREZ,3331,2,URBANO(A)
8,4,37,JUAREZ,3332,2,URBANO(A)
8,4,37,JUAREZ,3333,2,URBANO(A)
8,4,37,JUAREZ,3334,2,URBANO(A)
8,4,37,JUAREZ,3335,2,URBANO(A)
8,4,37,JUAREZ,3336,2,URBANO(A)
8,5,4,AQUILES SERDAN,3337,4,RURAL
8,5,4,AQUILES SERDAN,3338,4,RURAL
8,5,4,AQUILES SERDAN,3339,4,RURAL
8,5,4,AQUILES SERDAN,3340,3,MIXTO(A)
8,5,4,AQUILES SERDAN,3341,4,RURAL
8,5,4,AQUILES SERDAN,3342,2,URBANO(A)
8,5,4,AQUILES SERDAN,3343,2,URBANO(A)
8,6,19,CHIHUAHUA,3344,2,URBANO(A)
8,6,19,CHIHUAHUA,3345,2,URBANO(A)
8,6,19,CHIHUAHUA,3346,2,URBANO(A)
8,6,19,CHIHUAHUA,3347,2,URBANO(A)
8,6,19,CHIHUAHUA,3348,2,URBANO(A)
8,6,19,CHIHUAHUA,3349,2,URBANO(A)
8,6,19,CHIHUAHUA,3350,2,URBANO(A)
8,7,17,CUAUHTEMOC,3351,2,URBANO(A)
8,7,17,CUAUHTEMOC,3352,2,URBANO(A)
8,7,17,CUAUHTEMOC,3353,2,URBANO(A)
8,7,17,CUAUHTEMOC,3354,2,URBANO(A)
8,7,17,CUAUHTEMOC,3355,2,URBANO(A)
8,7,17,CUAUHTEMOC,3356,2,URBANO(A)
8,6,19,CHIHUAHUA,3357,2,URBANO(A)
8,6,19,CHIHUAHUA,3358,2,URBANO(A)
8,6,19,CHIHUAHUA,3359,2,URBANO(A)
8,6,19,CHIHUAHUA,3360,2,URBANO(A)
8,6,19,CHIHUAHUA,3361,2,URBANO(A)
8,9,32,HIDALGO DEL PARRAL,3362,2,URBANO(A)
8,9,32,HIDALGO DEL PARRAL,3363,2,URBANO(A)
8,9,32,HIDALGO DEL PARRAL,3364,2,URBANO(A)
8,6,19,CHIHUAHUA,3365,3,MIXTO(A)
8,6,19,CHIHUAHUA,3366,3,MIXTO(A)
8,8,19,CHIHUAHUA,3367,3,MIXTO(A)
8,8,19,CHIHUAHUA,3368,2,URBANO(A)
8,8,19,CHIHUAHUA,3369,2,URBANO(A)
8,1,37,JUAREZ,3370,2,URBANO(A)
8,1,37,JUAREZ,3371,2,URBANO(A)
8,1,37,JUAREZ,3372,2,URBANO(A)
8,1,37,JUAREZ,3373,2,URBANO(A)
8,1,37,JUAREZ,3374,2,URBANO(A)
8,1,37,JUAREZ,3375,2,URBANO(A)
8,1,37,JUAREZ,3376,2,URBANO(A)
8,6,19,CHIHUAHUA,3377,2,URBANO(A)
8,6,19,CHIHUAHUA,3378,2,URBANO(A)
8,6,19,CHIHUAHUA,3379,2,URBANO(A)
8,6,19,CHIHUAHUA,3380,2,URBANO(A)
8,6,19,CHIHUAHUA,3381,2,URBANO(A)
8,6,19,CHIHUAHUA,3382,2,URBANO(A)
8,1,37,JUAREZ,3383,2,URBANO(A)
8,1,37,JUAREZ,3384,2,URBANO(A)
8,1,37,JUAREZ,3385,2,URBANO(A)
8,1,37,JUAREZ,3386,2,URBANO(A)
8,1,37,JUAREZ,3387,2,URBANO(A)
8,1,37,JUAREZ,3388,2,URBANO(A)
8,1,37,JUAREZ,3389,2,URBANO(A)
8,1,37,JUAREZ,3390,2,URBANO(A)
8,1,37,JUAREZ,3391,2,URBANO(A)
8,1,37,JUAREZ,3392,2,URBANO(A)
8,1,37,JUAREZ,3393,2,URBANO(A)
8,1,37,JUAREZ,3394,2,URBANO(A)
8,1,37,JUAREZ,3395,2,URBANO(A)
8,1,37,JUAREZ,3396,2,URBANO(A)
8,1,37,JUAREZ,3397,2,URBANO(A)
8,1,37,JUAREZ,3398,2,URBANO(A)
8,1,37,JUAREZ,3399,2,URBANO(A)
8,2,37,JUAREZ,3400,2,URBANO(A)
8,2,37,JUAREZ,3401,2,URBANO(A)
8,2,37,JUAREZ,3402,2,URBANO(A)
8,2,37,JUAREZ,3403,3,MIXTO(A)
8,2,37,JUAREZ,3404,2,URBANO(A)
8,2,37,JUAREZ,3405,2,URBANO(A)
8,2,37,JUAREZ,3406,2,URBANO(A)
8,2,37,JUAREZ,3407,2,URBANO(A)
8,2,37,JUAREZ,3408,2,URBANO(A)
8,2,37,JUAREZ,3409,2,URBANO(A)
8,2,37,JUAREZ,3410,2,URBANO(A)
8,2,37,JUAREZ,3411,2,URBANO(A)
8,2,37,JUAREZ,3412,4,RURAL
8,2,37,JUAREZ,3413,4,RURAL
8,2,37,JUAREZ,3414,4,RURAL
8,2,37,JUAREZ,3415,2,URBANO(A)
8,2,37,JUAREZ,3416,2,URBANO(A)
8,2,37,JUAREZ,3417,2,URBANO(A)
8,2,37,JUAREZ,3418,2,URBANO(A)
8,2,37,JUAREZ,3419,2,URBANO(A)
8,2,37,JUAREZ,3420,2,URBANO(A)
8,2,37,JUAREZ,3421,2,URBANO(A)
8,2,37,JUAREZ,3422,2,URBANO(A)
8,2,37,JUAREZ,3423,2,URBANO(A)
8,2,37,JUAREZ,3424,2,URBANO(A)
8,2,37,JUAREZ,3425,2,URBANO(A)
8,2,37,JUAREZ,3426,2,URBANO(A)
8,2,37,JUAREZ,3427,2,URBANO(A)
8,2,37,JUAREZ,3428,2,URBANO(A)
8,2,37,JUAREZ,3429,2,URBANO(A)
8,2,37,JUAREZ,3430,2,URBANO(A)
8,4,37,JUAREZ,3431,2,URBANO(A)
8,4,37,JUAREZ,3432,2,URBANO(A)
8,4,37,JUAREZ,3433,2,URBANO(A)
8,4,37,JUAREZ,3434,2,URBANO(A)
8,4,37,JUAREZ,3435,2,URBANO(A)
8,4,37,JUAREZ,3436,2,URBANO(A)
8,4,37,JUAREZ,3437,2,URBANO(A)
8,4,37,JUAREZ,3438,2,URBANO(A)
8,4,37,JUAREZ,3439,2,URBANO(A)
8,4,37,JUAREZ,3440,2,URBANO(A)
8,4,37,JUAREZ,3441,2,URBANO(A)
8,4,37,JUAREZ,3442,2,URBANO(A)
8,5,21,DELICIAS,3443,2,URBANO(A)
8,5,21,DELICIAS,3444,2,URBANO(A)
8,5,21,DELICIAS,3445,2,URBANO(A)
8,5,21,DELICIAS,3446,2,URBANO(A)
8,5,21,DELICIAS,3447,2,URBANO(A)
8,5,21,DELICIAS,3448,2,URBANO(A)
8,6,19,CHIHUAHUA,3449,2,URBANO(A)
8,6,19,CHIHUAHUA,3450,2,URBANO(A)
8,6,19,CHIHUAHUA,3451,2,URBANO(A)
8,6,19,CHIHUAHUA,3452,2,URBANO(A)
8,6,19,CHIHUAHUA,3453,2,URBANO(A)
8,6,19,CHIHUAHUA,3454,2,URBANO(A)
8,6,19,CHIHUAHUA,3455,2,URBANO(A)
8,6,19,CHIHUAHUA,3456,2,URBANO(A)
8,6,19,CHIHUAHUA,3457,2,URBANO(A)
8,6,19,CHIHUAHUA,3458,2,URBANO(A)
8,6,19,CHIHUAHUA,3459,2,URBANO(A)
8,8,19,CHIHUAHUA,3460,2,URBANO(A)
8,8,19,CHIHUAHUA,3461,2,URBANO(A)
8,8,19,CHIHUAHUA,3462,2,URBANO(A)
8,8,19,CHIHUAHUA,3463,2,URBANO(A)
8,8,19,CHIHUAHUA,3464,2,URBANO(A)
8,8,19,CHIHUAHUA,3465,2,URBANO(A)
8,8,19,CHIHUAHUA,3466,3,MIXTO(A)
8,8,19,CHIHUAHUA,3467,2,URBANO(A)
8,8,19,CHIHUAHUA,3468,2,URBANO(A)
8,8,19,CHIHUAHUA,3469,2,URBANO(A)
8,8,19,CHIHUAHUA,3470,2,URBANO(A)
8,8,19,CHIHUAHUA,3471,2,URBANO(A)
8,8,19,CHIHUAHUA,3472,2,URBANO(A)
8,8,19,CHIHUAHUA,3473,2,URBANO(A)
8,8,19,CHIHUAHUA,3474,2,URBANO(A)
8,8,19,CHIHUAHUA,3475,2,URBANO(A)
