ENTIDAD,DISTRITO,MUNICIPIO,NOMBRE_MUNICIPIO,SECCION,TIPO_SECCION,TIPO_NOMBRE,
30,9,1,ACAJETE,1,3,MIXTO(A),
30,9,1,ACAJETE,2,4,RURAL,
30,9,1,ACAJETE,3,4,RURAL,
30,9,1,ACAJETE,4,4,RURAL,
30,8,2,ACATLAN,5,2,URBANO(A),
30,8,2,ACATLAN,6,3,MIXTO(A),
30,3,3,ACAYUCAN,7,2,URBANO(A),
30,3,3,ACAYUCAN,8,2,URBANO(A),
30,3,3,ACAYUCAN,9,2,URBANO(A),
30,3,3,ACAYUCAN,10,2,URBANO(A),
30,3,3,ACAYUCAN,11,2,URBANO(A),
30,3,3,ACAYUCAN,12,2,URBANO(A),
30,3,3,ACAYUCAN,13,2,URBANO(A),
30,3,3,ACAYUCAN,14,2,URBANO(A),
30,3,3,ACAYUCAN,15,2,URBANO(A),
30,3,3,ACAYUCAN,16,2,URBANO(A),
30,3,3,ACAYUCAN,17,2,URBANO(A),
30,3,3,ACAYUCAN,18,2,URBANO(A),
30,3,3,ACAYUCAN,19,2,URBANO(A),
30,3,3,ACAYUCAN,20,2,URBANO(A),
30,3,3,ACAYUCAN,21,2,URBANO(A),
30,3,3,ACAYUCAN,22,2,URBANO(A),
30,3,3,ACAYUCAN,23,2,URBANO(A),
30,3,3,ACAYUCAN,24,2,URBANO(A),
30,3,3,ACAYUCAN,25,2,URBANO(A),
30,3,3,ACAYUCAN,26,2,URBANO(A),
30,3,3,ACAYUCAN,27,2,URBANO(A),
30,3,3,ACAYUCAN,28,2,URBANO(A),
30,3,3,ACAYUCAN,29,2,URBANO(A),
30,3,3,ACAYUCAN,30,2,URBANO(A),
30,3,3,ACAYUCAN,31,2,URBANO(A),
30,3,3,ACAYUCAN,32,2,URBANO(A),
30,3,3,ACAYUCAN,33,2,URBANO(A),
30,3,3,ACAYUCAN,34,2,URBANO(A),
30,3,3,ACAYUCAN,35,4,RURAL,
30,3,3,ACAYUCAN,36,4,RURAL,
30,3,3,ACAYUCAN,37,4,RURAL,
30,3,3,ACAYUCAN,38,4,RURAL,
30,3,3,ACAYUCAN,39,4,RURAL,
30,3,3,ACAYUCAN,40,4,RURAL,
30,3,3,ACAYUCAN,41,4,RURAL,
30,3,3,ACAYUCAN,42,3,MIXTO(A),
30,3,3,ACAYUCAN,43,4,RURAL,
30,3,3,ACAYUCAN,44,4,RURAL,
30,3,3,ACAYUCAN,45,4,RURAL,
30,3,3,ACAYUCAN,46,4,RURAL,
30,8,4,ACTOPAN,47,2,URBANO(A),
30,8,4,ACTOPAN,48,2,URBANO(A),
30,8,4,ACTOPAN,49,3,MIXTO(A),
30,8,4,ACTOPAN,50,3,MIXTO(A),
30,8,4,ACTOPAN,51,4,RURAL,
30,8,4,ACTOPAN,52,3,MIXTO(A),
30,8,4,ACTOPAN,53,4,RURAL,
30,8,4,ACTOPAN,54,4,RURAL,
30,8,4,ACTOPAN,55,4,RURAL,
30,8,4,ACTOPAN,56,4,RURAL,
30,8,4,ACTOPAN,57,4,RURAL,
30,8,4,ACTOPAN,58,2,URBANO(A),
30,8,4,ACTOPAN,59,3,MIXTO(A),
30,8,4,ACTOPAN,60,3,MIXTO(A),
30,8,4,ACTOPAN,61,2,URBANO(A),
30,8,4,ACTOPAN,62,4,RURAL,
30,8,4,ACTOPAN,63,4,RURAL,
30,8,4,ACTOPAN,64,4,RURAL,
30,8,4,ACTOPAN,65,4,RURAL,
30,8,4,ACTOPAN,66,4,RURAL,
30,8,4,ACTOPAN,67,4,RURAL,
30,8,4,ACTOPAN,68,3,MIXTO(A),
30,8,4,ACTOPAN,69,2,URBANO(A),
30,8,4,ACTOPAN,70,4,RURAL,
30,8,4,ACTOPAN,71,4,RURAL,
30,8,4,ACTOPAN,72,4,RURAL,
30,8,4,ACTOPAN,73,2,URBANO(A),
30,8,4,ACTOPAN,74,3,MIXTO(A),
30,8,4,ACTOPAN,75,4,RURAL,
30,8,4,ACTOPAN,76,3,MIXTO(A),
30,8,4,ACTOPAN,77,4,RURAL,
30,8,4,ACTOPAN,78,4,RURAL,
30,8,4,ACTOPAN,79,4,RURAL,
30,8,4,ACTOPAN,80,4,RURAL,
30,8,4,ACTOPAN,81,4,RURAL,
30,8,4,ACTOPAN,82,4,RURAL,
30,8,4,ACTOPAN,83,4,RURAL,
30,8,4,ACTOPAN,84,4,RURAL,
30,17,5,ACULA,85,3,MIXTO(A),
30,17,5,ACULA,86,3,MIXTO(A),
30,17,5,ACULA,87,4,RURAL,
30,17,5,ACULA,88,4,RURAL,
30,17,5,ACULA,89,4,RURAL,
30,17,5,ACULA,90,4,RURAL,
30,17,5,ACULA,91,4,RURAL,
30,18,6,ACULTZINGO,92,3,MIXTO(A),
30,18,6,ACULTZINGO,93,3,MIXTO(A),
30,18,6,ACULTZINGO,94,3,MIXTO(A),
30,18,6,ACULTZINGO,95,2,URBANO(A),
30,18,6,ACULTZINGO,96,4,RURAL,
30,18,6,ACULTZINGO,97,3,MIXTO(A),
30,18,6,ACULTZINGO,98,3,MIXTO(A),
30,18,6,ACULTZINGO,99,2,URBANO(A),
30,18,6,ACULTZINGO,100,4,RURAL,
30,18,6,ACULTZINGO,101,4,RURAL,
30,18,6,ACULTZINGO,102,4,RURAL,
30,18,6,ACULTZINGO,103,4,RURAL,
30,18,6,ACULTZINGO,104,4,RURAL,
30,18,6,ACULTZINGO,105,4,RURAL,
30,13,7,CAMARON DE TEJEDA,106,3,MIXTO(A),
30,13,7,CAMARON DE TEJEDA,107,4,RURAL,
30,13,7,CAMARON DE TEJEDA,108,4,RURAL,
30,2,8,ALAMO TEMAPACHE,109,2,URBANO(A),
30,2,8,ALAMO TEMAPACHE,110,2,URBANO(A),
30,2,8,ALAMO TEMAPACHE,111,2,URBANO(A),
30,2,8,ALAMO TEMAPACHE,112,2,URBANO(A),
30,2,8,ALAMO TEMAPACHE,113,2,URBANO(A),
30,2,8,ALAMO TEMAPACHE,114,2,URBANO(A),
30,2,8,ALAMO TEMAPACHE,115,2,URBANO(A),
30,2,8,ALAMO TEMAPACHE,116,2,URBANO(A),
30,2,8,ALAMO TEMAPACHE,117,2,URBANO(A),
30,2,8,ALAMO TEMAPACHE,118,2,URBANO(A),
30,2,8,ALAMO TEMAPACHE,119,2,URBANO(A),
30,2,8,ALAMO TEMAPACHE,120,2,URBANO(A),
30,2,8,ALAMO TEMAPACHE,121,2,URBANO(A),
30,2,8,ALAMO TEMAPACHE,122,4,RURAL,
30,2,8,ALAMO TEMAPACHE,123,4,RURAL,
30,2,8,ALAMO TEMAPACHE,124,4,RURAL,
30,2,8,ALAMO TEMAPACHE,125,4,RURAL,
30,2,8,ALAMO TEMAPACHE,126,4,RURAL,
30,2,8,ALAMO TEMAPACHE,127,4,RURAL,
30,2,8,ALAMO TEMAPACHE,128,4,RURAL,
30,2,8,ALAMO TEMAPACHE,129,4,RURAL,
30,2,8,ALAMO TEMAPACHE,130,3,MIXTO(A),
30,2,8,ALAMO TEMAPACHE,131,3,MIXTO(A),
30,2,8,ALAMO TEMAPACHE,132,2,URBANO(A),
30,2,8,ALAMO TEMAPACHE,133,4,RURAL,
30,2,8,ALAMO TEMAPACHE,134,4,RURAL,
30,2,8,ALAMO TEMAPACHE,135,4,RURAL,
30,2,8,ALAMO TEMAPACHE,136,4,RURAL,
30,2,8,ALAMO TEMAPACHE,137,4,RURAL,
30,2,8,ALAMO TEMAPACHE,138,4,RURAL,
30,2,8,ALAMO TEMAPACHE,139,4,RURAL,
30,2,8,ALAMO TEMAPACHE,140,4,RURAL,
30,2,8,ALAMO TEMAPACHE,141,4,RURAL,
30,2,8,ALAMO TEMAPACHE,142,4,RURAL,
30,2,8,ALAMO TEMAPACHE,143,4,RURAL,
30,2,8,ALAMO TEMAPACHE,144,4,RURAL,
30,2,8,ALAMO TEMAPACHE,145,4,RURAL,
30,2,8,ALAMO TEMAPACHE,146,4,RURAL,
30,2,8,ALAMO TEMAPACHE,147,4,RURAL,
30,2,8,ALAMO TEMAPACHE,148,4,RURAL,
30,2,8,ALAMO TEMAPACHE,149,4,RURAL,
30,2,8,ALAMO TEMAPACHE,150,4,RURAL,
30,2,8,ALAMO TEMAPACHE,151,4,RURAL,
30,2,8,ALAMO TEMAPACHE,152,3,MIXTO(A),
30,2,8,ALAMO TEMAPACHE,153,3,MIXTO(A),
30,2,8,ALAMO TEMAPACHE,154,3,MIXTO(A),
30,2,8,ALAMO TEMAPACHE,155,4,RURAL,
30,2,8,ALAMO TEMAPACHE,156,4,RURAL,
30,2,8,ALAMO TEMAPACHE,157,4,RURAL,
30,2,8,ALAMO TEMAPACHE,158,4,RURAL,
30,2,8,ALAMO TEMAPACHE,159,4,RURAL,
30,2,8,ALAMO TEMAPACHE,160,3,MIXTO(A),
30,2,8,ALAMO TEMAPACHE,161,4,RURAL,
30,2,8,ALAMO TEMAPACHE,162,3,MIXTO(A),
30,2,8,ALAMO TEMAPACHE,163,4,RURAL,
30,2,8,ALAMO TEMAPACHE,164,4,RURAL,
30,2,8,ALAMO TEMAPACHE,165,4,RURAL,
30,2,8,ALAMO TEMAPACHE,166,4,RURAL,
30,2,8,ALAMO TEMAPACHE,167,4,RURAL,
30,2,8,ALAMO TEMAPACHE,168,4,RURAL,
30,2,8,ALAMO TEMAPACHE,169,4,RURAL,
30,2,8,ALAMO TEMAPACHE,170,4,RURAL,
30,2,8,ALAMO TEMAPACHE,171,4,RURAL,
30,2,8,ALAMO TEMAPACHE,172,4,RURAL,
30,2,8,ALAMO TEMAPACHE,173,4,RURAL,
30,2,8,ALAMO TEMAPACHE,174,4,RURAL,
30,2,8,ALAMO TEMAPACHE,175,4,RURAL,
30,2,8,ALAMO TEMAPACHE,176,4,RURAL,
30,2,8,ALAMO TEMAPACHE,177,4,RURAL,
30,15,9,ALPATLAHUAC,178,3,MIXTO(A),
30,15,9,ALPATLAHUAC,179,4,RURAL,
30,15,9,ALPATLAHUAC,180,4,RURAL,
30,15,9,ALPATLAHUAC,181,4,RURAL,
30,15,9,ALPATLAHUAC,182,4,RURAL,
30,8,10,ALTO LUCERO DE GUTIERREZ BARRIOS,183,2,URBANO(A),
30,8,10,ALTO LUCERO DE GUTIERREZ BARRIOS,184,2,URBANO(A),
30,8,10,ALTO LUCERO DE GUTIERREZ BARRIOS,185,2,URBANO(A),
30,8,10,ALTO LUCERO DE GUTIERREZ BARRIOS,186,2,URBANO(A),
30,8,10,ALTO LUCERO DE GUTIERREZ BARRIOS,187,4,RURAL,
30,8,10,ALTO LUCERO DE GUTIERREZ BARRIOS,188,4,RURAL,
30,8,10,ALTO LUCERO DE GUTIERREZ BARRIOS,189,4,RURAL,
30,8,10,ALTO LUCERO DE GUTIERREZ BARRIOS,190,4,RURAL,
30,8,10,ALTO LUCERO DE GUTIERREZ BARRIOS,191,4,RURAL,
30,8,10,ALTO LUCERO DE GUTIERREZ BARRIOS,192,4,RURAL,
30,8,10,ALTO LUCERO DE GUTIERREZ BARRIOS,193,4,RURAL,
30,8,10,ALTO LUCERO DE GUTIERREZ BARRIOS,194,4,RURAL,
30,8,10,ALTO LUCERO DE GUTIERREZ BARRIOS,197,3,MIXTO(A),
30,8,10,ALTO LUCERO DE GUTIERREZ BARRIOS,198,2,URBANO(A),
30,8,10,ALTO LUCERO DE GUTIERREZ BARRIOS,199,3,MIXTO(A),
30,8,10,ALTO LUCERO DE GUTIERREZ BARRIOS,200,4,RURAL,
30,8,10,ALTO LUCERO DE GUTIERREZ BARRIOS,201,4,RURAL,
30,8,10,ALTO LUCERO DE GUTIERREZ BARRIOS,202,4,RURAL,
30,8,10,ALTO LUCERO DE GUTIERREZ BARRIOS,203,4,RURAL,
30,8,10,ALTO LUCERO DE GUTIERREZ BARRIOS,204,4,RURAL,
30,8,10,ALTO LUCERO DE GUTIERREZ BARRIOS,205,4,RURAL,
30,8,10,ALTO LUCERO DE GUTIERREZ BARRIOS,206,4,RURAL,
30,8,10,ALTO LUCERO DE GUTIERREZ BARRIOS,207,4,RURAL,
30,8,10,ALTO LUCERO DE GUTIERREZ BARRIOS,208,4,RURAL,
30,8,10,ALTO LUCERO DE GUTIERREZ BARRIOS,209,4,RURAL,
30,8,10,ALTO LUCERO DE GUTIERREZ BARRIOS,210,4,RURAL,
30,8,10,ALTO LUCERO DE GUTIERREZ BARRIOS,211,3,MIXTO(A),
30,8,10,ALTO LUCERO DE GUTIERREZ BARRIOS,212,2,URBANO(A),
30,8,10,ALTO LUCERO DE GUTIERREZ BARRIOS,213,2,URBANO(A),
30,8,10,ALTO LUCERO DE GUTIERREZ BARRIOS,214,4,RURAL,
30,8,10,ALTO LUCERO DE GUTIERREZ BARRIOS,215,4,RURAL,
30,8,10,ALTO LUCERO DE GUTIERREZ BARRIOS,216,2,URBANO(A),
30,8,10,ALTO LUCERO DE GUTIERREZ BARRIOS,217,2,URBANO(A),
30,7,11,ALTOTONGA,218,2,URBANO(A),
30,7,11,ALTOTONGA,219,2,URBANO(A),
30,7,11,ALTOTONGA,220,2,URBANO(A),
30,7,11,ALTOTONGA,221,2,URBANO(A),
30,7,11,ALTOTONGA,222,2,URBANO(A),
30,7,11,ALTOTONGA,223,2,URBANO(A),
30,7,11,ALTOTONGA,224,4,RURAL,
30,7,11,ALTOTONGA,225,4,RURAL,
30,7,11,ALTOTONGA,226,4,RURAL,
30,7,11,ALTOTONGA,227,4,RURAL,
30,7,11,ALTOTONGA,228,4,RURAL,
30,7,11,ALTOTONGA,229,4,RURAL,
30,7,11,ALTOTONGA,230,4,RURAL,
30,7,11,ALTOTONGA,231,4,RURAL,
30,7,11,ALTOTONGA,232,4,RURAL,
30,7,11,ALTOTONGA,233,4,RURAL,
30,7,11,ALTOTONGA,234,4,RURAL,
30,7,11,ALTOTONGA,235,3,MIXTO(A),
30,7,11,ALTOTONGA,236,4,RURAL,
30,7,11,ALTOTONGA,237,4,RURAL,
30,7,11,ALTOTONGA,238,4,RURAL,
30,7,11,ALTOTONGA,239,4,RURAL,
30,7,11,ALTOTONGA,240,4,RURAL,
30,7,11,ALTOTONGA,241,4,RURAL,
30,7,11,ALTOTONGA,242,4,RURAL,
30,7,11,ALTOTONGA,243,4,RURAL,
30,7,11,ALTOTONGA,244,4,RURAL,
30,7,11,ALTOTONGA,245,4,RURAL,
30,7,11,ALTOTONGA,246,4,RURAL,
30,17,12,ALVARADO,247,2,URBANO(A),
30,17,12,ALVARADO,248,2,URBANO(A),
30,17,12,ALVARADO,249,2,URBANO(A),
30,17,12,ALVARADO,250,2,URBANO(A),
30,17,12,ALVARADO,251,3,MIXTO(A),
30,17,12,ALVARADO,252,2,URBANO(A),
30,17,12,ALVARADO,253,2,URBANO(A),
30,17,12,ALVARADO,254,2,URBANO(A),
30,17,12,ALVARADO,255,2,URBANO(A),
30,17,12,ALVARADO,256,2,URBANO(A),
30,17,12,ALVARADO,257,2,URBANO(A),
30,17,12,ALVARADO,258,2,URBANO(A),
30,17,12,ALVARADO,259,2,URBANO(A),
30,17,12,ALVARADO,260,2,URBANO(A),
30,17,12,ALVARADO,261,2,URBANO(A),
30,17,12,ALVARADO,262,2,URBANO(A),
30,17,12,ALVARADO,263,2,URBANO(A),
30,17,12,ALVARADO,264,2,URBANO(A),
30,17,12,ALVARADO,265,2,URBANO(A),
30,17,12,ALVARADO,266,4,RURAL,
30,17,12,ALVARADO,267,4,RURAL,
30,17,12,ALVARADO,268,3,MIXTO(A),
30,17,12,ALVARADO,269,4,RURAL,
30,17,12,ALVARADO,270,2,URBANO(A),
30,17,12,ALVARADO,271,3,MIXTO(A),
30,17,12,ALVARADO,272,3,MIXTO(A),
30,17,12,ALVARADO,273,4,RURAL,
30,17,12,ALVARADO,274,4,RURAL,
30,17,12,ALVARADO,275,4,RURAL,
30,17,12,ALVARADO,276,4,RURAL,
30,17,12,ALVARADO,277,4,RURAL,
30,17,12,ALVARADO,278,4,RURAL,
30,17,12,ALVARADO,279,4,RURAL,
30,17,12,ALVARADO,280,4,RURAL,
30,17,12,ALVARADO,281,4,RURAL,
30,17,12,ALVARADO,282,2,URBANO(A),
30,17,12,ALVARADO,283,4,RURAL,
30,17,12,ALVARADO,284,4,RURAL,
30,17,12,ALVARADO,285,4,RURAL,
30,17,12,ALVARADO,286,4,RURAL,
30,17,13,AMATITLAN,287,3,MIXTO(A),
30,17,13,AMATITLAN,288,4,RURAL,
30,17,13,AMATITLAN,289,4,RURAL,
30,17,13,AMATITLAN,290,4,RURAL,
30,17,13,AMATITLAN,291,4,RURAL,
30,17,13,AMATITLAN,292,4,RURAL,
30,17,13,AMATITLAN,293,4,RURAL,
30,16,14,AMATLAN DE LOS REYES,294,2,URBANO(A),
30,16,14,AMATLAN DE LOS REYES,295,2,URBANO(A),
30,16,14,AMATLAN DE LOS REYES,296,2,URBANO(A),
30,16,14,AMATLAN DE LOS REYES,297,2,URBANO(A),
30,16,14,AMATLAN DE LOS REYES,298,4,RURAL,
30,16,14,AMATLAN DE LOS REYES,299,4,RURAL,
30,16,14,AMATLAN DE LOS REYES,300,4,RURAL,
30,16,14,AMATLAN DE LOS REYES,301,4,RURAL,
30,16,14,AMATLAN DE LOS REYES,302,4,RURAL,
30,16,14,AMATLAN DE LOS REYES,303,2,URBANO(A),
30,16,14,AMATLAN DE LOS REYES,304,2,URBANO(A),
30,16,14,AMATLAN DE LOS REYES,305,2,URBANO(A),
30,16,14,AMATLAN DE LOS REYES,306,3,MIXTO(A),
30,16,14,AMATLAN DE LOS REYES,307,2,URBANO(A),
30,16,14,AMATLAN DE LOS REYES,308,2,URBANO(A),
30,16,14,AMATLAN DE LOS REYES,309,3,MIXTO(A),
30,16,14,AMATLAN DE LOS REYES,310,4,RURAL,
30,16,14,AMATLAN DE LOS REYES,311,4,RURAL,
30,16,14,AMATLAN DE LOS REYES,312,4,RURAL,
30,16,14,AMATLAN DE LOS REYES,313,4,RURAL,
30,16,14,AMATLAN DE LOS REYES,314,4,RURAL,
30,16,14,AMATLAN DE LOS REYES,315,4,RURAL,
30,16,14,AMATLAN DE LOS REYES,316,4,RURAL,
30,16,14,AMATLAN DE LOS REYES,317,3,MIXTO(A),
30,16,14,AMATLAN DE LOS REYES,318,2,URBANO(A),
30,16,14,AMATLAN DE LOS REYES,319,4,RURAL,
30,2,15,NARANJOS AMATLAN,320,2,URBANO(A),
30,2,15,NARANJOS AMATLAN,321,2,URBANO(A),
30,2,15,NARANJOS AMATLAN,322,2,URBANO(A),
30,2,15,NARANJOS AMATLAN,323,2,URBANO(A),
30,2,15,NARANJOS AMATLAN,324,2,URBANO(A),
30,2,15,NARANJOS AMATLAN,325,2,URBANO(A),
30,2,15,NARANJOS AMATLAN,326,2,URBANO(A),
30,2,15,NARANJOS AMATLAN,327,2,URBANO(A),
30,2,15,NARANJOS AMATLAN,328,2,URBANO(A),
30,2,15,NARANJOS AMATLAN,329,2,URBANO(A),
30,2,15,NARANJOS AMATLAN,330,2,URBANO(A),
30,2,15,NARANJOS AMATLAN,331,2,URBANO(A),
30,2,15,NARANJOS AMATLAN,332,2,URBANO(A),
30,2,15,NARANJOS AMATLAN,333,3,MIXTO(A),
30,2,15,NARANJOS AMATLAN,334,3,MIXTO(A),
30,2,15,NARANJOS AMATLAN,335,4,RURAL,
30,2,15,NARANJOS AMATLAN,336,4,RURAL,
30,2,15,NARANJOS AMATLAN,337,4,RURAL,
30,2,15,NARANJOS AMATLAN,338,4,RURAL,
30,19,16,ANGEL R. CABADA,339,3,MIXTO(A),
30,19,16,ANGEL R. CABADA,340,2,URBANO(A),
30,19,16,ANGEL R. CABADA,341,2,URBANO(A),
30,19,16,ANGEL R. CABADA,342,2,URBANO(A),
30,19,16,ANGEL R. CABADA,343,3,MIXTO(A),
30,19,16,ANGEL R. CABADA,344,2,URBANO(A),
30,19,16,ANGEL R. CABADA,345,2,URBANO(A),
30,19,16,ANGEL R. CABADA,346,2,URBANO(A),
30,19,16,ANGEL R. CABADA,347,4,RURAL,
30,19,16,ANGEL R. CABADA,348,4,RURAL,
30,19,16,ANGEL R. CABADA,349,4,RURAL,
30,19,16,ANGEL R. CABADA,350,4,RURAL,
30,19,16,ANGEL R. CABADA,351,4,RURAL,
30,19,16,ANGEL R. CABADA,352,4,RURAL,
30,19,16,ANGEL R. CABADA,353,4,RURAL,
30,19,16,ANGEL R. CABADA,354,3,MIXTO(A),
30,19,16,ANGEL R. CABADA,355,4,RURAL,
30,19,16,ANGEL R. CABADA,356,4,RURAL,
30,19,16,ANGEL R. CABADA,357,4,RURAL,
30,19,16,ANGEL R. CABADA,358,4,RURAL,
30,19,16,ANGEL R. CABADA,359,4,RURAL,
30,19,16,ANGEL R. CABADA,360,4,RURAL,
30,19,16,ANGEL R. CABADA,361,4,RURAL,
30,19,16,ANGEL R. CABADA,362,4,RURAL,
30,8,17,LA ANTIGUA,363,2,URBANO(A),
30,8,17,LA ANTIGUA,364,2,URBANO(A),
30,8,17,LA ANTIGUA,365,2,URBANO(A),
30,8,17,LA ANTIGUA,366,2,URBANO(A),
30,8,17,LA ANTIGUA,367,2,URBANO(A),
30,8,17,LA ANTIGUA,368,2,URBANO(A),
30,8,17,LA ANTIGUA,369,2,URBANO(A),
30,8,17,LA ANTIGUA,370,2,URBANO(A),
30,8,17,LA ANTIGUA,371,2,URBANO(A),
30,8,17,LA ANTIGUA,372,2,URBANO(A),
30,8,17,LA ANTIGUA,373,2,URBANO(A),
30,8,17,LA ANTIGUA,374,2,URBANO(A),
30,8,17,LA ANTIGUA,375,2,URBANO(A),
30,8,17,LA ANTIGUA,376,2,URBANO(A),
30,8,17,LA ANTIGUA,377,4,RURAL,
30,8,17,LA ANTIGUA,378,2,URBANO(A),
30,8,17,LA ANTIGUA,379,2,URBANO(A),
30,8,17,LA ANTIGUA,380,4,RURAL,
30,8,17,LA ANTIGUA,381,4,RURAL,
30,8,17,LA ANTIGUA,382,4,RURAL,
30,8,17,LA ANTIGUA,383,4,RURAL,
30,8,18,APAZAPAN,384,2,URBANO(A),
30,8,18,APAZAPAN,385,4,RURAL,
30,8,18,APAZAPAN,386,4,RURAL,
30,8,18,APAZAPAN,387,4,RURAL,
30,8,18,APAZAPAN,388,4,RURAL,
30,18,19,AQUILA,389,3,MIXTO(A),
30,18,20,ASTACINGA,390,3,MIXTO(A),
30,18,20,ASTACINGA,391,3,MIXTO(A),
30,18,20,ASTACINGA,392,4,RURAL,
30,18,21,ATLAHUILCO,393,3,MIXTO(A),
30,18,21,ATLAHUILCO,394,4,RURAL,
30,18,21,ATLAHUILCO,395,4,RURAL,
30,18,21,ATLAHUILCO,396,4,RURAL,
30,18,21,ATLAHUILCO,397,4,RURAL,
30,13,22,ATOYAC,398,3,MIXTO(A),
30,13,22,ATOYAC,399,2,URBANO(A),
30,13,22,ATOYAC,400,4,RURAL,
30,13,22,ATOYAC,401,4,RURAL,
30,13,22,ATOYAC,402,4,RURAL,
30,13,22,ATOYAC,403,4,RURAL,
30,13,22,ATOYAC,404,4,RURAL,
30,13,22,ATOYAC,405,2,URBANO(A),
30,13,22,ATOYAC,406,2,URBANO(A),
30,13,22,ATOYAC,407,2,URBANO(A),
30,13,22,ATOYAC,408,2,URBANO(A),
30,13,22,ATOYAC,409,2,URBANO(A),
30,13,22,ATOYAC,410,2,URBANO(A),
30,13,22,ATOYAC,411,3,MIXTO(A),
30,13,22,ATOYAC,412,2,URBANO(A),
30,13,22,ATOYAC,413,4,RURAL,
30,15,23,ATZACAN,414,2,URBANO(A),
30,15,23,ATZACAN,415,2,URBANO(A),
30,15,23,ATZACAN,416,2,URBANO(A),
30,15,23,ATZACAN,417,2,URBANO(A),
30,15,23,ATZACAN,418,2,URBANO(A),
30,15,23,ATZACAN,419,4,RURAL,
30,15,23,ATZACAN,420,2,URBANO(A),
30,15,23,ATZACAN,421,2,URBANO(A),
30,15,23,ATZACAN,422,2,URBANO(A),
30,15,23,ATZACAN,423,4,RURAL,
30,15,23,ATZACAN,424,4,RURAL,
30,7,24,ATZALAN,425,3,MIXTO(A),
30,7,24,ATZALAN,426,2,URBANO(A),
30,7,24,ATZALAN,427,4,RURAL,
30,7,24,ATZALAN,428,3,MIXTO(A),
30,7,24,ATZALAN,429,4,RURAL,
30,7,24,ATZALAN,430,4,RURAL,
30,7,24,ATZALAN,431,4,RURAL,
30,7,24,ATZALAN,432,4,RURAL,
30,7,24,ATZALAN,433,4,RURAL,
30,7,24,ATZALAN,434,4,RURAL,
30,7,24,ATZALAN,435,4,RURAL,
30,7,24,ATZALAN,436,4,RURAL,
30,7,24,ATZALAN,437,4,RURAL,
30,7,24,ATZALAN,438,4,RURAL,
30,7,24,ATZALAN,439,4,RURAL,
30,7,24,ATZALAN,440,4,RURAL,
30,7,24,ATZALAN,441,4,RURAL,
30,7,24,ATZALAN,442,4,RURAL,
30,7,24,ATZALAN,443,4,RURAL,
30,7,24,ATZALAN,444,4,RURAL,
30,7,24,ATZALAN,445,4,RURAL,
30,7,24,ATZALAN,446,2,URBANO(A),
30,7,24,ATZALAN,447,2,URBANO(A),
30,7,24,ATZALAN,448,4,RURAL,
30,7,24,ATZALAN,449,4,RURAL,
30,7,24,ATZALAN,450,4,RURAL,
30,7,24,ATZALAN,451,4,RURAL,
30,7,24,ATZALAN,452,4,RURAL,
30,7,24,ATZALAN,453,4,RURAL,
30,7,24,ATZALAN,454,4,RURAL,
30,7,24,ATZALAN,455,4,RURAL,
30,7,24,ATZALAN,456,4,RURAL,
30,7,24,ATZALAN,457,4,RURAL,
30,7,24,ATZALAN,458,4,RURAL,
30,8,25,TLALTETELA,459,3,MIXTO(A),
30,8,25,TLALTETELA,460,3,MIXTO(A),
30,8,25,TLALTETELA,461,4,RURAL,
30,8,25,TLALTETELA,462,4,RURAL,
30,8,25,TLALTETELA,463,4,RURAL,
30,8,25,TLALTETELA,464,4,RURAL,
30,9,26,AYAHUALULCO,465,3,MIXTO(A),
30,9,26,AYAHUALULCO,466,4,RURAL,
30,9,26,AYAHUALULCO,467,3,MIXTO(A),
30,9,26,AYAHUALULCO,468,3,MIXTO(A),
30,9,26,AYAHUALULCO,469,4,RURAL,
30,9,26,AYAHUALULCO,470,4,RURAL,
30,9,26,AYAHUALULCO,471,4,RURAL,
30,9,26,AYAHUALULCO,472,4,RURAL,
30,9,27,BANDERILLA,473,2,URBANO(A),
30,9,27,BANDERILLA,474,3,MIXTO(A),
30,9,27,BANDERILLA,475,3,MIXTO(A),
30,9,27,BANDERILLA,476,2,URBANO(A),
30,9,27,BANDERILLA,477,2,URBANO(A),
30,9,27,BANDERILLA,478,2,URBANO(A),
30,9,27,BANDERILLA,479,3,MIXTO(A),
30,9,27,BANDERILLA,480,2,URBANO(A),
30,9,27,BANDERILLA,481,2,URBANO(A),
30,2,28,BENITO JUAREZ,482,3,MIXTO(A),
30,2,28,BENITO JUAREZ,483,4,RURAL,
30,2,28,BENITO JUAREZ,484,4,RURAL,
30,2,28,BENITO JUAREZ,485,4,RURAL,
30,2,28,BENITO JUAREZ,486,4,RURAL,
30,2,28,BENITO JUAREZ,487,4,RURAL,
30,2,28,BENITO JUAREZ,488,4,RURAL,
30,2,28,BENITO JUAREZ,489,4,RURAL,
30,2,28,BENITO JUAREZ,490,4,RURAL,
30,2,28,BENITO JUAREZ,491,4,RURAL,
30,4,29,BOCA DEL RIO,492,2,URBANO(A),
30,4,29,BOCA DEL RIO,493,2,URBANO(A),
30,4,29,BOCA DEL RIO,494,2,URBANO(A),
30,4,29,BOCA DEL RIO,495,2,URBANO(A),
30,4,29,BOCA DEL RIO,496,2,URBANO(A),
30,4,29,BOCA DEL RIO,497,2,URBANO(A),
30,4,29,BOCA DEL RIO,498,2,URBANO(A),
30,4,29,BOCA DEL RIO,499,2,URBANO(A),
30,4,29,BOCA DEL RIO,500,2,URBANO(A),
30,4,29,BOCA DEL RIO,501,2,URBANO(A),
30,4,29,BOCA DEL RIO,502,2,URBANO(A),
30,4,29,BOCA DEL RIO,503,2,URBANO(A),
30,4,29,BOCA DEL RIO,504,2,URBANO(A),
30,4,29,BOCA DEL RIO,505,2,URBANO(A),
30,4,29,BOCA DEL RIO,506,2,URBANO(A),
30,4,29,BOCA DEL RIO,507,2,URBANO(A),
30,4,29,BOCA DEL RIO,508,2,URBANO(A),
30,4,29,BOCA DEL RIO,509,2,URBANO(A),
30,4,29,BOCA DEL RIO,510,2,URBANO(A),
30,4,29,BOCA DEL RIO,511,2,URBANO(A),
30,4,29,BOCA DEL RIO,512,2,URBANO(A),
30,4,29,BOCA DEL RIO,513,2,URBANO(A),
30,4,29,BOCA DEL RIO,514,2,URBANO(A),
30,4,29,BOCA DEL RIO,515,2,URBANO(A),
30,4,29,BOCA DEL RIO,516,2,URBANO(A),
30,4,29,BOCA DEL RIO,517,2,URBANO(A),
30,4,29,BOCA DEL RIO,518,2,URBANO(A),
30,4,29,BOCA DEL RIO,519,2,URBANO(A),
30,4,29,BOCA DEL RIO,520,2,URBANO(A),
30,4,29,BOCA DEL RIO,521,2,URBANO(A),
30,4,29,BOCA DEL RIO,522,2,URBANO(A),
30,4,29,BOCA DEL RIO,523,2,URBANO(A),
30,4,29,BOCA DEL RIO,524,2,URBANO(A),
30,4,29,BOCA DEL RIO,525,2,URBANO(A),
30,4,29,BOCA DEL RIO,526,2,URBANO(A),
30,4,29,BOCA DEL RIO,527,2,URBANO(A),
30,4,29,BOCA DEL RIO,528,2,URBANO(A),
30,4,29,BOCA DEL RIO,529,2,URBANO(A),
30,4,29,BOCA DEL RIO,530,2,URBANO(A),
30,4,29,BOCA DEL RIO,531,2,URBANO(A),
30,4,29,BOCA DEL RIO,532,2,URBANO(A),
30,4,29,BOCA DEL RIO,533,2,URBANO(A),
30,4,29,BOCA DEL RIO,534,2,URBANO(A),
30,4,29,BOCA DEL RIO,535,2,URBANO(A),
30,4,29,BOCA DEL RIO,536,2,URBANO(A),
30,4,29,BOCA DEL RIO,537,2,URBANO(A),
30,4,29,BOCA DEL RIO,538,2,URBANO(A),
30,4,29,BOCA DEL RIO,539,2,URBANO(A),
30,4,29,BOCA DEL RIO,540,2,URBANO(A),
30,4,29,BOCA DEL RIO,541,2,URBANO(A),
30,4,29,BOCA DEL RIO,542,2,URBANO(A),
30,4,29,BOCA DEL RIO,543,2,URBANO(A),
30,4,29,BOCA DEL RIO,544,2,URBANO(A),
30,4,29,BOCA DEL RIO,545,2,URBANO(A),
30,4,29,BOCA DEL RIO,546,2,URBANO(A),
30,4,29,BOCA DEL RIO,547,2,URBANO(A),
30,4,29,BOCA DEL RIO,548,2,URBANO(A),
30,4,29,BOCA DEL RIO,549,2,URBANO(A),
30,4,29,BOCA DEL RIO,550,2,URBANO(A),
30,4,29,BOCA DEL RIO,551,2,URBANO(A),
30,4,29,BOCA DEL RIO,552,2,URBANO(A),
30,4,29,BOCA DEL RIO,553,2,URBANO(A),
30,4,29,BOCA DEL RIO,554,2,URBANO(A),
30,4,29,BOCA DEL RIO,555,2,URBANO(A),
30,4,29,BOCA DEL RIO,556,2,URBANO(A),
30,4,29,BOCA DEL RIO,557,2,URBANO(A),
30,4,29,BOCA DEL RIO,558,2,URBANO(A),
30,4,29,BOCA DEL RIO,559,2,URBANO(A),
30,4,29,BOCA DEL RIO,560,2,URBANO(A),
30,4,29,BOCA DEL RIO,561,2,URBANO(A),
30,4,29,BOCA DEL RIO,562,2,URBANO(A),
30,4,29,BOCA DEL RIO,563,2,URBANO(A),
30,4,29,BOCA DEL RIO,564,2,URBANO(A),
30,4,29,BOCA DEL RIO,565,2,URBANO(A),
30,4,29,BOCA DEL RIO,566,2,URBANO(A),
30,4,29,BOCA DEL RIO,567,2,URBANO(A),
30,4,29,BOCA DEL RIO,568,2,URBANO(A),
30,4,29,BOCA DEL RIO,569,2,URBANO(A),
30,4,29,BOCA DEL RIO,570,2,URBANO(A),
30,4,29,BOCA DEL RIO,571,2,URBANO(A),
30,4,29,BOCA DEL RIO,572,2,URBANO(A),
30,4,29,BOCA DEL RIO,573,3,MIXTO(A),
30,4,29,BOCA DEL RIO,574,2,URBANO(A),
30,4,29,BOCA DEL RIO,575,2,URBANO(A),
30,4,29,BOCA DEL RIO,576,2,URBANO(A),
30,4,29,BOCA DEL RIO,577,2,URBANO(A),
30,4,29,BOCA DEL RIO,578,2,URBANO(A),
30,4,29,BOCA DEL RIO,579,2,URBANO(A),
30,4,29,BOCA DEL RIO,580,2,URBANO(A),
30,4,29,BOCA DEL RIO,581,2,URBANO(A),
30,4,29,BOCA DEL RIO,582,3,MIXTO(A),
30,4,29,BOCA DEL RIO,583,2,URBANO(A),
30,4,29,BOCA DEL RIO,584,2,URBANO(A),
30,4,29,BOCA DEL RIO,585,2,URBANO(A),
30,4,29,BOCA DEL RIO,586,2,URBANO(A),
30,4,29,BOCA DEL RIO,587,2,URBANO(A),
30,15,30,CALCAHUALCO,588,3,MIXTO(A),
30,15,30,CALCAHUALCO,589,4,RURAL,
30,15,30,CALCAHUALCO,590,4,RURAL,
30,15,30,CALCAHUALCO,591,4,RURAL,
30,15,30,CALCAHUALCO,592,4,RURAL,
30,18,31,CAMERINO Z. MENDOZA,593,2,URBANO(A),
30,18,31,CAMERINO Z. MENDOZA,594,2,URBANO(A),
30,18,31,CAMERINO Z. MENDOZA,595,2,URBANO(A),
30,18,31,CAMERINO Z. MENDOZA,596,2,URBANO(A),
30,18,31,CAMERINO Z. MENDOZA,597,2,URBANO(A),
30,18,31,CAMERINO Z. MENDOZA,598,2,URBANO(A),
30,18,31,CAMERINO Z. MENDOZA,599,2,URBANO(A),
30,18,31,CAMERINO Z. MENDOZA,600,2,URBANO(A),
30,18,31,CAMERINO Z. MENDOZA,601,2,URBANO(A),
30,18,31,CAMERINO Z. MENDOZA,602,2,URBANO(A),
30,18,31,CAMERINO Z. MENDOZA,603,2,URBANO(A),
30,18,31,CAMERINO Z. MENDOZA,604,2,URBANO(A),
30,18,31,CAMERINO Z. MENDOZA,605,2,URBANO(A),
30,18,31,CAMERINO Z. MENDOZA,606,2,URBANO(A),
30,18,31,CAMERINO Z. MENDOZA,607,4,RURAL,
30,18,31,CAMERINO Z. MENDOZA,608,4,RURAL,
30,13,32,CARRILLO PUERTO,609,3,MIXTO(A),
30,13,32,CARRILLO PUERTO,610,4,RURAL,
30,13,32,CARRILLO PUERTO,611,4,RURAL,
30,13,32,CARRILLO PUERTO,612,4,RURAL,
30,13,32,CARRILLO PUERTO,613,4,RURAL,
30,13,32,CARRILLO PUERTO,614,4,RURAL,
30,13,32,CARRILLO PUERTO,615,4,RURAL,
30,13,32,CARRILLO PUERTO,616,4,RURAL,
30,2,33,CASTILLO DE TEAYO,617,3,MIXTO(A),
30,2,33,CASTILLO DE TEAYO,618,3,MIXTO(A),
30,2,33,CASTILLO DE TEAYO,619,3,MIXTO(A),
30,2,33,CASTILLO DE TEAYO,620,4,RURAL,
30,2,33,CASTILLO DE TEAYO,621,4,RURAL,
30,2,33,CASTILLO DE TEAYO,622,4,RURAL,
30,2,33,CASTILLO DE TEAYO,623,4,RURAL,
30,2,33,CASTILLO DE TEAYO,624,4,RURAL,
30,2,33,CASTILLO DE TEAYO,625,4,RURAL,
30,2,33,CASTILLO DE TEAYO,626,4,RURAL,
30,2,33,CASTILLO DE TEAYO,627,4,RURAL,
30,2,33,CASTILLO DE TEAYO,628,4,RURAL,
30,2,33,CASTILLO DE TEAYO,629,4,RURAL,
30,2,33,CASTILLO DE TEAYO,630,4,RURAL,
30,2,33,CASTILLO DE TEAYO,631,4,RURAL,
30,19,34,CATEMACO,633,2,URBANO(A),
30,19,34,CATEMACO,634,3,MIXTO(A),
30,19,34,CATEMACO,635,2,URBANO(A),
30,19,34,CATEMACO,636,2,URBANO(A),
30,19,34,CATEMACO,637,2,URBANO(A),
30,19,34,CATEMACO,638,2,URBANO(A),
30,19,34,CATEMACO,639,2,URBANO(A),
30,19,34,CATEMACO,640,2,URBANO(A),
30,19,34,CATEMACO,641,2,URBANO(A),
30,19,34,CATEMACO,642,2,URBANO(A),
30,19,34,CATEMACO,643,2,URBANO(A),
30,19,34,CATEMACO,644,4,RURAL,
30,19,34,CATEMACO,645,4,RURAL,
30,19,34,CATEMACO,646,4,RURAL,
30,19,34,CATEMACO,647,4,RURAL,
30,19,34,CATEMACO,648,4,RURAL,
30,19,34,CATEMACO,649,4,RURAL,
30,19,34,CATEMACO,650,4,RURAL,
30,19,34,CATEMACO,651,4,RURAL,
30,19,34,CATEMACO,652,4,RURAL,
30,19,34,CATEMACO,653,4,RURAL,
30,19,34,CATEMACO,654,4,RURAL,
30,19,34,CATEMACO,655,4,RURAL,
30,6,35,CAZONES DE HERRERA,656,2,URBANO(A),
30,6,35,CAZONES DE HERRERA,657,2,URBANO(A),
30,6,35,CAZONES DE HERRERA,658,2,URBANO(A),
30,6,35,CAZONES DE HERRERA,659,4,RURAL,
30,6,35,CAZONES DE HERRERA,660,4,RURAL,
30,6,35,CAZONES DE HERRERA,661,4,RURAL,
30,6,35,CAZONES DE HERRERA,662,4,RURAL,
30,6,35,CAZONES DE HERRERA,663,4,RURAL,
30,6,35,CAZONES DE HERRERA,664,4,RURAL,
30,6,35,CAZONES DE HERRERA,665,4,RURAL,
30,6,35,CAZONES DE HERRERA,666,4,RURAL,
30,6,35,CAZONES DE HERRERA,667,4,RURAL,
30,6,35,CAZONES DE HERRERA,668,4,RURAL,
30,6,35,CAZONES DE HERRERA,669,4,RURAL,
30,6,35,CAZONES DE HERRERA,670,4,RURAL,
30,2,36,CERRO AZUL,671,2,URBANO(A),
30,2,36,CERRO AZUL,672,2,URBANO(A),
30,2,36,CERRO AZUL,673,2,URBANO(A),
30,2,36,CERRO AZUL,674,2,URBANO(A),
30,2,36,CERRO AZUL,675,2,URBANO(A),
30,2,36,CERRO AZUL,676,2,URBANO(A),
30,2,36,CERRO AZUL,677,2,URBANO(A),
30,2,36,CERRO AZUL,678,2,URBANO(A),
30,2,36,CERRO AZUL,679,2,URBANO(A),
30,2,36,CERRO AZUL,680,2,URBANO(A),
30,2,36,CERRO AZUL,681,2,URBANO(A),
30,2,36,CERRO AZUL,682,2,URBANO(A),
30,2,36,CERRO AZUL,683,2,URBANO(A),
30,2,36,CERRO AZUL,684,2,URBANO(A),
30,2,36,CERRO AZUL,685,2,URBANO(A),
30,2,36,CERRO AZUL,686,2,URBANO(A),
30,2,36,CERRO AZUL,687,2,URBANO(A),
30,2,36,CERRO AZUL,688,2,URBANO(A),
30,2,36,CERRO AZUL,689,2,URBANO(A),
30,2,36,CERRO AZUL,690,2,URBANO(A),
30,2,36,CERRO AZUL,691,2,URBANO(A),
30,2,36,CERRO AZUL,692,4,RURAL,
30,2,36,CERRO AZUL,693,4,RURAL,
30,2,36,CERRO AZUL,694,4,RURAL,
30,1,37,CITLALTEPETL,695,2,URBANO(A),
30,1,37,CITLALTEPETL,696,2,URBANO(A),
30,1,37,CITLALTEPETL,697,2,URBANO(A),
30,1,37,CITLALTEPETL,698,2,URBANO(A),
30,1,37,CITLALTEPETL,699,4,RURAL,
30,1,37,CITLALTEPETL,700,4,RURAL,
30,1,37,CITLALTEPETL,701,4,RURAL,
30,1,37,CITLALTEPETL,702,4,RURAL,
30,1,37,CITLALTEPETL,703,4,RURAL,
30,9,38,COACOATZINTLA,704,2,URBANO(A),
30,9,38,COACOATZINTLA,705,2,URBANO(A),
30,9,38,COACOATZINTLA,706,4,RURAL,
30,9,38,COACOATZINTLA,707,4,RURAL,
30,9,38,COACOATZINTLA,708,4,RURAL,
30,6,39,COAHUITLAN,709,3,MIXTO(A),
30,6,39,COAHUITLAN,710,2,URBANO(A),
30,6,39,COAHUITLAN,711,3,MIXTO(A),
30,9,40,COATEPEC,712,2,URBANO(A),
30,9,40,COATEPEC,713,2,URBANO(A),
30,9,40,COATEPEC,714,3,MIXTO(A),
30,9,40,COATEPEC,715,2,URBANO(A),
30,9,40,COATEPEC,716,2,URBANO(A),
30,9,40,COATEPEC,717,2,URBANO(A),
30,9,40,COATEPEC,718,2,URBANO(A),
30,9,40,COATEPEC,719,3,MIXTO(A),
30,9,40,COATEPEC,720,2,URBANO(A),
30,9,40,COATEPEC,721,2,URBANO(A),
30,9,40,COATEPEC,722,2,URBANO(A),
30,9,40,COATEPEC,723,2,URBANO(A),
30,9,40,COATEPEC,724,2,URBANO(A),
30,9,40,COATEPEC,725,2,URBANO(A),
30,9,40,COATEPEC,726,2,URBANO(A),
30,9,40,COATEPEC,727,2,URBANO(A),
30,9,40,COATEPEC,728,2,URBANO(A),
30,9,40,COATEPEC,729,2,URBANO(A),
30,9,40,COATEPEC,730,2,URBANO(A),
30,9,40,COATEPEC,731,2,URBANO(A),
30,9,40,COATEPEC,732,2,URBANO(A),
30,9,40,COATEPEC,733,2,URBANO(A),
30,9,40,COATEPEC,734,2,URBANO(A),
30,9,40,COATEPEC,735,2,URBANO(A),
30,9,40,COATEPEC,736,2,URBANO(A),
30,9,40,COATEPEC,737,2,URBANO(A),
30,9,40,COATEPEC,738,2,URBANO(A),
30,9,40,COATEPEC,739,2,URBANO(A),
30,9,40,COATEPEC,740,2,URBANO(A),
30,9,40,COATEPEC,741,2,URBANO(A),
30,9,40,COATEPEC,742,2,URBANO(A),
30,9,40,COATEPEC,743,4,RURAL,
30,9,40,COATEPEC,744,4,RURAL,
30,9,40,COATEPEC,745,4,RURAL,
30,9,40,COATEPEC,746,2,URBANO(A),
30,9,40,COATEPEC,747,3,MIXTO(A),
30,9,40,COATEPEC,748,4,RURAL,
30,9,40,COATEPEC,749,4,RURAL,
30,9,40,COATEPEC,750,4,RURAL,
30,9,40,COATEPEC,751,4,RURAL,
30,9,40,COATEPEC,752,4,RURAL,
30,9,40,COATEPEC,753,4,RURAL,
30,9,40,COATEPEC,754,2,URBANO(A),
30,9,40,COATEPEC,755,3,MIXTO(A),
30,9,40,COATEPEC,756,3,MIXTO(A),
30,9,40,COATEPEC,757,2,URBANO(A),
30,9,40,COATEPEC,758,2,URBANO(A),
30,9,40,COATEPEC,759,2,URBANO(A),
30,9,40,COATEPEC,760,3,MIXTO(A),
30,9,40,COATEPEC,761,2,URBANO(A),
30,9,40,COATEPEC,762,4,RURAL,
30,11,41,COATZACOALCOS,763,2,URBANO(A),
30,11,41,COATZACOALCOS,764,2,URBANO(A),
30,11,41,COATZACOALCOS,765,2,URBANO(A),
30,11,41,COATZACOALCOS,766,2,URBANO(A),
30,11,41,COATZACOALCOS,767,2,URBANO(A),
30,11,41,COATZACOALCOS,768,2,URBANO(A),
30,11,41,COATZACOALCOS,769,2,URBANO(A),
30,11,41,COATZACOALCOS,770,2,URBANO(A),
30,11,41,COATZACOALCOS,771,2,URBANO(A),
30,11,41,COATZACOALCOS,772,2,URBANO(A),
30,11,41,COATZACOALCOS,773,2,URBANO(A),
30,11,41,COATZACOALCOS,774,2,URBANO(A),
30,11,41,COATZACOALCOS,775,2,URBANO(A),
30,11,41,COATZACOALCOS,776,2,URBANO(A),
30,11,41,COATZACOALCOS,777,2,URBANO(A),
30,11,41,COATZACOALCOS,778,2,URBANO(A),
30,11,41,COATZACOALCOS,779,2,URBANO(A),
30,11,41,COATZACOALCOS,780,2,URBANO(A),
30,11,41,COATZACOALCOS,781,2,URBANO(A),
30,11,41,COATZACOALCOS,782,2,URBANO(A),
30,11,41,COATZACOALCOS,783,2,URBANO(A),
30,11,41,COATZACOALCOS,784,2,URBANO(A),
30,11,41,COATZACOALCOS,785,2,URBANO(A),
30,11,41,COATZACOALCOS,786,2,URBANO(A),
30,11,41,COATZACOALCOS,787,2,URBANO(A),
30,11,41,COATZACOALCOS,788,2,URBANO(A),
30,11,41,COATZACOALCOS,789,2,URBANO(A),
30,11,41,COATZACOALCOS,790,2,URBANO(A),
30,11,41,COATZACOALCOS,791,2,URBANO(A),
30,11,41,COATZACOALCOS,793,2,URBANO(A),
30,11,41,COATZACOALCOS,794,2,URBANO(A),
30,11,41,COATZACOALCOS,795,2,URBANO(A),
30,11,41,COATZACOALCOS,796,2,URBANO(A),
30,11,41,COATZACOALCOS,797,2,URBANO(A),
30,11,41,COATZACOALCOS,798,2,URBANO(A),
30,11,41,COATZACOALCOS,799,2,URBANO(A),
30,11,41,COATZACOALCOS,800,2,URBANO(A),
30,11,41,COATZACOALCOS,801,2,URBANO(A),
30,11,41,COATZACOALCOS,802,2,URBANO(A),
30,11,41,COATZACOALCOS,803,2,URBANO(A),
30,11,41,COATZACOALCOS,804,2,URBANO(A),
30,11,41,COATZACOALCOS,805,2,URBANO(A),
30,11,41,COATZACOALCOS,806,2,URBANO(A),
30,11,41,COATZACOALCOS,807,2,URBANO(A),
30,11,41,COATZACOALCOS,808,2,URBANO(A),
30,11,41,COATZACOALCOS,809,2,URBANO(A),
30,11,41,COATZACOALCOS,810,2,URBANO(A),
30,11,41,COATZACOALCOS,811,2,URBANO(A),
30,11,41,COATZACOALCOS,812,2,URBANO(A),
30,11,41,COATZACOALCOS,813,2,URBANO(A),
30,11,41,COATZACOALCOS,814,2,URBANO(A),
30,11,41,COATZACOALCOS,815,2,URBANO(A),
30,11,41,COATZACOALCOS,820,2,URBANO(A),
30,11,41,COATZACOALCOS,821,2,URBANO(A),
30,11,41,COATZACOALCOS,822,2,URBANO(A),
30,11,41,COATZACOALCOS,823,2,URBANO(A),
30,11,41,COATZACOALCOS,824,2,URBANO(A),
30,11,41,COATZACOALCOS,825,2,URBANO(A),
30,11,41,COATZACOALCOS,826,2,URBANO(A),
30,11,41,COATZACOALCOS,827,2,URBANO(A),
30,11,41,COATZACOALCOS,828,2,URBANO(A),
30,11,41,COATZACOALCOS,829,2,URBANO(A),
30,11,41,COATZACOALCOS,830,2,URBANO(A),
30,11,41,COATZACOALCOS,831,2,URBANO(A),
30,11,41,COATZACOALCOS,832,2,URBANO(A),
30,11,41,COATZACOALCOS,833,2,URBANO(A),
30,11,41,COATZACOALCOS,834,2,URBANO(A),
30,11,41,COATZACOALCOS,835,2,URBANO(A),
30,11,41,COATZACOALCOS,836,2,URBANO(A),
30,11,41,COATZACOALCOS,837,2,URBANO(A),
30,11,41,COATZACOALCOS,838,2,URBANO(A),
30,11,41,COATZACOALCOS,839,2,URBANO(A),
30,11,41,COATZACOALCOS,840,2,URBANO(A),
30,11,41,COATZACOALCOS,841,2,URBANO(A),
30,11,41,COATZACOALCOS,842,2,URBANO(A),
30,11,41,COATZACOALCOS,843,2,URBANO(A),
30,11,41,COATZACOALCOS,844,2,URBANO(A),
30,11,41,COATZACOALCOS,845,2,URBANO(A),
30,11,41,COATZACOALCOS,846,2,URBANO(A),
30,11,41,COATZACOALCOS,847,2,URBANO(A),
30,11,41,COATZACOALCOS,848,2,URBANO(A),
30,11,41,COATZACOALCOS,849,2,URBANO(A),
30,11,41,COATZACOALCOS,850,2,URBANO(A),
30,11,41,COATZACOALCOS,851,2,URBANO(A),
30,11,41,COATZACOALCOS,852,2,URBANO(A),
30,11,41,COATZACOALCOS,853,2,URBANO(A),
30,11,41,COATZACOALCOS,854,2,URBANO(A),
30,11,41,COATZACOALCOS,855,2,URBANO(A),
30,11,41,COATZACOALCOS,856,2,URBANO(A),
30,11,41,COATZACOALCOS,857,2,URBANO(A),
30,11,41,COATZACOALCOS,858,2,URBANO(A),
30,11,41,COATZACOALCOS,859,2,URBANO(A),
30,11,41,COATZACOALCOS,860,2,URBANO(A),
30,11,41,COATZACOALCOS,861,2,URBANO(A),
30,11,41,COATZACOALCOS,862,2,URBANO(A),
30,11,41,COATZACOALCOS,863,2,URBANO(A),
30,11,41,COATZACOALCOS,864,2,URBANO(A),
30,11,41,COATZACOALCOS,865,2,URBANO(A),
30,11,41,COATZACOALCOS,867,2,URBANO(A),
30,11,41,COATZACOALCOS,868,2,URBANO(A),
30,11,41,COATZACOALCOS,869,2,URBANO(A),
30,11,41,COATZACOALCOS,870,2,URBANO(A),
30,11,41,COATZACOALCOS,871,2,URBANO(A),
30,11,41,COATZACOALCOS,872,2,URBANO(A),
30,11,41,COATZACOALCOS,873,2,URBANO(A),
30,11,41,COATZACOALCOS,874,2,URBANO(A),
30,11,41,COATZACOALCOS,875,2,URBANO(A),
30,11,41,COATZACOALCOS,876,2,URBANO(A),
30,11,41,COATZACOALCOS,877,2,URBANO(A),
30,11,41,COATZACOALCOS,878,2,URBANO(A),
30,11,41,COATZACOALCOS,879,2,URBANO(A),
30,11,41,COATZACOALCOS,880,2,URBANO(A),
30,11,41,COATZACOALCOS,881,2,URBANO(A),
30,11,41,COATZACOALCOS,882,2,URBANO(A),
30,11,41,COATZACOALCOS,883,2,URBANO(A),
30,11,41,COATZACOALCOS,884,2,URBANO(A),
30,11,41,COATZACOALCOS,885,2,URBANO(A),
30,11,41,COATZACOALCOS,886,2,URBANO(A),
30,11,41,COATZACOALCOS,887,2,URBANO(A),
30,11,41,COATZACOALCOS,888,2,URBANO(A),
30,11,41,COATZACOALCOS,889,2,URBANO(A),
30,11,41,COATZACOALCOS,890,2,URBANO(A),
30,11,41,COATZACOALCOS,891,2,URBANO(A),
30,11,41,COATZACOALCOS,893,2,URBANO(A),
30,11,41,COATZACOALCOS,894,2,URBANO(A),
30,11,41,COATZACOALCOS,895,2,URBANO(A),
30,11,41,COATZACOALCOS,896,2,URBANO(A),
30,11,41,COATZACOALCOS,897,2,URBANO(A),
30,11,41,COATZACOALCOS,898,2,URBANO(A),
30,11,41,COATZACOALCOS,899,2,URBANO(A),
30,11,41,COATZACOALCOS,900,2,URBANO(A),
30,11,41,COATZACOALCOS,901,2,URBANO(A),
30,11,41,COATZACOALCOS,902,2,URBANO(A),
30,11,41,COATZACOALCOS,903,2,URBANO(A),
30,11,41,COATZACOALCOS,904,2,URBANO(A),
30,11,41,COATZACOALCOS,905,2,URBANO(A),
30,11,41,COATZACOALCOS,909,2,URBANO(A),
30,11,41,COATZACOALCOS,910,2,URBANO(A),
30,11,41,COATZACOALCOS,911,2,URBANO(A),
30,11,41,COATZACOALCOS,912,2,URBANO(A),
30,11,41,COATZACOALCOS,913,2,URBANO(A),
30,11,41,COATZACOALCOS,914,2,URBANO(A),
30,11,41,COATZACOALCOS,916,2,URBANO(A),
30,11,41,COATZACOALCOS,917,2,URBANO(A),
30,11,41,COATZACOALCOS,918,2,URBANO(A),
30,11,41,COATZACOALCOS,920,4,RURAL,
30,11,41,COATZACOALCOS,921,4,RURAL,
30,11,41,COATZACOALCOS,922,4,RURAL,
30,11,41,COATZACOALCOS,923,4,RURAL,
30,11,41,COATZACOALCOS,924,2,URBANO(A),
30,11,41,COATZACOALCOS,925,2,URBANO(A),
30,11,41,COATZACOALCOS,926,2,URBANO(A),
30,11,41,COATZACOALCOS,927,2,URBANO(A),
30,11,41,COATZACOALCOS,928,2,URBANO(A),
30,11,41,COATZACOALCOS,929,2,URBANO(A),
30,11,41,COATZACOALCOS,930,2,URBANO(A),
30,11,41,COATZACOALCOS,931,2,URBANO(A),
30,6,42,COATZINTLA,932,2,URBANO(A),
30,6,42,COATZINTLA,934,2,URBANO(A),
30,6,42,COATZINTLA,935,2,URBANO(A),
30,6,42,COATZINTLA,936,2,URBANO(A),
30,6,42,COATZINTLA,937,2,URBANO(A),
30,6,42,COATZINTLA,938,2,URBANO(A),
30,6,42,COATZINTLA,939,2,URBANO(A),
30,6,42,COATZINTLA,940,2,URBANO(A),
30,6,42,COATZINTLA,941,2,URBANO(A),
30,6,42,COATZINTLA,942,2,URBANO(A),
30,6,42,COATZINTLA,943,2,URBANO(A),
30,6,42,COATZINTLA,944,2,URBANO(A),
30,6,42,COATZINTLA,945,4,RURAL,
30,6,42,COATZINTLA,946,4,RURAL,
30,6,42,COATZINTLA,947,4,RURAL,
30,6,42,COATZINTLA,948,3,MIXTO(A),
30,6,42,COATZINTLA,949,4,RURAL,
30,6,42,COATZINTLA,950,4,RURAL,
30,6,42,COATZINTLA,951,4,RURAL,
30,6,42,COATZINTLA,952,4,RURAL,
30,6,42,COATZINTLA,953,4,RURAL,
30,6,42,COATZINTLA,954,4,RURAL,
30,6,42,COATZINTLA,955,3,MIXTO(A),
30,6,42,COATZINTLA,956,4,RURAL,
30,6,42,COATZINTLA,957,4,RURAL,
30,6,42,COATZINTLA,958,4,RURAL,
30,6,42,COATZINTLA,959,4,RURAL,
30,6,42,COATZINTLA,960,4,RURAL,
30,18,43,COETZALA,961,3,MIXTO(A),
30,18,43,COETZALA,962,4,RURAL,
30,8,44,COLIPA,963,3,MIXTO(A),
30,8,44,COLIPA,964,3,MIXTO(A),
30,8,44,COLIPA,965,4,RURAL,
30,8,44,COLIPA,967,4,RURAL,
30,8,44,COLIPA,968,4,RURAL,
30,8,44,COLIPA,969,4,RURAL,
30,13,45,COMAPA,970,3,MIXTO(A),
30,13,45,COMAPA,971,4,RURAL,
30,13,45,COMAPA,972,3,MIXTO(A),
30,13,45,COMAPA,973,2,URBANO(A),
30,13,45,COMAPA,974,4,RURAL,
30,13,45,COMAPA,975,4,RURAL,
30,13,45,COMAPA,976,4,RURAL,
30,13,45,COMAPA,977,4,RURAL,
30,13,45,COMAPA,978,4,RURAL,
30,13,45,COMAPA,979,4,RURAL,
30,16,46,CORDOBA,980,2,URBANO(A),
30,16,46,CORDOBA,981,2,URBANO(A),
30,16,46,CORDOBA,982,2,URBANO(A),
30,16,46,CORDOBA,983,2,URBANO(A),
30,16,46,CORDOBA,984,2,URBANO(A),
30,16,46,CORDOBA,985,2,URBANO(A),
30,16,46,CORDOBA,986,2,URBANO(A),
30,16,46,CORDOBA,987,2,URBANO(A),
30,16,46,CORDOBA,988,2,URBANO(A),
30,16,46,CORDOBA,989,2,URBANO(A),
30,16,46,CORDOBA,990,2,URBANO(A),
30,16,46,CORDOBA,991,2,URBANO(A),
30,16,46,CORDOBA,992,2,URBANO(A),
30,16,46,CORDOBA,993,2,URBANO(A),
30,16,46,CORDOBA,994,2,URBANO(A),
30,16,46,CORDOBA,995,2,URBANO(A),
30,16,46,CORDOBA,996,2,URBANO(A),
30,16,46,CORDOBA,997,2,URBANO(A),
30,16,46,CORDOBA,998,2,URBANO(A),
30,16,46,CORDOBA,999,2,URBANO(A),
30,16,46,CORDOBA,1000,2,URBANO(A),
30,16,46,CORDOBA,1001,2,URBANO(A),
30,16,46,CORDOBA,1002,2,URBANO(A),
30,16,46,CORDOBA,1003,2,URBANO(A),
30,16,46,CORDOBA,1004,2,URBANO(A),
30,16,46,CORDOBA,1005,2,URBANO(A),
30,16,46,CORDOBA,1006,2,URBANO(A),
30,16,46,CORDOBA,1007,2,URBANO(A),
30,16,46,CORDOBA,1008,2,URBANO(A),
30,16,46,CORDOBA,1009,2,URBANO(A),
30,16,46,CORDOBA,1010,2,URBANO(A),
30,16,46,CORDOBA,1011,2,URBANO(A),
30,16,46,CORDOBA,1012,3,MIXTO(A),
30,16,46,CORDOBA,1013,2,URBANO(A),
30,16,46,CORDOBA,1014,2,URBANO(A),
30,16,46,CORDOBA,1015,2,URBANO(A),
30,16,46,CORDOBA,1016,2,URBANO(A),
30,16,46,CORDOBA,1017,2,URBANO(A),
30,16,46,CORDOBA,1018,2,URBANO(A),
30,16,46,CORDOBA,1019,2,URBANO(A),
30,16,46,CORDOBA,1020,2,URBANO(A),
30,16,46,CORDOBA,1021,2,URBANO(A),
30,16,46,CORDOBA,1022,2,URBANO(A),
30,16,46,CORDOBA,1023,2,URBANO(A),
30,16,46,CORDOBA,1024,2,URBANO(A),
30,16,46,CORDOBA,1025,2,URBANO(A),
30,16,46,CORDOBA,1026,2,URBANO(A),
30,16,46,CORDOBA,1027,2,URBANO(A),
30,16,46,CORDOBA,1028,2,URBANO(A),
30,16,46,CORDOBA,1029,2,URBANO(A),
30,16,46,CORDOBA,1030,2,URBANO(A),
30,16,46,CORDOBA,1031,2,URBANO(A),
30,16,46,CORDOBA,1032,2,URBANO(A),
30,16,46,CORDOBA,1033,2,URBANO(A),
30,16,46,CORDOBA,1034,2,URBANO(A),
30,16,46,CORDOBA,1035,2,URBANO(A),
30,16,46,CORDOBA,1036,2,URBANO(A),
30,16,46,CORDOBA,1037,2,URBANO(A),
30,16,46,CORDOBA,1038,2,URBANO(A),
30,16,46,CORDOBA,1039,2,URBANO(A),
30,16,46,CORDOBA,1040,2,URBANO(A),
30,16,46,CORDOBA,1041,2,URBANO(A),
30,16,46,CORDOBA,1042,2,URBANO(A),
30,16,46,CORDOBA,1043,2,URBANO(A),
30,16,46,CORDOBA,1044,2,URBANO(A),
30,16,46,CORDOBA,1045,2,URBANO(A),
30,16,46,CORDOBA,1046,2,URBANO(A),
30,16,46,CORDOBA,1047,2,URBANO(A),
30,16,46,CORDOBA,1048,2,URBANO(A),
30,16,46,CORDOBA,1049,2,URBANO(A),
30,16,46,CORDOBA,1050,2,URBANO(A),
30,16,46,CORDOBA,1051,2,URBANO(A),
30,16,46,CORDOBA,1052,2,URBANO(A),
30,16,46,CORDOBA,1053,2,URBANO(A),
30,16,46,CORDOBA,1054,2,URBANO(A),
30,16,46,CORDOBA,1055,2,URBANO(A),
30,16,46,CORDOBA,1056,2,URBANO(A),
30,16,46,CORDOBA,1057,2,URBANO(A),
30,16,46,CORDOBA,1058,2,URBANO(A),
30,16,46,CORDOBA,1059,2,URBANO(A),
30,16,46,CORDOBA,1060,2,URBANO(A),
30,16,46,CORDOBA,1061,2,URBANO(A),
30,16,46,CORDOBA,1062,2,URBANO(A),
30,16,46,CORDOBA,1063,2,URBANO(A),
30,16,46,CORDOBA,1064,2,URBANO(A),
30,16,46,CORDOBA,1065,2,URBANO(A),
30,16,46,CORDOBA,1066,2,URBANO(A),
30,16,46,CORDOBA,1067,2,URBANO(A),
30,16,46,CORDOBA,1068,2,URBANO(A),
30,16,46,CORDOBA,1069,2,URBANO(A),
30,16,46,CORDOBA,1070,2,URBANO(A),
30,16,46,CORDOBA,1071,2,URBANO(A),
30,16,46,CORDOBA,1072,2,URBANO(A),
30,16,46,CORDOBA,1073,2,URBANO(A),
30,16,46,CORDOBA,1074,2,URBANO(A),
30,16,46,CORDOBA,1075,4,RURAL,
30,16,46,CORDOBA,1076,4,RURAL,
30,16,46,CORDOBA,1077,4,RURAL,
30,16,46,CORDOBA,1078,4,RURAL,
30,16,46,CORDOBA,1079,4,RURAL,
30,16,46,CORDOBA,1080,4,RURAL,
30,16,46,CORDOBA,1081,4,RURAL,
30,16,46,CORDOBA,1082,4,RURAL,
30,16,46,CORDOBA,1083,4,RURAL,
30,16,46,CORDOBA,1084,4,RURAL,
30,16,46,CORDOBA,1085,4,RURAL,
30,16,46,CORDOBA,1086,4,RURAL,
30,16,46,CORDOBA,1087,4,RURAL,
30,16,46,CORDOBA,1088,3,MIXTO(A),
30,16,46,CORDOBA,1090,2,URBANO(A),
30,16,46,CORDOBA,1091,2,URBANO(A),
30,16,46,CORDOBA,1092,2,URBANO(A),
30,16,46,CORDOBA,1093,4,RURAL,
30,17,47,COSAMALOAPAN,1094,3,MIXTO(A),
30,17,47,COSAMALOAPAN,1095,3,MIXTO(A),
30,17,47,COSAMALOAPAN,1096,2,URBANO(A),
30,17,47,COSAMALOAPAN,1097,2,URBANO(A),
30,17,47,COSAMALOAPAN,1098,2,URBANO(A),
30,17,47,COSAMALOAPAN,1099,2,URBANO(A),
30,17,47,COSAMALOAPAN,1100,2,URBANO(A),
30,17,47,COSAMALOAPAN,1101,3,MIXTO(A),
30,17,47,COSAMALOAPAN,1102,2,URBANO(A),
30,17,47,COSAMALOAPAN,1103,2,URBANO(A),
30,17,47,COSAMALOAPAN,1104,2,URBANO(A),
30,17,47,COSAMALOAPAN,1105,2,URBANO(A),
30,17,47,COSAMALOAPAN,1106,2,URBANO(A),
30,17,47,COSAMALOAPAN,1107,2,URBANO(A),
30,17,47,COSAMALOAPAN,1108,2,URBANO(A),
30,17,47,COSAMALOAPAN,1109,2,URBANO(A),
30,17,47,COSAMALOAPAN,1110,2,URBANO(A),
30,17,47,COSAMALOAPAN,1111,3,MIXTO(A),
30,17,47,COSAMALOAPAN,1112,2,URBANO(A),
30,17,47,COSAMALOAPAN,1113,2,URBANO(A),
30,17,47,COSAMALOAPAN,1114,3,MIXTO(A),
30,17,47,COSAMALOAPAN,1115,3,MIXTO(A),
30,17,47,COSAMALOAPAN,1116,4,RURAL,
30,17,47,COSAMALOAPAN,1117,4,RURAL,
30,17,208,CARLOS A. CARRILLO,1118,4,RURAL,
30,17,208,CARLOS A. CARRILLO,1119,4,RURAL,
30,17,208,CARLOS A. CARRILLO,1120,2,URBANO(A),
30,17,208,CARLOS A. CARRILLO,1121,2,URBANO(A),
30,17,208,CARLOS A. CARRILLO,1122,2,URBANO(A),
30,17,208,CARLOS A. CARRILLO,1123,2,URBANO(A),
30,17,208,CARLOS A. CARRILLO,1124,2,URBANO(A),
30,17,208,CARLOS A. CARRILLO,1125,3,MIXTO(A),
30,17,208,CARLOS A. CARRILLO,1126,2,URBANO(A),
30,17,208,CARLOS A. CARRILLO,1127,2,URBANO(A),
30,17,208,CARLOS A. CARRILLO,1128,2,URBANO(A),
30,17,208,CARLOS A. CARRILLO,1129,2,URBANO(A),
30,17,208,CARLOS A. CARRILLO,1130,2,URBANO(A),
30,17,208,CARLOS A. CARRILLO,1131,2,URBANO(A),
30,17,208,CARLOS A. CARRILLO,1132,3,MIXTO(A),
30,17,47,COSAMALOAPAN,1133,4,RURAL,
30,17,47,COSAMALOAPAN,1134,4,RURAL,
30,17,47,COSAMALOAPAN,1135,4,RURAL,
30,17,47,COSAMALOAPAN,1136,4,RURAL,
30,17,47,COSAMALOAPAN,1137,2,URBANO(A),
30,17,47,COSAMALOAPAN,1138,3,MIXTO(A),
30,17,47,COSAMALOAPAN,1139,3,MIXTO(A),
30,17,47,COSAMALOAPAN,1140,3,MIXTO(A),
30,17,47,COSAMALOAPAN,1141,2,URBANO(A),
30,17,47,COSAMALOAPAN,1142,3,MIXTO(A),
30,17,208,CARLOS A. CARRILLO,1143,4,RURAL,
30,17,208,CARLOS A. CARRILLO,1144,4,RURAL,
30,17,208,CARLOS A. CARRILLO,1145,4,RURAL,
30,17,47,COSAMALOAPAN,1146,4,RURAL,
30,17,47,COSAMALOAPAN,1147,3,MIXTO(A),
30,17,47,COSAMALOAPAN,1148,2,URBANO(A),
30,17,47,COSAMALOAPAN,1149,3,MIXTO(A),
30,17,47,COSAMALOAPAN,1150,2,URBANO(A),
30,17,47,COSAMALOAPAN,1151,4,RURAL,
30,17,47,COSAMALOAPAN,1152,4,RURAL,
30,9,48,COSAUTLAN DE CARVAJAL,1153,2,URBANO(A),
30,9,48,COSAUTLAN DE CARVAJAL,1154,2,URBANO(A),
30,9,48,COSAUTLAN DE CARVAJAL,1155,2,URBANO(A),
30,9,48,COSAUTLAN DE CARVAJAL,1156,3,MIXTO(A),
30,9,48,COSAUTLAN DE CARVAJAL,1157,4,RURAL,
30,9,48,COSAUTLAN DE CARVAJAL,1158,2,URBANO(A),
30,9,48,COSAUTLAN DE CARVAJAL,1159,4,RURAL,
30,9,48,COSAUTLAN DE CARVAJAL,1160,4,RURAL,
30,9,48,COSAUTLAN DE CARVAJAL,1161,4,RURAL,
30,15,49,COSCOMATEPEC,1162,3,MIXTO(A),
30,15,49,COSCOMATEPEC,1163,2,URBANO(A),
30,15,49,COSCOMATEPEC,1164,3,MIXTO(A),
30,15,49,COSCOMATEPEC,1165,3,MIXTO(A),
30,15,49,COSCOMATEPEC,1166,2,URBANO(A),
30,15,49,COSCOMATEPEC,1167,2,URBANO(A),
30,15,49,COSCOMATEPEC,1168,2,URBANO(A),
30,15,49,COSCOMATEPEC,1169,2,URBANO(A),
30,15,49,COSCOMATEPEC,1170,4,RURAL,
30,15,49,COSCOMATEPEC,1171,4,RURAL,
30,15,49,COSCOMATEPEC,1172,4,RURAL,
30,15,49,COSCOMATEPEC,1173,4,RURAL,
30,15,49,COSCOMATEPEC,1174,4,RURAL,
30,15,49,COSCOMATEPEC,1175,2,URBANO(A),
30,15,49,COSCOMATEPEC,1176,2,URBANO(A),
30,15,49,COSCOMATEPEC,1177,4,RURAL,
30,15,49,COSCOMATEPEC,1178,4,RURAL,
30,15,49,COSCOMATEPEC,1179,4,RURAL,
30,15,49,COSCOMATEPEC,1180,4,RURAL,
30,15,49,COSCOMATEPEC,1181,2,URBANO(A),
30,15,49,COSCOMATEPEC,1182,2,URBANO(A),
30,15,49,COSCOMATEPEC,1183,4,RURAL,
30,3,50,COSOLEACAQUE,1184,3,MIXTO(A),
30,3,50,COSOLEACAQUE,1185,2,URBANO(A),
30,3,50,COSOLEACAQUE,1186,2,URBANO(A),
30,3,50,COSOLEACAQUE,1187,2,URBANO(A),
30,3,50,COSOLEACAQUE,1188,2,URBANO(A),
30,3,50,COSOLEACAQUE,1189,2,URBANO(A),
30,3,50,COSOLEACAQUE,1190,2,URBANO(A),
30,3,50,COSOLEACAQUE,1191,2,URBANO(A),
30,3,50,COSOLEACAQUE,1192,2,URBANO(A),
30,3,50,COSOLEACAQUE,1193,2,URBANO(A),
30,3,50,COSOLEACAQUE,1194,2,URBANO(A),
30,3,50,COSOLEACAQUE,1195,2,URBANO(A),
30,3,50,COSOLEACAQUE,1196,2,URBANO(A),
30,3,50,COSOLEACAQUE,1197,2,URBANO(A),
30,3,50,COSOLEACAQUE,1198,2,URBANO(A),
30,3,50,COSOLEACAQUE,1199,2,URBANO(A),
30,3,50,COSOLEACAQUE,1200,4,RURAL,
30,3,50,COSOLEACAQUE,1201,3,MIXTO(A),
30,3,50,COSOLEACAQUE,1202,4,RURAL,
30,3,50,COSOLEACAQUE,1203,3,MIXTO(A),
30,3,50,COSOLEACAQUE,1204,3,MIXTO(A),
30,3,50,COSOLEACAQUE,1205,4,RURAL,
30,3,50,COSOLEACAQUE,1206,3,MIXTO(A),
30,3,50,COSOLEACAQUE,1208,4,RURAL,
30,3,50,COSOLEACAQUE,1209,2,URBANO(A),
30,3,50,COSOLEACAQUE,1210,2,URBANO(A),
30,3,50,COSOLEACAQUE,1211,2,URBANO(A),
30,3,50,COSOLEACAQUE,1212,2,URBANO(A),
30,3,50,COSOLEACAQUE,1213,3,MIXTO(A),
30,3,50,COSOLEACAQUE,1214,3,MIXTO(A),
30,3,50,COSOLEACAQUE,1215,2,URBANO(A),
30,3,50,COSOLEACAQUE,1216,4,RURAL,
30,3,50,COSOLEACAQUE,1217,3,MIXTO(A),
30,3,50,COSOLEACAQUE,1218,2,URBANO(A),
30,3,50,COSOLEACAQUE,1219,3,MIXTO(A),
30,3,50,COSOLEACAQUE,1220,3,MIXTO(A),
30,3,50,COSOLEACAQUE,1221,2,URBANO(A),
30,3,50,COSOLEACAQUE,1222,2,URBANO(A),
30,3,50,COSOLEACAQUE,1223,2,URBANO(A),
30,3,50,COSOLEACAQUE,1224,2,URBANO(A),
30,3,50,COSOLEACAQUE,1225,2,URBANO(A),
30,3,50,COSOLEACAQUE,1226,2,URBANO(A),
30,3,50,COSOLEACAQUE,1227,2,URBANO(A),
30,3,50,COSOLEACAQUE,1228,2,URBANO(A),
30,3,50,COSOLEACAQUE,1229,2,URBANO(A),
30,3,50,COSOLEACAQUE,1230,2,URBANO(A),
30,3,50,COSOLEACAQUE,1231,2,URBANO(A),
30,3,50,COSOLEACAQUE,1232,2,URBANO(A),
30,3,50,COSOLEACAQUE,1233,2,URBANO(A),
30,3,50,COSOLEACAQUE,1234,2,URBANO(A),
30,3,50,COSOLEACAQUE,1235,2,URBANO(A),
30,3,50,COSOLEACAQUE,1236,2,URBANO(A),
30,3,50,COSOLEACAQUE,1237,2,URBANO(A),
30,3,50,COSOLEACAQUE,1238,2,URBANO(A),
30,3,50,COSOLEACAQUE,1239,2,URBANO(A),
30,3,50,COSOLEACAQUE,1240,2,URBANO(A),
30,3,50,COSOLEACAQUE,1241,4,RURAL,
30,3,50,COSOLEACAQUE,1242,4,RURAL,
30,3,50,COSOLEACAQUE,1243,4,RURAL,
30,3,50,COSOLEACAQUE,1244,4,RURAL,
30,3,50,COSOLEACAQUE,1245,3,MIXTO(A),
30,3,50,COSOLEACAQUE,1246,2,URBANO(A),
30,3,50,COSOLEACAQUE,1247,2,URBANO(A),
30,3,50,COSOLEACAQUE,1248,2,URBANO(A),
30,3,50,COSOLEACAQUE,1249,3,MIXTO(A),
30,3,50,COSOLEACAQUE,1250,2,URBANO(A),
30,3,50,COSOLEACAQUE,1251,4,RURAL,
30,13,51,COTAXTLA,1252,3,MIXTO(A),
30,13,51,COTAXTLA,1253,4,RURAL,
30,13,51,COTAXTLA,1254,4,RURAL,
30,13,51,COTAXTLA,1255,4,RURAL,
30,13,51,COTAXTLA,1256,4,RURAL,
30,13,51,COTAXTLA,1257,4,RURAL,
30,13,51,COTAXTLA,1258,3,MIXTO(A),
30,13,51,COTAXTLA,1259,4,RURAL,
30,13,51,COTAXTLA,1260,4,RURAL,
30,13,51,COTAXTLA,1261,4,RURAL,
30,13,51,COTAXTLA,1262,4,RURAL,
30,13,51,COTAXTLA,1263,4,RURAL,
30,13,51,COTAXTLA,1264,4,RURAL,
30,13,51,COTAXTLA,1265,4,RURAL,
30,6,52,COXQUIHUI,1266,2,URBANO(A),
30,6,52,COXQUIHUI,1267,2,URBANO(A),
30,6,52,COXQUIHUI,1268,4,RURAL,
30,6,52,COXQUIHUI,1269,4,RURAL,
30,6,52,COXQUIHUI,1270,4,RURAL,
30,6,52,COXQUIHUI,1271,4,RURAL,
30,6,52,COXQUIHUI,1272,4,RURAL,
30,6,52,COXQUIHUI,1273,4,RURAL,
30,6,52,COXQUIHUI,1274,4,RURAL,
30,6,53,COYUTLA,1275,2,URBANO(A),
30,6,53,COYUTLA,1276,2,URBANO(A),
30,6,53,COYUTLA,1277,2,URBANO(A),
30,6,53,COYUTLA,1278,2,URBANO(A),
30,6,53,COYUTLA,1279,4,RURAL,
30,6,53,COYUTLA,1280,4,RURAL,
30,6,53,COYUTLA,1281,4,RURAL,
30,6,53,COYUTLA,1282,4,RURAL,
30,6,53,COYUTLA,1283,4,RURAL,
30,6,53,COYUTLA,1284,4,RURAL,
30,6,53,COYUTLA,1285,4,RURAL,
30,18,54,CUICHAPA,1286,3,MIXTO(A),
30,18,54,CUICHAPA,1287,3,MIXTO(A),
30,18,54,CUICHAPA,1288,4,RURAL,
30,18,54,CUICHAPA,1289,4,RURAL,
30,18,54,CUICHAPA,1290,3,MIXTO(A),
30,18,54,CUICHAPA,1291,2,URBANO(A),
30,18,54,CUICHAPA,1292,4,RURAL,
30,16,55,CUITLAHUAC,1293,2,URBANO(A),
30,16,55,CUITLAHUAC,1294,2,URBANO(A),
30,16,55,CUITLAHUAC,1295,2,URBANO(A),
30,16,55,CUITLAHUAC,1296,2,URBANO(A),
30,16,55,CUITLAHUAC,1297,2,URBANO(A),
30,16,55,CUITLAHUAC,1298,2,URBANO(A),
30,16,55,CUITLAHUAC,1299,2,URBANO(A),
30,16,55,CUITLAHUAC,1300,4,RURAL,
30,16,55,CUITLAHUAC,1301,4,RURAL,
30,16,55,CUITLAHUAC,1302,3,MIXTO(A),
30,16,55,CUITLAHUAC,1303,2,URBANO(A),
30,16,55,CUITLAHUAC,1304,4,RURAL,
30,16,55,CUITLAHUAC,1305,4,RURAL,
30,16,55,CUITLAHUAC,1306,4,RURAL,
30,16,55,CUITLAHUAC,1307,4,RURAL,
30,16,55,CUITLAHUAC,1309,4,RURAL,
30,17,56,CHACALTIANGUIS,1310,3,MIXTO(A),
30,17,56,CHACALTIANGUIS,1311,2,URBANO(A),
30,17,56,CHACALTIANGUIS,1312,2,URBANO(A),
30,17,56,CHACALTIANGUIS,1313,3,MIXTO(A),
30,17,56,CHACALTIANGUIS,1314,4,RURAL,
30,17,56,CHACALTIANGUIS,1315,4,RURAL,
30,17,56,CHACALTIANGUIS,1316,4,RURAL,
30,17,56,CHACALTIANGUIS,1317,4,RURAL,
30,17,56,CHACALTIANGUIS,1318,4,RURAL,
30,17,56,CHACALTIANGUIS,1319,4,RURAL,
30,1,57,CHALMA,1320,3,MIXTO(A),
30,1,57,CHALMA,1321,2,URBANO(A),
30,1,57,CHALMA,1322,4,RURAL,
30,1,57,CHALMA,1323,4,RURAL,
30,1,57,CHALMA,1324,4,RURAL,
30,1,57,CHALMA,1325,4,RURAL,
30,1,57,CHALMA,1326,3,MIXTO(A),
30,1,57,CHALMA,1327,3,MIXTO(A),
30,1,57,CHALMA,1328,4,RURAL,
30,1,58,CHICONAMEL,1329,3,MIXTO(A),
30,1,58,CHICONAMEL,1330,4,RURAL,
30,1,58,CHICONAMEL,1331,4,RURAL,
30,1,58,CHICONAMEL,1332,4,RURAL,
30,1,58,CHICONAMEL,1333,4,RURAL,
30,1,58,CHICONAMEL,1334,4,RURAL,
30,8,59,CHICONQUIACO,1335,3,MIXTO(A),
30,8,59,CHICONQUIACO,1336,3,MIXTO(A),
30,8,59,CHICONQUIACO,1337,4,RURAL,
30,8,59,CHICONQUIACO,1338,4,RURAL,
30,8,59,CHICONQUIACO,1339,4,RURAL,
30,8,59,CHICONQUIACO,1340,4,RURAL,
30,8,59,CHICONQUIACO,1341,4,RURAL,
30,8,59,CHICONQUIACO,1342,4,RURAL,
30,2,60,CHICONTEPEC,1343,3,MIXTO(A),
30,2,60,CHICONTEPEC,1344,3,MIXTO(A),
30,2,60,CHICONTEPEC,1345,3,MIXTO(A),
30,2,60,CHICONTEPEC,1346,3,MIXTO(A),
30,2,60,CHICONTEPEC,1347,4,RURAL,
30,2,60,CHICONTEPEC,1348,4,RURAL,
30,2,60,CHICONTEPEC,1349,4,RURAL,
30,2,60,CHICONTEPEC,1350,4,RURAL,
30,2,60,CHICONTEPEC,1351,4,RURAL,
30,2,60,CHICONTEPEC,1352,4,RURAL,
30,2,60,CHICONTEPEC,1353,4,RURAL,
30,2,60,CHICONTEPEC,1354,4,RURAL,
30,2,60,CHICONTEPEC,1355,4,RURAL,
30,2,60,CHICONTEPEC,1356,4,RURAL,
30,2,60,CHICONTEPEC,1357,4,RURAL,
30,2,60,CHICONTEPEC,1358,4,RURAL,
30,2,60,CHICONTEPEC,1359,4,RURAL,
30,2,60,CHICONTEPEC,1360,4,RURAL,
30,2,60,CHICONTEPEC,1361,4,RURAL,
30,2,60,CHICONTEPEC,1362,4,RURAL,
30,2,60,CHICONTEPEC,1363,4,RURAL,
30,2,60,CHICONTEPEC,1364,4,RURAL,
30,2,60,CHICONTEPEC,1365,4,RURAL,
30,2,60,CHICONTEPEC,1366,4,RURAL,
30,2,60,CHICONTEPEC,1367,4,RURAL,
30,2,60,CHICONTEPEC,1368,4,RURAL,
30,2,60,CHICONTEPEC,1369,4,RURAL,
30,2,60,CHICONTEPEC,1370,4,RURAL,
30,2,60,CHICONTEPEC,1371,4,RURAL,
30,2,60,CHICONTEPEC,1372,4,RURAL,
30,2,60,CHICONTEPEC,1373,4,RURAL,
30,2,60,CHICONTEPEC,1374,4,RURAL,
30,2,60,CHICONTEPEC,1375,4,RURAL,
30,2,60,CHICONTEPEC,1376,4,RURAL,
30,2,60,CHICONTEPEC,1377,4,RURAL,
30,2,60,CHICONTEPEC,1378,4,RURAL,
30,2,60,CHICONTEPEC,1379,4,RURAL,
30,2,60,CHICONTEPEC,1380,4,RURAL,
30,2,60,CHICONTEPEC,1381,4,RURAL,
30,2,60,CHICONTEPEC,1382,4,RURAL,
30,2,60,CHICONTEPEC,1383,4,RURAL,
30,2,60,CHICONTEPEC,1384,4,RURAL,
30,2,60,CHICONTEPEC,1385,4,RURAL,
30,2,60,CHICONTEPEC,1386,4,RURAL,
30,2,60,CHICONTEPEC,1387,4,RURAL,
30,2,60,CHICONTEPEC,1388,4,RURAL,
30,2,60,CHICONTEPEC,1389,4,RURAL,
30,3,61,CHINAMECA,1390,2,URBANO(A),
30,3,61,CHINAMECA,1391,2,URBANO(A),
30,3,61,CHINAMECA,1392,2,URBANO(A),
30,3,61,CHINAMECA,1393,3,MIXTO(A),
30,3,61,CHINAMECA,1394,3,MIXTO(A),
30,3,61,CHINAMECA,1395,4,RURAL,
30,3,61,CHINAMECA,1396,4,RURAL,
30,3,61,CHINAMECA,1397,3,MIXTO(A),
30,3,61,CHINAMECA,1398,4,RURAL,
30,3,61,CHINAMECA,1399,4,RURAL,
30,3,61,CHINAMECA,1400,4,RURAL,
30,3,61,CHINAMECA,1401,4,RURAL,
30,3,61,CHINAMECA,1402,4,RURAL,
30,2,62,CHINAMPA DE GOROSTIZA,1403,2,URBANO(A),
30,2,62,CHINAMPA DE GOROSTIZA,1404,2,URBANO(A),
30,2,62,CHINAMPA DE GOROSTIZA,1405,2,URBANO(A),
30,2,62,CHINAMPA DE GOROSTIZA,1406,2,URBANO(A),
30,2,62,CHINAMPA DE GOROSTIZA,1407,4,RURAL,
30,2,62,CHINAMPA DE GOROSTIZA,1408,4,RURAL,
30,2,62,CHINAMPA DE GOROSTIZA,1409,4,RURAL,
30,2,62,CHINAMPA DE GOROSTIZA,1410,4,RURAL,
30,2,62,CHINAMPA DE GOROSTIZA,1411,4,RURAL,
30,2,62,CHINAMPA DE GOROSTIZA,1412,4,RURAL,
30,14,63,LAS CHOAPAS,1413,2,URBANO(A),
30,14,63,LAS CHOAPAS,1414,2,URBANO(A),
30,14,63,LAS CHOAPAS,1415,2,URBANO(A),
30,14,63,LAS CHOAPAS,1416,2,URBANO(A),
30,14,63,LAS CHOAPAS,1417,2,URBANO(A),
30,14,63,LAS CHOAPAS,1418,2,URBANO(A),
30,14,63,LAS CHOAPAS,1419,2,URBANO(A),
30,14,63,LAS CHOAPAS,1420,2,URBANO(A),
30,14,63,LAS CHOAPAS,1421,2,URBANO(A),
30,14,63,LAS CHOAPAS,1422,2,URBANO(A),
30,14,63,LAS CHOAPAS,1423,2,URBANO(A),
30,14,63,LAS CHOAPAS,1424,2,URBANO(A),
30,14,63,LAS CHOAPAS,1425,2,URBANO(A),
30,14,63,LAS CHOAPAS,1426,2,URBANO(A),
30,14,63,LAS CHOAPAS,1427,2,URBANO(A),
30,14,63,LAS CHOAPAS,1428,2,URBANO(A),
30,14,63,LAS CHOAPAS,1429,2,URBANO(A),
30,14,63,LAS CHOAPAS,1430,2,URBANO(A),
30,14,63,LAS CHOAPAS,1431,2,URBANO(A),
30,14,63,LAS CHOAPAS,1432,2,URBANO(A),
30,14,63,LAS CHOAPAS,1433,2,URBANO(A),
30,14,63,LAS CHOAPAS,1434,2,URBANO(A),
30,14,63,LAS CHOAPAS,1435,2,URBANO(A),
30,14,63,LAS CHOAPAS,1436,2,URBANO(A),
30,14,63,LAS CHOAPAS,1437,3,MIXTO(A),
30,14,63,LAS CHOAPAS,1438,2,URBANO(A),
30,14,63,LAS CHOAPAS,1439,4,RURAL,
30,14,63,LAS CHOAPAS,1440,4,RURAL,
30,14,63,LAS CHOAPAS,1441,4,RURAL,
30,14,63,LAS CHOAPAS,1442,4,RURAL,
30,14,63,LAS CHOAPAS,1443,4,RURAL,
30,14,63,LAS CHOAPAS,1444,4,RURAL,
30,14,63,LAS CHOAPAS,1445,4,RURAL,
30,14,63,LAS CHOAPAS,1446,4,RURAL,
30,14,63,LAS CHOAPAS,1447,4,RURAL,
30,14,63,LAS CHOAPAS,1448,4,RURAL,
30,14,63,LAS CHOAPAS,1449,4,RURAL,
30,14,63,LAS CHOAPAS,1450,4,RURAL,
30,14,63,LAS CHOAPAS,1451,4,RURAL,
30,14,63,LAS CHOAPAS,1452,4,RURAL,
30,14,63,LAS CHOAPAS,1453,4,RURAL,
30,14,63,LAS CHOAPAS,1454,4,RURAL,
30,14,63,LAS CHOAPAS,1455,4,RURAL,
30,15,64,CHOCAMAN,1456,3,MIXTO(A),
30,15,64,CHOCAMAN,1457,3,MIXTO(A),
30,15,64,CHOCAMAN,1458,2,URBANO(A),
30,15,64,CHOCAMAN,1459,2,URBANO(A),
30,15,64,CHOCAMAN,1460,4,RURAL,
30,15,64,CHOCAMAN,1461,4,RURAL,
30,15,64,CHOCAMAN,1462,3,MIXTO(A),
30,1,65,CHONTLA,1463,2,URBANO(A),
30,1,65,CHONTLA,1464,2,URBANO(A),
30,1,65,CHONTLA,1465,4,RURAL,
30,1,65,CHONTLA,1466,4,RURAL,
30,1,65,CHONTLA,1467,4,RURAL,
30,1,65,CHONTLA,1468,4,RURAL,
30,1,65,CHONTLA,1469,4,RURAL,
30,1,65,CHONTLA,1470,3,MIXTO(A),
30,1,65,CHONTLA,1471,3,MIXTO(A),
30,1,65,CHONTLA,1472,4,RURAL,
30,6,66,CHUMATLAN,1473,3,MIXTO(A),
30,6,66,CHUMATLAN,1474,4,RURAL,
30,8,67,EMILIANO ZAPATA,1475,3,MIXTO(A),
30,8,67,EMILIANO ZAPATA,1476,4,RURAL,
30,8,67,EMILIANO ZAPATA,1477,4,RURAL,
30,8,67,EMILIANO ZAPATA,1478,4,RURAL,
30,8,67,EMILIANO ZAPATA,1479,3,MIXTO(A),
30,8,67,EMILIANO ZAPATA,1481,2,URBANO(A),
30,8,67,EMILIANO ZAPATA,1482,3,MIXTO(A),
30,8,67,EMILIANO ZAPATA,1483,2,URBANO(A),
30,8,67,EMILIANO ZAPATA,1484,3,MIXTO(A),
30,8,67,EMILIANO ZAPATA,1485,3,MIXTO(A),
30,8,67,EMILIANO ZAPATA,1486,4,RURAL,
30,8,67,EMILIANO ZAPATA,1487,3,MIXTO(A),
30,8,67,EMILIANO ZAPATA,1488,4,RURAL,
30,8,67,EMILIANO ZAPATA,1489,4,RURAL,
30,8,67,EMILIANO ZAPATA,1490,4,RURAL,
30,8,67,EMILIANO ZAPATA,1491,4,RURAL,
30,8,67,EMILIANO ZAPATA,1492,4,RURAL,
30,8,67,EMILIANO ZAPATA,1493,2,URBANO(A),
30,8,67,EMILIANO ZAPATA,1494,4,RURAL,
30,8,67,EMILIANO ZAPATA,1495,4,RURAL,
30,8,67,EMILIANO ZAPATA,1496,4,RURAL,
30,8,67,EMILIANO ZAPATA,1497,4,RURAL,
30,8,67,EMILIANO ZAPATA,1498,4,RURAL,
30,8,67,EMILIANO ZAPATA,1499,4,RURAL,
30,8,67,EMILIANO ZAPATA,1500,4,RURAL,
30,8,67,EMILIANO ZAPATA,1501,4,RURAL,
30,8,67,EMILIANO ZAPATA,1502,3,MIXTO(A),
30,8,67,EMILIANO ZAPATA,1503,2,URBANO(A),
30,8,67,EMILIANO ZAPATA,1504,2,URBANO(A),
30,8,67,EMILIANO ZAPATA,1505,3,MIXTO(A),
30,8,67,EMILIANO ZAPATA,1506,2,URBANO(A),
30,8,67,EMILIANO ZAPATA,1507,2,URBANO(A),
30,8,67,EMILIANO ZAPATA,1508,2,URBANO(A),
30,8,67,EMILIANO ZAPATA,1509,2,URBANO(A),
30,6,68,ESPINAL,1510,2,URBANO(A),
30,6,68,ESPINAL,1511,3,MIXTO(A),
30,6,68,ESPINAL,1512,4,RURAL,
30,6,68,ESPINAL,1513,4,RURAL,
30,6,68,ESPINAL,1514,4,RURAL,
30,6,68,ESPINAL,1515,4,RURAL,
30,6,68,ESPINAL,1516,4,RURAL,
30,6,68,ESPINAL,1517,3,MIXTO(A),
30,6,68,ESPINAL,1518,2,URBANO(A),
30,6,68,ESPINAL,1519,4,RURAL,
30,6,68,ESPINAL,1520,4,RURAL,
30,6,68,ESPINAL,1521,4,RURAL,
30,6,68,ESPINAL,1522,4,RURAL,
30,6,68,ESPINAL,1523,4,RURAL,
30,6,69,FILOMENO MATA,1524,2,URBANO(A),
30,6,69,FILOMENO MATA,1525,2,URBANO(A),
30,6,69,FILOMENO MATA,1526,2,URBANO(A),
30,6,69,FILOMENO MATA,1527,2,URBANO(A),
30,6,69,FILOMENO MATA,1528,4,RURAL,
30,16,70,FORTIN,1529,2,URBANO(A),
30,16,70,FORTIN,1530,2,URBANO(A),
30,16,70,FORTIN,1531,2,URBANO(A),
30,16,70,FORTIN,1532,2,URBANO(A),
30,16,70,FORTIN,1533,2,URBANO(A),
30,16,70,FORTIN,1534,2,URBANO(A),
30,16,70,FORTIN,1535,2,URBANO(A),
30,16,70,FORTIN,1536,2,URBANO(A),
30,16,70,FORTIN,1537,2,URBANO(A),
30,16,70,FORTIN,1538,2,URBANO(A),
30,16,70,FORTIN,1539,3,MIXTO(A),
30,16,70,FORTIN,1540,2,URBANO(A),
30,16,70,FORTIN,1541,2,URBANO(A),
30,16,70,FORTIN,1542,2,URBANO(A),
30,16,70,FORTIN,1543,2,URBANO(A),
30,16,70,FORTIN,1544,4,RURAL,
30,16,70,FORTIN,1545,2,URBANO(A),
30,16,70,FORTIN,1547,2,URBANO(A),
30,16,70,FORTIN,1548,2,URBANO(A),
30,16,70,FORTIN,1549,2,URBANO(A),
30,16,70,FORTIN,1550,2,URBANO(A),
30,16,70,FORTIN,1551,2,URBANO(A),
30,16,70,FORTIN,1552,2,URBANO(A),
30,16,70,FORTIN,1553,4,RURAL,
30,16,70,FORTIN,1554,4,RURAL,
30,16,70,FORTIN,1555,4,RURAL,
30,6,71,GUTIERREZ ZAMORA,1556,3,MIXTO(A),
30,6,71,GUTIERREZ ZAMORA,1557,2,URBANO(A),
30,6,71,GUTIERREZ ZAMORA,1558,2,URBANO(A),
30,6,71,GUTIERREZ ZAMORA,1559,2,URBANO(A),
30,6,71,GUTIERREZ ZAMORA,1560,2,URBANO(A),
30,6,71,GUTIERREZ ZAMORA,1561,2,URBANO(A),
30,6,71,GUTIERREZ ZAMORA,1562,2,URBANO(A),
30,6,71,GUTIERREZ ZAMORA,1563,2,URBANO(A),
30,6,71,GUTIERREZ ZAMORA,1564,2,URBANO(A),
30,6,71,GUTIERREZ ZAMORA,1565,2,URBANO(A),
30,6,71,GUTIERREZ ZAMORA,1566,2,URBANO(A),
30,6,71,GUTIERREZ ZAMORA,1567,4,RURAL,
30,6,71,GUTIERREZ ZAMORA,1568,3,MIXTO(A),
30,6,71,GUTIERREZ ZAMORA,1569,4,RURAL,
30,6,71,GUTIERREZ ZAMORA,1570,4,RURAL,
30,6,71,GUTIERREZ ZAMORA,1571,4,RURAL,
30,6,71,GUTIERREZ ZAMORA,1572,4,RURAL,
30,6,71,GUTIERREZ ZAMORA,1573,4,RURAL,
30,6,71,GUTIERREZ ZAMORA,1574,4,RURAL,
30,6,71,GUTIERREZ ZAMORA,1575,2,URBANO(A),
30,6,71,GUTIERREZ ZAMORA,1576,2,URBANO(A),
30,6,71,GUTIERREZ ZAMORA,1577,4,RURAL,
30,6,71,GUTIERREZ ZAMORA,1578,4,RURAL,
30,14,72,HIDALGOTITLAN,1579,2,URBANO(A),
30,14,72,HIDALGOTITLAN,1580,2,URBANO(A),
30,14,72,HIDALGOTITLAN,1581,2,URBANO(A),
30,14,72,HIDALGOTITLAN,1582,4,RURAL,
30,14,72,HIDALGOTITLAN,1583,4,RURAL,
30,14,72,HIDALGOTITLAN,1584,4,RURAL,
30,14,72,HIDALGOTITLAN,1585,4,RURAL,
30,14,72,HIDALGOTITLAN,1586,4,RURAL,
30,14,72,HIDALGOTITLAN,1587,4,RURAL,
30,14,72,HIDALGOTITLAN,1588,4,RURAL,
30,14,72,HIDALGOTITLAN,1589,4,RURAL,
30,14,72,HIDALGOTITLAN,1590,4,RURAL,
30,14,209,UXPANAPA,1591,4,RURAL,
30,14,209,UXPANAPA,1592,4,RURAL,
30,14,209,UXPANAPA,1593,4,RURAL,
30,14,209,UXPANAPA,1594,4,RURAL,
30,14,209,UXPANAPA,1595,4,RURAL,
30,14,209,UXPANAPA,1596,4,RURAL,
30,13,73,HUATUSCO,1597,2,URBANO(A),
30,13,73,HUATUSCO,1598,2,URBANO(A),
30,13,73,HUATUSCO,1599,3,MIXTO(A),
30,13,73,HUATUSCO,1600,2,URBANO(A),
30,13,73,HUATUSCO,1601,2,URBANO(A),
30,13,73,HUATUSCO,1602,2,URBANO(A),
30,13,73,HUATUSCO,1603,2,URBANO(A),
30,13,73,HUATUSCO,1604,2,URBANO(A),
30,13,73,HUATUSCO,1605,2,URBANO(A),
30,13,73,HUATUSCO,1606,2,URBANO(A),
30,13,73,HUATUSCO,1608,2,URBANO(A),
30,13,73,HUATUSCO,1609,2,URBANO(A),
30,13,73,HUATUSCO,1610,3,MIXTO(A),
30,13,73,HUATUSCO,1611,4,RURAL,
30,13,73,HUATUSCO,1612,4,RURAL,
30,13,73,HUATUSCO,1613,4,RURAL,
30,13,73,HUATUSCO,1614,4,RURAL,
30,13,73,HUATUSCO,1615,4,RURAL,
30,13,73,HUATUSCO,1616,4,RURAL,
30,13,73,HUATUSCO,1617,4,RURAL,
30,13,73,HUATUSCO,1618,4,RURAL,
30,13,73,HUATUSCO,1619,4,RURAL,
30,13,73,HUATUSCO,1620,4,RURAL,
30,13,73,HUATUSCO,1621,4,RURAL,
30,13,73,HUATUSCO,1622,4,RURAL,
30,2,74,HUAYACOCOTLA,1623,2,URBANO(A),
30,2,74,HUAYACOCOTLA,1624,2,URBANO(A),
30,2,74,HUAYACOCOTLA,1625,3,MIXTO(A),
30,2,74,HUAYACOCOTLA,1626,4,RURAL,
30,2,74,HUAYACOCOTLA,1627,4,RURAL,
30,2,74,HUAYACOCOTLA,1628,4,RURAL,
30,2,74,HUAYACOCOTLA,1629,4,RURAL,
30,2,74,HUAYACOCOTLA,1630,4,RURAL,
30,2,74,HUAYACOCOTLA,1631,4,RURAL,
30,2,74,HUAYACOCOTLA,1632,4,RURAL,
30,2,74,HUAYACOCOTLA,1633,4,RURAL,
30,2,74,HUAYACOCOTLA,1634,4,RURAL,
30,2,74,HUAYACOCOTLA,1635,4,RURAL,
30,2,74,HUAYACOCOTLA,1636,4,RURAL,
30,2,74,HUAYACOCOTLA,1637,3,MIXTO(A),
30,2,74,HUAYACOCOTLA,1638,4,RURAL,
30,2,74,HUAYACOCOTLA,1639,4,RURAL,
30,2,74,HUAYACOCOTLA,1640,4,RURAL,
30,19,75,HUEYAPAN DE OCAMPO,1641,2,URBANO(A),
30,19,75,HUEYAPAN DE OCAMPO,1642,2,URBANO(A),
30,19,75,HUEYAPAN DE OCAMPO,1643,4,RURAL,
30,19,75,HUEYAPAN DE OCAMPO,1644,4,RURAL,
30,19,75,HUEYAPAN DE OCAMPO,1645,4,RURAL,
30,19,75,HUEYAPAN DE OCAMPO,1646,4,RURAL,
30,19,75,HUEYAPAN DE OCAMPO,1647,4,RURAL,
30,19,75,HUEYAPAN DE OCAMPO,1648,4,RURAL,
30,19,75,HUEYAPAN DE OCAMPO,1649,2,URBANO(A),
30,19,75,HUEYAPAN DE OCAMPO,1650,2,URBANO(A),
30,19,75,HUEYAPAN DE OCAMPO,1651,4,RURAL,
30,19,75,HUEYAPAN DE OCAMPO,1652,4,RURAL,
30,19,75,HUEYAPAN DE OCAMPO,1653,4,RURAL,
30,19,75,HUEYAPAN DE OCAMPO,1654,2,URBANO(A),
30,19,75,HUEYAPAN DE OCAMPO,1655,2,URBANO(A),
30,19,75,HUEYAPAN DE OCAMPO,1656,4,RURAL,
30,19,75,HUEYAPAN DE OCAMPO,1657,4,RURAL,
30,19,75,HUEYAPAN DE OCAMPO,1658,2,URBANO(A),
30,19,75,HUEYAPAN DE OCAMPO,1659,2,URBANO(A),
30,19,75,HUEYAPAN DE OCAMPO,1660,2,URBANO(A),
30,19,75,HUEYAPAN DE OCAMPO,1661,2,URBANO(A),
30,19,75,HUEYAPAN DE OCAMPO,1662,2,URBANO(A),
30,19,75,HUEYAPAN DE OCAMPO,1663,2,URBANO(A),
30,19,75,HUEYAPAN DE OCAMPO,1664,4,RURAL,
30,19,75,HUEYAPAN DE OCAMPO,1665,4,RURAL,
30,19,75,HUEYAPAN DE OCAMPO,1666,4,RURAL,
30,19,75,HUEYAPAN DE OCAMPO,1667,4,RURAL,
30,15,76,HUILOAPAN DE CUAUHTEMOC,1668,2,URBANO(A),
30,15,76,HUILOAPAN DE CUAUHTEMOC,1669,2,URBANO(A),
30,15,76,HUILOAPAN DE CUAUHTEMOC,1670,2,URBANO(A),
30,15,76,HUILOAPAN DE CUAUHTEMOC,1671,4,RURAL,
30,17,77,IGNACIO DE LA LLAVE,1672,2,URBANO(A),
30,17,77,IGNACIO DE LA LLAVE,1673,3,MIXTO(A),
30,17,77,IGNACIO DE LA LLAVE,1674,2,URBANO(A),
30,17,77,IGNACIO DE LA LLAVE,1675,2,URBANO(A),
30,17,77,IGNACIO DE LA LLAVE,1676,4,RURAL,
30,17,77,IGNACIO DE LA LLAVE,1677,4,RURAL,
30,17,77,IGNACIO DE LA LLAVE,1678,4,RURAL,
30,17,77,IGNACIO DE LA LLAVE,1679,4,RURAL,
30,17,77,IGNACIO DE LA LLAVE,1680,4,RURAL,
30,17,77,IGNACIO DE LA LLAVE,1681,4,RURAL,
30,17,77,IGNACIO DE LA LLAVE,1682,4,RURAL,
30,17,77,IGNACIO DE LA LLAVE,1683,4,RURAL,
30,17,77,IGNACIO DE LA LLAVE,1684,4,RURAL,
30,17,77,IGNACIO DE LA LLAVE,1685,4,RURAL,
30,17,77,IGNACIO DE LA LLAVE,1686,4,RURAL,
30,17,77,IGNACIO DE LA LLAVE,1687,4,RURAL,
30,2,78,ILAMATLAN,1688,2,URBANO(A),
30,2,78,ILAMATLAN,1689,4,RURAL,
30,2,78,ILAMATLAN,1690,4,RURAL,
30,2,78,ILAMATLAN,1691,4,RURAL,
30,2,78,ILAMATLAN,1692,4,RURAL,
30,2,78,ILAMATLAN,1693,4,RURAL,
30,2,78,ILAMATLAN,1694,4,RURAL,
30,2,78,ILAMATLAN,1695,4,RURAL,
30,2,78,ILAMATLAN,1696,4,RURAL,
30,2,78,ILAMATLAN,1697,4,RURAL,
30,2,78,ILAMATLAN,1698,4,RURAL,
30,2,78,ILAMATLAN,1699,4,RURAL,
30,2,78,ILAMATLAN,1700,4,RURAL,
30,3,79,ISLA,1701,2,URBANO(A),
30,3,79,ISLA,1702,2,URBANO(A),
30,3,79,ISLA,1703,2,URBANO(A),
30,3,79,ISLA,1704,2,URBANO(A),
30,3,79,ISLA,1705,2,URBANO(A),
30,3,79,ISLA,1706,2,URBANO(A),
30,3,79,ISLA,1707,2,URBANO(A),
30,3,79,ISLA,1708,2,URBANO(A),
30,3,79,ISLA,1709,2,URBANO(A),
30,3,79,ISLA,1710,2,URBANO(A),
30,3,79,ISLA,1711,4,RURAL,
30,3,79,ISLA,1712,4,RURAL,
30,3,79,ISLA,1713,4,RURAL,
30,3,79,ISLA,1714,4,RURAL,
30,3,79,ISLA,1715,4,RURAL,
30,3,79,ISLA,1716,4,RURAL,
30,3,79,ISLA,1717,4,RURAL,
30,1,80,IXCATEPEC,1718,3,MIXTO(A),
30,1,80,IXCATEPEC,1719,2,URBANO(A),
30,1,80,IXCATEPEC,1720,4,RURAL,
30,1,80,IXCATEPEC,1721,4,RURAL,
30,1,80,IXCATEPEC,1722,4,RURAL,
30,1,80,IXCATEPEC,1723,4,RURAL,
30,1,80,IXCATEPEC,1724,4,RURAL,
30,1,80,IXCATEPEC,1725,4,RURAL,
30,9,81,IXHUACAN DE LOS REYES,1726,3,MIXTO(A),
30,9,81,IXHUACAN DE LOS REYES,1727,3,MIXTO(A),
30,9,81,IXHUACAN DE LOS REYES,1728,4,RURAL,
30,9,81,IXHUACAN DE LOS REYES,1729,4,RURAL,
30,9,81,IXHUACAN DE LOS REYES,1730,4,RURAL,
30,2,82,IXHUATLAN DE MADERO,1731,3,MIXTO(A),
30,2,82,IXHUATLAN DE MADERO,1732,4,RURAL,
30,2,82,IXHUATLAN DE MADERO,1733,4,RURAL,
30,2,82,IXHUATLAN DE MADERO,1734,4,RURAL,
30,2,82,IXHUATLAN DE MADERO,1735,4,RURAL,
30,2,82,IXHUATLAN DE MADERO,1736,4,RURAL,
30,2,82,IXHUATLAN DE MADERO,1737,4,RURAL,
30,2,82,IXHUATLAN DE MADERO,1738,4,RURAL,
30,2,82,IXHUATLAN DE MADERO,1739,4,RURAL,
30,2,82,IXHUATLAN DE MADERO,1740,4,RURAL,
30,2,82,IXHUATLAN DE MADERO,1741,4,RURAL,
30,2,82,IXHUATLAN DE MADERO,1742,4,RURAL,
30,2,82,IXHUATLAN DE MADERO,1743,4,RURAL,
30,2,82,IXHUATLAN DE MADERO,1744,4,RURAL,
30,2,82,IXHUATLAN DE MADERO,1745,4,RURAL,
30,2,82,IXHUATLAN DE MADERO,1746,4,RURAL,
30,2,82,IXHUATLAN DE MADERO,1747,4,RURAL,
30,2,82,IXHUATLAN DE MADERO,1748,4,RURAL,
30,2,82,IXHUATLAN DE MADERO,1749,4,RURAL,
30,2,82,IXHUATLAN DE MADERO,1750,4,RURAL,
30,2,82,IXHUATLAN DE MADERO,1751,4,RURAL,
30,2,82,IXHUATLAN DE MADERO,1752,4,RURAL,
30,2,82,IXHUATLAN DE MADERO,1753,4,RURAL,
30,2,82,IXHUATLAN DE MADERO,1754,4,RURAL,
30,2,82,IXHUATLAN DE MADERO,1755,4,RURAL,
30,2,82,IXHUATLAN DE MADERO,1756,4,RURAL,
30,2,82,IXHUATLAN DE MADERO,1757,3,MIXTO(A),
30,2,82,IXHUATLAN DE MADERO,1758,2,URBANO(A),
30,2,82,IXHUATLAN DE MADERO,1759,2,URBANO(A),
30,2,82,IXHUATLAN DE MADERO,1760,4,RURAL,
30,2,82,IXHUATLAN DE MADERO,1761,4,RURAL,
30,2,82,IXHUATLAN DE MADERO,1762,4,RURAL,
30,2,82,IXHUATLAN DE MADERO,1763,4,RURAL,
30,13,83,IXHUATLAN DEL CAFE,1764,3,MIXTO(A),
30,13,83,IXHUATLAN DEL CAFE,1765,2,URBANO(A),
30,13,83,IXHUATLAN DEL CAFE,1766,2,URBANO(A),
30,13,83,IXHUATLAN DEL CAFE,1767,3,MIXTO(A),
30,13,83,IXHUATLAN DEL CAFE,1768,3,MIXTO(A),
30,13,83,IXHUATLAN DEL CAFE,1769,2,URBANO(A),
30,13,83,IXHUATLAN DEL CAFE,1770,4,RURAL,
30,13,83,IXHUATLAN DEL CAFE,1771,3,MIXTO(A),
30,13,83,IXHUATLAN DEL CAFE,1772,4,RURAL,
30,13,83,IXHUATLAN DEL CAFE,1773,4,RURAL,
30,13,83,IXHUATLAN DEL CAFE,1774,4,RURAL,
30,11,84,IXHUATLAN DEL SURESTE,1775,2,URBANO(A),
30,11,84,IXHUATLAN DEL SURESTE,1776,2,URBANO(A),
30,11,84,IXHUATLAN DEL SURESTE,1777,2,URBANO(A),
30,11,84,IXHUATLAN DEL SURESTE,1778,3,MIXTO(A),
30,11,84,IXHUATLAN DEL SURESTE,1779,4,RURAL,
30,11,84,IXHUATLAN DEL SURESTE,1780,4,RURAL,
30,11,84,IXHUATLAN DEL SURESTE,1782,4,RURAL,
30,11,84,IXHUATLAN DEL SURESTE,1783,4,RURAL,
30,15,85,IXHUATLANCILLO,1784,2,URBANO(A),
30,15,85,IXHUATLANCILLO,1785,2,URBANO(A),
30,15,85,IXHUATLANCILLO,1786,2,URBANO(A),
30,15,85,IXHUATLANCILLO,1787,2,URBANO(A),
30,15,85,IXHUATLANCILLO,1788,3,MIXTO(A),
30,15,85,IXHUATLANCILLO,1789,2,URBANO(A),
30,15,85,IXHUATLANCILLO,1790,2,URBANO(A),
30,17,86,IXMATLAHUACAN,1791,3,MIXTO(A),
30,17,86,IXMATLAHUACAN,1792,4,RURAL,
30,17,86,IXMATLAHUACAN,1793,4,RURAL,
30,17,86,IXMATLAHUACAN,1794,4,RURAL,
30,17,86,IXMATLAHUACAN,1795,4,RURAL,
30,17,86,IXMATLAHUACAN,1796,4,RURAL,
30,17,86,IXMATLAHUACAN,1797,4,RURAL,
30,16,87,IXTACZOQUITLAN,1798,2,URBANO(A),
30,16,87,IXTACZOQUITLAN,1799,2,URBANO(A),
30,16,87,IXTACZOQUITLAN,1800,2,URBANO(A),
30,16,87,IXTACZOQUITLAN,1801,4,RURAL,
30,16,87,IXTACZOQUITLAN,1802,2,URBANO(A),
30,16,87,IXTACZOQUITLAN,1803,2,URBANO(A),
30,16,87,IXTACZOQUITLAN,1804,4,RURAL,
30,16,87,IXTACZOQUITLAN,1805,4,RURAL,
30,16,87,IXTACZOQUITLAN,1806,4,RURAL,
30,16,87,IXTACZOQUITLAN,1807,3,MIXTO(A),
30,16,87,IXTACZOQUITLAN,1808,2,URBANO(A),
30,16,87,IXTACZOQUITLAN,1809,3,MIXTO(A),
30,16,87,IXTACZOQUITLAN,1810,2,URBANO(A),
30,16,87,IXTACZOQUITLAN,1811,2,URBANO(A),
30,16,87,IXTACZOQUITLAN,1812,3,MIXTO(A),
30,16,87,IXTACZOQUITLAN,1813,4,RURAL,
30,16,87,IXTACZOQUITLAN,1814,3,MIXTO(A),
30,16,87,IXTACZOQUITLAN,1815,4,RURAL,
30,16,87,IXTACZOQUITLAN,1816,4,RURAL,
30,16,87,IXTACZOQUITLAN,1817,3,MIXTO(A),
30,16,87,IXTACZOQUITLAN,1818,2,URBANO(A),
30,16,87,IXTACZOQUITLAN,1819,3,MIXTO(A),
30,16,87,IXTACZOQUITLAN,1820,4,RURAL,
30,16,87,IXTACZOQUITLAN,1821,4,RURAL,
30,16,87,IXTACZOQUITLAN,1822,4,RURAL,
30,16,87,IXTACZOQUITLAN,1823,4,RURAL,
30,16,87,IXTACZOQUITLAN,1824,4,RURAL,
30,16,87,IXTACZOQUITLAN,1825,4,RURAL,
30,16,87,IXTACZOQUITLAN,1826,4,RURAL,
30,16,87,IXTACZOQUITLAN,1827,4,RURAL,
30,16,87,IXTACZOQUITLAN,1828,2,URBANO(A),
30,16,87,IXTACZOQUITLAN,1829,3,MIXTO(A),
30,7,88,JALACINGO,1831,2,URBANO(A),
30,7,88,JALACINGO,1832,2,URBANO(A),
30,7,88,JALACINGO,1833,4,RURAL,
30,7,88,JALACINGO,1834,4,RURAL,
30,7,88,JALACINGO,1835,4,RURAL,
30,7,88,JALACINGO,1836,4,RURAL,
30,7,88,JALACINGO,1837,4,RURAL,
30,7,88,JALACINGO,1838,4,RURAL,
30,7,88,JALACINGO,1839,4,RURAL,
30,7,88,JALACINGO,1840,4,RURAL,
30,7,88,JALACINGO,1841,4,RURAL,
30,7,88,JALACINGO,1842,4,RURAL,
30,7,88,JALACINGO,1843,4,RURAL,
30,7,88,JALACINGO,1844,4,RURAL,
30,7,88,JALACINGO,1845,4,RURAL,
30,7,88,JALACINGO,1846,2,URBANO(A),
30,7,88,JALACINGO,1847,4,RURAL,
30,10,89,XALAPA,1848,2,URBANO(A),
30,10,89,XALAPA,1849,2,URBANO(A),
30,10,89,XALAPA,1851,2,URBANO(A),
30,10,89,XALAPA,1852,2,URBANO(A),
30,10,89,XALAPA,1853,2,URBANO(A),
30,10,89,XALAPA,1854,2,URBANO(A),
30,10,89,XALAPA,1855,2,URBANO(A),
30,10,89,XALAPA,1856,2,URBANO(A),
30,10,89,XALAPA,1857,2,URBANO(A),
30,10,89,XALAPA,1858,2,URBANO(A),
30,10,89,XALAPA,1859,2,URBANO(A),
30,10,89,XALAPA,1860,2,URBANO(A),
30,10,89,XALAPA,1861,2,URBANO(A),
30,10,89,XALAPA,1862,2,URBANO(A),
30,10,89,XALAPA,1863,2,URBANO(A),
30,10,89,XALAPA,1864,2,URBANO(A),
30,10,89,XALAPA,1865,2,URBANO(A),
30,10,89,XALAPA,1866,2,URBANO(A),
30,10,89,XALAPA,1867,2,URBANO(A),
30,10,89,XALAPA,1868,2,URBANO(A),
30,10,89,XALAPA,1869,2,URBANO(A),
30,10,89,XALAPA,1870,2,URBANO(A),
30,10,89,XALAPA,1871,2,URBANO(A),
30,10,89,XALAPA,1872,2,URBANO(A),
30,10,89,XALAPA,1873,2,URBANO(A),
30,10,89,XALAPA,1874,2,URBANO(A),
30,10,89,XALAPA,1875,2,URBANO(A),
30,10,89,XALAPA,1876,2,URBANO(A),
30,10,89,XALAPA,1877,2,URBANO(A),
30,10,89,XALAPA,1878,2,URBANO(A),
30,10,89,XALAPA,1879,2,URBANO(A),
30,10,89,XALAPA,1880,2,URBANO(A),
30,10,89,XALAPA,1881,2,URBANO(A),
30,10,89,XALAPA,1882,2,URBANO(A),
30,10,89,XALAPA,1883,2,URBANO(A),
30,10,89,XALAPA,1884,2,URBANO(A),
30,10,89,XALAPA,1885,2,URBANO(A),
30,10,89,XALAPA,1886,2,URBANO(A),
30,10,89,XALAPA,1887,2,URBANO(A),
30,10,89,XALAPA,1888,2,URBANO(A),
30,10,89,XALAPA,1889,2,URBANO(A),
30,10,89,XALAPA,1890,2,URBANO(A),
30,10,89,XALAPA,1891,2,URBANO(A),
30,10,89,XALAPA,1892,2,URBANO(A),
30,10,89,XALAPA,1893,2,URBANO(A),
30,10,89,XALAPA,1894,2,URBANO(A),
30,10,89,XALAPA,1895,2,URBANO(A),
30,10,89,XALAPA,1896,2,URBANO(A),
30,10,89,XALAPA,1897,2,URBANO(A),
30,10,89,XALAPA,1898,2,URBANO(A),
30,10,89,XALAPA,1899,2,URBANO(A),
30,10,89,XALAPA,1900,2,URBANO(A),
30,10,89,XALAPA,1901,2,URBANO(A),
30,10,89,XALAPA,1902,2,URBANO(A),
30,10,89,XALAPA,1903,2,URBANO(A),
30,10,89,XALAPA,1904,2,URBANO(A),
30,10,89,XALAPA,1906,2,URBANO(A),
30,10,89,XALAPA,1907,2,URBANO(A),
30,10,89,XALAPA,1908,2,URBANO(A),
30,10,89,XALAPA,1909,2,URBANO(A),
30,10,89,XALAPA,1910,2,URBANO(A),
30,10,89,XALAPA,1911,2,URBANO(A),
30,10,89,XALAPA,1912,2,URBANO(A),
30,10,89,XALAPA,1913,2,URBANO(A),
30,10,89,XALAPA,1914,2,URBANO(A),
30,10,89,XALAPA,1915,2,URBANO(A),
30,10,89,XALAPA,1916,2,URBANO(A),
30,10,89,XALAPA,1917,2,URBANO(A),C
30,10,89,XALAPA,1918,2,URBANO(A),
30,10,89,XALAPA,1919,2,URBANO(A),
30,10,89,XALAPA,1920,2,URBANO(A),
30,10,89,XALAPA,1921,2,URBANO(A),
30,10,89,XALAPA,1922,2,URBANO(A),
30,10,89,XALAPA,1923,2,URBANO(A),
30,10,89,XALAPA,1924,2,URBANO(A),
30,10,89,XALAPA,1925,2,URBANO(A),
30,10,89,XALAPA,1926,2,URBANO(A),
30,10,89,XALAPA,1927,2,URBANO(A),
30,10,89,XALAPA,1928,2,URBANO(A),
30,10,89,XALAPA,1929,2,URBANO(A),
30,10,89,XALAPA,1930,2,URBANO(A),
30,10,89,XALAPA,1931,2,URBANO(A),
30,10,89,XALAPA,1932,2,URBANO(A),
30,10,89,XALAPA,1933,2,URBANO(A),
30,10,89,XALAPA,1934,2,URBANO(A),
30,10,89,XALAPA,1935,2,URBANO(A),
30,10,89,XALAPA,1936,2,URBANO(A),
30,10,89,XALAPA,1937,2,URBANO(A),
30,10,89,XALAPA,1938,2,URBANO(A),
30,10,89,XALAPA,1939,2,URBANO(A),
30,10,89,XALAPA,1940,2,URBANO(A),
30,10,89,XALAPA,1941,2,URBANO(A),
30,10,89,XALAPA,1942,2,URBANO(A),
30,10,89,XALAPA,1943,2,URBANO(A),
30,10,89,XALAPA,1944,2,URBANO(A),
30,10,89,XALAPA,1945,2,URBANO(A),
30,10,89,XALAPA,1946,2,URBANO(A),
30,10,89,XALAPA,1947,2,URBANO(A),
30,10,89,XALAPA,1948,2,URBANO(A),
30,10,89,XALAPA,1949,2,URBANO(A),
30,10,89,XALAPA,1950,2,URBANO(A),
30,10,89,XALAPA,1951,2,URBANO(A),
30,10,89,XALAPA,1952,2,URBANO(A),
30,10,89,XALAPA,1953,2,URBANO(A),
30,10,89,XALAPA,1954,2,URBANO(A),
30,10,89,XALAPA,1955,2,URBANO(A),
30,10,89,XALAPA,1956,2,URBANO(A),
30,10,89,XALAPA,1957,2,URBANO(A),
30,10,89,XALAPA,1958,2,URBANO(A),
30,10,89,XALAPA,1959,2,URBANO(A),
30,10,89,XALAPA,1960,3,MIXTO(A),
30,10,89,XALAPA,1961,2,URBANO(A),
30,10,89,XALAPA,1962,2,URBANO(A),
30,10,89,XALAPA,1963,2,URBANO(A),
30,10,89,XALAPA,1964,2,URBANO(A),
30,10,89,XALAPA,1965,2,URBANO(A),
30,10,89,XALAPA,1966,2,URBANO(A),
30,10,89,XALAPA,1967,2,URBANO(A),
30,10,89,XALAPA,1968,2,URBANO(A),
30,10,89,XALAPA,1969,2,URBANO(A),
30,10,89,XALAPA,1970,2,URBANO(A),
30,10,89,XALAPA,1971,2,URBANO(A),
30,10,89,XALAPA,1972,2,URBANO(A),
30,10,89,XALAPA,1973,2,URBANO(A),
30,10,89,XALAPA,1974,2,URBANO(A),
30,10,89,XALAPA,1975,2,URBANO(A),
30,10,89,XALAPA,1976,2,URBANO(A),
30,10,89,XALAPA,1977,2,URBANO(A),
30,10,89,XALAPA,1978,2,URBANO(A),
30,10,89,XALAPA,1979,2,URBANO(A),
30,10,89,XALAPA,1980,2,URBANO(A),
30,10,89,XALAPA,1981,2,URBANO(A),
30,10,89,XALAPA,1982,2,URBANO(A),
30,10,89,XALAPA,1983,2,URBANO(A),
30,10,89,XALAPA,1984,2,URBANO(A),
30,10,89,XALAPA,1985,2,URBANO(A),
30,10,89,XALAPA,1986,2,URBANO(A),
30,10,89,XALAPA,1987,2,URBANO(A),
30,10,89,XALAPA,1988,2,URBANO(A),
30,10,89,XALAPA,1989,2,URBANO(A),
30,10,89,XALAPA,1990,2,URBANO(A),
30,10,89,XALAPA,1991,2,URBANO(A),
30,10,89,XALAPA,1992,2,URBANO(A),
30,10,89,XALAPA,1993,2,URBANO(A),
30,10,89,XALAPA,1994,2,URBANO(A),
30,10,89,XALAPA,1995,2,URBANO(A),
30,10,89,XALAPA,1996,2,URBANO(A),
30,10,89,XALAPA,1997,2,URBANO(A),
30,10,89,XALAPA,1998,2,URBANO(A),
30,10,89,XALAPA,1999,2,URBANO(A),
30,10,89,XALAPA,2000,2,URBANO(A),
30,10,89,XALAPA,2001,2,URBANO(A),
30,10,89,XALAPA,2002,2,URBANO(A),
30,10,89,XALAPA,2003,2,URBANO(A),
30,10,89,XALAPA,2004,2,URBANO(A),
30,10,89,XALAPA,2005,2,URBANO(A),
30,10,89,XALAPA,2006,2,URBANO(A),
30,10,89,XALAPA,2007,2,URBANO(A),
30,10,89,XALAPA,2008,2,URBANO(A),
30,10,89,XALAPA,2009,2,URBANO(A),
30,10,89,XALAPA,2010,2,URBANO(A),
30,10,89,XALAPA,2011,2,URBANO(A),
30,10,89,XALAPA,2012,2,URBANO(A),
30,10,89,XALAPA,2013,2,URBANO(A),
30,10,89,XALAPA,2014,2,URBANO(A),
30,10,89,XALAPA,2015,2,URBANO(A),
30,10,89,XALAPA,2016,2,URBANO(A),
30,10,89,XALAPA,2017,2,URBANO(A),
30,10,89,XALAPA,2018,2,URBANO(A),
30,10,89,XALAPA,2019,2,URBANO(A),
30,10,89,XALAPA,2020,2,URBANO(A),
30,10,89,XALAPA,2021,2,URBANO(A),
30,10,89,XALAPA,2022,2,URBANO(A),
30,10,89,XALAPA,2023,2,URBANO(A),
30,10,89,XALAPA,2024,2,URBANO(A),
30,10,89,XALAPA,2025,2,URBANO(A),
30,10,89,XALAPA,2026,2,URBANO(A),
30,10,89,XALAPA,2027,2,URBANO(A),
30,10,89,XALAPA,2028,2,URBANO(A),
30,10,89,XALAPA,2029,2,URBANO(A),
30,10,89,XALAPA,2030,2,URBANO(A),
30,10,89,XALAPA,2031,2,URBANO(A),
30,10,89,XALAPA,2032,2,URBANO(A),
30,10,89,XALAPA,2033,2,URBANO(A),
30,10,89,XALAPA,2034,2,URBANO(A),
30,10,89,XALAPA,2035,2,URBANO(A),
30,10,89,XALAPA,2036,2,URBANO(A),
30,10,89,XALAPA,2037,2,URBANO(A),
30,10,89,XALAPA,2038,2,URBANO(A),
30,10,89,XALAPA,2039,2,URBANO(A),
30,10,89,XALAPA,2040,2,URBANO(A),
30,10,89,XALAPA,2041,2,URBANO(A),
30,10,89,XALAPA,2042,2,URBANO(A),
30,10,89,XALAPA,2043,2,URBANO(A),
30,10,89,XALAPA,2044,2,URBANO(A),
30,10,89,XALAPA,2045,2,URBANO(A),
30,10,89,XALAPA,2046,2,URBANO(A),
30,10,89,XALAPA,2047,2,URBANO(A),
30,10,89,XALAPA,2048,2,URBANO(A),
30,10,89,XALAPA,2049,2,URBANO(A),
30,10,89,XALAPA,2050,2,URBANO(A),
30,10,89,XALAPA,2051,2,URBANO(A),
30,10,89,XALAPA,2052,2,URBANO(A),
30,10,89,XALAPA,2053,2,URBANO(A),
30,10,89,XALAPA,2054,2,URBANO(A),
30,10,89,XALAPA,2055,2,URBANO(A),
30,10,89,XALAPA,2056,2,URBANO(A),
30,10,89,XALAPA,2057,2,URBANO(A),
30,10,89,XALAPA,2058,2,URBANO(A),
30,10,89,XALAPA,2059,2,URBANO(A),
30,10,89,XALAPA,2060,2,URBANO(A),
30,10,89,XALAPA,2061,2,URBANO(A),
30,10,89,XALAPA,2062,2,URBANO(A),
30,10,89,XALAPA,2063,2,URBANO(A),
30,10,89,XALAPA,2064,2,URBANO(A),
30,10,89,XALAPA,2065,2,URBANO(A),
30,10,89,XALAPA,2066,2,URBANO(A),
30,10,89,XALAPA,2067,2,URBANO(A),
30,10,89,XALAPA,2068,2,URBANO(A),
30,10,89,XALAPA,2069,2,URBANO(A),
30,10,89,XALAPA,2071,2,URBANO(A),
30,10,89,XALAPA,2072,3,MIXTO(A),
30,10,89,XALAPA,2073,2,URBANO(A),
30,10,89,XALAPA,2074,2,URBANO(A),
30,10,89,XALAPA,2075,2,URBANO(A),
30,10,89,XALAPA,2076,2,URBANO(A),
30,10,89,XALAPA,2077,2,URBANO(A),
30,10,89,XALAPA,2078,2,URBANO(A),
30,10,89,XALAPA,2079,2,URBANO(A),
30,10,89,XALAPA,2080,2,URBANO(A),
30,10,89,XALAPA,2081,2,URBANO(A),
30,10,89,XALAPA,2082,2,URBANO(A),
30,10,89,XALAPA,2083,2,URBANO(A),
30,10,89,XALAPA,2084,2,URBANO(A),
30,10,89,XALAPA,2085,2,URBANO(A),
30,10,89,XALAPA,2086,2,URBANO(A),
30,10,89,XALAPA,2087,2,URBANO(A),
30,10,89,XALAPA,2088,2,URBANO(A),
30,10,89,XALAPA,2089,3,MIXTO(A),
30,10,89,XALAPA,2090,2,URBANO(A),
30,10,89,XALAPA,2091,2,URBANO(A),
30,10,89,XALAPA,2093,4,RURAL,
30,10,89,XALAPA,2094,3,MIXTO(A),
30,10,89,XALAPA,2095,2,URBANO(A),
30,10,89,XALAPA,2096,3,MIXTO(A),
30,10,89,XALAPA,2097,4,RURAL,
30,10,89,XALAPA,2098,4,RURAL,
30,10,89,XALAPA,2100,2,URBANO(A),
30,8,90,JALCOMULCO,2101,3,MIXTO(A),
30,8,90,JALCOMULCO,2102,2,URBANO(A),
30,8,90,JALCOMULCO,2103,4,RURAL,
30,8,90,JALCOMULCO,2104,2,URBANO(A),
30,14,91,JALTIPAN,2105,2,URBANO(A),
30,14,91,JALTIPAN,2106,2,URBANO(A),
30,14,91,JALTIPAN,2107,2,URBANO(A),
30,14,91,JALTIPAN,2108,2,URBANO(A),
30,14,91,JALTIPAN,2109,2,URBANO(A),
30,14,91,JALTIPAN,2110,2,URBANO(A),
30,14,91,JALTIPAN,2111,2,URBANO(A),
30,14,91,JALTIPAN,2112,2,URBANO(A),
30,14,91,JALTIPAN,2113,2,URBANO(A),
30,14,91,JALTIPAN,2114,2,URBANO(A),
30,14,91,JALTIPAN,2115,2,URBANO(A),
30,14,91,JALTIPAN,2116,2,URBANO(A),
30,14,91,JALTIPAN,2117,2,URBANO(A),
30,14,91,JALTIPAN,2118,2,URBANO(A),
30,14,91,JALTIPAN,2119,2,URBANO(A),
30,14,91,JALTIPAN,2120,2,URBANO(A),
30,14,91,JALTIPAN,2121,2,URBANO(A),
30,14,91,JALTIPAN,2122,2,URBANO(A),
30,14,91,JALTIPAN,2123,2,URBANO(A),
30,14,91,JALTIPAN,2124,2,URBANO(A),
30,14,91,JALTIPAN,2125,2,URBANO(A),
30,14,91,JALTIPAN,2126,2,URBANO(A),
30,14,91,JALTIPAN,2127,2,URBANO(A),
30,14,91,JALTIPAN,2128,2,URBANO(A),
30,14,91,JALTIPAN,2129,4,RURAL,
30,14,91,JALTIPAN,2130,4,RURAL,
30,14,91,JALTIPAN,2131,4,RURAL,
30,14,91,JALTIPAN,2132,4,RURAL,
30,14,91,JALTIPAN,2133,4,RURAL,
30,14,91,JALTIPAN,2134,4,RURAL,
30,14,91,JALTIPAN,2135,4,RURAL,
30,14,91,JALTIPAN,2136,4,RURAL,
30,14,91,JALTIPAN,2137,4,RURAL,
30,13,92,JAMAPA,2138,3,MIXTO(A),
30,13,92,JAMAPA,2139,2,URBANO(A),
30,13,92,JAMAPA,2140,3,MIXTO(A),
30,13,92,JAMAPA,2141,4,RURAL,
30,13,92,JAMAPA,2142,4,RURAL,
30,13,92,JAMAPA,2143,4,RURAL,
30,13,92,JAMAPA,2144,4,RURAL,
30,13,92,JAMAPA,2145,4,RURAL,
30,14,93,JESUS CARRANZA,2146,2,URBANO(A),
30,14,93,JESUS CARRANZA,2147,2,URBANO(A),
30,14,93,JESUS CARRANZA,2148,2,URBANO(A),
30,14,93,JESUS CARRANZA,2149,2,URBANO(A),
30,14,93,JESUS CARRANZA,2150,4,RURAL,
30,14,93,JESUS CARRANZA,2151,4,RURAL,
30,14,93,JESUS CARRANZA,2152,4,RURAL,
30,14,93,JESUS CARRANZA,2153,4,RURAL,
30,14,93,JESUS CARRANZA,2154,4,RURAL,
30,14,93,JESUS CARRANZA,2155,4,RURAL,
30,14,93,JESUS CARRANZA,2156,4,RURAL,
30,14,93,JESUS CARRANZA,2157,4,RURAL,
30,14,93,JESUS CARRANZA,2158,4,RURAL,
30,14,93,JESUS CARRANZA,2159,4,RURAL,
30,14,93,JESUS CARRANZA,2160,4,RURAL,
30,14,93,JESUS CARRANZA,2161,2,URBANO(A),
30,14,93,JESUS CARRANZA,2162,2,URBANO(A),
30,14,93,JESUS CARRANZA,2163,3,MIXTO(A),
30,14,93,JESUS CARRANZA,2164,4,RURAL,
30,14,93,JESUS CARRANZA,2165,4,RURAL,
30,14,93,JESUS CARRANZA,2166,4,RURAL,
30,14,93,JESUS CARRANZA,2167,4,RURAL,
30,14,209,UXPANAPA,2168,4,RURAL,
30,14,209,UXPANAPA,2169,4,RURAL,
30,9,94,JILOTEPEC,2170,2,URBANO(A),
30,9,94,JILOTEPEC,2171,2,URBANO(A),
30,9,94,JILOTEPEC,2172,4,RURAL,
30,9,94,JILOTEPEC,2173,4,RURAL,
30,9,94,JILOTEPEC,2174,3,MIXTO(A),
30,9,94,JILOTEPEC,2175,3,MIXTO(A),
30,9,94,JILOTEPEC,2176,4,RURAL,
30,9,94,JILOTEPEC,2177,4,RURAL,
30,9,94,JILOTEPEC,2178,4,RURAL,
30,3,95,JUAN RODRIGUEZ CLARA,2179,2,URBANO(A),
30,3,95,JUAN RODRIGUEZ CLARA,2180,2,URBANO(A),
30,3,95,JUAN RODRIGUEZ CLARA,2181,2,URBANO(A),
30,3,95,JUAN RODRIGUEZ CLARA,2182,2,URBANO(A),
30,3,95,JUAN RODRIGUEZ CLARA,2183,2,URBANO(A),
30,3,95,JUAN RODRIGUEZ CLARA,2184,3,MIXTO(A),
30,3,95,JUAN RODRIGUEZ CLARA,2185,2,URBANO(A),
30,3,95,JUAN RODRIGUEZ CLARA,2186,4,RURAL,
30,3,95,JUAN RODRIGUEZ CLARA,2187,4,RURAL,
30,3,95,JUAN RODRIGUEZ CLARA,2188,3,MIXTO(A),
30,3,95,JUAN RODRIGUEZ CLARA,2189,4,RURAL,
30,3,95,JUAN RODRIGUEZ CLARA,2190,4,RURAL,
30,3,95,JUAN RODRIGUEZ CLARA,2191,3,MIXTO(A),
30,3,95,JUAN RODRIGUEZ CLARA,2192,4,RURAL,
30,3,95,JUAN RODRIGUEZ CLARA,2193,4,RURAL,
30,3,95,JUAN RODRIGUEZ CLARA,2194,4,RURAL,
30,3,95,JUAN RODRIGUEZ CLARA,2195,4,RURAL,
30,3,95,JUAN RODRIGUEZ CLARA,2196,4,RURAL,
30,3,95,JUAN RODRIGUEZ CLARA,2197,3,MIXTO(A),
30,3,95,JUAN RODRIGUEZ CLARA,2198,2,URBANO(A),
30,3,95,JUAN RODRIGUEZ CLARA,2199,4,RURAL,
30,3,95,JUAN RODRIGUEZ CLARA,2200,3,MIXTO(A),
30,8,96,JUCHIQUE DE FERRER,2201,3,MIXTO(A),
30,8,96,JUCHIQUE DE FERRER,2202,3,MIXTO(A),
30,8,96,JUCHIQUE DE FERRER,2203,4,RURAL,
30,8,96,JUCHIQUE DE FERRER,2204,4,RURAL,
30,8,96,JUCHIQUE DE FERRER,2205,4,RURAL,
30,8,96,JUCHIQUE DE FERRER,2206,4,RURAL,
30,8,96,JUCHIQUE DE FERRER,2207,4,RURAL,
30,8,96,JUCHIQUE DE FERRER,2208,4,RURAL,
30,8,96,JUCHIQUE DE FERRER,2209,4,RURAL,
30,8,96,JUCHIQUE DE FERRER,2210,4,RURAL,
30,8,96,JUCHIQUE DE FERRER,2211,3,MIXTO(A),
30,8,96,JUCHIQUE DE FERRER,2212,3,MIXTO(A),
30,8,96,JUCHIQUE DE FERRER,2213,4,RURAL,
30,8,96,JUCHIQUE DE FERRER,2214,4,RURAL,
30,8,96,JUCHIQUE DE FERRER,2215,3,MIXTO(A),
30,8,96,JUCHIQUE DE FERRER,2216,3,MIXTO(A),
30,8,96,JUCHIQUE DE FERRER,2217,3,MIXTO(A),
30,8,96,JUCHIQUE DE FERRER,2218,4,RURAL,
30,8,97,LANDERO Y COSS,2219,3,MIXTO(A),
30,8,97,LANDERO Y COSS,2220,3,MIXTO(A),
30,17,98,LERDO DE TEJADA,2221,3,MIXTO(A),
30,17,98,LERDO DE TEJADA,2222,2,URBANO(A),
30,17,98,LERDO DE TEJADA,2223,2,URBANO(A),
30,17,98,LERDO DE TEJADA,2224,2,URBANO(A),
30,17,98,LERDO DE TEJADA,2225,2,URBANO(A),
30,17,98,LERDO DE TEJADA,2226,2,URBANO(A),
30,17,98,LERDO DE TEJADA,2227,2,URBANO(A),
30,17,98,LERDO DE TEJADA,2228,2,URBANO(A),
30,17,98,LERDO DE TEJADA,2229,2,URBANO(A),
30,17,98,LERDO DE TEJADA,2230,2,URBANO(A),
30,17,98,LERDO DE TEJADA,2231,2,URBANO(A),
30,17,98,LERDO DE TEJADA,2232,2,URBANO(A),
30,17,98,LERDO DE TEJADA,2233,2,URBANO(A),
30,17,98,LERDO DE TEJADA,2234,2,URBANO(A),
30,17,98,LERDO DE TEJADA,2235,2,URBANO(A),
30,17,98,LERDO DE TEJADA,2236,4,RURAL,
30,18,99,MAGDALENA,2237,3,MIXTO(A),
30,18,99,MAGDALENA,2238,4,RURAL,
30,18,99,MAGDALENA,2239,4,RURAL,
30,18,100,MALTRATA,2240,2,URBANO(A),
30,18,100,MALTRATA,2241,2,URBANO(A),
30,18,100,MALTRATA,2242,3,MIXTO(A),
30,18,100,MALTRATA,2243,3,MIXTO(A),
30,18,100,MALTRATA,2244,2,URBANO(A),
30,18,100,MALTRATA,2245,4,RURAL,
30,18,100,MALTRATA,2246,4,RURAL,
30,18,100,MALTRATA,2247,4,RURAL,
30,18,100,MALTRATA,2248,4,RURAL,
30,13,101,MANLIO FABIO ALTAMIRANO,2249,2,URBANO(A),
30,13,101,MANLIO FABIO ALTAMIRANO,2250,2,URBANO(A),
30,13,101,MANLIO FABIO ALTAMIRANO,2251,2,URBANO(A),
30,13,101,MANLIO FABIO ALTAMIRANO,2252,3,MIXTO(A),
30,13,101,MANLIO FABIO ALTAMIRANO,2253,4,RURAL,
30,13,101,MANLIO FABIO ALTAMIRANO,2254,4,RURAL,
30,13,101,MANLIO FABIO ALTAMIRANO,2255,4,RURAL,
30,13,101,MANLIO FABIO ALTAMIRANO,2256,2,URBANO(A),
30,13,101,MANLIO FABIO ALTAMIRANO,2257,2,URBANO(A),
30,13,101,MANLIO FABIO ALTAMIRANO,2258,4,RURAL,
30,13,101,MANLIO FABIO ALTAMIRANO,2259,3,MIXTO(A),
30,13,101,MANLIO FABIO ALTAMIRANO,2260,3,MIXTO(A),
30,13,101,MANLIO FABIO ALTAMIRANO,2261,4,RURAL,
30,13,101,MANLIO FABIO ALTAMIRANO,2262,4,RURAL,
30,13,101,MANLIO FABIO ALTAMIRANO,2263,4,RURAL,
30,13,101,MANLIO FABIO ALTAMIRANO,2264,4,RURAL,
30,15,102,MARIANO ESCOBEDO,2265,3,MIXTO(A),
30,15,102,MARIANO ESCOBEDO,2266,4,RURAL,
30,15,102,MARIANO ESCOBEDO,2267,4,RURAL,
30,15,102,MARIANO ESCOBEDO,2268,4,RURAL,
30,15,102,MARIANO ESCOBEDO,2269,4,RURAL,
30,15,102,MARIANO ESCOBEDO,2270,4,RURAL,
30,15,102,MARIANO ESCOBEDO,2271,4,RURAL,
30,15,102,MARIANO ESCOBEDO,2272,3,MIXTO(A),
30,15,102,MARIANO ESCOBEDO,2273,4,RURAL,
30,15,102,MARIANO ESCOBEDO,2274,2,URBANO(A),
30,15,102,MARIANO ESCOBEDO,2275,2,URBANO(A),
30,15,102,MARIANO ESCOBEDO,2276,2,URBANO(A),
30,15,102,MARIANO ESCOBEDO,2277,2,URBANO(A),
30,15,102,MARIANO ESCOBEDO,2278,2,URBANO(A),
30,15,102,MARIANO ESCOBEDO,2279,2,URBANO(A),
30,15,102,MARIANO ESCOBEDO,2280,2,URBANO(A),
30,7,103,MARTINEZ DE LA TORRE,2281,2,URBANO(A),
30,7,103,MARTINEZ DE LA TORRE,2282,2,URBANO(A),
30,7,103,MARTINEZ DE LA TORRE,2283,2,URBANO(A),
30,7,103,MARTINEZ DE LA TORRE,2284,2,URBANO(A),
30,7,103,MARTINEZ DE LA TORRE,2285,2,URBANO(A),
30,7,103,MARTINEZ DE LA TORRE,2287,2,URBANO(A),
30,7,103,MARTINEZ DE LA TORRE,2288,2,URBANO(A),
30,7,103,MARTINEZ DE LA TORRE,2289,2,URBANO(A),
30,7,103,MARTINEZ DE LA TORRE,2290,2,URBANO(A),
30,7,103,MARTINEZ DE LA TORRE,2291,2,URBANO(A),
30,7,103,MARTINEZ DE LA TORRE,2292,2,URBANO(A),
30,7,103,MARTINEZ DE LA TORRE,2293,2,URBANO(A),
30,7,103,MARTINEZ DE LA TORRE,2294,2,URBANO(A),
30,7,103,MARTINEZ DE LA TORRE,2295,2,URBANO(A),
30,7,103,MARTINEZ DE LA TORRE,2296,2,URBANO(A),
30,7,103,MARTINEZ DE LA TORRE,2297,2,URBANO(A),
30,7,103,MARTINEZ DE LA TORRE,2298,2,URBANO(A),
30,7,103,MARTINEZ DE LA TORRE,2299,2,URBANO(A),
30,7,103,MARTINEZ DE LA TORRE,2300,2,URBANO(A),
30,7,103,MARTINEZ DE LA TORRE,2301,2,URBANO(A),
30,7,103,MARTINEZ DE LA TORRE,2302,2,URBANO(A),
30,7,103,MARTINEZ DE LA TORRE,2303,2,URBANO(A),
30,7,103,MARTINEZ DE LA TORRE,2304,2,URBANO(A),
30,7,103,MARTINEZ DE LA TORRE,2305,2,URBANO(A),
30,7,103,MARTINEZ DE LA TORRE,2306,2,URBANO(A),
30,7,103,MARTINEZ DE LA TORRE,2307,2,URBANO(A),
30,7,103,MARTINEZ DE LA TORRE,2308,2,URBANO(A),
30,7,103,MARTINEZ DE LA TORRE,2309,3,MIXTO(A),
30,7,103,MARTINEZ DE LA TORRE,2310,2,URBANO(A),
30,7,103,MARTINEZ DE LA TORRE,2311,2,URBANO(A),
30,7,103,MARTINEZ DE LA TORRE,2312,2,URBANO(A),
30,7,103,MARTINEZ DE LA TORRE,2313,2,URBANO(A),
30,7,103,MARTINEZ DE LA TORRE,2314,2,URBANO(A),
30,7,103,MARTINEZ DE LA TORRE,2315,2,URBANO(A),
30,7,103,MARTINEZ DE LA TORRE,2317,4,RURAL,
30,7,103,MARTINEZ DE LA TORRE,2318,4,RURAL,
30,7,211,SAN RAFAEL,2319,4,RURAL,
30,7,211,SAN RAFAEL,2320,4,RURAL,
30,7,211,SAN RAFAEL,2321,4,RURAL,
30,7,211,SAN RAFAEL,2322,4,RURAL,
30,7,211,SAN RAFAEL,2323,4,RURAL,
30,7,211,SAN RAFAEL,2325,3,MIXTO(A),
30,7,211,SAN RAFAEL,2326,4,RURAL,
30,7,103,MARTINEZ DE LA TORRE,2327,4,RURAL,
30,7,103,MARTINEZ DE LA TORRE,2328,4,RURAL,
30,7,103,MARTINEZ DE LA TORRE,2329,4,RURAL,
30,7,103,MARTINEZ DE LA TORRE,2331,4,RURAL,
30,7,103,MARTINEZ DE LA TORRE,2332,4,RURAL,
30,7,211,SAN RAFAEL,2333,4,RURAL,
30,7,211,SAN RAFAEL,2334,2,URBANO(A),
30,7,211,SAN RAFAEL,2335,4,RURAL,
30,7,211,SAN RAFAEL,2336,4,RURAL,
30,7,211,SAN RAFAEL,2337,4,RURAL,
30,7,211,SAN RAFAEL,2338,4,RURAL,
30,7,211,SAN RAFAEL,2339,2,URBANO(A),
30,7,211,SAN RAFAEL,2340,2,URBANO(A),
30,7,211,SAN RAFAEL,2341,2,URBANO(A),
30,7,211,SAN RAFAEL,2342,2,URBANO(A),
30,7,211,SAN RAFAEL,2343,2,URBANO(A),
30,7,211,SAN RAFAEL,2344,2,URBANO(A),
30,7,211,SAN RAFAEL,2345,4,RURAL,
30,7,211,SAN RAFAEL,2346,4,RURAL,
30,7,103,MARTINEZ DE LA TORRE,2347,4,RURAL,
30,7,103,MARTINEZ DE LA TORRE,2348,4,RURAL,
30,7,103,MARTINEZ DE LA TORRE,2349,4,RURAL,
30,7,211,SAN RAFAEL,2351,4,RURAL,
30,7,211,SAN RAFAEL,2352,2,URBANO(A),
30,7,211,SAN RAFAEL,2353,2,URBANO(A),
30,7,211,SAN RAFAEL,2354,4,RURAL,
30,7,211,SAN RAFAEL,2355,4,RURAL,
30,7,211,SAN RAFAEL,2356,2,URBANO(A),
30,7,211,SAN RAFAEL,2357,2,URBANO(A),
30,7,103,MARTINEZ DE LA TORRE,2358,3,MIXTO(A),
30,7,103,MARTINEZ DE LA TORRE,2359,2,URBANO(A),
30,7,103,MARTINEZ DE LA TORRE,2360,3,MIXTO(A),
30,7,103,MARTINEZ DE LA TORRE,2361,4,RURAL,
30,7,103,MARTINEZ DE LA TORRE,2362,4,RURAL,
30,7,103,MARTINEZ DE LA TORRE,2363,4,RURAL,
30,7,103,MARTINEZ DE LA TORRE,2364,4,RURAL,
30,7,103,MARTINEZ DE LA TORRE,2365,4,RURAL,
30,7,103,MARTINEZ DE LA TORRE,2366,4,RURAL,
30,7,103,MARTINEZ DE LA TORRE,2367,4,RURAL,
30,7,103,MARTINEZ DE LA TORRE,2368,4,RURAL,
30,7,103,MARTINEZ DE LA TORRE,2369,4,RURAL,
30,7,103,MARTINEZ DE LA TORRE,2370,4,RURAL,
30,7,103,MARTINEZ DE LA TORRE,2371,4,RURAL,
30,7,103,MARTINEZ DE LA TORRE,2372,4,RURAL,
30,7,103,MARTINEZ DE LA TORRE,2373,4,RURAL,
30,6,104,MECATLAN,2374,2,URBANO(A),
30,6,104,MECATLAN,2375,2,URBANO(A),
30,6,104,MECATLAN,2376,4,RURAL,
30,6,104,MECATLAN,2377,4,RURAL,
30,6,104,MECATLAN,2378,4,RURAL,
30,19,105,MECAYAPAN,2379,2,URBANO(A),
30,19,105,MECAYAPAN,2380,2,URBANO(A),
30,19,105,MECAYAPAN,2381,4,RURAL,
30,19,210,TATAHUICAPAN DE JUAREZ,2382,4,RURAL,
30,19,105,MECAYAPAN,2383,4,RURAL,
30,19,210,TATAHUICAPAN DE JUAREZ,2384,2,URBANO(A),
30,19,210,TATAHUICAPAN DE JUAREZ,2385,2,URBANO(A),
30,19,210,TATAHUICAPAN DE JUAREZ,2386,3,MIXTO(A),
30,19,105,MECAYAPAN,2387,4,RURAL,
30,19,105,MECAYAPAN,2388,4,RURAL,
30,19,105,MECAYAPAN,2389,4,RURAL,
30,13,106,MEDELLIN DE BRAVO,2390,3,MIXTO(A),
30,13,106,MEDELLIN DE BRAVO,2391,4,RURAL,
30,13,106,MEDELLIN DE BRAVO,2393,2,URBANO(A),
30,13,106,MEDELLIN DE BRAVO,2394,2,URBANO(A),
30,13,106,MEDELLIN DE BRAVO,2395,2,URBANO(A),
30,13,106,MEDELLIN DE BRAVO,2396,3,MIXTO(A),
30,13,106,MEDELLIN DE BRAVO,2397,3,MIXTO(A),
30,13,106,MEDELLIN DE BRAVO,2398,3,MIXTO(A),
30,13,106,MEDELLIN DE BRAVO,2399,3,MIXTO(A),
30,13,106,MEDELLIN DE BRAVO,2400,4,RURAL,
30,13,106,MEDELLIN DE BRAVO,2401,4,RURAL,
30,13,106,MEDELLIN DE BRAVO,2402,4,RURAL,
30,13,106,MEDELLIN DE BRAVO,2403,4,RURAL,
30,13,106,MEDELLIN DE BRAVO,2404,3,MIXTO(A),
30,13,106,MEDELLIN DE BRAVO,2405,2,URBANO(A),
30,13,106,MEDELLIN DE BRAVO,2406,3,MIXTO(A),
30,13,106,MEDELLIN DE BRAVO,2407,4,RURAL,
30,13,106,MEDELLIN DE BRAVO,2408,4,RURAL,
30,13,106,MEDELLIN DE BRAVO,2409,3,MIXTO(A),
30,13,106,MEDELLIN DE BRAVO,2410,2,URBANO(A),
30,13,106,MEDELLIN DE BRAVO,2411,3,MIXTO(A),
30,13,106,MEDELLIN DE BRAVO,2412,4,RURAL,
30,13,106,MEDELLIN DE BRAVO,2413,4,RURAL,
30,13,106,MEDELLIN DE BRAVO,2414,4,RURAL,
30,8,107,MIAHUATLAN,2415,2,URBANO(A),
30,8,107,MIAHUATLAN,2416,2,URBANO(A),
30,8,107,MIAHUATLAN,2417,4,RURAL,
30,9,108,LAS MINAS,2418,3,MIXTO(A),
30,9,108,LAS MINAS,2419,4,RURAL,
30,14,109,MINATITLAN,2420,2,URBANO(A),
30,14,109,MINATITLAN,2421,2,URBANO(A),
30,14,109,MINATITLAN,2422,2,URBANO(A),
30,14,109,MINATITLAN,2423,2,URBANO(A),
30,14,109,MINATITLAN,2424,2,URBANO(A),
30,14,109,MINATITLAN,2425,2,URBANO(A),
30,14,109,MINATITLAN,2426,2,URBANO(A),
30,14,109,MINATITLAN,2427,2,URBANO(A),
30,14,109,MINATITLAN,2428,2,URBANO(A),
30,14,109,MINATITLAN,2429,2,URBANO(A),
30,14,109,MINATITLAN,2430,2,URBANO(A),
30,14,109,MINATITLAN,2432,2,URBANO(A),
30,14,109,MINATITLAN,2433,2,URBANO(A),
30,14,109,MINATITLAN,2434,2,URBANO(A),
30,14,109,MINATITLAN,2435,2,URBANO(A),
30,14,109,MINATITLAN,2436,2,URBANO(A),
30,14,109,MINATITLAN,2437,2,URBANO(A),
30,14,109,MINATITLAN,2438,2,URBANO(A),
30,14,109,MINATITLAN,2439,2,URBANO(A),
30,14,109,MINATITLAN,2440,2,URBANO(A),
30,14,109,MINATITLAN,2441,2,URBANO(A),
30,14,109,MINATITLAN,2442,2,URBANO(A),
30,14,109,MINATITLAN,2443,2,URBANO(A),
30,14,109,MINATITLAN,2444,2,URBANO(A),
30,14,109,MINATITLAN,2445,2,URBANO(A),
30,14,109,MINATITLAN,2446,2,URBANO(A),
30,14,109,MINATITLAN,2447,2,URBANO(A),
30,14,109,MINATITLAN,2448,2,URBANO(A),
30,14,109,MINATITLAN,2449,2,URBANO(A),
30,14,109,MINATITLAN,2450,2,URBANO(A),
30,14,109,MINATITLAN,2451,2,URBANO(A),
30,14,109,MINATITLAN,2453,2,URBANO(A),
30,14,109,MINATITLAN,2454,2,URBANO(A),
30,14,109,MINATITLAN,2455,2,URBANO(A),
30,14,109,MINATITLAN,2456,2,URBANO(A),
30,14,109,MINATITLAN,2457,2,URBANO(A),
30,14,109,MINATITLAN,2458,2,URBANO(A),
30,14,109,MINATITLAN,2459,2,URBANO(A),
30,14,109,MINATITLAN,2460,2,URBANO(A),
30,14,109,MINATITLAN,2461,2,URBANO(A),
30,14,109,MINATITLAN,2462,2,URBANO(A),
30,14,109,MINATITLAN,2463,2,URBANO(A),
30,14,109,MINATITLAN,2464,2,URBANO(A),
30,14,109,MINATITLAN,2465,2,URBANO(A),
30,14,109,MINATITLAN,2466,2,URBANO(A),
30,14,109,MINATITLAN,2467,2,URBANO(A),
30,14,109,MINATITLAN,2468,2,URBANO(A),
30,14,109,MINATITLAN,2469,2,URBANO(A),
30,14,109,MINATITLAN,2470,2,URBANO(A),
30,14,109,MINATITLAN,2471,2,URBANO(A),
30,14,109,MINATITLAN,2472,2,URBANO(A),
30,14,109,MINATITLAN,2473,2,URBANO(A),
30,14,109,MINATITLAN,2474,2,URBANO(A),
30,14,109,MINATITLAN,2475,2,URBANO(A),
30,14,109,MINATITLAN,2476,2,URBANO(A),
30,14,109,MINATITLAN,2477,2,URBANO(A),
30,14,109,MINATITLAN,2478,2,URBANO(A),
30,14,109,MINATITLAN,2479,2,URBANO(A),
30,14,109,MINATITLAN,2480,2,URBANO(A),
30,14,109,MINATITLAN,2481,2,URBANO(A),
30,14,109,MINATITLAN,2482,2,URBANO(A),
30,14,109,MINATITLAN,2483,2,URBANO(A),
30,14,109,MINATITLAN,2484,2,URBANO(A),
30,14,109,MINATITLAN,2485,2,URBANO(A),
30,14,109,MINATITLAN,2486,2,URBANO(A),
30,14,109,MINATITLAN,2487,2,URBANO(A),
30,14,109,MINATITLAN,2488,2,URBANO(A),
30,14,109,MINATITLAN,2490,4,RURAL,
30,14,109,MINATITLAN,2491,2,URBANO(A),
30,14,109,MINATITLAN,2492,2,URBANO(A),
30,14,109,MINATITLAN,2493,4,RURAL,
30,14,109,MINATITLAN,2494,2,URBANO(A),
30,14,109,MINATITLAN,2495,2,URBANO(A),
30,14,109,MINATITLAN,2496,4,RURAL,
30,14,109,MINATITLAN,2497,4,RURAL,
30,14,109,MINATITLAN,2498,4,RURAL,
30,14,109,MINATITLAN,2499,4,RURAL,
30,14,109,MINATITLAN,2500,4,RURAL,
30,14,109,MINATITLAN,2501,4,RURAL,
30,14,109,MINATITLAN,2502,4,RURAL,
30,14,109,MINATITLAN,2503,4,RURAL,
30,14,109,MINATITLAN,2504,4,RURAL,
30,14,109,MINATITLAN,2505,4,RURAL,
30,14,109,MINATITLAN,2506,4,RURAL,
30,14,109,MINATITLAN,2507,4,RURAL,
30,14,109,MINATITLAN,2508,4,RURAL,
30,14,109,MINATITLAN,2509,4,RURAL,
30,14,109,MINATITLAN,2510,4,RURAL,
30,14,109,MINATITLAN,2511,4,RURAL,
30,14,109,MINATITLAN,2512,4,RURAL,
30,14,109,MINATITLAN,2513,4,RURAL,
30,14,109,MINATITLAN,2514,4,RURAL,
30,14,109,MINATITLAN,2515,4,RURAL,
30,14,109,MINATITLAN,2516,4,RURAL,
30,14,109,MINATITLAN,2517,4,RURAL,
30,14,109,MINATITLAN,2518,4,RURAL,
30,14,109,MINATITLAN,2519,4,RURAL,
30,14,209,UXPANAPA,2520,4,RURAL,
30,14,209,UXPANAPA,2521,4,RURAL,
30,14,209,UXPANAPA,2522,3,MIXTO(A),
30,14,209,UXPANAPA,2523,4,RURAL,
30,14,209,UXPANAPA,2524,4,RURAL,
30,14,209,UXPANAPA,2525,4,RURAL,
30,7,110,MISANTLA,2527,2,URBANO(A),
30,7,110,MISANTLA,2528,2,URBANO(A),
30,7,110,MISANTLA,2529,2,URBANO(A),
30,7,110,MISANTLA,2530,2,URBANO(A),
30,7,110,MISANTLA,2531,2,URBANO(A),
30,7,110,MISANTLA,2532,2,URBANO(A),
30,7,110,MISANTLA,2533,2,URBANO(A),
30,7,110,MISANTLA,2534,2,URBANO(A),
30,7,110,MISANTLA,2535,2,URBANO(A),
30,7,110,MISANTLA,2536,2,URBANO(A),
30,7,110,MISANTLA,2537,2,URBANO(A),
30,7,110,MISANTLA,2538,2,URBANO(A),
30,7,110,MISANTLA,2539,3,MIXTO(A),
30,7,110,MISANTLA,2540,3,MIXTO(A),
30,7,110,MISANTLA,2541,2,URBANO(A),
30,7,110,MISANTLA,2542,4,RURAL,
30,7,110,MISANTLA,2543,4,RURAL,
30,7,110,MISANTLA,2544,4,RURAL,
30,7,110,MISANTLA,2545,4,RURAL,
30,7,110,MISANTLA,2546,3,MIXTO(A),
30,7,110,MISANTLA,2547,3,MIXTO(A),
30,7,110,MISANTLA,2548,2,URBANO(A),
30,7,110,MISANTLA,2549,3,MIXTO(A),
30,7,110,MISANTLA,2550,3,MIXTO(A),
30,7,110,MISANTLA,2551,3,MIXTO(A),
30,7,110,MISANTLA,2552,4,RURAL,
30,7,110,MISANTLA,2553,4,RURAL,
30,7,110,MISANTLA,2554,4,RURAL,
30,7,110,MISANTLA,2555,3,MIXTO(A),
30,7,110,MISANTLA,2556,3,MIXTO(A),
30,7,110,MISANTLA,2557,3,MIXTO(A),
30,7,110,MISANTLA,2558,4,RURAL,
30,7,110,MISANTLA,2559,4,RURAL,
30,7,110,MISANTLA,2560,3,MIXTO(A),
30,7,110,MISANTLA,2561,4,RURAL,
30,7,110,MISANTLA,2562,4,RURAL,
30,7,110,MISANTLA,2563,4,RURAL,
30,7,110,MISANTLA,2564,4,RURAL,
30,7,110,MISANTLA,2565,4,RURAL,
30,7,110,MISANTLA,2566,4,RURAL,
30,7,110,MISANTLA,2567,4,RURAL,
30,7,110,MISANTLA,2568,4,RURAL,
30,7,110,MISANTLA,2569,4,RURAL,
30,7,110,MISANTLA,2570,4,RURAL,
30,7,110,MISANTLA,2571,4,RURAL,
30,7,110,MISANTLA,2572,4,RURAL,
30,7,110,MISANTLA,2573,4,RURAL,
30,7,110,MISANTLA,2574,4,RURAL,
30,7,110,MISANTLA,2575,4,RURAL,
30,7,110,MISANTLA,2576,4,RURAL,
30,7,110,MISANTLA,2577,4,RURAL,
30,18,111,MIXTLA DE ALTAMIRANO,2578,3,MIXTO(A),
30,18,111,MIXTLA DE ALTAMIRANO,2579,3,MIXTO(A),
30,18,111,MIXTLA DE ALTAMIRANO,2580,4,RURAL,
30,18,111,MIXTLA DE ALTAMIRANO,2581,4,RURAL,
30,18,111,MIXTLA DE ALTAMIRANO,2582,4,RURAL,
30,11,112,MOLOACAN,2583,3,MIXTO(A),
30,11,112,MOLOACAN,2584,4,RURAL,
30,11,112,MOLOACAN,2585,4,RURAL,
30,11,112,MOLOACAN,2586,4,RURAL,
30,11,112,MOLOACAN,2587,4,RURAL,
30,11,112,MOLOACAN,2588,2,URBANO(A),
30,11,112,MOLOACAN,2589,3,MIXTO(A),
30,11,112,MOLOACAN,2590,2,URBANO(A),
30,11,112,MOLOACAN,2591,2,URBANO(A),
30,11,112,MOLOACAN,2592,3,MIXTO(A),
30,11,112,MOLOACAN,2593,4,RURAL,
30,8,113,NAOLINCO,2594,2,URBANO(A),
30,8,113,NAOLINCO,2595,2,URBANO(A),
30,8,113,NAOLINCO,2596,2,URBANO(A),
30,8,113,NAOLINCO,2597,2,URBANO(A),
30,8,113,NAOLINCO,2598,2,URBANO(A),
30,8,113,NAOLINCO,2599,4,RURAL,
30,8,113,NAOLINCO,2600,4,RURAL,
30,8,113,NAOLINCO,2601,4,RURAL,
30,8,113,NAOLINCO,2602,4,RURAL,
30,8,113,NAOLINCO,2603,2,URBANO(A),
30,8,113,NAOLINCO,2604,4,RURAL,
30,8,113,NAOLINCO,2605,4,RURAL,
30,8,113,NAOLINCO,2606,4,RURAL,
30,18,114,NARANJAL,2607,2,URBANO(A),
30,18,114,NARANJAL,2608,4,RURAL,
30,18,114,NARANJAL,2609,4,RURAL,
30,7,115,NAUTLA,2610,3,MIXTO(A),
30,7,115,NAUTLA,2611,3,MIXTO(A),
30,7,115,NAUTLA,2612,3,MIXTO(A),
30,7,115,NAUTLA,2613,4,RURAL,
30,7,115,NAUTLA,2614,4,RURAL,
30,7,115,NAUTLA,2615,4,RURAL,
30,7,115,NAUTLA,2616,4,RURAL,
30,7,115,NAUTLA,2617,4,RURAL,
30,7,115,NAUTLA,2618,4,RURAL,
30,7,115,NAUTLA,2619,4,RURAL,
30,7,115,NAUTLA,2620,4,RURAL,
30,18,116,NOGALES,2621,2,URBANO(A),
30,18,116,NOGALES,2622,2,URBANO(A),
30,18,116,NOGALES,2623,2,URBANO(A),
30,18,116,NOGALES,2624,2,URBANO(A),
30,18,116,NOGALES,2625,3,MIXTO(A),
30,18,116,NOGALES,2626,2,URBANO(A),
30,18,116,NOGALES,2627,2,URBANO(A),
30,18,116,NOGALES,2628,2,URBANO(A),
30,18,116,NOGALES,2629,2,URBANO(A),
30,18,116,NOGALES,2630,2,URBANO(A),
30,18,116,NOGALES,2631,2,URBANO(A),
30,18,116,NOGALES,2632,2,URBANO(A),
30,18,116,NOGALES,2633,3,MIXTO(A),
30,18,116,NOGALES,2634,2,URBANO(A),
30,18,116,NOGALES,2635,3,MIXTO(A),
30,18,116,NOGALES,2636,3,MIXTO(A),
30,18,116,NOGALES,2637,4,RURAL,
30,18,116,NOGALES,2638,3,MIXTO(A),
30,18,116,NOGALES,2639,4,RURAL,
30,14,117,OLUTA,2640,2,URBANO(A),
30,14,117,OLUTA,2641,2,URBANO(A),
30,14,117,OLUTA,2642,2,URBANO(A),
30,14,117,OLUTA,2643,2,URBANO(A),
30,14,117,OLUTA,2644,2,URBANO(A),
30,14,117,OLUTA,2645,2,URBANO(A),
30,14,117,OLUTA,2646,2,URBANO(A),
30,14,117,OLUTA,2647,4,RURAL,
30,14,117,OLUTA,2648,4,RURAL,
30,14,117,OLUTA,2649,4,RURAL,
30,18,118,OMEALCA,2650,3,MIXTO(A),
30,18,118,OMEALCA,2651,2,URBANO(A),
30,18,118,OMEALCA,2652,2,URBANO(A),
30,18,118,OMEALCA,2653,4,RURAL,
30,18,118,OMEALCA,2654,4,RURAL,
30,18,118,OMEALCA,2655,4,RURAL,
30,18,118,OMEALCA,2656,4,RURAL,
30,18,118,OMEALCA,2657,4,RURAL,
30,18,118,OMEALCA,2658,4,RURAL,
30,18,118,OMEALCA,2659,4,RURAL,
30,18,118,OMEALCA,2660,4,RURAL,
30,18,118,OMEALCA,2661,4,RURAL,
30,18,118,OMEALCA,2662,4,RURAL,
30,18,118,OMEALCA,2663,4,RURAL,
30,18,118,OMEALCA,2664,4,RURAL,
30,18,118,OMEALCA,2665,4,RURAL,
30,15,119,ORIZABA,2666,2,URBANO(A),
30,15,119,ORIZABA,2667,2,URBANO(A),
30,15,119,ORIZABA,2668,2,URBANO(A),
30,15,119,ORIZABA,2669,2,URBANO(A),
30,15,119,ORIZABA,2670,2,URBANO(A),
30,15,119,ORIZABA,2671,2,URBANO(A),
30,15,119,ORIZABA,2672,2,URBANO(A),
30,15,119,ORIZABA,2673,2,URBANO(A),
30,15,119,ORIZABA,2674,2,URBANO(A),
30,15,119,ORIZABA,2675,2,URBANO(A),
30,15,119,ORIZABA,2676,2,URBANO(A),
30,15,119,ORIZABA,2677,2,URBANO(A),
30,15,119,ORIZABA,2678,2,URBANO(A),
30,15,119,ORIZABA,2679,2,URBANO(A),
30,15,119,ORIZABA,2680,2,URBANO(A),
30,15,119,ORIZABA,2681,2,URBANO(A),
30,15,119,ORIZABA,2682,2,URBANO(A),
30,15,119,ORIZABA,2683,2,URBANO(A),
30,15,119,ORIZABA,2684,2,URBANO(A),
30,15,119,ORIZABA,2685,2,URBANO(A),
30,15,119,ORIZABA,2686,2,URBANO(A),
30,15,119,ORIZABA,2687,2,URBANO(A),
30,15,119,ORIZABA,2688,2,URBANO(A),
30,15,119,ORIZABA,2689,2,URBANO(A),
30,15,119,ORIZABA,2690,2,URBANO(A),
30,15,119,ORIZABA,2691,2,URBANO(A),
30,15,119,ORIZABA,2692,2,URBANO(A),
30,15,119,ORIZABA,2693,2,URBANO(A),
30,15,119,ORIZABA,2694,2,URBANO(A),
30,15,119,ORIZABA,2695,2,URBANO(A),
30,15,119,ORIZABA,2696,2,URBANO(A),
30,15,119,ORIZABA,2697,2,URBANO(A),
30,15,119,ORIZABA,2698,2,URBANO(A),
30,15,119,ORIZABA,2699,2,URBANO(A),
30,15,119,ORIZABA,2700,2,URBANO(A),
30,15,119,ORIZABA,2701,2,URBANO(A),
30,15,119,ORIZABA,2702,2,URBANO(A),
30,15,119,ORIZABA,2703,2,URBANO(A),
30,15,119,ORIZABA,2704,2,URBANO(A),
30,15,119,ORIZABA,2705,2,URBANO(A),
30,15,119,ORIZABA,2706,2,URBANO(A),
30,15,119,ORIZABA,2707,2,URBANO(A),
30,15,119,ORIZABA,2708,2,URBANO(A),
30,15,119,ORIZABA,2709,2,URBANO(A),
30,15,119,ORIZABA,2710,2,URBANO(A),
30,15,119,ORIZABA,2711,2,URBANO(A),
30,15,119,ORIZABA,2712,2,URBANO(A),
30,15,119,ORIZABA,2713,2,URBANO(A),
30,15,119,ORIZABA,2714,2,URBANO(A),
30,15,119,ORIZABA,2715,2,URBANO(A),
30,15,119,ORIZABA,2716,2,URBANO(A),
30,15,119,ORIZABA,2717,2,URBANO(A),
30,15,119,ORIZABA,2718,2,URBANO(A),
30,15,119,ORIZABA,2719,2,URBANO(A),
30,15,119,ORIZABA,2720,2,URBANO(A),
30,15,119,ORIZABA,2721,2,URBANO(A),
30,15,119,ORIZABA,2722,2,URBANO(A),
30,15,119,ORIZABA,2723,2,URBANO(A),
30,15,119,ORIZABA,2724,2,URBANO(A),
30,15,119,ORIZABA,2725,2,URBANO(A),
30,15,119,ORIZABA,2726,2,URBANO(A),
30,15,119,ORIZABA,2727,2,URBANO(A),
30,15,119,ORIZABA,2728,2,URBANO(A),
30,15,119,ORIZABA,2729,2,URBANO(A),
30,15,119,ORIZABA,2730,2,URBANO(A),
30,15,119,ORIZABA,2731,2,URBANO(A),
30,15,119,ORIZABA,2732,2,URBANO(A),
30,15,119,ORIZABA,2733,2,URBANO(A),
30,15,119,ORIZABA,2734,2,URBANO(A),
30,15,119,ORIZABA,2735,2,URBANO(A),
30,15,119,ORIZABA,2736,2,URBANO(A),
30,15,119,ORIZABA,2737,2,URBANO(A),
30,15,119,ORIZABA,2738,2,URBANO(A),
30,15,119,ORIZABA,2739,2,URBANO(A),
30,15,119,ORIZABA,2740,2,URBANO(A),
30,15,119,ORIZABA,2741,2,URBANO(A),
30,15,119,ORIZABA,2742,2,URBANO(A),
30,15,119,ORIZABA,2743,2,URBANO(A),
30,15,119,ORIZABA,2744,2,URBANO(A),
30,15,119,ORIZABA,2745,2,URBANO(A),
30,15,119,ORIZABA,2746,2,URBANO(A),
30,15,119,ORIZABA,2747,2,URBANO(A),
30,15,119,ORIZABA,2748,2,URBANO(A),
30,15,119,ORIZABA,2749,2,URBANO(A),
30,15,119,ORIZABA,2750,2,URBANO(A),
30,15,119,ORIZABA,2751,2,URBANO(A),
30,15,119,ORIZABA,2752,2,URBANO(A),
30,15,119,ORIZABA,2753,2,URBANO(A),
30,15,119,ORIZABA,2754,2,URBANO(A),
30,15,119,ORIZABA,2755,2,URBANO(A),
30,15,119,ORIZABA,2756,2,URBANO(A),
30,15,119,ORIZABA,2757,2,URBANO(A),
30,15,119,ORIZABA,2758,2,URBANO(A),
30,15,119,ORIZABA,2759,2,URBANO(A),
30,15,119,ORIZABA,2760,2,URBANO(A),
30,15,119,ORIZABA,2761,2,URBANO(A),
30,15,119,ORIZABA,2762,2,URBANO(A),
30,15,119,ORIZABA,2763,2,URBANO(A),
30,17,120,OTATITLAN,2764,3,MIXTO(A),
30,17,120,OTATITLAN,2765,2,URBANO(A),
30,17,120,OTATITLAN,2766,2,URBANO(A),
30,17,120,OTATITLAN,2767,3,MIXTO(A),
30,17,120,OTATITLAN,2769,4,RURAL,
30,14,121,OTEAPAN,2770,2,URBANO(A),
30,14,121,OTEAPAN,2771,2,URBANO(A),
30,14,121,OTEAPAN,2772,2,URBANO(A),
30,14,121,OTEAPAN,2773,2,URBANO(A),
30,14,121,OTEAPAN,2774,3,MIXTO(A),
30,14,121,OTEAPAN,2775,2,URBANO(A),
30,1,122,OZULUAMA,2776,3,MIXTO(A),
30,1,122,OZULUAMA,2777,3,MIXTO(A),
30,1,122,OZULUAMA,2778,4,RURAL,
30,1,122,OZULUAMA,2779,4,RURAL,
30,1,122,OZULUAMA,2780,4,RURAL,
30,1,122,OZULUAMA,2781,4,RURAL,
30,1,122,OZULUAMA,2782,4,RURAL,
30,1,122,OZULUAMA,2783,4,RURAL,
30,1,122,OZULUAMA,2784,4,RURAL,
30,1,122,OZULUAMA,2785,4,RURAL,
30,1,122,OZULUAMA,2786,4,RURAL,
30,1,122,OZULUAMA,2787,4,RURAL,
30,1,122,OZULUAMA,2788,4,RURAL,
30,1,122,OZULUAMA,2789,4,RURAL,
30,1,122,OZULUAMA,2790,3,MIXTO(A),
30,1,122,OZULUAMA,2791,4,RURAL,
30,1,122,OZULUAMA,2792,4,RURAL,
30,1,122,OZULUAMA,2793,4,RURAL,
30,1,122,OZULUAMA,2794,4,RURAL,
30,1,122,OZULUAMA,2795,4,RURAL,
30,1,122,OZULUAMA,2796,4,RURAL,
30,1,122,OZULUAMA,2797,4,RURAL,
30,1,122,OZULUAMA,2798,4,RURAL,
30,1,122,OZULUAMA,2799,4,RURAL,
30,1,122,OZULUAMA,2800,4,RURAL,
30,1,122,OZULUAMA,2801,4,RURAL,
30,1,122,OZULUAMA,2802,4,RURAL,
30,1,122,OZULUAMA,2803,4,RURAL,
30,1,122,OZULUAMA,2804,4,RURAL,
30,19,123,PAJAPAN,2805,2,URBANO(A),
30,19,123,PAJAPAN,2806,2,URBANO(A),
30,19,123,PAJAPAN,2807,2,URBANO(A),
30,19,123,PAJAPAN,2808,3,MIXTO(A),
30,19,123,PAJAPAN,2809,4,RURAL,
30,19,123,PAJAPAN,2810,4,RURAL,
30,19,123,PAJAPAN,2811,4,RURAL,
30,19,123,PAJAPAN,2812,4,RURAL,
30,19,123,PAJAPAN,2813,4,RURAL,
30,1,124,PANUCO,2814,2,URBANO(A),
30,1,124,PANUCO,2815,2,URBANO(A),
30,1,124,PANUCO,2816,2,URBANO(A),
30,1,124,PANUCO,2817,2,URBANO(A),
30,1,124,PANUCO,2818,2,URBANO(A),
30,1,124,PANUCO,2819,2,URBANO(A),
30,1,124,PANUCO,2820,2,URBANO(A),
30,1,124,PANUCO,2821,2,URBANO(A),
30,1,124,PANUCO,2822,2,URBANO(A),
30,1,124,PANUCO,2823,2,URBANO(A),
30,1,124,PANUCO,2824,2,URBANO(A),
30,1,124,PANUCO,2825,2,URBANO(A),
30,1,124,PANUCO,2826,2,URBANO(A),
30,1,124,PANUCO,2827,2,URBANO(A),
30,1,124,PANUCO,2828,2,URBANO(A),
30,1,124,PANUCO,2829,2,URBANO(A),
30,1,124,PANUCO,2830,2,URBANO(A),
30,1,124,PANUCO,2831,2,URBANO(A),
30,1,124,PANUCO,2832,2,URBANO(A),
30,1,124,PANUCO,2833,2,URBANO(A),
30,1,124,PANUCO,2834,2,URBANO(A),
30,1,124,PANUCO,2835,2,URBANO(A),
30,1,124,PANUCO,2836,2,URBANO(A),
30,1,124,PANUCO,2837,2,URBANO(A),
30,1,124,PANUCO,2838,3,MIXTO(A),
30,1,124,PANUCO,2839,3,MIXTO(A),
30,1,124,PANUCO,2840,4,RURAL,
30,1,124,PANUCO,2841,4,RURAL,
30,1,124,PANUCO,2842,4,RURAL,
30,1,124,PANUCO,2843,4,RURAL,
30,1,124,PANUCO,2844,4,RURAL,
30,1,124,PANUCO,2845,4,RURAL,
30,1,124,PANUCO,2846,4,RURAL,
30,1,124,PANUCO,2847,4,RURAL,
30,1,124,PANUCO,2848,4,RURAL,
30,1,124,PANUCO,2849,4,RURAL,
30,1,124,PANUCO,2850,4,RURAL,
30,1,124,PANUCO,2851,4,RURAL,
30,1,124,PANUCO,2852,4,RURAL,
30,1,124,PANUCO,2853,4,RURAL,
30,1,124,PANUCO,2854,4,RURAL,
30,1,124,PANUCO,2855,4,RURAL,
30,1,124,PANUCO,2856,4,RURAL,
30,1,124,PANUCO,2857,4,RURAL,
30,1,124,PANUCO,2858,4,RURAL,
30,1,124,PANUCO,2859,3,MIXTO(A),
30,1,124,PANUCO,2860,3,MIXTO(A),
30,1,124,PANUCO,2861,2,URBANO(A),
30,1,124,PANUCO,2862,2,URBANO(A),
30,1,124,PANUCO,2863,2,URBANO(A),
30,1,124,PANUCO,2864,2,URBANO(A),
30,1,124,PANUCO,2865,2,URBANO(A),
30,1,124,PANUCO,2866,4,RURAL,
30,1,124,PANUCO,2867,4,RURAL,
30,1,124,PANUCO,2868,4,RURAL,
30,1,124,PANUCO,2869,2,URBANO(A),
30,1,124,PANUCO,2870,3,MIXTO(A),
30,1,124,PANUCO,2871,2,URBANO(A),
30,1,124,PANUCO,2872,4,RURAL,
30,1,124,PANUCO,2873,4,RURAL,
30,1,124,PANUCO,2874,4,RURAL,
30,1,124,PANUCO,2875,4,RURAL,
30,1,124,PANUCO,2876,4,RURAL,
30,1,124,PANUCO,2877,4,RURAL,
30,1,124,PANUCO,2878,4,RURAL,
30,1,124,PANUCO,2879,4,RURAL,
30,1,124,PANUCO,2880,4,RURAL,
30,1,124,PANUCO,2881,3,MIXTO(A),
30,1,124,PANUCO,2882,4,RURAL,
30,1,124,PANUCO,2883,4,RURAL,
30,1,124,PANUCO,2884,4,RURAL,
30,1,124,PANUCO,2885,4,RURAL,
30,1,124,PANUCO,2886,4,RURAL,
30,1,124,PANUCO,2887,4,RURAL,
30,1,124,PANUCO,2888,4,RURAL,
30,1,124,PANUCO,2889,4,RURAL,
30,1,124,PANUCO,2891,4,RURAL,
30,1,124,PANUCO,2892,4,RURAL,
30,1,124,PANUCO,2893,4,RURAL,
30,1,124,PANUCO,2894,4,RURAL,
30,1,124,PANUCO,2895,4,RURAL,
30,1,124,PANUCO,2896,4,RURAL,
30,1,124,PANUCO,2897,4,RURAL,
30,6,125,PAPANTLA,2898,2,URBANO(A),
30,6,125,PAPANTLA,2899,2,URBANO(A),
30,6,125,PAPANTLA,2900,2,URBANO(A),
30,6,125,PAPANTLA,2901,2,URBANO(A),
30,6,125,PAPANTLA,2902,2,URBANO(A),
30,6,125,PAPANTLA,2903,2,URBANO(A),
30,6,125,PAPANTLA,2904,2,URBANO(A),
30,6,125,PAPANTLA,2905,2,URBANO(A),
30,6,125,PAPANTLA,2906,2,URBANO(A),
30,6,125,PAPANTLA,2907,2,URBANO(A),
30,6,125,PAPANTLA,2908,2,URBANO(A),
30,6,125,PAPANTLA,2909,2,URBANO(A),
30,6,125,PAPANTLA,2910,2,URBANO(A),
30,6,125,PAPANTLA,2911,2,URBANO(A),
30,6,125,PAPANTLA,2912,2,URBANO(A),
30,6,125,PAPANTLA,2913,2,URBANO(A),
30,6,125,PAPANTLA,2914,2,URBANO(A),
30,6,125,PAPANTLA,2915,2,URBANO(A),
30,6,125,PAPANTLA,2916,2,URBANO(A),
30,6,125,PAPANTLA,2917,2,URBANO(A),
30,6,125,PAPANTLA,2918,2,URBANO(A),
30,6,125,PAPANTLA,2919,2,URBANO(A),
30,6,125,PAPANTLA,2920,2,URBANO(A),
30,6,125,PAPANTLA,2921,2,URBANO(A),
30,6,125,PAPANTLA,2922,2,URBANO(A),
30,6,125,PAPANTLA,2923,2,URBANO(A),
30,6,125,PAPANTLA,2924,2,URBANO(A),
30,6,125,PAPANTLA,2925,2,URBANO(A),
30,6,125,PAPANTLA,2926,4,RURAL,
30,6,125,PAPANTLA,2927,4,RURAL,
30,6,125,PAPANTLA,2928,4,RURAL,
30,6,125,PAPANTLA,2929,3,MIXTO(A),
30,6,125,PAPANTLA,2930,4,RURAL,
30,6,125,PAPANTLA,2931,4,RURAL,
30,6,125,PAPANTLA,2932,3,MIXTO(A),
30,6,125,PAPANTLA,2933,3,MIXTO(A),
30,6,125,PAPANTLA,2934,3,MIXTO(A),
30,6,125,PAPANTLA,2935,3,MIXTO(A),
30,6,125,PAPANTLA,2937,4,RURAL,
30,6,125,PAPANTLA,2938,4,RURAL,
30,6,125,PAPANTLA,2939,4,RURAL,
30,6,125,PAPANTLA,2940,4,RURAL,
30,6,125,PAPANTLA,2941,4,RURAL,
30,6,125,PAPANTLA,2942,4,RURAL,
30,6,125,PAPANTLA,2943,4,RURAL,
30,6,125,PAPANTLA,2944,3,MIXTO(A),
30,6,125,PAPANTLA,2945,4,RURAL,
30,6,125,PAPANTLA,2946,4,RURAL,
30,6,125,PAPANTLA,2947,4,RURAL,
30,6,125,PAPANTLA,2948,4,RURAL,
30,6,125,PAPANTLA,2949,4,RURAL,
30,6,125,PAPANTLA,2950,4,RURAL,
30,6,125,PAPANTLA,2951,3,MIXTO(A),
30,6,125,PAPANTLA,2952,4,RURAL,
30,6,125,PAPANTLA,2953,4,RURAL,
30,6,125,PAPANTLA,2954,4,RURAL,
30,6,125,PAPANTLA,2955,4,RURAL,
30,6,125,PAPANTLA,2956,3,MIXTO(A),
30,6,125,PAPANTLA,2957,4,RURAL,
30,6,125,PAPANTLA,2958,4,RURAL,
30,6,125,PAPANTLA,2959,4,RURAL,
30,6,125,PAPANTLA,2960,4,RURAL,
30,6,125,PAPANTLA,2961,4,RURAL,
30,6,125,PAPANTLA,2962,4,RURAL,
30,6,125,PAPANTLA,2963,4,RURAL,
30,6,125,PAPANTLA,2964,4,RURAL,
30,6,125,PAPANTLA,2965,4,RURAL,
30,6,125,PAPANTLA,2966,2,URBANO(A),
30,6,125,PAPANTLA,2967,2,URBANO(A),
30,6,125,PAPANTLA,2968,2,URBANO(A),
30,6,125,PAPANTLA,2969,2,URBANO(A),
30,6,125,PAPANTLA,2970,4,RURAL,
30,6,125,PAPANTLA,2971,4,RURAL,
30,6,125,PAPANTLA,2972,4,RURAL,
30,6,125,PAPANTLA,2973,4,RURAL,
30,6,125,PAPANTLA,2974,4,RURAL,
30,6,125,PAPANTLA,2975,4,RURAL,
30,6,125,PAPANTLA,2976,4,RURAL,
30,6,125,PAPANTLA,2977,4,RURAL,
30,6,125,PAPANTLA,2978,4,RURAL,
30,6,125,PAPANTLA,2979,4,RURAL,
30,6,125,PAPANTLA,2980,4,RURAL,
30,6,125,PAPANTLA,2981,4,RURAL,
30,6,125,PAPANTLA,2982,4,RURAL,
30,6,125,PAPANTLA,2983,4,RURAL,
30,6,125,PAPANTLA,2984,2,URBANO(A),
30,6,125,PAPANTLA,2985,2,URBANO(A),
30,6,125,PAPANTLA,2986,4,RURAL,
30,6,125,PAPANTLA,2987,4,RURAL,
30,6,125,PAPANTLA,2988,4,RURAL,
30,6,125,PAPANTLA,2989,4,RURAL,
30,13,126,PASO DEL MACHO,2990,2,URBANO(A),
30,13,126,PASO DEL MACHO,2991,3,MIXTO(A),
30,13,126,PASO DEL MACHO,2992,2,URBANO(A),
30,13,126,PASO DEL MACHO,2993,3,MIXTO(A),
30,13,126,PASO DEL MACHO,2994,2,URBANO(A),
30,13,126,PASO DEL MACHO,2995,2,URBANO(A),
30,13,126,PASO DEL MACHO,2996,4,RURAL,
30,13,126,PASO DEL MACHO,2997,4,RURAL,
30,13,126,PASO DEL MACHO,2998,4,RURAL,
30,13,126,PASO DEL MACHO,2999,4,RURAL,
30,13,126,PASO DEL MACHO,3000,4,RURAL,
30,13,126,PASO DEL MACHO,3001,4,RURAL,
30,13,126,PASO DEL MACHO,3002,4,RURAL,
30,13,126,PASO DEL MACHO,3003,4,RURAL,
30,8,127,PASO DE OVEJAS,3004,2,URBANO(A),
30,8,127,PASO DE OVEJAS,3005,2,URBANO(A),
30,8,127,PASO DE OVEJAS,3006,2,URBANO(A),
30,8,127,PASO DE OVEJAS,3007,2,URBANO(A),
30,8,127,PASO DE OVEJAS,3008,2,URBANO(A),
30,8,127,PASO DE OVEJAS,3009,3,MIXTO(A),
30,8,127,PASO DE OVEJAS,3010,4,RURAL,
30,8,127,PASO DE OVEJAS,3011,4,RURAL,
30,8,127,PASO DE OVEJAS,3012,4,RURAL,
30,8,127,PASO DE OVEJAS,3013,4,RURAL,
30,8,127,PASO DE OVEJAS,3014,4,RURAL,
30,8,127,PASO DE OVEJAS,3015,3,MIXTO(A),
30,8,127,PASO DE OVEJAS,3016,3,MIXTO(A),
30,8,127,PASO DE OVEJAS,3017,4,RURAL,
30,8,127,PASO DE OVEJAS,3018,4,RURAL,
30,8,127,PASO DE OVEJAS,3019,4,RURAL,
30,8,127,PASO DE OVEJAS,3020,4,RURAL,
30,8,127,PASO DE OVEJAS,3021,4,RURAL,
30,8,127,PASO DE OVEJAS,3022,4,RURAL,
30,8,127,PASO DE OVEJAS,3023,4,RURAL,
30,8,127,PASO DE OVEJAS,3024,2,URBANO(A),
30,8,127,PASO DE OVEJAS,3025,3,MIXTO(A),
30,8,127,PASO DE OVEJAS,3026,4,RURAL,
30,8,127,PASO DE OVEJAS,3027,4,RURAL,
30,15,128,LA PERLA,3028,2,URBANO(A),
30,15,128,LA PERLA,3029,4,RURAL,
30,15,128,LA PERLA,3030,4,RURAL,
30,15,128,LA PERLA,3031,4,RURAL,
30,15,128,LA PERLA,3032,4,RURAL,
30,15,128,LA PERLA,3034,4,RURAL,
30,15,128,LA PERLA,3035,4,RURAL,
30,9,129,PEROTE,3036,3,MIXTO(A),
30,9,129,PEROTE,3037,2,URBANO(A),
30,9,129,PEROTE,3038,2,URBANO(A),
30,9,129,PEROTE,3039,2,URBANO(A),
30,9,129,PEROTE,3040,2,URBANO(A),
30,9,129,PEROTE,3041,2,URBANO(A),
30,9,129,PEROTE,3042,2,URBANO(A),
30,9,129,PEROTE,3044,2,URBANO(A),
30,9,129,PEROTE,3045,2,URBANO(A),
30,9,129,PEROTE,3046,2,URBANO(A),
30,9,129,PEROTE,3047,2,URBANO(A),
30,9,129,PEROTE,3048,4,RURAL,
30,9,129,PEROTE,3049,4,RURAL,
30,9,129,PEROTE,3050,4,RURAL,
30,9,129,PEROTE,3051,2,URBANO(A),
30,9,129,PEROTE,3052,4,RURAL,
30,9,129,PEROTE,3053,4,RURAL,
30,9,129,PEROTE,3054,4,RURAL,
30,9,129,PEROTE,3055,4,RURAL,
30,9,129,PEROTE,3056,4,RURAL,
30,9,129,PEROTE,3057,4,RURAL,
30,9,129,PEROTE,3058,2,URBANO(A),
30,9,129,PEROTE,3059,3,MIXTO(A),
30,9,129,PEROTE,3060,4,RURAL,
30,9,129,PEROTE,3061,3,MIXTO(A),
30,9,129,PEROTE,3062,3,MIXTO(A),
30,9,129,PEROTE,3063,4,RURAL,
30,9,129,PEROTE,3064,4,RURAL,
30,9,129,PEROTE,3065,2,URBANO(A),
30,9,129,PEROTE,3066,2,URBANO(A),
30,1,130,PLATON SANCHEZ,3067,3,MIXTO(A),
30,1,130,PLATON SANCHEZ,3068,2,URBANO(A),
30,1,130,PLATON SANCHEZ,3069,2,URBANO(A),
30,1,130,PLATON SANCHEZ,3070,2,URBANO(A),
30,1,130,PLATON SANCHEZ,3071,2,URBANO(A),
30,1,130,PLATON SANCHEZ,3072,2,URBANO(A),
30,1,130,PLATON SANCHEZ,3073,4,RURAL,
30,1,130,PLATON SANCHEZ,3074,4,RURAL,
30,1,130,PLATON SANCHEZ,3075,4,RURAL,
30,1,130,PLATON SANCHEZ,3076,4,RURAL,
30,1,130,PLATON SANCHEZ,3077,4,RURAL,
30,1,130,PLATON SANCHEZ,3078,4,RURAL,
30,1,130,PLATON SANCHEZ,3079,4,RURAL,
30,1,130,PLATON SANCHEZ,3080,4,RURAL,
30,3,131,PLAYA VICENTE,3081,2,URBANO(A),
30,3,131,PLAYA VICENTE,3082,2,URBANO(A),
30,3,131,PLAYA VICENTE,3083,2,URBANO(A),
30,3,131,PLAYA VICENTE,3084,2,URBANO(A),
30,3,131,PLAYA VICENTE,3085,4,RURAL,
30,3,131,PLAYA VICENTE,3086,4,RURAL,
30,3,131,PLAYA VICENTE,3087,4,RURAL,
30,3,131,PLAYA VICENTE,3088,4,RURAL,
30,3,131,PLAYA VICENTE,3089,4,RURAL,
30,3,131,PLAYA VICENTE,3090,4,RURAL,
30,3,131,PLAYA VICENTE,3091,4,RURAL,
30,3,131,PLAYA VICENTE,3092,4,RURAL,
30,3,131,PLAYA VICENTE,3093,3,MIXTO(A),
30,3,131,PLAYA VICENTE,3094,3,MIXTO(A),
30,3,131,PLAYA VICENTE,3095,3,MIXTO(A),
30,3,131,PLAYA VICENTE,3096,2,URBANO(A),
30,3,131,PLAYA VICENTE,3097,2,URBANO(A),
30,3,131,PLAYA VICENTE,3098,4,RURAL,
30,3,131,PLAYA VICENTE,3099,4,RURAL,
30,3,212,SANTIAGO SOCHIAPAN,3100,3,MIXTO(A),
30,3,212,SANTIAGO SOCHIAPAN,3101,4,RURAL,
30,3,131,PLAYA VICENTE,3102,4,RURAL,
30,3,131,PLAYA VICENTE,3103,3,MIXTO(A),
30,3,131,PLAYA VICENTE,3104,2,URBANO(A),
30,3,131,PLAYA VICENTE,3105,4,RURAL,
30,3,131,PLAYA VICENTE,3106,4,RURAL,
30,3,212,SANTIAGO SOCHIAPAN,3107,4,RURAL,
30,3,212,SANTIAGO SOCHIAPAN,3108,4,RURAL,
30,5,132,POZA RICA DE HIDALGO,3109,2,URBANO(A),
30,5,132,POZA RICA DE HIDALGO,3110,2,URBANO(A),
30,5,132,POZA RICA DE HIDALGO,3111,2,URBANO(A),
30,5,132,POZA RICA DE HIDALGO,3112,2,URBANO(A),
30,5,132,POZA RICA DE HIDALGO,3113,2,URBANO(A),
30,5,132,POZA RICA DE HIDALGO,3114,2,URBANO(A),
30,5,132,POZA RICA DE HIDALGO,3115,2,URBANO(A),
30,5,132,POZA RICA DE HIDALGO,3116,2,URBANO(A),
30,5,132,POZA RICA DE HIDALGO,3117,2,URBANO(A),
30,5,132,POZA RICA DE HIDALGO,3118,2,URBANO(A),
30,5,132,POZA RICA DE HIDALGO,3119,2,URBANO(A),
30,5,132,POZA RICA DE HIDALGO,3120,2,URBANO(A),
30,5,132,POZA RICA DE HIDALGO,3121,2,URBANO(A),
30,5,132,POZA RICA DE HIDALGO,3122,2,URBANO(A),
30,5,132,POZA RICA DE HIDALGO,3123,2,URBANO(A),
30,5,132,POZA RICA DE HIDALGO,3124,2,URBANO(A),
30,5,132,POZA RICA DE HIDALGO,3125,2,URBANO(A),
30,5,132,POZA RICA DE HIDALGO,3126,2,URBANO(A),
30,5,132,POZA RICA DE HIDALGO,3127,2,URBANO(A),
30,5,132,POZA RICA DE HIDALGO,3128,2,URBANO(A),
30,5,132,POZA RICA DE HIDALGO,3129,2,URBANO(A),
30,5,132,POZA RICA DE HIDALGO,3130,2,URBANO(A),
30,5,132,POZA RICA DE HIDALGO,3131,2,URBANO(A),
30,5,132,POZA RICA DE HIDALGO,3132,2,URBANO(A),
30,5,132,POZA RICA DE HIDALGO,3133,2,URBANO(A),
30,5,132,POZA RICA DE HIDALGO,3134,2,URBANO(A),
30,5,132,POZA RICA DE HIDALGO,3135,2,URBANO(A),
30,5,132,POZA RICA DE HIDALGO,3136,2,URBANO(A),
30,5,132,POZA RICA DE HIDALGO,3137,2,URBANO(A),
30,5,132,POZA RICA DE HIDALGO,3138,2,URBANO(A),
30,5,132,POZA RICA DE HIDALGO,3139,2,URBANO(A),
30,5,132,POZA RICA DE HIDALGO,3140,2,URBANO(A),
30,5,132,POZA RICA DE HIDALGO,3141,2,URBANO(A),
30,5,132,POZA RICA DE HIDALGO,3142,2,URBANO(A),
30,5,132,POZA RICA DE HIDALGO,3143,2,URBANO(A),
30,5,132,POZA RICA DE HIDALGO,3144,2,URBANO(A),
30,5,132,POZA RICA DE HIDALGO,3145,2,URBANO(A),
30,5,132,POZA RICA DE HIDALGO,3146,2,URBANO(A),
30,5,132,POZA RICA DE HIDALGO,3147,2,URBANO(A),
30,5,132,POZA RICA DE HIDALGO,3148,2,URBANO(A),
30,5,132,POZA RICA DE HIDALGO,3149,2,URBANO(A),
30,5,132,POZA RICA DE HIDALGO,3150,2,URBANO(A),
30,5,132,POZA RICA DE HIDALGO,3151,2,URBANO(A),
30,5,132,POZA RICA DE HIDALGO,3152,2,URBANO(A),
30,5,132,POZA RICA DE HIDALGO,3153,2,URBANO(A),
30,5,132,POZA RICA DE HIDALGO,3154,2,URBANO(A),
30,5,132,POZA RICA DE HIDALGO,3155,2,URBANO(A),
30,5,132,POZA RICA DE HIDALGO,3156,2,URBANO(A),
30,5,132,POZA RICA DE HIDALGO,3157,2,URBANO(A),
30,5,132,POZA RICA DE HIDALGO,3158,2,URBANO(A),
30,5,132,POZA RICA DE HIDALGO,3159,2,URBANO(A),
30,5,132,POZA RICA DE HIDALGO,3160,2,URBANO(A),
30,5,132,POZA RICA DE HIDALGO,3161,2,URBANO(A),
30,5,132,POZA RICA DE HIDALGO,3162,2,URBANO(A),
30,5,132,POZA RICA DE HIDALGO,3163,2,URBANO(A),
30,5,132,POZA RICA DE HIDALGO,3164,2,URBANO(A),
30,5,132,POZA RICA DE HIDALGO,3165,2,URBANO(A),
30,5,132,POZA RICA DE HIDALGO,3166,2,URBANO(A),
30,5,132,POZA RICA DE HIDALGO,3167,2,URBANO(A),
30,5,132,POZA RICA DE HIDALGO,3168,2,URBANO(A),
30,5,132,POZA RICA DE HIDALGO,3169,2,URBANO(A),
30,5,132,POZA RICA DE HIDALGO,3170,2,URBANO(A),
30,5,132,POZA RICA DE HIDALGO,3171,2,URBANO(A),
30,5,132,POZA RICA DE HIDALGO,3172,2,URBANO(A),
30,5,132,POZA RICA DE HIDALGO,3173,2,URBANO(A),
30,5,132,POZA RICA DE HIDALGO,3174,2,URBANO(A),
30,5,132,POZA RICA DE HIDALGO,3175,2,URBANO(A),
30,5,132,POZA RICA DE HIDALGO,3176,2,URBANO(A),
30,5,132,POZA RICA DE HIDALGO,3177,2,URBANO(A),
30,5,132,POZA RICA DE HIDALGO,3178,2,URBANO(A),
30,5,132,POZA RICA DE HIDALGO,3179,2,URBANO(A),
30,5,132,POZA RICA DE HIDALGO,3180,2,URBANO(A),
30,5,132,POZA RICA DE HIDALGO,3181,2,URBANO(A),
30,5,132,POZA RICA DE HIDALGO,3182,2,URBANO(A),
30,5,132,POZA RICA DE HIDALGO,3183,2,URBANO(A),
30,5,132,POZA RICA DE HIDALGO,3184,2,URBANO(A),
30,5,132,POZA RICA DE HIDALGO,3185,2,URBANO(A),
30,5,132,POZA RICA DE HIDALGO,3186,2,URBANO(A),
30,5,132,POZA RICA DE HIDALGO,3187,2,URBANO(A),
30,5,132,POZA RICA DE HIDALGO,3188,2,URBANO(A),
30,5,132,POZA RICA DE HIDALGO,3189,2,URBANO(A),
30,5,132,POZA RICA DE HIDALGO,3190,2,URBANO(A),
30,5,132,POZA RICA DE HIDALGO,3191,2,URBANO(A),
30,5,132,POZA RICA DE HIDALGO,3192,2,URBANO(A),
30,5,132,POZA RICA DE HIDALGO,3193,2,URBANO(A),
30,5,132,POZA RICA DE HIDALGO,3194,2,URBANO(A),
30,5,132,POZA RICA DE HIDALGO,3195,2,URBANO(A),
30,5,132,POZA RICA DE HIDALGO,3196,2,URBANO(A),
30,5,132,POZA RICA DE HIDALGO,3197,2,URBANO(A),
30,5,132,POZA RICA DE HIDALGO,3198,2,URBANO(A),
30,5,132,POZA RICA DE HIDALGO,3199,2,URBANO(A),
30,5,132,POZA RICA DE HIDALGO,3200,2,URBANO(A),
30,5,132,POZA RICA DE HIDALGO,3201,2,URBANO(A),
30,5,132,POZA RICA DE HIDALGO,3202,2,URBANO(A),
30,5,132,POZA RICA DE HIDALGO,3203,2,URBANO(A),
30,5,132,POZA RICA DE HIDALGO,3204,2,URBANO(A),
30,5,132,POZA RICA DE HIDALGO,3205,2,URBANO(A),
30,5,132,POZA RICA DE HIDALGO,3206,2,URBANO(A),
30,5,132,POZA RICA DE HIDALGO,3207,2,URBANO(A),
30,5,132,POZA RICA DE HIDALGO,3208,2,URBANO(A),
30,5,132,POZA RICA DE HIDALGO,3209,2,URBANO(A),
30,5,132,POZA RICA DE HIDALGO,3210,2,URBANO(A),
30,5,132,POZA RICA DE HIDALGO,3211,2,URBANO(A),
30,5,132,POZA RICA DE HIDALGO,3212,2,URBANO(A),
30,5,132,POZA RICA DE HIDALGO,3213,2,URBANO(A),
30,5,132,POZA RICA DE HIDALGO,3214,2,URBANO(A),
30,5,132,POZA RICA DE HIDALGO,3215,2,URBANO(A),
30,5,132,POZA RICA DE HIDALGO,3216,2,URBANO(A),
30,5,132,POZA RICA DE HIDALGO,3217,2,URBANO(A),
30,5,132,POZA RICA DE HIDALGO,3218,2,URBANO(A),
30,1,133,PUEBLO VIEJO,3219,2,URBANO(A),
30,1,133,PUEBLO VIEJO,3220,2,URBANO(A),
30,1,133,PUEBLO VIEJO,3221,2,URBANO(A),
30,1,133,PUEBLO VIEJO,3222,2,URBANO(A),
30,1,133,PUEBLO VIEJO,3223,2,URBANO(A),
30,1,133,PUEBLO VIEJO,3224,2,URBANO(A),
30,1,133,PUEBLO VIEJO,3225,2,URBANO(A),
30,1,133,PUEBLO VIEJO,3226,2,URBANO(A),
30,1,133,PUEBLO VIEJO,3227,2,URBANO(A),
30,1,133,PUEBLO VIEJO,3228,2,URBANO(A),
30,1,133,PUEBLO VIEJO,3229,2,URBANO(A),
30,1,133,PUEBLO VIEJO,3230,2,URBANO(A),
30,1,133,PUEBLO VIEJO,3231,2,URBANO(A),
30,1,133,PUEBLO VIEJO,3232,3,MIXTO(A),
30,1,133,PUEBLO VIEJO,3233,3,MIXTO(A),
30,1,133,PUEBLO VIEJO,3234,4,RURAL,
30,1,133,PUEBLO VIEJO,3235,2,URBANO(A),
30,1,133,PUEBLO VIEJO,3236,2,URBANO(A),
30,1,133,PUEBLO VIEJO,3237,2,URBANO(A),
30,1,133,PUEBLO VIEJO,3238,2,URBANO(A),
30,1,133,PUEBLO VIEJO,3239,2,URBANO(A),
30,1,133,PUEBLO VIEJO,3240,2,URBANO(A),
30,1,133,PUEBLO VIEJO,3241,2,URBANO(A),
30,1,133,PUEBLO VIEJO,3242,2,URBANO(A),
30,1,133,PUEBLO VIEJO,3243,2,URBANO(A),
30,1,133,PUEBLO VIEJO,3244,2,URBANO(A),
30,1,133,PUEBLO VIEJO,3245,4,RURAL,
30,1,133,PUEBLO VIEJO,3246,2,URBANO(A),
30,1,133,PUEBLO VIEJO,3247,2,URBANO(A),
30,1,133,PUEBLO VIEJO,3248,2,URBANO(A),
30,1,133,PUEBLO VIEJO,3249,2,URBANO(A),
30,1,133,PUEBLO VIEJO,3250,2,URBANO(A),
30,1,133,PUEBLO VIEJO,3251,3,MIXTO(A),
30,1,133,PUEBLO VIEJO,3252,2,URBANO(A),
30,1,133,PUEBLO VIEJO,3253,2,URBANO(A),
30,1,133,PUEBLO VIEJO,3254,4,RURAL,
30,1,133,PUEBLO VIEJO,3255,4,RURAL,
30,1,133,PUEBLO VIEJO,3256,4,RURAL,
30,1,133,PUEBLO VIEJO,3257,4,RURAL,
30,1,133,PUEBLO VIEJO,3258,4,RURAL,
30,8,134,PUENTE NACIONAL,3259,3,MIXTO(A),
30,8,134,PUENTE NACIONAL,3260,4,RURAL,
30,8,134,PUENTE NACIONAL,3261,3,MIXTO(A),
30,8,134,PUENTE NACIONAL,3262,2,URBANO(A),
30,8,134,PUENTE NACIONAL,3263,3,MIXTO(A),
30,8,134,PUENTE NACIONAL,3264,4,RURAL,
30,8,134,PUENTE NACIONAL,3265,3,MIXTO(A),
30,8,134,PUENTE NACIONAL,3266,4,RURAL,
30,8,134,PUENTE NACIONAL,3267,3,MIXTO(A),
30,8,134,PUENTE NACIONAL,3268,4,RURAL,
30,8,134,PUENTE NACIONAL,3269,4,RURAL,
30,8,134,PUENTE NACIONAL,3270,4,RURAL,
30,8,134,PUENTE NACIONAL,3271,4,RURAL,
30,8,134,PUENTE NACIONAL,3272,4,RURAL,
30,8,134,PUENTE NACIONAL,3273,4,RURAL,
30,18,135,RAFAEL DELGADO,3274,2,URBANO(A),
30,18,135,RAFAEL DELGADO,3275,2,URBANO(A),
30,18,135,RAFAEL DELGADO,3276,2,URBANO(A),
30,18,135,RAFAEL DELGADO,3277,2,URBANO(A),
30,18,135,RAFAEL DELGADO,3278,2,URBANO(A),
30,18,135,RAFAEL DELGADO,3279,2,URBANO(A),
30,18,135,RAFAEL DELGADO,3280,3,MIXTO(A),
30,18,135,RAFAEL DELGADO,3281,2,URBANO(A),
30,18,135,RAFAEL DELGADO,3282,4,RURAL,
30,9,136,RAFAEL LUCIO,3283,3,MIXTO(A),
30,9,136,RAFAEL LUCIO,3284,3,MIXTO(A),
30,9,136,RAFAEL LUCIO,3285,4,RURAL,
30,9,137,LAS VIGAS DE RAMIREZ,3286,2,URBANO(A),
30,9,137,LAS VIGAS DE RAMIREZ,3287,3,MIXTO(A),
30,9,137,LAS VIGAS DE RAMIREZ,3288,3,MIXTO(A),
30,9,137,LAS VIGAS DE RAMIREZ,3289,3,MIXTO(A),
30,9,137,LAS VIGAS DE RAMIREZ,3290,4,RURAL,
30,9,137,LAS VIGAS DE RAMIREZ,3291,4,RURAL,
30,9,137,LAS VIGAS DE RAMIREZ,3292,4,RURAL,
30,9,137,LAS VIGAS DE RAMIREZ,3293,4,RURAL,
30,18,138,LOS REYES,3294,3,MIXTO(A),
30,18,138,LOS REYES,3295,4,RURAL,
30,18,138,LOS REYES,3296,4,RURAL,
30,15,139,RIO BLANCO,3297,2,URBANO(A),
30,15,139,RIO BLANCO,3298,2,URBANO(A),
30,15,139,RIO BLANCO,3299,3,MIXTO(A),
30,15,139,RIO BLANCO,3300,2,URBANO(A),
30,15,139,RIO BLANCO,3301,2,URBANO(A),
30,15,139,RIO BLANCO,3302,2,URBANO(A),
30,15,139,RIO BLANCO,3303,2,URBANO(A),
30,15,139,RIO BLANCO,3304,2,URBANO(A),
30,15,139,RIO BLANCO,3305,2,URBANO(A),
30,15,139,RIO BLANCO,3306,2,URBANO(A),
30,15,139,RIO BLANCO,3307,2,URBANO(A),
30,15,139,RIO BLANCO,3308,2,URBANO(A),
30,15,139,RIO BLANCO,3309,2,URBANO(A),
30,15,139,RIO BLANCO,3310,2,URBANO(A),
30,15,139,RIO BLANCO,3311,2,URBANO(A),
30,15,139,RIO BLANCO,3312,2,URBANO(A),
30,15,139,RIO BLANCO,3313,2,URBANO(A),
30,15,139,RIO BLANCO,3314,2,URBANO(A),
30,15,139,RIO BLANCO,3315,2,URBANO(A),
30,15,139,RIO BLANCO,3316,2,URBANO(A),
30,15,139,RIO BLANCO,3317,2,URBANO(A),
30,15,139,RIO BLANCO,3318,2,URBANO(A),
30,15,139,RIO BLANCO,3319,2,URBANO(A),
30,15,139,RIO BLANCO,3320,2,URBANO(A),
30,17,140,SALTABARRANCA,3321,3,MIXTO(A),
30,17,140,SALTABARRANCA,3322,2,URBANO(A),
30,17,140,SALTABARRANCA,3323,3,MIXTO(A),
30,17,140,SALTABARRANCA,3324,4,RURAL,
30,17,140,SALTABARRANCA,3325,4,RURAL,
30,18,141,SAN ANDRES TENEJAPAN,3326,3,MIXTO(A),
30,18,141,SAN ANDRES TENEJAPAN,3327,4,RURAL,
30,19,142,SAN ANDRES TUXTLA,3328,2,URBANO(A),
30,19,142,SAN ANDRES TUXTLA,3329,3,MIXTO(A),
30,19,142,SAN ANDRES TUXTLA,3330,3,MIXTO(A),
30,19,142,SAN ANDRES TUXTLA,3331,2,URBANO(A),
30,19,142,SAN ANDRES TUXTLA,3332,2,URBANO(A),
30,19,142,SAN ANDRES TUXTLA,3333,2,URBANO(A),
30,19,142,SAN ANDRES TUXTLA,3334,2,URBANO(A),
30,19,142,SAN ANDRES TUXTLA,3335,2,URBANO(A),
30,19,142,SAN ANDRES TUXTLA,3336,2,URBANO(A),
30,19,142,SAN ANDRES TUXTLA,3337,2,URBANO(A),
30,19,142,SAN ANDRES TUXTLA,3338,2,URBANO(A),
30,19,142,SAN ANDRES TUXTLA,3339,2,URBANO(A),
30,19,142,SAN ANDRES TUXTLA,3340,2,URBANO(A),
30,19,142,SAN ANDRES TUXTLA,3341,2,URBANO(A),
30,19,142,SAN ANDRES TUXTLA,3342,2,URBANO(A),
30,19,142,SAN ANDRES TUXTLA,3343,2,URBANO(A),
30,19,142,SAN ANDRES TUXTLA,3344,2,URBANO(A),
30,19,142,SAN ANDRES TUXTLA,3345,2,URBANO(A),
30,19,142,SAN ANDRES TUXTLA,3346,2,URBANO(A),
30,19,142,SAN ANDRES TUXTLA,3347,2,URBANO(A),
30,19,142,SAN ANDRES TUXTLA,3348,2,URBANO(A),
30,19,142,SAN ANDRES TUXTLA,3349,2,URBANO(A),
30,19,142,SAN ANDRES TUXTLA,3350,2,URBANO(A),
30,19,142,SAN ANDRES TUXTLA,3351,2,URBANO(A),
30,19,142,SAN ANDRES TUXTLA,3352,2,URBANO(A),
30,19,142,SAN ANDRES TUXTLA,3353,2,URBANO(A),
30,19,142,SAN ANDRES TUXTLA,3354,2,URBANO(A),
30,19,142,SAN ANDRES TUXTLA,3355,2,URBANO(A),
30,19,142,SAN ANDRES TUXTLA,3356,2,URBANO(A),
30,19,142,SAN ANDRES TUXTLA,3357,2,URBANO(A),
30,19,142,SAN ANDRES TUXTLA,3358,4,RURAL,
30,19,142,SAN ANDRES TUXTLA,3359,4,RURAL,
30,19,142,SAN ANDRES TUXTLA,3360,4,RURAL,
30,19,142,SAN ANDRES TUXTLA,3361,4,RURAL,
30,19,142,SAN ANDRES TUXTLA,3362,4,RURAL,
30,19,142,SAN ANDRES TUXTLA,3363,4,RURAL,
30,19,142,SAN ANDRES TUXTLA,3364,4,RURAL,
30,19,142,SAN ANDRES TUXTLA,3366,4,RURAL,
30,19,142,SAN ANDRES TUXTLA,3367,4,RURAL,
30,19,142,SAN ANDRES TUXTLA,3368,4,RURAL,
30,19,142,SAN ANDRES TUXTLA,3369,4,RURAL,
30,19,142,SAN ANDRES TUXTLA,3370,4,RURAL,
30,19,142,SAN ANDRES TUXTLA,3371,3,MIXTO(A),
30,19,142,SAN ANDRES TUXTLA,3372,2,URBANO(A),
30,19,142,SAN ANDRES TUXTLA,3373,2,URBANO(A),
30,19,142,SAN ANDRES TUXTLA,3374,2,URBANO(A),
30,19,142,SAN ANDRES TUXTLA,3375,4,RURAL,
30,19,142,SAN ANDRES TUXTLA,3376,4,RURAL,
30,19,142,SAN ANDRES TUXTLA,3377,4,RURAL,
30,19,142,SAN ANDRES TUXTLA,3378,3,MIXTO(A),
30,19,142,SAN ANDRES TUXTLA,3379,4,RURAL,
30,19,142,SAN ANDRES TUXTLA,3380,4,RURAL,
30,19,142,SAN ANDRES TUXTLA,3381,3,MIXTO(A),
30,19,142,SAN ANDRES TUXTLA,3382,3,MIXTO(A),
30,19,142,SAN ANDRES TUXTLA,3383,2,URBANO(A),
30,19,142,SAN ANDRES TUXTLA,3384,3,MIXTO(A),
30,19,142,SAN ANDRES TUXTLA,3385,4,RURAL,
30,19,142,SAN ANDRES TUXTLA,3386,4,RURAL,
30,19,142,SAN ANDRES TUXTLA,3387,4,RURAL,
30,19,142,SAN ANDRES TUXTLA,3388,4,RURAL,
30,19,142,SAN ANDRES TUXTLA,3389,2,URBANO(A),
30,19,142,SAN ANDRES TUXTLA,3390,3,MIXTO(A),
30,19,142,SAN ANDRES TUXTLA,3391,4,RURAL,
30,19,142,SAN ANDRES TUXTLA,3392,4,RURAL,
30,19,142,SAN ANDRES TUXTLA,3393,4,RURAL,
30,19,142,SAN ANDRES TUXTLA,3394,4,RURAL,
30,19,142,SAN ANDRES TUXTLA,3395,4,RURAL,
30,19,142,SAN ANDRES TUXTLA,3396,4,RURAL,
30,19,142,SAN ANDRES TUXTLA,3397,4,RURAL,
30,19,142,SAN ANDRES TUXTLA,3398,4,RURAL,
30,19,142,SAN ANDRES TUXTLA,3399,4,RURAL,
30,19,142,SAN ANDRES TUXTLA,3400,4,RURAL,
30,19,142,SAN ANDRES TUXTLA,3401,4,RURAL,
30,19,142,SAN ANDRES TUXTLA,3402,4,RURAL,
30,19,142,SAN ANDRES TUXTLA,3403,4,RURAL,
30,19,142,SAN ANDRES TUXTLA,3404,4,RURAL,
30,19,142,SAN ANDRES TUXTLA,3405,4,RURAL,
30,19,142,SAN ANDRES TUXTLA,3406,4,RURAL,
30,19,142,SAN ANDRES TUXTLA,3407,4,RURAL,
30,19,142,SAN ANDRES TUXTLA,3408,4,RURAL,
30,3,143,SAN JUAN EVANGELISTA,3409,2,URBANO(A),
30,3,143,SAN JUAN EVANGELISTA,3410,2,URBANO(A),
30,3,143,SAN JUAN EVANGELISTA,3411,3,MIXTO(A),
30,3,143,SAN JUAN EVANGELISTA,3412,2,URBANO(A),
30,3,143,SAN JUAN EVANGELISTA,3413,4,RURAL,
30,3,143,SAN JUAN EVANGELISTA,3414,4,RURAL,
30,3,143,SAN JUAN EVANGELISTA,3415,4,RURAL,
30,3,143,SAN JUAN EVANGELISTA,3416,4,RURAL,
30,3,143,SAN JUAN EVANGELISTA,3417,4,RURAL,
30,3,143,SAN JUAN EVANGELISTA,3418,4,RURAL,
30,3,143,SAN JUAN EVANGELISTA,3419,4,RURAL,
30,3,143,SAN JUAN EVANGELISTA,3420,4,RURAL,
30,3,143,SAN JUAN EVANGELISTA,3421,3,MIXTO(A),
30,3,143,SAN JUAN EVANGELISTA,3422,2,URBANO(A),
30,3,143,SAN JUAN EVANGELISTA,3423,4,RURAL,
30,3,143,SAN JUAN EVANGELISTA,3424,4,RURAL,
30,3,143,SAN JUAN EVANGELISTA,3425,4,RURAL,
30,3,143,SAN JUAN EVANGELISTA,3426,2,URBANO(A),
30,3,143,SAN JUAN EVANGELISTA,3427,2,URBANO(A),
30,3,143,SAN JUAN EVANGELISTA,3428,4,RURAL,
30,3,143,SAN JUAN EVANGELISTA,3430,4,RURAL,
30,3,143,SAN JUAN EVANGELISTA,3431,4,RURAL,
30,3,143,SAN JUAN EVANGELISTA,3432,4,RURAL,
30,3,143,SAN JUAN EVANGELISTA,3433,4,RURAL,
30,3,143,SAN JUAN EVANGELISTA,3434,4,RURAL,
30,3,143,SAN JUAN EVANGELISTA,3435,4,RURAL,
30,3,143,SAN JUAN EVANGELISTA,3436,4,RURAL,
30,19,144,SANTIAGO TUXTLA,3437,2,URBANO(A),
30,19,144,SANTIAGO TUXTLA,3438,2,URBANO(A),
30,19,144,SANTIAGO TUXTLA,3439,2,URBANO(A),
30,19,144,SANTIAGO TUXTLA,3440,2,URBANO(A),
30,19,144,SANTIAGO TUXTLA,3441,2,URBANO(A),
30,19,144,SANTIAGO TUXTLA,3442,2,URBANO(A),
30,19,144,SANTIAGO TUXTLA,3443,2,URBANO(A),
30,19,144,SANTIAGO TUXTLA,3444,2,URBANO(A),
30,19,144,SANTIAGO TUXTLA,3445,2,URBANO(A),
30,19,144,SANTIAGO TUXTLA,3446,2,URBANO(A),
30,19,144,SANTIAGO TUXTLA,3447,3,MIXTO(A),
30,19,144,SANTIAGO TUXTLA,3448,3,MIXTO(A),
30,19,144,SANTIAGO TUXTLA,3449,4,RURAL,
30,19,144,SANTIAGO TUXTLA,3450,4,RURAL,
30,19,144,SANTIAGO TUXTLA,3451,4,RURAL,
30,19,144,SANTIAGO TUXTLA,3452,4,RURAL,
30,19,144,SANTIAGO TUXTLA,3453,4,RURAL,
30,19,144,SANTIAGO TUXTLA,3454,4,RURAL,
30,19,144,SANTIAGO TUXTLA,3455,3,MIXTO(A),
30,19,144,SANTIAGO TUXTLA,3456,3,MIXTO(A),
30,19,144,SANTIAGO TUXTLA,3457,3,MIXTO(A),
30,19,144,SANTIAGO TUXTLA,3458,2,URBANO(A),
30,19,144,SANTIAGO TUXTLA,3459,3,MIXTO(A),
30,19,144,SANTIAGO TUXTLA,3460,4,RURAL,
30,19,144,SANTIAGO TUXTLA,3461,4,RURAL,
30,19,144,SANTIAGO TUXTLA,3462,4,RURAL,
30,19,144,SANTIAGO TUXTLA,3463,4,RURAL,
30,19,144,SANTIAGO TUXTLA,3464,4,RURAL,
30,19,144,SANTIAGO TUXTLA,3465,4,RURAL,
30,19,144,SANTIAGO TUXTLA,3466,4,RURAL,
30,19,144,SANTIAGO TUXTLA,3467,4,RURAL,
30,19,144,SANTIAGO TUXTLA,3468,4,RURAL,
30,19,144,SANTIAGO TUXTLA,3469,4,RURAL,
30,19,144,SANTIAGO TUXTLA,3470,4,RURAL,
30,19,144,SANTIAGO TUXTLA,3471,4,RURAL,
30,19,144,SANTIAGO TUXTLA,3472,4,RURAL,
30,19,144,SANTIAGO TUXTLA,3473,4,RURAL,
30,19,144,SANTIAGO TUXTLA,3474,4,RURAL,
30,3,145,SAYULA DE ALEMAN,3475,2,URBANO(A),
30,3,145,SAYULA DE ALEMAN,3476,2,URBANO(A),
30,3,145,SAYULA DE ALEMAN,3477,2,URBANO(A),
30,3,145,SAYULA DE ALEMAN,3478,2,URBANO(A),
30,3,145,SAYULA DE ALEMAN,3479,2,URBANO(A),
30,3,145,SAYULA DE ALEMAN,3480,2,URBANO(A),
30,3,145,SAYULA DE ALEMAN,3481,4,RURAL,
30,3,145,SAYULA DE ALEMAN,3482,4,RURAL,
30,3,145,SAYULA DE ALEMAN,3483,4,RURAL,
30,3,145,SAYULA DE ALEMAN,3484,4,RURAL,
30,3,145,SAYULA DE ALEMAN,3485,2,URBANO(A),
30,3,145,SAYULA DE ALEMAN,3486,2,URBANO(A),
30,3,145,SAYULA DE ALEMAN,3487,4,RURAL,
30,3,145,SAYULA DE ALEMAN,3488,4,RURAL,
30,3,145,SAYULA DE ALEMAN,3489,4,RURAL,
30,3,145,SAYULA DE ALEMAN,3490,4,RURAL,
30,3,145,SAYULA DE ALEMAN,3491,4,RURAL,
30,3,145,SAYULA DE ALEMAN,3492,4,RURAL,
30,3,145,SAYULA DE ALEMAN,3493,4,RURAL,
30,3,146,SOCONUSCO,3494,2,URBANO(A),
30,3,146,SOCONUSCO,3495,2,URBANO(A),
30,3,146,SOCONUSCO,3496,2,URBANO(A),
30,3,146,SOCONUSCO,3497,4,RURAL,
30,3,146,SOCONUSCO,3498,4,RURAL,
30,3,146,SOCONUSCO,3499,4,RURAL,
30,3,146,SOCONUSCO,3500,4,RURAL,
30,3,146,SOCONUSCO,3501,4,RURAL,
30,13,147,SOCHIAPA,3502,3,MIXTO(A),
30,13,147,SOCHIAPA,3503,4,RURAL,
30,18,148,SOLEDAD ATZOMPA,3504,3,MIXTO(A),
30,18,148,SOLEDAD ATZOMPA,3505,4,RURAL,
30,18,148,SOLEDAD ATZOMPA,3506,4,RURAL,
30,18,148,SOLEDAD ATZOMPA,3507,4,RURAL,
30,18,148,SOLEDAD ATZOMPA,3508,4,RURAL,
30,18,148,SOLEDAD ATZOMPA,3509,4,RURAL,
30,18,148,SOLEDAD ATZOMPA,3510,4,RURAL,
30,18,148,SOLEDAD ATZOMPA,3511,4,RURAL,
30,18,148,SOLEDAD ATZOMPA,3512,4,RURAL,
30,13,149,SOLEDAD DE DOBLADO,3513,3,MIXTO(A),
30,13,149,SOLEDAD DE DOBLADO,3514,3,MIXTO(A),
30,13,149,SOLEDAD DE DOBLADO,3515,2,URBANO(A),
30,13,149,SOLEDAD DE DOBLADO,3516,2,URBANO(A),
30,13,149,SOLEDAD DE DOBLADO,3517,2,URBANO(A),
30,13,149,SOLEDAD DE DOBLADO,3518,2,URBANO(A),
30,13,149,SOLEDAD DE DOBLADO,3519,2,URBANO(A),
30,13,149,SOLEDAD DE DOBLADO,3520,3,MIXTO(A),
30,13,149,SOLEDAD DE DOBLADO,3521,2,URBANO(A),
30,13,149,SOLEDAD DE DOBLADO,3522,4,RURAL,
30,13,149,SOLEDAD DE DOBLADO,3523,4,RURAL,
30,13,149,SOLEDAD DE DOBLADO,3524,4,RURAL,
30,13,149,SOLEDAD DE DOBLADO,3525,4,RURAL,
30,13,149,SOLEDAD DE DOBLADO,3526,4,RURAL,
30,13,149,SOLEDAD DE DOBLADO,3527,4,RURAL,
30,13,149,SOLEDAD DE DOBLADO,3528,4,RURAL,
30,13,149,SOLEDAD DE DOBLADO,3529,4,RURAL,
30,19,150,SOTEAPAN,3530,2,URBANO(A),
30,19,150,SOTEAPAN,3531,2,URBANO(A),
30,19,150,SOTEAPAN,3532,4,RURAL,
30,19,210,TATAHUICAPAN DE JUAREZ,3534,4,RURAL,
30,19,210,TATAHUICAPAN DE JUAREZ,3535,4,RURAL,
30,19,150,SOTEAPAN,3536,4,RURAL,
30,19,150,SOTEAPAN,3537,4,RURAL,
30,19,150,SOTEAPAN,3538,4,RURAL,
30,19,150,SOTEAPAN,3539,4,RURAL,
30,19,150,SOTEAPAN,3540,4,RURAL,
30,19,150,SOTEAPAN,3541,4,RURAL,
30,19,150,SOTEAPAN,3542,4,RURAL,
30,1,151,TAMALIN,3543,3,MIXTO(A),
30,1,151,TAMALIN,3544,2,URBANO(A),
30,1,151,TAMALIN,3545,3,MIXTO(A),
30,1,151,TAMALIN,3546,4,RURAL,
30,1,151,TAMALIN,3547,4,RURAL,
30,1,151,TAMALIN,3548,4,RURAL,
30,1,151,TAMALIN,3549,4,RURAL,
30,1,151,TAMALIN,3550,4,RURAL,
30,5,152,TAMIAHUA,3551,2,URBANO(A),
30,5,152,TAMIAHUA,3552,2,URBANO(A),
30,5,152,TAMIAHUA,3553,2,URBANO(A),
30,5,152,TAMIAHUA,3554,2,URBANO(A),
30,5,152,TAMIAHUA,3555,4,RURAL,
30,5,152,TAMIAHUA,3556,4,RURAL,
30,5,152,TAMIAHUA,3557,4,RURAL,
30,5,152,TAMIAHUA,3558,4,RURAL,
30,5,152,TAMIAHUA,3559,4,RURAL,
30,5,152,TAMIAHUA,3560,4,RURAL,
30,5,152,TAMIAHUA,3561,4,RURAL,
30,5,152,TAMIAHUA,3562,4,RURAL,
30,5,152,TAMIAHUA,3563,4,RURAL,
30,5,152,TAMIAHUA,3564,4,RURAL,
30,5,152,TAMIAHUA,3565,4,RURAL,
30,5,152,TAMIAHUA,3566,4,RURAL,
30,5,152,TAMIAHUA,3567,4,RURAL,
30,5,152,TAMIAHUA,3568,4,RURAL,
30,5,152,TAMIAHUA,3569,4,RURAL,
30,5,152,TAMIAHUA,3570,4,RURAL,
30,5,152,TAMIAHUA,3571,4,RURAL,
30,1,153,TAMPICO ALTO,3572,2,URBANO(A),
30,1,153,TAMPICO ALTO,3573,3,MIXTO(A),
30,1,153,TAMPICO ALTO,3574,4,RURAL,
30,1,153,TAMPICO ALTO,3575,4,RURAL,
30,1,153,TAMPICO ALTO,3576,4,RURAL,
30,1,153,TAMPICO ALTO,3577,4,RURAL,
30,1,153,TAMPICO ALTO,3578,4,RURAL,
30,1,153,TAMPICO ALTO,3579,4,RURAL,
30,1,153,TAMPICO ALTO,3580,4,RURAL,
30,1,153,TAMPICO ALTO,3581,4,RURAL,
30,1,153,TAMPICO ALTO,3582,4,RURAL,
30,1,153,TAMPICO ALTO,3583,4,RURAL,
30,1,153,TAMPICO ALTO,3584,4,RURAL,
30,1,153,TAMPICO ALTO,3585,4,RURAL,
30,1,153,TAMPICO ALTO,3586,4,RURAL,
30,1,153,TAMPICO ALTO,3587,4,RURAL,
30,1,153,TAMPICO ALTO,3588,4,RURAL,
30,1,153,TAMPICO ALTO,3589,4,RURAL,
30,1,153,TAMPICO ALTO,3590,4,RURAL,
30,2,154,TANCOCO,3591,2,URBANO(A),
30,2,154,TANCOCO,3592,3,MIXTO(A),
30,2,154,TANCOCO,3593,4,RURAL,
30,2,154,TANCOCO,3594,4,RURAL,
30,2,154,TANCOCO,3595,4,RURAL,
30,2,154,TANCOCO,3596,4,RURAL,
30,2,154,TANCOCO,3597,4,RURAL,
30,1,155,TANTIMA,3598,3,MIXTO(A),
30,1,155,TANTIMA,3599,4,RURAL,
30,1,155,TANTIMA,3600,4,RURAL,
30,1,155,TANTIMA,3601,4,RURAL,
30,1,155,TANTIMA,3602,4,RURAL,
30,1,155,TANTIMA,3603,4,RURAL,
30,1,155,TANTIMA,3604,4,RURAL,
30,1,155,TANTIMA,3605,4,RURAL,
30,1,155,TANTIMA,3606,4,RURAL,
30,1,155,TANTIMA,3607,4,RURAL,
30,1,155,TANTIMA,3608,4,RURAL,
30,1,156,TANTOYUCA,3609,2,URBANO(A),
30,1,156,TANTOYUCA,3610,2,URBANO(A),
30,1,156,TANTOYUCA,3611,2,URBANO(A),
30,1,156,TANTOYUCA,3612,2,URBANO(A),
30,1,156,TANTOYUCA,3613,2,URBANO(A),
30,1,156,TANTOYUCA,3614,2,URBANO(A),
30,1,156,TANTOYUCA,3615,2,URBANO(A),
30,1,156,TANTOYUCA,3616,2,URBANO(A),
30,1,156,TANTOYUCA,3617,2,URBANO(A),
30,1,156,TANTOYUCA,3618,2,URBANO(A),
30,1,156,TANTOYUCA,3619,2,URBANO(A),
30,1,156,TANTOYUCA,3620,2,URBANO(A),
30,1,156,TANTOYUCA,3621,2,URBANO(A),
30,1,156,TANTOYUCA,3622,2,URBANO(A),
30,1,156,TANTOYUCA,3623,2,URBANO(A),
30,1,156,TANTOYUCA,3624,2,URBANO(A),
30,1,156,TANTOYUCA,3625,4,RURAL,
30,1,156,TANTOYUCA,3626,4,RURAL,
30,1,156,TANTOYUCA,3627,4,RURAL,
30,1,156,TANTOYUCA,3628,4,RURAL,
30,1,156,TANTOYUCA,3629,4,RURAL,
30,1,156,TANTOYUCA,3630,4,RURAL,
30,1,156,TANTOYUCA,3631,4,RURAL,
30,1,156,TANTOYUCA,3632,4,RURAL,
30,1,156,TANTOYUCA,3633,4,RURAL,
30,1,156,TANTOYUCA,3634,4,RURAL,
30,1,156,TANTOYUCA,3635,4,RURAL,
30,1,156,TANTOYUCA,3636,4,RURAL,
30,1,156,TANTOYUCA,3637,4,RURAL,
30,1,156,TANTOYUCA,3638,4,RURAL,
30,1,156,TANTOYUCA,3639,4,RURAL,
30,1,156,TANTOYUCA,3640,4,RURAL,
30,1,156,TANTOYUCA,3641,4,RURAL,
30,1,156,TANTOYUCA,3642,4,RURAL,
30,1,156,TANTOYUCA,3643,4,RURAL,
30,1,156,TANTOYUCA,3644,4,RURAL,
30,1,156,TANTOYUCA,3645,4,RURAL,
30,1,156,TANTOYUCA,3646,4,RURAL,
30,1,156,TANTOYUCA,3647,3,MIXTO(A),
30,1,156,TANTOYUCA,3648,4,RURAL,
30,1,156,TANTOYUCA,3649,4,RURAL,
30,1,156,TANTOYUCA,3650,4,RURAL,
30,1,156,TANTOYUCA,3651,4,RURAL,
30,1,156,TANTOYUCA,3652,4,RURAL,
30,1,156,TANTOYUCA,3653,4,RURAL,
30,1,156,TANTOYUCA,3654,4,RURAL,
30,1,156,TANTOYUCA,3655,4,RURAL,
30,1,156,TANTOYUCA,3656,4,RURAL,
30,1,156,TANTOYUCA,3657,4,RURAL,
30,1,156,TANTOYUCA,3658,4,RURAL,
30,1,156,TANTOYUCA,3659,4,RURAL,
30,1,156,TANTOYUCA,3660,4,RURAL,
30,1,156,TANTOYUCA,3661,4,RURAL,
30,1,156,TANTOYUCA,3662,4,RURAL,
30,1,156,TANTOYUCA,3663,4,RURAL,
30,1,156,TANTOYUCA,3664,4,RURAL,
30,1,156,TANTOYUCA,3665,4,RURAL,
30,1,156,TANTOYUCA,3666,4,RURAL,
30,1,156,TANTOYUCA,3667,4,RURAL,
30,1,156,TANTOYUCA,3668,4,RURAL,
30,9,157,TATATILA,3669,2,URBANO(A),
30,9,157,TATATILA,3670,4,RURAL,
30,9,157,TATATILA,3671,4,RURAL,
30,9,157,TATATILA,3672,4,RURAL,
30,6,158,TECOLUTLA,3673,2,URBANO(A),
30,6,158,TECOLUTLA,3674,2,URBANO(A),
30,6,158,TECOLUTLA,3676,4,RURAL,
30,6,158,TECOLUTLA,3677,3,MIXTO(A),
30,6,158,TECOLUTLA,3680,3,MIXTO(A),
30,6,158,TECOLUTLA,3681,4,RURAL,
30,6,158,TECOLUTLA,3682,4,RURAL,
30,6,158,TECOLUTLA,3683,4,RURAL,
30,6,158,TECOLUTLA,3684,4,RURAL,
30,6,158,TECOLUTLA,3685,4,RURAL,
30,6,158,TECOLUTLA,3686,4,RURAL,
30,6,158,TECOLUTLA,3687,4,RURAL,
30,6,158,TECOLUTLA,3688,2,URBANO(A),
30,6,158,TECOLUTLA,3690,4,RURAL,
30,6,158,TECOLUTLA,3691,4,RURAL,
30,6,158,TECOLUTLA,3692,4,RURAL,
30,6,158,TECOLUTLA,3693,4,RURAL,
30,6,158,TECOLUTLA,3694,3,MIXTO(A),
30,6,158,TECOLUTLA,3695,4,RURAL,
30,6,158,TECOLUTLA,3696,4,RURAL,
30,18,159,TEHUIPANGO,3699,3,MIXTO(A),
30,18,159,TEHUIPANGO,3700,3,MIXTO(A),
30,18,159,TEHUIPANGO,3702,4,RURAL,
30,18,159,TEHUIPANGO,3703,4,RURAL,
30,18,159,TEHUIPANGO,3704,4,RURAL,
30,18,159,TEHUIPANGO,3705,4,RURAL,
30,1,160,TEMPOAL,3706,2,URBANO(A),
30,1,160,TEMPOAL,3707,2,URBANO(A),
30,1,160,TEMPOAL,3708,2,URBANO(A),
30,1,160,TEMPOAL,3709,2,URBANO(A),
30,1,160,TEMPOAL,3710,2,URBANO(A),
30,1,160,TEMPOAL,3711,2,URBANO(A),
30,1,160,TEMPOAL,3712,2,URBANO(A),
30,1,160,TEMPOAL,3713,3,MIXTO(A),
30,1,160,TEMPOAL,3714,2,URBANO(A),
30,1,160,TEMPOAL,3715,4,RURAL,
30,1,160,TEMPOAL,3716,4,RURAL,
30,1,160,TEMPOAL,3717,4,RURAL,
30,1,160,TEMPOAL,3718,4,RURAL,
30,1,160,TEMPOAL,3719,4,RURAL,
30,1,160,TEMPOAL,3720,4,RURAL,
30,1,160,TEMPOAL,3721,4,RURAL,
30,1,160,TEMPOAL,3722,4,RURAL,
30,1,160,TEMPOAL,3723,3,MIXTO(A),
30,1,160,TEMPOAL,3724,3,MIXTO(A),
30,1,160,TEMPOAL,3725,4,RURAL,
30,1,160,TEMPOAL,3726,4,RURAL,
30,1,160,TEMPOAL,3727,4,RURAL,
30,1,160,TEMPOAL,3728,4,RURAL,
30,1,160,TEMPOAL,3729,4,RURAL,
30,1,160,TEMPOAL,3730,4,RURAL,
30,1,160,TEMPOAL,3731,4,RURAL,
30,1,160,TEMPOAL,3732,4,RURAL,
30,1,160,TEMPOAL,3733,4,RURAL,
30,1,160,TEMPOAL,3734,4,RURAL,
30,1,160,TEMPOAL,3735,4,RURAL,
30,8,161,TENAMPA,3736,3,MIXTO(A),
30,8,161,TENAMPA,3737,4,RURAL,
30,8,161,TENAMPA,3738,4,RURAL,
30,7,162,TENOCHTITLAN,3739,3,MIXTO(A),
30,7,162,TENOCHTITLAN,3740,3,MIXTO(A),
30,7,162,TENOCHTITLAN,3741,4,RURAL,
30,7,162,TENOCHTITLAN,3742,4,RURAL,
30,7,162,TENOCHTITLAN,3743,4,RURAL,
30,7,162,TENOCHTITLAN,3744,4,RURAL,
30,9,163,TEOCELO,3745,2,URBANO(A),
30,9,163,TEOCELO,3746,2,URBANO(A),
30,9,163,TEOCELO,3747,2,URBANO(A),
30,9,163,TEOCELO,3748,2,URBANO(A),
30,9,163,TEOCELO,3749,3,MIXTO(A),
30,9,163,TEOCELO,3750,4,RURAL,
30,9,163,TEOCELO,3751,4,RURAL,
30,9,163,TEOCELO,3752,4,RURAL,
30,9,163,TEOCELO,3753,4,RURAL,
30,13,164,TEPATLAXCO,3754,3,MIXTO(A),
30,13,164,TEPATLAXCO,3755,4,RURAL,
30,13,164,TEPATLAXCO,3756,4,RURAL,
30,8,165,TEPETLAN,3757,3,MIXTO(A),
30,8,165,TEPETLAN,3758,4,RURAL,
30,8,165,TEPETLAN,3759,4,RURAL,
30,8,165,TEPETLAN,3760,2,URBANO(A),
30,8,165,TEPETLAN,3761,4,RURAL,
30,8,165,TEPETLAN,3762,4,RURAL,
30,2,166,TEPETZINTLA,3763,2,URBANO(A),
30,2,166,TEPETZINTLA,3764,2,URBANO(A),
30,2,166,TEPETZINTLA,3765,4,RURAL,
30,2,166,TEPETZINTLA,3766,4,RURAL,
30,2,166,TEPETZINTLA,3767,4,RURAL,
30,2,166,TEPETZINTLA,3768,4,RURAL,
30,2,166,TEPETZINTLA,3769,4,RURAL,
30,2,166,TEPETZINTLA,3770,4,RURAL,
30,2,166,TEPETZINTLA,3771,4,RURAL,
30,18,167,TEQUILA,3772,3,MIXTO(A),
30,18,167,TEQUILA,3773,3,MIXTO(A),
30,18,167,TEQUILA,3774,4,RURAL,
30,18,167,TEQUILA,3775,4,RURAL,
30,18,167,TEQUILA,3776,4,RURAL,
30,18,167,TEQUILA,3777,4,RURAL,
30,18,167,TEQUILA,3778,4,RURAL,
30,18,167,TEQUILA,3779,4,RURAL,
30,17,168,JOSE AZUETA,3780,2,URBANO(A),
30,17,168,JOSE AZUETA,3781,3,MIXTO(A),
30,17,168,JOSE AZUETA,3782,3,MIXTO(A),
30,17,168,JOSE AZUETA,3783,2,URBANO(A),
30,17,168,JOSE AZUETA,3784,2,URBANO(A),
30,17,168,JOSE AZUETA,3785,2,URBANO(A),
30,17,168,JOSE AZUETA,3786,2,URBANO(A),
30,17,168,JOSE AZUETA,3787,4,RURAL,
30,17,168,JOSE AZUETA,3788,4,RURAL,
30,17,168,JOSE AZUETA,3789,4,RURAL,
30,17,168,JOSE AZUETA,3790,3,MIXTO(A),
30,17,168,JOSE AZUETA,3791,4,RURAL,
30,17,168,JOSE AZUETA,3792,3,MIXTO(A),
30,17,168,JOSE AZUETA,3793,3,MIXTO(A),
30,17,168,JOSE AZUETA,3794,4,RURAL,
30,17,168,JOSE AZUETA,3795,4,RURAL,
30,17,168,JOSE AZUETA,3796,4,RURAL,
30,17,168,JOSE AZUETA,3797,4,RURAL,
30,17,168,JOSE AZUETA,3798,4,RURAL,
30,2,169,TEXCATEPEC,3799,3,MIXTO(A),
30,2,169,TEXCATEPEC,3800,4,RURAL,
30,2,169,TEXCATEPEC,3801,4,RURAL,
30,2,169,TEXCATEPEC,3802,4,RURAL,
30,2,169,TEXCATEPEC,3803,4,RURAL,
30,18,170,TEXHUACAN,3804,3,MIXTO(A),
30,18,170,TEXHUACAN,3805,3,MIXTO(A),
30,18,170,TEXHUACAN,3806,4,RURAL,
30,18,170,TEXHUACAN,3807,4,RURAL,
30,14,171,TEXISTEPEC,3808,2,URBANO(A),
30,14,171,TEXISTEPEC,3809,2,URBANO(A),
30,14,171,TEXISTEPEC,3810,2,URBANO(A),
30,14,171,TEXISTEPEC,3811,2,URBANO(A),
30,14,171,TEXISTEPEC,3812,2,URBANO(A),
30,14,171,TEXISTEPEC,3813,2,URBANO(A),
30,14,171,TEXISTEPEC,3814,2,URBANO(A),
30,14,171,TEXISTEPEC,3815,4,RURAL,
30,14,171,TEXISTEPEC,3816,4,RURAL,
30,14,171,TEXISTEPEC,3817,4,RURAL,
30,14,171,TEXISTEPEC,3818,4,RURAL,
30,14,171,TEXISTEPEC,3819,4,RURAL,
30,14,171,TEXISTEPEC,3820,4,RURAL,
30,14,171,TEXISTEPEC,3821,4,RURAL,
30,14,171,TEXISTEPEC,3822,4,RURAL,
30,14,171,TEXISTEPEC,3823,4,RURAL,
30,18,172,TEZONAPA,3824,2,URBANO(A),
30,18,172,TEZONAPA,3825,3,MIXTO(A),
30,18,172,TEZONAPA,3826,2,URBANO(A),
30,18,172,TEZONAPA,3827,4,RURAL,
30,18,172,TEZONAPA,3828,4,RURAL,
30,18,172,TEZONAPA,3829,4,RURAL,
30,18,172,TEZONAPA,3830,4,RURAL,
30,18,172,TEZONAPA,3831,3,MIXTO(A),
30,18,172,TEZONAPA,3832,2,URBANO(A),
30,18,172,TEZONAPA,3833,2,URBANO(A),
30,18,172,TEZONAPA,3834,4,RURAL,
30,18,172,TEZONAPA,3835,4,RURAL,
30,18,172,TEZONAPA,3836,2,URBANO(A),
30,18,172,TEZONAPA,3837,2,URBANO(A),
30,18,172,TEZONAPA,3838,4,RURAL,
30,18,172,TEZONAPA,3839,4,RURAL,
30,18,172,TEZONAPA,3840,4,RURAL,
30,18,172,TEZONAPA,3841,4,RURAL,
30,18,172,TEZONAPA,3842,4,RURAL,
30,18,172,TEZONAPA,3843,4,RURAL,
30,18,172,TEZONAPA,3844,4,RURAL,
30,18,172,TEZONAPA,3845,4,RURAL,
30,18,172,TEZONAPA,3846,4,RURAL,
30,18,172,TEZONAPA,3847,4,RURAL,
30,18,172,TEZONAPA,3848,4,RURAL,
30,18,172,TEZONAPA,3849,4,RURAL,
30,18,172,TEZONAPA,3850,4,RURAL,
30,18,172,TEZONAPA,3851,4,RURAL,
30,18,172,TEZONAPA,3852,4,RURAL,
30,18,172,TEZONAPA,3853,4,RURAL,
30,18,172,TEZONAPA,3854,4,RURAL,
30,18,172,TEZONAPA,3855,4,RURAL,
30,18,172,TEZONAPA,3856,4,RURAL,
30,18,172,TEZONAPA,3857,4,RURAL,
30,18,172,TEZONAPA,3858,4,RURAL,
30,17,173,TIERRA BLANCA,3859,2,URBANO(A),
30,17,173,TIERRA BLANCA,3860,3,MIXTO(A),
30,17,173,TIERRA BLANCA,3861,3,MIXTO(A),
30,17,173,TIERRA BLANCA,3862,2,URBANO(A),
30,17,173,TIERRA BLANCA,3863,2,URBANO(A),
30,17,173,TIERRA BLANCA,3864,2,URBANO(A),
30,17,173,TIERRA BLANCA,3865,2,URBANO(A),
30,17,173,TIERRA BLANCA,3866,3,MIXTO(A),
30,17,173,TIERRA BLANCA,3867,2,URBANO(A),
30,17,173,TIERRA BLANCA,3868,2,URBANO(A),
30,17,173,TIERRA BLANCA,3869,2,URBANO(A),
30,17,173,TIERRA BLANCA,3870,2,URBANO(A),
30,17,173,TIERRA BLANCA,3871,2,URBANO(A),
30,17,173,TIERRA BLANCA,3872,2,URBANO(A),
30,17,173,TIERRA BLANCA,3873,2,URBANO(A),
30,17,173,TIERRA BLANCA,3874,2,URBANO(A),
30,17,173,TIERRA BLANCA,3875,2,URBANO(A),
30,17,173,TIERRA BLANCA,3876,2,URBANO(A),
30,17,173,TIERRA BLANCA,3877,2,URBANO(A),
30,17,173,TIERRA BLANCA,3878,2,URBANO(A),
30,17,173,TIERRA BLANCA,3879,2,URBANO(A),
30,17,173,TIERRA BLANCA,3880,2,URBANO(A),
30,17,173,TIERRA BLANCA,3881,2,URBANO(A),
30,17,173,TIERRA BLANCA,3882,2,URBANO(A),
30,17,173,TIERRA BLANCA,3883,2,URBANO(A),
30,17,173,TIERRA BLANCA,3884,2,URBANO(A),
30,17,173,TIERRA BLANCA,3885,3,MIXTO(A),
30,17,173,TIERRA BLANCA,3886,2,URBANO(A),
30,17,173,TIERRA BLANCA,3887,3,MIXTO(A),
30,17,173,TIERRA BLANCA,3888,4,RURAL,
30,17,173,TIERRA BLANCA,3889,4,RURAL,
30,17,173,TIERRA BLANCA,3890,4,RURAL,
30,17,173,TIERRA BLANCA,3891,4,RURAL,
30,17,173,TIERRA BLANCA,3892,4,RURAL,
30,17,173,TIERRA BLANCA,3893,4,RURAL,
30,17,173,TIERRA BLANCA,3894,4,RURAL,
30,17,173,TIERRA BLANCA,3895,4,RURAL,
30,17,173,TIERRA BLANCA,3896,4,RURAL,
30,17,173,TIERRA BLANCA,3897,4,RURAL,
30,17,173,TIERRA BLANCA,3898,4,RURAL,
30,17,173,TIERRA BLANCA,3899,3,MIXTO(A),
30,17,173,TIERRA BLANCA,3900,3,MIXTO(A),
30,17,173,TIERRA BLANCA,3901,4,RURAL,
30,17,173,TIERRA BLANCA,3902,4,RURAL,
30,17,173,TIERRA BLANCA,3903,4,RURAL,
30,17,173,TIERRA BLANCA,3904,4,RURAL,
30,17,173,TIERRA BLANCA,3905,4,RURAL,
30,17,173,TIERRA BLANCA,3906,4,RURAL,
30,17,173,TIERRA BLANCA,3907,4,RURAL,
30,17,173,TIERRA BLANCA,3908,4,RURAL,
30,17,173,TIERRA BLANCA,3909,4,RURAL,
30,17,173,TIERRA BLANCA,3910,4,RURAL,
30,17,173,TIERRA BLANCA,3911,4,RURAL,
30,17,173,TIERRA BLANCA,3912,4,RURAL,
30,17,173,TIERRA BLANCA,3913,4,RURAL,
30,17,173,TIERRA BLANCA,3914,4,RURAL,
30,17,173,TIERRA BLANCA,3915,4,RURAL,
30,17,173,TIERRA BLANCA,3916,4,RURAL,
30,17,173,TIERRA BLANCA,3917,4,RURAL,
30,17,173,TIERRA BLANCA,3918,4,RURAL,
30,17,173,TIERRA BLANCA,3919,4,RURAL,
30,17,173,TIERRA BLANCA,3920,4,RURAL,
30,17,173,TIERRA BLANCA,3921,4,RURAL,
30,17,173,TIERRA BLANCA,3922,4,RURAL,
30,17,173,TIERRA BLANCA,3923,4,RURAL,
30,17,173,TIERRA BLANCA,3924,4,RURAL,
30,17,173,TIERRA BLANCA,3925,4,RURAL,
30,5,174,TIHUATLAN,3926,3,MIXTO(A),
30,5,174,TIHUATLAN,3927,3,MIXTO(A),
30,5,174,TIHUATLAN,3928,3,MIXTO(A),
30,5,174,TIHUATLAN,3929,3,MIXTO(A),
30,5,174,TIHUATLAN,3930,3,MIXTO(A),
30,5,174,TIHUATLAN,3931,3,MIXTO(A),
30,5,174,TIHUATLAN,3932,3,MIXTO(A),
30,5,174,TIHUATLAN,3933,4,RURAL,
30,5,174,TIHUATLAN,3934,4,RURAL,
30,5,174,TIHUATLAN,3935,4,RURAL,
30,5,174,TIHUATLAN,3936,4,RURAL,
30,5,174,TIHUATLAN,3937,4,RURAL,
30,5,174,TIHUATLAN,3938,4,RURAL,
30,5,174,TIHUATLAN,3939,4,RURAL,
30,5,174,TIHUATLAN,3940,4,RURAL,
30,5,174,TIHUATLAN,3941,4,RURAL,
30,5,174,TIHUATLAN,3942,4,RURAL,
30,5,174,TIHUATLAN,3943,4,RURAL,
30,5,174,TIHUATLAN,3944,4,RURAL,
30,5,174,TIHUATLAN,3945,4,RURAL,
30,5,174,TIHUATLAN,3946,4,RURAL,
30,5,174,TIHUATLAN,3947,4,RURAL,
30,5,174,TIHUATLAN,3948,4,RURAL,
30,5,174,TIHUATLAN,3949,3,MIXTO(A),
30,5,174,TIHUATLAN,3950,4,RURAL,
30,5,174,TIHUATLAN,3951,4,RURAL,
30,5,174,TIHUATLAN,3952,4,RURAL,
30,5,174,TIHUATLAN,3953,4,RURAL,
30,5,174,TIHUATLAN,3954,3,MIXTO(A),
30,5,174,TIHUATLAN,3955,4,RURAL,
30,5,174,TIHUATLAN,3956,4,RURAL,
30,5,174,TIHUATLAN,3957,4,RURAL,
30,5,174,TIHUATLAN,3958,4,RURAL,
30,5,174,TIHUATLAN,3959,3,MIXTO(A),
30,5,174,TIHUATLAN,3960,2,URBANO(A),
30,5,174,TIHUATLAN,3961,2,URBANO(A),
30,5,174,TIHUATLAN,3962,2,URBANO(A),
30,5,174,TIHUATLAN,3963,2,URBANO(A),
30,5,174,TIHUATLAN,3964,2,URBANO(A),
30,5,174,TIHUATLAN,3965,2,URBANO(A),
30,5,174,TIHUATLAN,3966,2,URBANO(A),
30,5,174,TIHUATLAN,3967,2,URBANO(A),
30,5,174,TIHUATLAN,3968,2,URBANO(A),
30,5,174,TIHUATLAN,3969,2,URBANO(A),
30,5,174,TIHUATLAN,3970,2,URBANO(A),
30,5,174,TIHUATLAN,3971,3,MIXTO(A),
30,5,174,TIHUATLAN,3972,3,MIXTO(A),
30,5,174,TIHUATLAN,3973,3,MIXTO(A),
30,5,174,TIHUATLAN,3974,3,MIXTO(A),
30,17,175,TLACOJALPAN,3975,3,MIXTO(A),
30,17,175,TLACOJALPAN,3976,2,URBANO(A),
30,17,175,TLACOJALPAN,3977,3,MIXTO(A),
30,17,175,TLACOJALPAN,3978,4,RURAL,
30,9,176,TLACOLULAN,3979,2,URBANO(A),
30,9,176,TLACOLULAN,3980,4,RURAL,
30,9,176,TLACOLULAN,3981,4,RURAL,
30,9,176,TLACOLULAN,3982,4,RURAL,
30,9,176,TLACOLULAN,3983,4,RURAL,
30,9,176,TLACOLULAN,3984,4,RURAL,
30,17,177,TLACOTALPAN,3985,3,MIXTO(A),
30,17,177,TLACOTALPAN,3986,2,URBANO(A),
30,17,177,TLACOTALPAN,3987,2,URBANO(A),
30,17,177,TLACOTALPAN,3988,2,URBANO(A),
30,17,177,TLACOTALPAN,3989,3,MIXTO(A),
30,17,177,TLACOTALPAN,3990,2,URBANO(A),
30,17,177,TLACOTALPAN,3991,3,MIXTO(A),
30,17,177,TLACOTALPAN,3993,4,RURAL,
30,17,177,TLACOTALPAN,3994,4,RURAL,
30,17,177,TLACOTALPAN,3995,4,RURAL,
30,17,177,TLACOTALPAN,3996,4,RURAL,
30,17,177,TLACOTALPAN,3997,4,RURAL,
30,17,177,TLACOTALPAN,3998,4,RURAL,
30,13,178,TLACOTEPEC DE MEJIA,3999,3,MIXTO(A),
30,13,178,TLACOTEPEC DE MEJIA,4000,3,MIXTO(A),
30,2,179,TLACHICHILCO,4001,3,MIXTO(A),
30,2,179,TLACHICHILCO,4002,4,RURAL,
30,2,179,TLACHICHILCO,4003,4,RURAL,
30,2,179,TLACHICHILCO,4004,4,RURAL,
30,2,179,TLACHICHILCO,4005,4,RURAL,
30,2,179,TLACHICHILCO,4006,4,RURAL,
30,2,179,TLACHICHILCO,4007,4,RURAL,
30,2,179,TLACHICHILCO,4008,4,RURAL,
30,2,179,TLACHICHILCO,4009,4,RURAL,
30,17,180,TLALIXCOYAN,4010,3,MIXTO(A),
30,17,180,TLALIXCOYAN,4011,3,MIXTO(A),
30,17,180,TLALIXCOYAN,4012,4,RURAL,
30,17,180,TLALIXCOYAN,4013,4,RURAL,
30,17,180,TLALIXCOYAN,4014,4,RURAL,
30,17,180,TLALIXCOYAN,4015,4,RURAL,
30,17,180,TLALIXCOYAN,4016,4,RURAL,
30,17,180,TLALIXCOYAN,4017,4,RURAL,
30,17,180,TLALIXCOYAN,4018,3,MIXTO(A),
30,17,180,TLALIXCOYAN,4019,2,URBANO(A),
30,17,180,TLALIXCOYAN,4020,2,URBANO(A),
30,17,180,TLALIXCOYAN,4021,2,URBANO(A),
30,17,180,TLALIXCOYAN,4022,2,URBANO(A),
30,17,180,TLALIXCOYAN,4023,3,MIXTO(A),
30,17,180,TLALIXCOYAN,4024,3,MIXTO(A),
30,17,180,TLALIXCOYAN,4025,4,RURAL,
30,17,180,TLALIXCOYAN,4026,4,RURAL,
30,17,180,TLALIXCOYAN,4027,4,RURAL,
30,17,180,TLALIXCOYAN,4028,4,RURAL,
30,17,180,TLALIXCOYAN,4029,4,RURAL,
30,17,180,TLALIXCOYAN,4030,4,RURAL,
30,17,180,TLALIXCOYAN,4031,4,RURAL,
30,17,180,TLALIXCOYAN,4032,4,RURAL,
30,17,180,TLALIXCOYAN,4033,4,RURAL,
30,17,180,TLALIXCOYAN,4034,4,RURAL,
30,17,180,TLALIXCOYAN,4035,4,RURAL,
30,17,180,TLALIXCOYAN,4036,4,RURAL,
30,9,181,TLALNELHUAYOCAN,4037,3,MIXTO(A),
30,9,181,TLALNELHUAYOCAN,4038,4,RURAL,
30,9,181,TLALNELHUAYOCAN,4039,2,URBANO(A),
30,9,181,TLALNELHUAYOCAN,4040,4,RURAL,
30,9,181,TLALNELHUAYOCAN,4041,4,RURAL,
30,7,182,TLAPACOYAN,4042,2,URBANO(A),
30,7,182,TLAPACOYAN,4044,2,URBANO(A),
30,7,182,TLAPACOYAN,4045,2,URBANO(A),
30,7,182,TLAPACOYAN,4046,2,URBANO(A),
30,7,182,TLAPACOYAN,4047,2,URBANO(A),
30,7,182,TLAPACOYAN,4048,2,URBANO(A),
30,7,182,TLAPACOYAN,4049,2,URBANO(A),
30,7,182,TLAPACOYAN,4050,2,URBANO(A),
30,7,182,TLAPACOYAN,4051,2,URBANO(A),
30,7,182,TLAPACOYAN,4052,2,URBANO(A),
30,7,182,TLAPACOYAN,4053,2,URBANO(A),
30,7,182,TLAPACOYAN,4054,2,URBANO(A),
30,7,182,TLAPACOYAN,4055,2,URBANO(A),
30,7,182,TLAPACOYAN,4057,2,URBANO(A),
30,7,182,TLAPACOYAN,4058,4,RURAL,
30,7,182,TLAPACOYAN,4059,4,RURAL,
30,7,182,TLAPACOYAN,4060,4,RURAL,
30,7,182,TLAPACOYAN,4061,4,RURAL,
30,7,182,TLAPACOYAN,4062,4,RURAL,
30,7,182,TLAPACOYAN,4063,4,RURAL,
30,7,182,TLAPACOYAN,4064,3,MIXTO(A),
30,7,182,TLAPACOYAN,4065,4,RURAL,
30,7,182,TLAPACOYAN,4066,4,RURAL,
30,7,182,TLAPACOYAN,4067,4,RURAL,
30,7,182,TLAPACOYAN,4068,4,RURAL,
30,7,182,TLAPACOYAN,4069,4,RURAL,
30,7,182,TLAPACOYAN,4070,4,RURAL,
30,7,182,TLAPACOYAN,4071,2,URBANO(A),
30,7,182,TLAPACOYAN,4072,3,MIXTO(A),
30,7,182,TLAPACOYAN,4073,4,RURAL,
30,18,183,TLAQUILPA,4074,3,MIXTO(A),
30,18,183,TLAQUILPA,4075,4,RURAL,
30,18,183,TLAQUILPA,4076,4,RURAL,
30,18,184,TLILAPAN,4077,3,MIXTO(A),
30,18,184,TLILAPAN,4078,4,RURAL,
30,15,185,TOMATLAN,4079,3,MIXTO(A),
30,15,185,TOMATLAN,4080,2,URBANO(A),
30,15,185,TOMATLAN,4081,3,MIXTO(A),
30,15,185,TOMATLAN,4082,4,RURAL,
30,8,186,TONAYAN,4083,2,URBANO(A),
30,8,186,TONAYAN,4084,4,RURAL,
30,8,186,TONAYAN,4085,4,RURAL,
30,8,187,TOTUTLA,4086,3,MIXTO(A),
30,8,187,TOTUTLA,4087,2,URBANO(A),
30,8,187,TOTUTLA,4088,4,RURAL,
30,8,187,TOTUTLA,4089,4,RURAL,
30,8,187,TOTUTLA,4090,4,RURAL,
30,8,187,TOTUTLA,4091,4,RURAL,
30,8,187,TOTUTLA,4092,4,RURAL,
30,8,187,TOTUTLA,4093,4,RURAL,
30,8,187,TOTUTLA,4094,4,RURAL,
30,8,187,TOTUTLA,4095,4,RURAL,
30,5,188,TUXPAN,4096,2,URBANO(A),
30,5,188,TUXPAN,4097,2,URBANO(A),
30,5,188,TUXPAN,4098,2,URBANO(A),
30,5,188,TUXPAN,4099,2,URBANO(A),
30,5,188,TUXPAN,4101,2,URBANO(A),
30,5,188,TUXPAN,4102,2,URBANO(A),
30,5,188,TUXPAN,4103,2,URBANO(A),
30,5,188,TUXPAN,4104,2,URBANO(A),
30,5,188,TUXPAN,4105,2,URBANO(A),
30,5,188,TUXPAN,4106,2,URBANO(A),
30,5,188,TUXPAN,4107,2,URBANO(A),
30,5,188,TUXPAN,4108,2,URBANO(A),
30,5,188,TUXPAN,4109,2,URBANO(A),
30,5,188,TUXPAN,4110,2,URBANO(A),
30,5,188,TUXPAN,4111,2,URBANO(A),
30,5,188,TUXPAN,4112,2,URBANO(A),
30,5,188,TUXPAN,4113,2,URBANO(A),
30,5,188,TUXPAN,4114,2,URBANO(A),
30,5,188,TUXPAN,4115,2,URBANO(A),
30,5,188,TUXPAN,4116,2,URBANO(A),
30,5,188,TUXPAN,4117,2,URBANO(A),
30,5,188,TUXPAN,4118,2,URBANO(A),
30,5,188,TUXPAN,4119,2,URBANO(A),
30,5,188,TUXPAN,4120,2,URBANO(A),
30,5,188,TUXPAN,4121,2,URBANO(A),
30,5,188,TUXPAN,4122,2,URBANO(A),
30,5,188,TUXPAN,4123,2,URBANO(A),
30,5,188,TUXPAN,4124,2,URBANO(A),
30,5,188,TUXPAN,4125,2,URBANO(A),
30,5,188,TUXPAN,4126,2,URBANO(A),
30,5,188,TUXPAN,4127,2,URBANO(A),
30,5,188,TUXPAN,4128,2,URBANO(A),
30,5,188,TUXPAN,4129,2,URBANO(A),
30,5,188,TUXPAN,4130,2,URBANO(A),
30,5,188,TUXPAN,4131,2,URBANO(A),
30,5,188,TUXPAN,4132,2,URBANO(A),
30,5,188,TUXPAN,4133,2,URBANO(A),
30,5,188,TUXPAN,4134,2,URBANO(A),
30,5,188,TUXPAN,4135,2,URBANO(A),
30,5,188,TUXPAN,4136,2,URBANO(A),
30,5,188,TUXPAN,4137,2,URBANO(A),
30,5,188,TUXPAN,4138,2,URBANO(A),
30,5,188,TUXPAN,4139,2,URBANO(A),
30,5,188,TUXPAN,4140,2,URBANO(A),
30,5,188,TUXPAN,4141,2,URBANO(A),
30,5,188,TUXPAN,4142,2,URBANO(A),
30,5,188,TUXPAN,4143,2,URBANO(A),
30,5,188,TUXPAN,4144,2,URBANO(A),
30,5,188,TUXPAN,4145,2,URBANO(A),
30,5,188,TUXPAN,4146,2,URBANO(A),
30,5,188,TUXPAN,4147,4,RURAL,
30,5,188,TUXPAN,4148,4,RURAL,
30,5,188,TUXPAN,4149,4,RURAL,
30,5,188,TUXPAN,4150,4,RURAL,
30,5,188,TUXPAN,4151,4,RURAL,
30,5,188,TUXPAN,4152,4,RURAL,
30,5,188,TUXPAN,4153,4,RURAL,
30,5,188,TUXPAN,4154,4,RURAL,
30,5,188,TUXPAN,4155,2,URBANO(A),
30,5,188,TUXPAN,4156,3,MIXTO(A),
30,5,188,TUXPAN,4157,4,RURAL,
30,5,188,TUXPAN,4158,4,RURAL,
30,5,188,TUXPAN,4160,4,RURAL,
30,5,188,TUXPAN,4161,4,RURAL,
30,5,188,TUXPAN,4162,4,RURAL,
30,5,188,TUXPAN,4163,4,RURAL,
30,5,188,TUXPAN,4164,4,RURAL,
30,5,188,TUXPAN,4165,4,RURAL,
30,5,188,TUXPAN,4166,4,RURAL,
30,5,188,TUXPAN,4167,4,RURAL,
30,5,188,TUXPAN,4168,4,RURAL,
30,5,188,TUXPAN,4169,4,RURAL,
30,5,188,TUXPAN,4170,4,RURAL,
30,17,189,TUXTILLA,4171,2,URBANO(A),
30,17,189,TUXTILLA,4172,3,MIXTO(A),
30,8,190,URSULO GALVAN,4173,2,URBANO(A),
30,8,190,URSULO GALVAN,4174,2,URBANO(A),
30,8,190,URSULO GALVAN,4175,2,URBANO(A),
30,8,190,URSULO GALVAN,4176,4,RURAL,
30,8,190,URSULO GALVAN,4177,4,RURAL,
30,8,190,URSULO GALVAN,4178,4,RURAL,
30,8,190,URSULO GALVAN,4179,2,URBANO(A),
30,8,190,URSULO GALVAN,4180,2,URBANO(A),
30,8,190,URSULO GALVAN,4181,2,URBANO(A),
30,8,190,URSULO GALVAN,4182,2,URBANO(A),
30,8,190,URSULO GALVAN,4183,2,URBANO(A),
30,8,190,URSULO GALVAN,4184,2,URBANO(A),
30,8,190,URSULO GALVAN,4185,2,URBANO(A),
30,8,190,URSULO GALVAN,4186,2,URBANO(A),
30,8,190,URSULO GALVAN,4187,4,RURAL,
30,8,190,URSULO GALVAN,4188,2,URBANO(A),
30,8,190,URSULO GALVAN,4189,4,RURAL,
30,8,190,URSULO GALVAN,4190,4,RURAL,
30,8,190,URSULO GALVAN,4191,2,URBANO(A),
30,8,190,URSULO GALVAN,4192,2,URBANO(A),
30,8,190,URSULO GALVAN,4193,3,MIXTO(A),
30,8,190,URSULO GALVAN,4194,4,RURAL,
30,8,190,URSULO GALVAN,4195,4,RURAL,
30,8,191,VEGA DE ALATORRE,4196,3,MIXTO(A),
30,8,191,VEGA DE ALATORRE,4197,2,URBANO(A),
30,8,191,VEGA DE ALATORRE,4198,3,MIXTO(A),
30,8,191,VEGA DE ALATORRE,4199,2,URBANO(A),
30,8,191,VEGA DE ALATORRE,4200,4,RURAL,
30,8,191,VEGA DE ALATORRE,4201,4,RURAL,
30,8,191,VEGA DE ALATORRE,4202,4,RURAL,
30,8,191,VEGA DE ALATORRE,4203,4,RURAL,
30,8,191,VEGA DE ALATORRE,4204,4,RURAL,
30,8,191,VEGA DE ALATORRE,4205,4,RURAL,
30,8,191,VEGA DE ALATORRE,4206,4,RURAL,
30,8,191,VEGA DE ALATORRE,4207,4,RURAL,
30,8,191,VEGA DE ALATORRE,4208,2,URBANO(A),
30,8,191,VEGA DE ALATORRE,4209,2,URBANO(A),
30,8,191,VEGA DE ALATORRE,4210,3,MIXTO(A),
30,8,191,VEGA DE ALATORRE,4211,3,MIXTO(A),
30,8,191,VEGA DE ALATORRE,4212,3,MIXTO(A),
30,8,191,VEGA DE ALATORRE,4213,4,RURAL,
30,8,191,VEGA DE ALATORRE,4214,4,RURAL,
30,8,191,VEGA DE ALATORRE,4215,4,RURAL,
30,8,191,VEGA DE ALATORRE,4216,4,RURAL,
30,12,192,VERACRUZ,4217,2,URBANO(A),
30,12,192,VERACRUZ,4218,2,URBANO(A),
30,12,192,VERACRUZ,4219,2,URBANO(A),
30,12,192,VERACRUZ,4220,2,URBANO(A),
30,12,192,VERACRUZ,4221,2,URBANO(A),
30,12,192,VERACRUZ,4222,2,URBANO(A),
30,12,192,VERACRUZ,4223,2,URBANO(A),
30,12,192,VERACRUZ,4224,2,URBANO(A),
30,12,192,VERACRUZ,4225,2,URBANO(A),
30,12,192,VERACRUZ,4226,2,URBANO(A),
30,12,192,VERACRUZ,4227,2,URBANO(A),
30,12,192,VERACRUZ,4228,2,URBANO(A),
30,12,192,VERACRUZ,4231,2,URBANO(A),
30,12,192,VERACRUZ,4232,2,URBANO(A),
30,12,192,VERACRUZ,4233,2,URBANO(A),
30,12,192,VERACRUZ,4234,2,URBANO(A),
30,12,192,VERACRUZ,4235,2,URBANO(A),
30,12,192,VERACRUZ,4236,2,URBANO(A),
30,12,192,VERACRUZ,4237,2,URBANO(A),
30,12,192,VERACRUZ,4238,2,URBANO(A),
30,12,192,VERACRUZ,4239,2,URBANO(A),
30,12,192,VERACRUZ,4240,2,URBANO(A),
30,12,192,VERACRUZ,4241,2,URBANO(A),
30,12,192,VERACRUZ,4242,2,URBANO(A),
30,12,192,VERACRUZ,4243,2,URBANO(A),
30,12,192,VERACRUZ,4244,2,URBANO(A),
30,12,192,VERACRUZ,4245,2,URBANO(A),
30,12,192,VERACRUZ,4246,2,URBANO(A),
30,12,192,VERACRUZ,4247,2,URBANO(A),
30,12,192,VERACRUZ,4248,2,URBANO(A),
30,12,192,VERACRUZ,4249,2,URBANO(A),
30,12,192,VERACRUZ,4250,2,URBANO(A),
30,12,192,VERACRUZ,4251,2,URBANO(A),
30,12,192,VERACRUZ,4252,2,URBANO(A),
30,12,192,VERACRUZ,4253,2,URBANO(A),
30,12,192,VERACRUZ,4254,2,URBANO(A),
30,12,192,VERACRUZ,4255,2,URBANO(A),
30,12,192,VERACRUZ,4256,2,URBANO(A),
30,12,192,VERACRUZ,4257,2,URBANO(A),
30,12,192,VERACRUZ,4258,2,URBANO(A),
30,12,192,VERACRUZ,4259,2,URBANO(A),
30,12,192,VERACRUZ,4260,2,URBANO(A),
30,12,192,VERACRUZ,4261,2,URBANO(A),
30,12,192,VERACRUZ,4262,2,URBANO(A),
30,12,192,VERACRUZ,4263,2,URBANO(A),
30,12,192,VERACRUZ,4264,2,URBANO(A),
30,12,192,VERACRUZ,4265,2,URBANO(A),
30,12,192,VERACRUZ,4266,2,URBANO(A),
30,12,192,VERACRUZ,4267,2,URBANO(A),
30,12,192,VERACRUZ,4268,2,URBANO(A),
30,12,192,VERACRUZ,4269,2,URBANO(A),
30,12,192,VERACRUZ,4270,2,URBANO(A),
30,12,192,VERACRUZ,4271,2,URBANO(A),
30,12,192,VERACRUZ,4272,2,URBANO(A),
30,12,192,VERACRUZ,4273,2,URBANO(A),
30,12,192,VERACRUZ,4274,2,URBANO(A),
30,12,192,VERACRUZ,4275,2,URBANO(A),
30,12,192,VERACRUZ,4276,2,URBANO(A),
30,12,192,VERACRUZ,4277,2,URBANO(A),
30,12,192,VERACRUZ,4278,2,URBANO(A),
30,12,192,VERACRUZ,4279,2,URBANO(A),
30,12,192,VERACRUZ,4280,2,URBANO(A),
30,12,192,VERACRUZ,4281,2,URBANO(A),
30,12,192,VERACRUZ,4282,2,URBANO(A),
30,12,192,VERACRUZ,4283,2,URBANO(A),
30,12,192,VERACRUZ,4284,2,URBANO(A),
30,12,192,VERACRUZ,4285,2,URBANO(A),
30,12,192,VERACRUZ,4286,2,URBANO(A),
30,12,192,VERACRUZ,4287,2,URBANO(A),
30,12,192,VERACRUZ,4288,2,URBANO(A),
30,12,192,VERACRUZ,4289,2,URBANO(A),
30,12,192,VERACRUZ,4290,2,URBANO(A),
30,12,192,VERACRUZ,4291,2,URBANO(A),
30,12,192,VERACRUZ,4292,2,URBANO(A),
30,12,192,VERACRUZ,4293,2,URBANO(A),
30,12,192,VERACRUZ,4294,2,URBANO(A),
30,12,192,VERACRUZ,4295,2,URBANO(A),
30,12,192,VERACRUZ,4296,2,URBANO(A),
30,12,192,VERACRUZ,4297,2,URBANO(A),
30,12,192,VERACRUZ,4298,2,URBANO(A),
30,12,192,VERACRUZ,4299,2,URBANO(A),
30,12,192,VERACRUZ,4300,2,URBANO(A),
30,12,192,VERACRUZ,4301,2,URBANO(A),
30,12,192,VERACRUZ,4302,2,URBANO(A),
30,12,192,VERACRUZ,4303,2,URBANO(A),
30,12,192,VERACRUZ,4304,2,URBANO(A),
30,12,192,VERACRUZ,4305,2,URBANO(A),
30,12,192,VERACRUZ,4306,2,URBANO(A),
30,12,192,VERACRUZ,4307,2,URBANO(A),
30,12,192,VERACRUZ,4308,2,URBANO(A),
30,12,192,VERACRUZ,4309,2,URBANO(A),
30,12,192,VERACRUZ,4310,2,URBANO(A),
30,12,192,VERACRUZ,4311,2,URBANO(A),
30,12,192,VERACRUZ,4312,2,URBANO(A),
30,12,192,VERACRUZ,4313,2,URBANO(A),
30,12,192,VERACRUZ,4314,2,URBANO(A),
30,12,192,VERACRUZ,4315,2,URBANO(A),
30,12,192,VERACRUZ,4316,2,URBANO(A),
30,12,192,VERACRUZ,4317,2,URBANO(A),
30,12,192,VERACRUZ,4318,2,URBANO(A),
30,12,192,VERACRUZ,4319,2,URBANO(A),
30,12,192,VERACRUZ,4320,2,URBANO(A),
30,12,192,VERACRUZ,4321,2,URBANO(A),
30,12,192,VERACRUZ,4322,2,URBANO(A),
30,12,192,VERACRUZ,4323,2,URBANO(A),
30,12,192,VERACRUZ,4324,2,URBANO(A),
30,12,192,VERACRUZ,4325,2,URBANO(A),
30,12,192,VERACRUZ,4326,2,URBANO(A),
30,12,192,VERACRUZ,4327,2,URBANO(A),
30,12,192,VERACRUZ,4328,2,URBANO(A),
30,12,192,VERACRUZ,4329,2,URBANO(A),
30,12,192,VERACRUZ,4330,2,URBANO(A),
30,12,192,VERACRUZ,4331,2,URBANO(A),
30,12,192,VERACRUZ,4332,2,URBANO(A),
30,12,192,VERACRUZ,4333,2,URBANO(A),
30,12,192,VERACRUZ,4334,2,URBANO(A),
30,12,192,VERACRUZ,4335,2,URBANO(A),
30,12,192,VERACRUZ,4336,2,URBANO(A),
30,12,192,VERACRUZ,4337,2,URBANO(A),
30,12,192,VERACRUZ,4338,2,URBANO(A),
30,12,192,VERACRUZ,4339,2,URBANO(A),
30,12,192,VERACRUZ,4340,2,URBANO(A),
30,12,192,VERACRUZ,4341,2,URBANO(A),
30,12,192,VERACRUZ,4342,2,URBANO(A),
30,12,192,VERACRUZ,4343,2,URBANO(A),
30,12,192,VERACRUZ,4344,2,URBANO(A),
30,12,192,VERACRUZ,4345,2,URBANO(A),
30,12,192,VERACRUZ,4346,2,URBANO(A),
30,12,192,VERACRUZ,4347,2,URBANO(A),
30,12,192,VERACRUZ,4348,2,URBANO(A),
30,12,192,VERACRUZ,4349,2,URBANO(A),
30,12,192,VERACRUZ,4350,2,URBANO(A),
30,12,192,VERACRUZ,4351,2,URBANO(A),
30,12,192,VERACRUZ,4352,2,URBANO(A),
30,12,192,VERACRUZ,4353,2,URBANO(A),
30,12,192,VERACRUZ,4354,2,URBANO(A),
30,12,192,VERACRUZ,4355,2,URBANO(A),
30,12,192,VERACRUZ,4356,2,URBANO(A),
30,12,192,VERACRUZ,4357,2,URBANO(A),
30,12,192,VERACRUZ,4358,2,URBANO(A),
30,12,192,VERACRUZ,4359,2,URBANO(A),
30,12,192,VERACRUZ,4360,2,URBANO(A),
30,12,192,VERACRUZ,4361,2,URBANO(A),
30,12,192,VERACRUZ,4362,2,URBANO(A),
30,12,192,VERACRUZ,4363,2,URBANO(A),
30,12,192,VERACRUZ,4364,2,URBANO(A),
30,12,192,VERACRUZ,4365,2,URBANO(A),
30,12,192,VERACRUZ,4366,2,URBANO(A),
30,12,192,VERACRUZ,4367,2,URBANO(A),
30,4,192,VERACRUZ,4368,2,URBANO(A),
30,4,192,VERACRUZ,4369,2,URBANO(A),
30,4,192,VERACRUZ,4370,2,URBANO(A),
30,4,192,VERACRUZ,4371,2,URBANO(A),
30,4,192,VERACRUZ,4372,2,URBANO(A),
30,4,192,VERACRUZ,4373,2,URBANO(A),
30,4,192,VERACRUZ,4374,2,URBANO(A),
30,4,192,VERACRUZ,4375,2,URBANO(A),
30,12,192,VERACRUZ,4376,2,URBANO(A),
30,4,192,VERACRUZ,4377,2,URBANO(A),
30,4,192,VERACRUZ,4378,2,URBANO(A),
30,4,192,VERACRUZ,4379,2,URBANO(A),
30,4,192,VERACRUZ,4380,2,URBANO(A),
30,4,192,VERACRUZ,4381,2,URBANO(A),
30,4,192,VERACRUZ,4383,2,URBANO(A),
30,4,192,VERACRUZ,4385,2,URBANO(A),
30,4,192,VERACRUZ,4386,2,URBANO(A),
30,12,192,VERACRUZ,4387,2,URBANO(A),
30,12,192,VERACRUZ,4388,2,URBANO(A),
30,12,192,VERACRUZ,4389,2,URBANO(A),
30,4,192,VERACRUZ,4390,2,URBANO(A),
30,4,192,VERACRUZ,4391,2,URBANO(A),
30,4,192,VERACRUZ,4392,2,URBANO(A),
30,4,192,VERACRUZ,4393,2,URBANO(A),
30,4,192,VERACRUZ,4394,2,URBANO(A),
30,4,192,VERACRUZ,4395,2,URBANO(A),
30,4,192,VERACRUZ,4396,2,URBANO(A),
30,4,192,VERACRUZ,4397,2,URBANO(A),
30,4,192,VERACRUZ,4398,2,URBANO(A),
30,4,192,VERACRUZ,4399,2,URBANO(A),
30,4,192,VERACRUZ,4400,2,URBANO(A),
30,4,192,VERACRUZ,4401,2,URBANO(A),
30,4,192,VERACRUZ,4402,2,URBANO(A),
30,4,192,VERACRUZ,4403,2,URBANO(A),
30,4,192,VERACRUZ,4404,2,URBANO(A),
30,4,192,VERACRUZ,4405,2,URBANO(A),
30,4,192,VERACRUZ,4406,2,URBANO(A),
30,4,192,VERACRUZ,4407,2,URBANO(A),
30,4,192,VERACRUZ,4408,2,URBANO(A),
30,4,192,VERACRUZ,4409,2,URBANO(A),
30,4,192,VERACRUZ,4410,2,URBANO(A),
30,4,192,VERACRUZ,4411,2,URBANO(A),
30,4,192,VERACRUZ,4412,2,URBANO(A),
30,4,192,VERACRUZ,4413,2,URBANO(A),
30,4,192,VERACRUZ,4414,2,URBANO(A),
30,4,192,VERACRUZ,4415,2,URBANO(A),
30,4,192,VERACRUZ,4416,2,URBANO(A),
30,4,192,VERACRUZ,4417,2,URBANO(A),
30,4,192,VERACRUZ,4418,2,URBANO(A),
30,4,192,VERACRUZ,4419,2,URBANO(A),
30,4,192,VERACRUZ,4420,2,URBANO(A),
30,4,192,VERACRUZ,4422,2,URBANO(A),
30,4,192,VERACRUZ,4423,2,URBANO(A),
30,4,192,VERACRUZ,4424,2,URBANO(A),
30,4,192,VERACRUZ,4425,2,URBANO(A),
30,4,192,VERACRUZ,4426,2,URBANO(A),
30,4,192,VERACRUZ,4427,2,URBANO(A),
30,4,192,VERACRUZ,4428,2,URBANO(A),
30,4,192,VERACRUZ,4429,2,URBANO(A),
30,4,192,VERACRUZ,4430,2,URBANO(A),
30,4,192,VERACRUZ,4431,2,URBANO(A),
30,4,192,VERACRUZ,4432,2,URBANO(A),
30,4,192,VERACRUZ,4433,2,URBANO(A),
30,4,192,VERACRUZ,4434,2,URBANO(A),
30,4,192,VERACRUZ,4435,2,URBANO(A),
30,4,192,VERACRUZ,4436,2,URBANO(A),
30,4,192,VERACRUZ,4437,2,URBANO(A),
30,4,192,VERACRUZ,4438,2,URBANO(A),
30,4,192,VERACRUZ,4439,2,URBANO(A),
30,4,192,VERACRUZ,4440,2,URBANO(A),
30,4,192,VERACRUZ,4441,2,URBANO(A),
30,4,192,VERACRUZ,4442,2,URBANO(A),
30,4,192,VERACRUZ,4443,2,URBANO(A),
30,4,192,VERACRUZ,4444,2,URBANO(A),
30,4,192,VERACRUZ,4445,2,URBANO(A),
30,4,192,VERACRUZ,4446,2,URBANO(A),
30,4,192,VERACRUZ,4447,2,URBANO(A),
30,4,192,VERACRUZ,4448,2,URBANO(A),
30,4,192,VERACRUZ,4449,2,URBANO(A),
30,4,192,VERACRUZ,4450,2,URBANO(A),
30,4,192,VERACRUZ,4451,2,URBANO(A),
30,4,192,VERACRUZ,4452,2,URBANO(A),
30,4,192,VERACRUZ,4453,2,URBANO(A),
30,4,192,VERACRUZ,4454,2,URBANO(A),
30,4,192,VERACRUZ,4455,2,URBANO(A),
30,4,192,VERACRUZ,4456,2,URBANO(A),
30,4,192,VERACRUZ,4457,2,URBANO(A),
30,4,192,VERACRUZ,4458,2,URBANO(A),
30,4,192,VERACRUZ,4459,2,URBANO(A),
30,4,192,VERACRUZ,4460,2,URBANO(A),
30,4,192,VERACRUZ,4461,2,URBANO(A),
30,4,192,VERACRUZ,4462,2,URBANO(A),
30,4,192,VERACRUZ,4463,2,URBANO(A),
30,4,192,VERACRUZ,4464,2,URBANO(A),
30,4,192,VERACRUZ,4465,2,URBANO(A),
30,4,192,VERACRUZ,4466,2,URBANO(A),
30,4,192,VERACRUZ,4467,2,URBANO(A),
30,4,192,VERACRUZ,4468,2,URBANO(A),
30,4,192,VERACRUZ,4469,2,URBANO(A),
30,4,192,VERACRUZ,4470,2,URBANO(A),
30,4,192,VERACRUZ,4471,2,URBANO(A),
30,4,192,VERACRUZ,4472,2,URBANO(A),
30,12,192,VERACRUZ,4473,4,RURAL,
30,12,192,VERACRUZ,4476,2,URBANO(A),
30,12,192,VERACRUZ,4477,2,URBANO(A),
30,12,192,VERACRUZ,4478,2,URBANO(A),
30,12,192,VERACRUZ,4479,2,URBANO(A),
30,12,192,VERACRUZ,4480,3,MIXTO(A),
30,12,192,VERACRUZ,4481,3,MIXTO(A),
30,12,192,VERACRUZ,4482,2,URBANO(A),
30,12,192,VERACRUZ,4483,4,RURAL,
30,12,192,VERACRUZ,4484,4,RURAL,
30,12,192,VERACRUZ,4486,2,URBANO(A),
30,12,192,VERACRUZ,4487,2,URBANO(A),
30,12,192,VERACRUZ,4488,2,URBANO(A),
30,12,192,VERACRUZ,4489,2,URBANO(A),
30,4,192,VERACRUZ,4490,2,URBANO(A),
30,4,192,VERACRUZ,4491,2,URBANO(A),
30,12,192,VERACRUZ,4492,2,URBANO(A),
30,12,192,VERACRUZ,4493,2,URBANO(A),
30,4,192,VERACRUZ,4494,2,URBANO(A),
30,12,192,VERACRUZ,4499,4,RURAL,
30,4,192,VERACRUZ,4500,4,RURAL,
30,9,193,VILLA ALDAMA,4501,2,URBANO(A),
30,9,193,VILLA ALDAMA,4502,3,MIXTO(A),
30,9,193,VILLA ALDAMA,4503,4,RURAL,
30,9,193,VILLA ALDAMA,4504,2,URBANO(A),
30,9,193,VILLA ALDAMA,4505,4,RURAL,
30,9,194,XICO,4506,2,URBANO(A),
30,9,194,XICO,4507,2,URBANO(A),
30,9,194,XICO,4508,2,URBANO(A),
30,9,194,XICO,4509,2,URBANO(A),
30,9,194,XICO,4510,2,URBANO(A),
30,9,194,XICO,4511,3,MIXTO(A),
30,9,194,XICO,4512,2,URBANO(A),
30,9,194,XICO,4513,2,URBANO(A),
30,9,194,XICO,4514,2,URBANO(A),
30,9,194,XICO,4515,4,RURAL,
30,9,194,XICO,4516,4,RURAL,
30,9,194,XICO,4517,4,RURAL,
30,9,194,XICO,4518,4,RURAL,
30,9,194,XICO,4519,4,RURAL,
30,9,194,XICO,4520,4,RURAL,
30,9,194,XICO,4521,2,URBANO(A),
30,9,194,XICO,4522,2,URBANO(A),
30,9,194,XICO,4523,2,URBANO(A),
30,9,194,XICO,4524,2,URBANO(A),
30,18,195,XOXOCOTLA,4525,3,MIXTO(A),
30,18,195,XOXOCOTLA,4526,4,RURAL,
30,16,196,YANGA,4527,2,URBANO(A),
30,16,196,YANGA,4528,2,URBANO(A),
30,16,196,YANGA,4529,2,URBANO(A),
30,16,196,YANGA,4530,2,URBANO(A),
30,16,196,YANGA,4531,3,MIXTO(A),
30,16,196,YANGA,4532,4,RURAL,
30,16,196,YANGA,4533,4,RURAL,
30,16,196,YANGA,4534,4,RURAL,
30,16,196,YANGA,4535,4,RURAL,
30,16,196,YANGA,4536,4,RURAL,
30,16,196,YANGA,4537,4,RURAL,
30,16,196,YANGA,4538,4,RURAL,
30,16,196,YANGA,4539,2,URBANO(A),
30,16,196,YANGA,4540,4,RURAL,
30,8,197,YECUATLA,4541,2,URBANO(A),
30,8,197,YECUATLA,4542,3,MIXTO(A),
30,8,197,YECUATLA,4543,2,URBANO(A),
30,8,197,YECUATLA,4544,4,RURAL,
30,8,197,YECUATLA,4545,4,RURAL,
30,8,197,YECUATLA,4546,4,RURAL,
30,8,197,YECUATLA,4547,4,RURAL,
30,8,197,YECUATLA,4548,4,RURAL,
30,8,197,YECUATLA,4549,4,RURAL,
30,8,197,YECUATLA,4550,4,RURAL,
30,2,198,ZACUALPAN,4551,3,MIXTO(A),
30,2,198,ZACUALPAN,4552,4,RURAL,
30,2,198,ZACUALPAN,4553,4,RURAL,
30,2,198,ZACUALPAN,4554,4,RURAL,
30,2,198,ZACUALPAN,4555,4,RURAL,
30,2,198,ZACUALPAN,4556,4,RURAL,
30,3,199,ZARAGOZA,4557,3,MIXTO(A),
30,3,199,ZARAGOZA,4558,3,MIXTO(A),
30,3,199,ZARAGOZA,4559,3,MIXTO(A),
30,3,199,ZARAGOZA,4560,3,MIXTO(A),
30,13,200,ZENTLA,4561,3,MIXTO(A),
30,13,200,ZENTLA,4562,4,RURAL,
30,13,200,ZENTLA,4563,4,RURAL,
30,13,200,ZENTLA,4564,4,RURAL,
30,13,200,ZENTLA,4565,4,RURAL,
30,13,200,ZENTLA,4566,4,RURAL,
30,13,200,ZENTLA,4567,4,RURAL,
30,13,200,ZENTLA,4568,4,RURAL,
30,13,200,ZENTLA,4569,4,RURAL,
30,18,201,ZONGOLICA,4570,3,MIXTO(A),
30,18,201,ZONGOLICA,4571,3,MIXTO(A),
30,18,201,ZONGOLICA,4572,3,MIXTO(A),
30,18,201,ZONGOLICA,4573,4,RURAL,
30,18,201,ZONGOLICA,4574,4,RURAL,
30,18,201,ZONGOLICA,4575,4,RURAL,
30,18,201,ZONGOLICA,4576,4,RURAL,
30,18,201,ZONGOLICA,4577,4,RURAL,
30,18,201,ZONGOLICA,4578,4,RURAL,
30,18,201,ZONGOLICA,4579,4,RURAL,
30,18,201,ZONGOLICA,4580,4,RURAL,
30,18,201,ZONGOLICA,4581,4,RURAL,
30,18,201,ZONGOLICA,4582,4,RURAL,
30,18,201,ZONGOLICA,4583,4,RURAL,
30,18,201,ZONGOLICA,4584,4,RURAL,
30,18,201,ZONGOLICA,4585,4,RURAL,
30,18,201,ZONGOLICA,4586,4,RURAL,
30,18,201,ZONGOLICA,4587,4,RURAL,
30,18,201,ZONGOLICA,4588,4,RURAL,
30,18,201,ZONGOLICA,4589,4,RURAL,
30,18,201,ZONGOLICA,4590,4,RURAL,
30,18,201,ZONGOLICA,4591,4,RURAL,
30,18,201,ZONGOLICA,4592,4,RURAL,
30,18,201,ZONGOLICA,4593,4,RURAL,
30,18,201,ZONGOLICA,4594,4,RURAL,
30,18,201,ZONGOLICA,4595,4,RURAL,
30,18,201,ZONGOLICA,4596,4,RURAL,
30,18,201,ZONGOLICA,4597,4,RURAL,
30,2,202,ZONTECOMATLAN,4598,3,MIXTO(A),
30,2,202,ZONTECOMATLAN,4599,3,MIXTO(A),
30,2,202,ZONTECOMATLAN,4600,4,RURAL,
30,2,202,ZONTECOMATLAN,4601,4,RURAL,
30,2,202,ZONTECOMATLAN,4602,4,RURAL,
30,2,202,ZONTECOMATLAN,4603,4,RURAL,
30,2,202,ZONTECOMATLAN,4604,4,RURAL,
30,2,202,ZONTECOMATLAN,4605,4,RURAL,
30,6,203,ZOZOCOLCO DE HIDALGO,4606,2,URBANO(A),
30,6,203,ZOZOCOLCO DE HIDALGO,4607,2,URBANO(A),
30,6,203,ZOZOCOLCO DE HIDALGO,4608,4,RURAL,
30,6,203,ZOZOCOLCO DE HIDALGO,4609,4,RURAL,
30,6,203,ZOZOCOLCO DE HIDALGO,4610,4,RURAL,
30,6,203,ZOZOCOLCO DE HIDALGO,4611,4,RURAL,
30,6,203,ZOZOCOLCO DE HIDALGO,4612,4,RURAL,
30,6,203,ZOZOCOLCO DE HIDALGO,4613,4,RURAL,
30,17,204,TRES VALLES,4614,2,URBANO(A),
30,17,204,TRES VALLES,4615,3,MIXTO(A),
30,17,204,TRES VALLES,4616,2,URBANO(A),
30,17,204,TRES VALLES,4617,3,MIXTO(A),
30,17,204,TRES VALLES,4618,2,URBANO(A),
30,17,204,TRES VALLES,4619,2,URBANO(A),
30,17,204,TRES VALLES,4620,2,URBANO(A),
30,17,204,TRES VALLES,4621,2,URBANO(A),
30,17,204,TRES VALLES,4622,2,URBANO(A),
30,17,204,TRES VALLES,4623,2,URBANO(A),
30,17,204,TRES VALLES,4624,3,MIXTO(A),
30,17,204,TRES VALLES,4625,2,URBANO(A),
30,17,204,TRES VALLES,4626,4,RURAL,
30,17,204,TRES VALLES,4627,4,RURAL,
30,17,204,TRES VALLES,4628,4,RURAL,
30,17,204,TRES VALLES,4629,4,RURAL,
30,17,204,TRES VALLES,4630,3,MIXTO(A),
30,17,204,TRES VALLES,4631,3,MIXTO(A),
30,17,204,TRES VALLES,4632,3,MIXTO(A),
30,17,204,TRES VALLES,4633,2,URBANO(A),
30,17,204,TRES VALLES,4634,4,RURAL,
30,17,204,TRES VALLES,4635,4,RURAL,
30,17,204,TRES VALLES,4636,4,RURAL,
30,17,204,TRES VALLES,4637,4,RURAL,
30,17,204,TRES VALLES,4638,4,RURAL,
30,17,204,TRES VALLES,4639,3,MIXTO(A),
30,17,204,TRES VALLES,4640,4,RURAL,
30,17,204,TRES VALLES,4641,4,RURAL,
30,17,204,TRES VALLES,4642,4,RURAL,
30,17,204,TRES VALLES,4643,2,URBANO(A),
30,17,204,TRES VALLES,4644,3,MIXTO(A),
30,17,204,TRES VALLES,4645,4,RURAL,
30,17,204,TRES VALLES,4646,4,RURAL,
30,11,205,NANCHITAL DE LAZARO CARDENAS DEL RIO,4647,2,URBANO(A),
30,11,205,NANCHITAL DE LAZARO CARDENAS DEL RIO,4648,2,URBANO(A),
30,11,205,NANCHITAL DE LAZARO CARDENAS DEL RIO,4649,2,URBANO(A),
30,11,205,NANCHITAL DE LAZARO CARDENAS DEL RIO,4650,2,URBANO(A),
30,11,205,NANCHITAL DE LAZARO CARDENAS DEL RIO,4651,2,URBANO(A),
30,11,205,NANCHITAL DE LAZARO CARDENAS DEL RIO,4652,2,URBANO(A),
30,11,205,NANCHITAL DE LAZARO CARDENAS DEL RIO,4653,2,URBANO(A),
30,11,205,NANCHITAL DE LAZARO CARDENAS DEL RIO,4654,2,URBANO(A),
30,11,205,NANCHITAL DE LAZARO CARDENAS DEL RIO,4655,2,URBANO(A),
30,11,205,NANCHITAL DE LAZARO CARDENAS DEL RIO,4656,2,URBANO(A),
30,11,205,NANCHITAL DE LAZARO CARDENAS DEL RIO,4657,2,URBANO(A),
30,11,205,NANCHITAL DE LAZARO CARDENAS DEL RIO,4658,3,MIXTO(A),
30,11,205,NANCHITAL DE LAZARO CARDENAS DEL RIO,4659,2,URBANO(A),
30,11,205,NANCHITAL DE LAZARO CARDENAS DEL RIO,4660,2,URBANO(A),
30,11,205,NANCHITAL DE LAZARO CARDENAS DEL RIO,4661,2,URBANO(A),
30,11,205,NANCHITAL DE LAZARO CARDENAS DEL RIO,4662,3,MIXTO(A),
30,11,205,NANCHITAL DE LAZARO CARDENAS DEL RIO,4663,2,URBANO(A),
30,11,205,NANCHITAL DE LAZARO CARDENAS DEL RIO,4664,2,URBANO(A),
30,11,205,NANCHITAL DE LAZARO CARDENAS DEL RIO,4666,4,RURAL,
30,11,206,AGUA DULCE,4667,3,MIXTO(A),
30,11,206,AGUA DULCE,4668,2,URBANO(A),
30,11,206,AGUA DULCE,4669,2,URBANO(A),
30,11,206,AGUA DULCE,4670,2,URBANO(A),
30,11,206,AGUA DULCE,4671,2,URBANO(A),
30,11,206,AGUA DULCE,4672,2,URBANO(A),
30,11,206,AGUA DULCE,4673,2,URBANO(A),
30,11,206,AGUA DULCE,4674,2,URBANO(A),
30,11,206,AGUA DULCE,4675,2,URBANO(A),
30,11,206,AGUA DULCE,4676,2,URBANO(A),
30,11,206,AGUA DULCE,4677,2,URBANO(A),
30,11,206,AGUA DULCE,4678,2,URBANO(A),
30,11,206,AGUA DULCE,4679,2,URBANO(A),
30,11,206,AGUA DULCE,4680,2,URBANO(A),
30,11,206,AGUA DULCE,4681,2,URBANO(A),
30,11,206,AGUA DULCE,4682,2,URBANO(A),
30,11,206,AGUA DULCE,4683,2,URBANO(A),
30,11,206,AGUA DULCE,4684,3,MIXTO(A),
30,11,206,AGUA DULCE,4685,3,MIXTO(A),
30,11,206,AGUA DULCE,4686,2,URBANO(A),
30,11,206,AGUA DULCE,4687,2,URBANO(A),
30,11,206,AGUA DULCE,4688,2,URBANO(A),
30,11,206,AGUA DULCE,4689,2,URBANO(A),
30,11,206,AGUA DULCE,4690,3,MIXTO(A),
30,11,206,AGUA DULCE,4691,4,RURAL,
30,11,206,AGUA DULCE,4692,2,URBANO(A),
30,11,206,AGUA DULCE,4693,4,RURAL,
30,11,206,AGUA DULCE,4694,4,RURAL,
30,11,206,AGUA DULCE,4695,4,RURAL,
30,1,207,EL HIGO,4696,3,MIXTO(A),
30,1,207,EL HIGO,4697,2,URBANO(A),
30,1,207,EL HIGO,4698,2,URBANO(A),
30,1,207,EL HIGO,4699,2,URBANO(A),
30,1,207,EL HIGO,4700,3,MIXTO(A),
30,1,207,EL HIGO,4701,2,URBANO(A),
30,1,207,EL HIGO,4702,4,RURAL,
30,1,207,EL HIGO,4703,4,RURAL,
30,1,207,EL HIGO,4704,4,RURAL,
30,1,207,EL HIGO,4705,4,RURAL,
30,1,207,EL HIGO,4706,4,RURAL,
30,1,207,EL HIGO,4707,4,RURAL,
30,1,207,EL HIGO,4708,4,RURAL,
30,1,207,EL HIGO,4709,4,RURAL,
30,1,207,EL HIGO,4710,4,RURAL,
30,1,207,EL HIGO,4711,4,RURAL,
30,17,208,CARLOS A. CARRILLO,4712,4,RURAL,
30,17,208,CARLOS A. CARRILLO,4713,4,RURAL,
30,14,209,UXPANAPA,4714,4,RURAL,
30,14,209,UXPANAPA,4715,4,RURAL,
30,14,209,UXPANAPA,4716,4,RURAL,
30,19,210,TATAHUICAPAN DE JUAREZ,4717,4,RURAL,
30,19,210,TATAHUICAPAN DE JUAREZ,4718,4,RURAL,
30,10,89,XALAPA,4719,2,URBANO(A),
30,3,212,SANTIAGO SOCHIAPAN,4720,4,RURAL,
30,3,212,SANTIAGO SOCHIAPAN,4721,4,RURAL,
30,3,212,SANTIAGO SOCHIAPAN,4722,4,RURAL,
30,11,41,COATZACOALCOS,4723,2,URBANO(A),
30,11,41,COATZACOALCOS,4724,2,URBANO(A),
30,11,41,COATZACOALCOS,4725,2,URBANO(A),
30,11,41,COATZACOALCOS,4727,2,URBANO(A),
30,11,41,COATZACOALCOS,4728,2,URBANO(A),
30,11,41,COATZACOALCOS,4729,2,URBANO(A),
30,11,41,COATZACOALCOS,4730,3,MIXTO(A),
30,11,41,COATZACOALCOS,4731,2,URBANO(A),
30,11,41,COATZACOALCOS,4732,2,URBANO(A),
30,11,41,COATZACOALCOS,4734,2,URBANO(A),
30,11,41,COATZACOALCOS,4735,2,URBANO(A),
30,11,41,COATZACOALCOS,4736,2,URBANO(A),
30,11,41,COATZACOALCOS,4737,2,URBANO(A),
30,11,41,COATZACOALCOS,4738,2,URBANO(A),
30,11,41,COATZACOALCOS,4739,2,URBANO(A),
30,11,41,COATZACOALCOS,4740,2,URBANO(A),
30,11,41,COATZACOALCOS,4741,2,URBANO(A),
30,11,41,COATZACOALCOS,4742,2,URBANO(A),
30,11,41,COATZACOALCOS,4743,2,URBANO(A),
30,11,41,COATZACOALCOS,4744,2,URBANO(A),
30,11,41,COATZACOALCOS,4745,3,MIXTO(A),
30,4,192,VERACRUZ,4746,2,URBANO(A),
30,4,192,VERACRUZ,4747,2,URBANO(A),
30,4,192,VERACRUZ,4748,2,URBANO(A),
30,4,192,VERACRUZ,4749,2,URBANO(A),
30,4,192,VERACRUZ,4750,2,URBANO(A),
30,4,192,VERACRUZ,4751,2,URBANO(A),
30,4,192,VERACRUZ,4752,2,URBANO(A),
30,4,192,VERACRUZ,4753,2,URBANO(A),
30,4,192,VERACRUZ,4754,2,URBANO(A),
30,4,192,VERACRUZ,4755,2,URBANO(A),
30,4,192,VERACRUZ,4756,2,URBANO(A),
30,4,192,VERACRUZ,4757,2,URBANO(A),
30,6,158,TECOLUTLA,4758,2,URBANO(A),
30,6,158,TECOLUTLA,4759,2,URBANO(A),
30,6,158,TECOLUTLA,4760,3,MIXTO(A),
30,6,158,TECOLUTLA,4761,3,MIXTO(A),
30,6,158,TECOLUTLA,4762,3,MIXTO(A),
30,6,158,TECOLUTLA,4763,2,URBANO(A),
30,6,158,TECOLUTLA,4764,2,URBANO(A),
30,6,158,TECOLUTLA,4765,2,URBANO(A),
30,12,192,VERACRUZ,4766,2,URBANO(A),
30,12,192,VERACRUZ,4767,2,URBANO(A),
30,12,192,VERACRUZ,4768,3,MIXTO(A),
30,12,192,VERACRUZ,4769,2,URBANO(A),
30,12,192,VERACRUZ,4770,2,URBANO(A),
30,12,192,VERACRUZ,4771,2,URBANO(A),
30,12,192,VERACRUZ,4772,2,URBANO(A),
30,12,192,VERACRUZ,4773,2,URBANO(A),
30,12,192,VERACRUZ,4774,2,URBANO(A),
30,12,192,VERACRUZ,4775,2,URBANO(A),
30,12,192,VERACRUZ,4776,2,URBANO(A),
30,12,192,VERACRUZ,4777,2,URBANO(A),
30,12,192,VERACRUZ,4778,2,URBANO(A),
30,12,192,VERACRUZ,4779,2,URBANO(A),
30,12,192,VERACRUZ,4780,2,URBANO(A),
30,12,192,VERACRUZ,4781,2,URBANO(A),
30,12,192,VERACRUZ,4782,2,URBANO(A),
30,12,192,VERACRUZ,4783,2,URBANO(A),
30,12,192,VERACRUZ,4784,2,URBANO(A),
30,12,192,VERACRUZ,4785,2,URBANO(A),
30,12,192,VERACRUZ,4786,2,URBANO(A),
30,12,192,VERACRUZ,4787,2,URBANO(A),
30,12,192,VERACRUZ,4788,2,URBANO(A),
30,12,192,VERACRUZ,4789,2,URBANO(A),
30,12,192,VERACRUZ,4790,2,URBANO(A),
30,12,192,VERACRUZ,4791,2,URBANO(A),
30,12,192,VERACRUZ,4792,2,URBANO(A),
30,12,192,VERACRUZ,4793,2,URBANO(A),
30,12,192,VERACRUZ,4794,2,URBANO(A),
30,12,192,VERACRUZ,4795,2,URBANO(A),
30,12,192,VERACRUZ,4796,2,URBANO(A),
30,12,192,VERACRUZ,4797,2,URBANO(A),
30,12,192,VERACRUZ,4798,2,URBANO(A),
30,12,192,VERACRUZ,4799,2,URBANO(A),
30,12,192,VERACRUZ,4800,2,URBANO(A),
30,12,192,VERACRUZ,4801,2,URBANO(A),
30,12,192,VERACRUZ,4802,2,URBANO(A),
30,12,192,VERACRUZ,4803,2,URBANO(A),
30,12,192,VERACRUZ,4804,2,URBANO(A),
30,12,192,VERACRUZ,4805,2,URBANO(A),
30,12,192,VERACRUZ,4806,2,URBANO(A),
30,12,192,VERACRUZ,4807,2,URBANO(A),
30,12,192,VERACRUZ,4808,2,URBANO(A),
30,12,192,VERACRUZ,4809,2,URBANO(A),
30,12,192,VERACRUZ,4810,2,URBANO(A),
30,12,192,VERACRUZ,4811,2,URBANO(A),
30,12,192,VERACRUZ,4812,2,URBANO(A),
30,12,192,VERACRUZ,4813,2,URBANO(A),
30,12,192,VERACRUZ,4814,2,URBANO(A),
30,12,192,VERACRUZ,4815,2,URBANO(A),
30,12,192,VERACRUZ,4816,2,URBANO(A),
30,12,192,VERACRUZ,4817,2,URBANO(A),
30,12,192,VERACRUZ,4818,2,URBANO(A),
30,12,192,VERACRUZ,4819,2,URBANO(A),
30,12,192,VERACRUZ,4820,2,URBANO(A),
30,12,192,VERACRUZ,4821,2,URBANO(A),
30,4,192,VERACRUZ,4822,2,URBANO(A),
30,4,192,VERACRUZ,4823,2,URBANO(A),
30,4,192,VERACRUZ,4824,2,URBANO(A),
30,4,192,VERACRUZ,4825,2,URBANO(A),
30,4,192,VERACRUZ,4826,2,URBANO(A),
30,4,192,VERACRUZ,4827,2,URBANO(A),
30,4,192,VERACRUZ,4828,2,URBANO(A),
30,4,192,VERACRUZ,4829,3,MIXTO(A),
30,4,192,VERACRUZ,4830,3,MIXTO(A),
30,4,192,VERACRUZ,4831,2,URBANO(A),
30,4,192,VERACRUZ,4832,2,URBANO(A),
30,4,192,VERACRUZ,4833,2,URBANO(A),
30,4,192,VERACRUZ,4834,2,URBANO(A),
30,4,192,VERACRUZ,4835,2,URBANO(A),
30,11,41,COATZACOALCOS,4836,3,MIXTO(A),
30,11,41,COATZACOALCOS,4837,2,URBANO(A),
30,11,41,COATZACOALCOS,4838,2,URBANO(A),
30,11,41,COATZACOALCOS,4839,2,URBANO(A),
30,11,41,COATZACOALCOS,4840,2,URBANO(A),
30,11,41,COATZACOALCOS,4841,2,URBANO(A),
30,11,41,COATZACOALCOS,4842,2,URBANO(A),
30,11,41,COATZACOALCOS,4843,2,URBANO(A),
30,11,41,COATZACOALCOS,4844,3,MIXTO(A),
30,11,41,COATZACOALCOS,4845,2,URBANO(A),
30,13,106,MEDELLIN DE BRAVO,4846,3,MIXTO(A),
30,13,106,MEDELLIN DE BRAVO,4847,2,URBANO(A),
30,13,106,MEDELLIN DE BRAVO,4848,2,URBANO(A),
30,13,106,MEDELLIN DE BRAVO,4849,2,URBANO(A),
30,13,106,MEDELLIN DE BRAVO,4850,2,URBANO(A),
30,13,106,MEDELLIN DE BRAVO,4851,2,URBANO(A),
30,13,106,MEDELLIN DE BRAVO,4852,3,MIXTO(A),
30,13,106,MEDELLIN DE BRAVO,4853,2,URBANO(A),
30,13,106,MEDELLIN DE BRAVO,4854,2,URBANO(A),
30,13,106,MEDELLIN DE BRAVO,4855,2,URBANO(A),
30,13,106,MEDELLIN DE BRAVO,4856,3,MIXTO(A),
30,13,106,MEDELLIN DE BRAVO,4857,3,MIXTO(A),
30,6,125,PAPANTLA,4858,4,RURAL,
30,6,125,PAPANTLA,4859,4,RURAL,
30,6,125,PAPANTLA,4860,4,RURAL,
30,7,88,JALACINGO,4861,2,URBANO(A),
30,7,88,JALACINGO,4862,2,URBANO(A),
30,7,110,MISANTLA,4863,2,URBANO(A),
30,7,110,MISANTLA,4864,2,URBANO(A),
30,7,182,TLAPACOYAN,4865,2,URBANO(A),
30,7,182,TLAPACOYAN,4866,2,URBANO(A),
30,7,182,TLAPACOYAN,4867,3,MIXTO(A),
30,7,182,TLAPACOYAN,4868,2,URBANO(A),
30,11,41,COATZACOALCOS,4869,2,URBANO(A),
30,11,41,COATZACOALCOS,4870,2,URBANO(A),
30,11,41,COATZACOALCOS,4871,2,URBANO(A),
30,11,41,COATZACOALCOS,4872,2,URBANO(A),
30,11,41,COATZACOALCOS,4873,2,URBANO(A),
30,11,41,COATZACOALCOS,4874,2,URBANO(A),
30,11,41,COATZACOALCOS,4875,2,URBANO(A),
30,11,41,COATZACOALCOS,4876,2,URBANO(A),
30,11,41,COATZACOALCOS,4877,2,URBANO(A),
30,11,41,COATZACOALCOS,4878,2,URBANO(A),
30,11,41,COATZACOALCOS,4879,2,URBANO(A),
30,11,41,COATZACOALCOS,4880,2,URBANO(A),
30,11,41,COATZACOALCOS,4881,2,URBANO(A),
30,11,41,COATZACOALCOS,4882,2,URBANO(A),
30,11,41,COATZACOALCOS,4883,2,URBANO(A),
30,11,41,COATZACOALCOS,4884,2,URBANO(A),
30,11,41,COATZACOALCOS,4885,2,URBANO(A),
30,11,41,COATZACOALCOS,4886,2,URBANO(A),
30,11,41,COATZACOALCOS,4887,2,URBANO(A),
30,11,41,COATZACOALCOS,4888,2,URBANO(A),
30,11,41,COATZACOALCOS,4889,2,URBANO(A),
30,11,41,COATZACOALCOS,4890,2,URBANO(A),
30,11,41,COATZACOALCOS,4891,2,URBANO(A),
30,11,41,COATZACOALCOS,4892,2,URBANO(A),
30,11,41,COATZACOALCOS,4893,2,URBANO(A),
30,11,41,COATZACOALCOS,4894,2,URBANO(A),
30,11,41,COATZACOALCOS,4895,2,URBANO(A),
30,11,41,COATZACOALCOS,4896,2,URBANO(A),
30,14,109,MINATITLAN,4897,2,URBANO(A),
30,14,109,MINATITLAN,4898,2,URBANO(A),
30,14,109,MINATITLAN,4899,2,URBANO(A),
30,14,109,MINATITLAN,4900,2,URBANO(A),
30,14,109,MINATITLAN,4901,2,URBANO(A),
30,14,109,MINATITLAN,4902,2,URBANO(A),
30,14,109,MINATITLAN,4903,2,URBANO(A),
30,14,109,MINATITLAN,4904,2,URBANO(A),
30,19,34,CATEMACO,4905,2,URBANO(A),
30,19,34,CATEMACO,4906,2,URBANO(A),
30,19,142,SAN ANDRES TUXTLA,4907,4,RURAL,
30,19,142,SAN ANDRES TUXTLA,4908,4,RURAL,
30,3,50,COSOLEACAQUE,4909,4,RURAL,
30,3,50,COSOLEACAQUE,4910,4,RURAL,
30,1,160,TEMPOAL,4911,4,RURAL,
30,1,160,TEMPOAL,4912,4,RURAL,
30,1,160,TEMPOAL,4913,4,RURAL,
30,5,188,TUXPAN,4914,4,RURAL,
30,6,68,ESPINAL,4915,4,RURAL,
30,6,69,FILOMENO MATA,4916,2,URBANO(A),
30,6,69,FILOMENO MATA,4917,2,URBANO(A),
30,6,125,PAPANTLA,4918,4,RURAL,
30,9,194,XICO,4919,4,RURAL,
30,16,55,CUITLAHUAC,4920,4,RURAL,
30,17,168,JOSE AZUETA,4921,4,RURAL,
30,17,204,TRES VALLES,4922,3,MIXTO(A),
30,17,204,TRES VALLES,4923,3,MIXTO(A),
30,18,118,OMEALCA,4924,4,RURAL,
30,18,118,OMEALCA,4925,4,RURAL,
30,19,142,SAN ANDRES TUXTLA,4926,4,RURAL,
30,19,142,SAN ANDRES TUXTLA,4927,4,RURAL,
30,19,142,SAN ANDRES TUXTLA,4928,4,RURAL,
30,19,142,SAN ANDRES TUXTLA,4929,4,RURAL,
30,4,29,BOCA DEL RIO,4930,4,RURAL,
30,4,192,VERACRUZ,4931,3,MIXTO(A),
30,4,192,VERACRUZ,4932,3,MIXTO(A),
30,4,192,VERACRUZ,4933,3,MIXTO(A),
30,4,192,VERACRUZ,4934,2,URBANO(A),
30,4,192,VERACRUZ,4935,2,URBANO(A),
30,4,192,VERACRUZ,4936,2,URBANO(A),
30,4,192,VERACRUZ,4937,3,MIXTO(A),
30,4,192,VERACRUZ,4938,2,URBANO(A),
30,10,89,XALAPA,4939,2,URBANO(A),
30,10,89,XALAPA,4940,2,URBANO(A),
30,10,89,XALAPA,4941,2,URBANO(A),
30,10,89,XALAPA,4942,2,URBANO(A),
30,10,89,XALAPA,4943,2,URBANO(A),
30,10,89,XALAPA,4944,2,URBANO(A),
30,10,89,XALAPA,4945,2,URBANO(A),
30,10,89,XALAPA,4946,2,URBANO(A),
30,10,89,XALAPA,4947,2,URBANO(A),
30,13,73,HUATUSCO,4948,2,URBANO(A),
30,13,73,HUATUSCO,4949,2,URBANO(A),
30,13,73,HUATUSCO,4950,2,URBANO(A),
30,5,188,TUXPAN,4951,3,MIXTO(A),
30,5,188,TUXPAN,4952,2,URBANO(A),
30,5,188,TUXPAN,4953,2,URBANO(A),
30,5,188,TUXPAN,4954,2,URBANO(A),
30,5,188,TUXPAN,4955,2,URBANO(A),
30,12,192,VERACRUZ,4956,2,URBANO(A),
30,12,192,VERACRUZ,4957,3,MIXTO(A),
30,12,192,VERACRUZ,4958,2,URBANO(A),
30,12,192,VERACRUZ,4959,2,URBANO(A),
30,12,192,VERACRUZ,4960,2,URBANO(A),
30,12,192,VERACRUZ,4961,2,URBANO(A),
30,12,192,VERACRUZ,4962,3,MIXTO(A),
30,6,42,COATZINTLA,4963,2,URBANO(A),
30,6,42,COATZINTLA,4964,2,URBANO(A),
30,6,42,COATZINTLA,4965,2,URBANO(A),
30,6,42,COATZINTLA,4966,2,URBANO(A),
30,7,103,MARTINEZ DE LA TORRE,4967,2,URBANO(A),
30,7,103,MARTINEZ DE LA TORRE,4968,2,URBANO(A),
30,7,103,MARTINEZ DE LA TORRE,4969,2,URBANO(A),
30,7,103,MARTINEZ DE LA TORRE,4970,2,URBANO(A),
30,7,103,MARTINEZ DE LA TORRE,4971,2,URBANO(A),
30,7,103,MARTINEZ DE LA TORRE,4972,2,URBANO(A),
30,10,89,XALAPA,4973,3,MIXTO(A),
30,10,89,XALAPA,4974,2,URBANO(A),
30,10,89,XALAPA,4975,2,URBANO(A),
30,10,89,XALAPA,4976,2,URBANO(A),
30,10,89,XALAPA,4977,2,URBANO(A),
30,10,89,XALAPA,4978,2,URBANO(A),
30,10,89,XALAPA,4979,2,URBANO(A),
30,10,89,XALAPA,4980,2,URBANO(A),
30,10,89,XALAPA,4981,2,URBANO(A),
30,16,46,CORDOBA,4982,2,URBANO(A),
30,16,46,CORDOBA,4983,2,URBANO(A),
30,16,46,CORDOBA,4984,2,URBANO(A),
30,16,46,CORDOBA,4985,2,URBANO(A),
30,16,46,CORDOBA,4986,2,URBANO(A),
30,5,188,TUXPAN,4987,4,RURAL,
30,5,188,TUXPAN,4988,4,RURAL,
30,7,103,MARTINEZ DE LA TORRE,4989,2,URBANO(A),
30,7,103,MARTINEZ DE LA TORRE,4990,2,URBANO(A),
30,11,41,COATZACOALCOS,4991,2,URBANO(A),
30,11,41,COATZACOALCOS,4992,2,URBANO(A),
30,11,41,COATZACOALCOS,4993,2,URBANO(A),
30,15,128,LA PERLA,4994,4,RURAL,
30,15,128,LA PERLA,4995,4,RURAL,
30,15,128,LA PERLA,4996,4,RURAL,
30,18,159,TEHUIPANGO,4997,4,RURAL,
30,18,159,TEHUIPANGO,4998,4,RURAL,
30,19,150,SOTEAPAN,4999,4,RURAL,
30,19,150,SOTEAPAN,5000,2,URBANO(A),
30,11,205,NANCHITAL DE LAZARO CARDENAS DEL RIO,5001,3,MIXTO(A),
30,11,205,NANCHITAL DE LAZARO CARDENAS DEL RIO,5002,2,URBANO(A),
30,4,192,VERACRUZ,5003,2,URBANO(A),
30,4,192,VERACRUZ,5004,2,URBANO(A),
30,4,192,VERACRUZ,5005,2,URBANO(A),
30,4,192,VERACRUZ,5006,2,URBANO(A),
30,4,192,VERACRUZ,5007,2,URBANO(A),
30,4,192,VERACRUZ,5008,2,URBANO(A),
30,4,192,VERACRUZ,5009,2,URBANO(A),
30,4,192,VERACRUZ,5010,2,URBANO(A),
30,4,192,VERACRUZ,5011,2,URBANO(A),
30,4,192,VERACRUZ,5012,2,URBANO(A),
30,12,192,VERACRUZ,5013,3,MIXTO(A),
30,12,192,VERACRUZ,5014,3,MIXTO(A),
30,12,192,VERACRUZ,5015,2,URBANO(A),
30,12,192,VERACRUZ,5016,2,URBANO(A),
30,12,192,VERACRUZ,5017,2,URBANO(A),
30,4,192,VERACRUZ,5018,2,URBANO(A),
30,4,192,VERACRUZ,5019,2,URBANO(A),
30,4,192,VERACRUZ,5020,2,URBANO(A),
30,4,192,VERACRUZ,5021,2,URBANO(A),
30,4,192,VERACRUZ,5022,2,URBANO(A),
30,4,192,VERACRUZ,5023,2,URBANO(A),
30,12,192,VERACRUZ,5024,2,URBANO(A),
30,12,192,VERACRUZ,5025,2,URBANO(A),
30,12,192,VERACRUZ,5026,3,MIXTO(A),
30,12,192,VERACRUZ,5027,2,URBANO(A),
30,12,192,VERACRUZ,5028,2,URBANO(A),
30,12,192,VERACRUZ,5029,2,URBANO(A),
30,12,192,VERACRUZ,5030,2,URBANO(A),
30,12,192,VERACRUZ,5031,2,URBANO(A),
30,12,192,VERACRUZ,5032,2,URBANO(A),
30,8,67,EMILIANO ZAPATA,5033,3,MIXTO(A),
30,8,67,EMILIANO ZAPATA,5034,3,MIXTO(A),
30,8,67,EMILIANO ZAPATA,5035,3,MIXTO(A),
30,8,67,EMILIANO ZAPATA,5036,2,URBANO(A),
30,8,67,EMILIANO ZAPATA,5037,2,URBANO(A),
30,8,67,EMILIANO ZAPATA,5038,2,URBANO(A),
30,8,67,EMILIANO ZAPATA,5039,4,RURAL,
30,8,67,EMILIANO ZAPATA,5040,2,URBANO(A),
30,8,67,EMILIANO ZAPATA,5041,3,MIXTO(A),
30,8,67,EMILIANO ZAPATA,5042,4,RURAL,
30,8,67,EMILIANO ZAPATA,5043,2,URBANO(A),
30,8,67,EMILIANO ZAPATA,5044,3,MIXTO(A),
30,8,67,EMILIANO ZAPATA,5045,2,URBANO(A),
30,8,67,EMILIANO ZAPATA,5046,2,URBANO(A),
30,9,129,PEROTE,5047,2,URBANO(A),
30,9,129,PEROTE,5048,2,URBANO(A),
30,9,129,PEROTE,5049,2,URBANO(A),
30,9,129,PEROTE,5050,2,URBANO(A),
30,9,129,PEROTE,5051,2,URBANO(A),
30,10,89,XALAPA,5052,2,URBANO(A),
30,10,89,XALAPA,5053,2,URBANO(A),
30,10,89,XALAPA,5054,2,URBANO(A),
30,10,89,XALAPA,5055,2,URBANO(A),
30,10,89,XALAPA,5056,2,URBANO(A),
30,10,89,XALAPA,5057,2,URBANO(A),
30,10,89,XALAPA,5058,2,URBANO(A),
30,12,192,VERACRUZ,5059,2,URBANO(A),
30,12,192,VERACRUZ,5060,2,URBANO(A),
30,12,192,VERACRUZ,5061,2,URBANO(A),
30,12,192,VERACRUZ,5062,2,URBANO(A),
30,12,192,VERACRUZ,5063,3,MIXTO(A),
30,12,192,VERACRUZ,5064,3,MIXTO(A),
30,12,192,VERACRUZ,5065,2,URBANO(A),
30,12,192,VERACRUZ,5066,2,URBANO(A),
30,12,192,VERACRUZ,5067,3,MIXTO(A),
30,12,192,VERACRUZ,5068,2,URBANO(A),
30,12,192,VERACRUZ,5069,2,URBANO(A),
30,12,192,VERACRUZ,5070,2,URBANO(A),
30,12,192,VERACRUZ,5071,2,URBANO(A),
30,12,192,VERACRUZ,5072,2,URBANO(A),
30,12,192,VERACRUZ,5073,2,URBANO(A),
30,12,192,VERACRUZ,5074,2,URBANO(A),
30,16,70,FORTIN,5075,3,MIXTO(A),
30,16,70,FORTIN,5076,3,MIXTO(A),
30,16,70,FORTIN,5077,3,MIXTO(A),
30,16,70,FORTIN,5078,3,MIXTO(A),
30,16,70,FORTIN,5079,3,MIXTO(A),
