ENTIDAD,DISTRITO,MUNICIPIO,NOMBRE_MUNICIPIO,SECCION,TIPO_SECCION,TIPO_NOMBRE
12,4,1,ACAPULCO DE JUAREZ,1,2,URBANO(A)
12,4,1,ACAPULCO DE JUAREZ,2,2,URBANO(A)
12,4,1,ACAPULCO DE JUAREZ,3,2,URBANO(A)
12,4,1,ACAPULCO DE JUAREZ,4,2,URBANO(A)
12,4,1,ACAPULCO DE JUAREZ,5,2,URBANO(A)
12,4,1,ACAPULCO DE JUAREZ,6,2,URBANO(A)
12,4,1,ACAPULCO DE JUAREZ,7,2,URBANO(A)
12,4,1,ACAPULCO DE JUAREZ,8,2,URBANO(A)
12,4,1,ACAPULCO DE JUAREZ,9,2,URBANO(A)
12,4,1,ACAPULCO DE JUAREZ,10,2,URBANO(A)
12,4,1,ACAPULCO DE JUAREZ,11,2,URBANO(A)
12,4,1,ACAPULCO DE JUAREZ,12,2,URBANO(A)
12,4,1,ACAPULCO DE JUAREZ,13,2,URBANO(A)
12,4,1,ACAPULCO DE JUAREZ,14,2,URBANO(A)
12,4,1,ACAPULCO DE JUAREZ,15,2,URBANO(A)
12,4,1,ACAPULCO DE JUAREZ,16,2,URBANO(A)
12,4,1,ACAPULCO DE JUAREZ,17,2,URBANO(A)
12,4,1,ACAPULCO DE JUAREZ,18,2,URBANO(A)
12,4,1,ACAPULCO DE JUAREZ,19,2,URBANO(A)
12,4,1,ACAPULCO DE JUAREZ,20,2,URBANO(A)
12,4,1,ACAPULCO DE JUAREZ,21,2,URBANO(A)
12,4,1,ACAPULCO DE JUAREZ,22,2,URBANO(A)
12,4,1,ACAPULCO DE JUAREZ,23,2,URBANO(A)
12,4,1,ACAPULCO DE JUAREZ,24,2,URBANO(A)
12,4,1,ACAPULCO DE JUAREZ,25,2,URBANO(A)
12,4,1,ACAPULCO DE JUAREZ,26,2,URBANO(A)
12,4,1,ACAPULCO DE JUAREZ,27,2,URBANO(A)
12,4,1,ACAPULCO DE JUAREZ,28,2,URBANO(A)
12,4,1,ACAPULCO DE JUAREZ,29,2,URBANO(A)
12,4,1,ACAPULCO DE JUAREZ,30,2,URBANO(A)
12,4,1,ACAPULCO DE JUAREZ,31,2,URBANO(A)
12,4,1,ACAPULCO DE JUAREZ,32,2,URBANO(A)
12,4,1,ACAPULCO DE JUAREZ,33,2,URBANO(A)
12,4,1,ACAPULCO DE JUAREZ,34,2,URBANO(A)
12,4,1,ACAPULCO DE JUAREZ,35,2,URBANO(A)
12,4,1,ACAPULCO DE JUAREZ,36,2,URBANO(A)
12,4,1,ACAPULCO DE JUAREZ,37,2,URBANO(A)
12,4,1,ACAPULCO DE JUAREZ,38,2,URBANO(A)
12,4,1,ACAPULCO DE JUAREZ,39,2,URBANO(A)
12,4,1,ACAPULCO DE JUAREZ,40,2,URBANO(A)
12,4,1,ACAPULCO DE JUAREZ,41,2,URBANO(A)
12,4,1,ACAPULCO DE JUAREZ,42,2,URBANO(A)
12,4,1,ACAPULCO DE JUAREZ,43,2,URBANO(A)
12,4,1,ACAPULCO DE JUAREZ,44,2,URBANO(A)
12,4,1,ACAPULCO DE JUAREZ,45,2,URBANO(A)
12,4,1,ACAPULCO DE JUAREZ,46,2,URBANO(A)
12,4,1,ACAPULCO DE JUAREZ,47,2,URBANO(A)
12,4,1,ACAPULCO DE JUAREZ,48,2,URBANO(A)
12,4,1,ACAPULCO DE JUAREZ,49,2,URBANO(A)
12,4,1,ACAPULCO DE JUAREZ,50,2,URBANO(A)
12,4,1,ACAPULCO DE JUAREZ,51,2,URBANO(A)
12,4,1,ACAPULCO DE JUAREZ,52,2,URBANO(A)
12,4,1,ACAPULCO DE JUAREZ,53,2,URBANO(A)
12,4,1,ACAPULCO DE JUAREZ,54,2,URBANO(A)
12,4,1,ACAPULCO DE JUAREZ,55,2,URBANO(A)
12,4,1,ACAPULCO DE JUAREZ,56,2,URBANO(A)
12,4,1,ACAPULCO DE JUAREZ,57,2,URBANO(A)
12,4,1,ACAPULCO DE JUAREZ,58,2,URBANO(A)
12,4,1,ACAPULCO DE JUAREZ,59,2,URBANO(A)
12,4,1,ACAPULCO DE JUAREZ,60,2,URBANO(A)
12,4,1,ACAPULCO DE JUAREZ,61,2,URBANO(A)
12,4,1,ACAPULCO DE JUAREZ,62,2,URBANO(A)
12,4,1,ACAPULCO DE JUAREZ,63,2,URBANO(A)
12,4,1,ACAPULCO DE JUAREZ,64,2,URBANO(A)
12,4,1,ACAPULCO DE JUAREZ,65,2,URBANO(A)
12,4,1,ACAPULCO DE JUAREZ,66,2,URBANO(A)
12,4,1,ACAPULCO DE JUAREZ,67,2,URBANO(A)
12,4,1,ACAPULCO DE JUAREZ,68,2,URBANO(A)
12,4,1,ACAPULCO DE JUAREZ,69,2,URBANO(A)
12,4,1,ACAPULCO DE JUAREZ,70,2,URBANO(A)
12,4,1,ACAPULCO DE JUAREZ,71,2,URBANO(A)
12,4,1,ACAPULCO DE JUAREZ,72,2,URBANO(A)
12,4,1,ACAPULCO DE JUAREZ,73,2,URBANO(A)
12,4,1,ACAPULCO DE JUAREZ,74,2,URBANO(A)
12,4,1,ACAPULCO DE JUAREZ,75,2,URBANO(A)
12,4,1,ACAPULCO DE JUAREZ,76,2,URBANO(A)
12,4,1,ACAPULCO DE JUAREZ,77,2,URBANO(A)
12,4,1,ACAPULCO DE JUAREZ,78,2,URBANO(A)
12,4,1,ACAPULCO DE JUAREZ,79,2,URBANO(A)
12,4,1,ACAPULCO DE JUAREZ,80,2,URBANO(A)
12,4,1,ACAPULCO DE JUAREZ,81,2,URBANO(A)
12,4,1,ACAPULCO DE JUAREZ,82,2,URBANO(A)
12,4,1,ACAPULCO DE JUAREZ,83,2,URBANO(A)
12,4,1,ACAPULCO DE JUAREZ,84,2,URBANO(A)
12,4,1,ACAPULCO DE JUAREZ,85,2,URBANO(A)
12,4,1,ACAPULCO DE JUAREZ,86,2,URBANO(A)
12,4,1,ACAPULCO DE JUAREZ,87,2,URBANO(A)
12,4,1,ACAPULCO DE JUAREZ,88,2,URBANO(A)
12,4,1,ACAPULCO DE JUAREZ,89,2,URBANO(A)
12,4,1,ACAPULCO DE JUAREZ,90,2,URBANO(A)
12,4,1,ACAPULCO DE JUAREZ,91,2,URBANO(A)
12,4,1,ACAPULCO DE JUAREZ,92,2,URBANO(A)
12,4,1,ACAPULCO DE JUAREZ,93,2,URBANO(A)
12,4,1,ACAPULCO DE JUAREZ,94,2,URBANO(A)
12,4,1,ACAPULCO DE JUAREZ,95,2,URBANO(A)
12,4,1,ACAPULCO DE JUAREZ,97,2,URBANO(A)
12,4,1,ACAPULCO DE JUAREZ,98,2,URBANO(A)
12,4,1,ACAPULCO DE JUAREZ,99,2,URBANO(A)
12,4,1,ACAPULCO DE JUAREZ,100,2,URBANO(A)
12,4,1,ACAPULCO DE JUAREZ,101,2,URBANO(A)
12,4,1,ACAPULCO DE JUAREZ,102,2,URBANO(A)
12,4,1,ACAPULCO DE JUAREZ,103,2,URBANO(A)
12,4,1,ACAPULCO DE JUAREZ,104,2,URBANO(A)
12,4,1,ACAPULCO DE JUAREZ,105,2,URBANO(A)
12,4,1,ACAPULCO DE JUAREZ,106,2,URBANO(A)
12,4,1,ACAPULCO DE JUAREZ,107,2,URBANO(A)
12,4,1,ACAPULCO DE JUAREZ,108,2,URBANO(A)
12,4,1,ACAPULCO DE JUAREZ,109,2,URBANO(A)
12,4,1,ACAPULCO DE JUAREZ,110,2,URBANO(A)
12,4,1,ACAPULCO DE JUAREZ,111,2,URBANO(A)
12,4,1,ACAPULCO DE JUAREZ,112,2,URBANO(A)
12,4,1,ACAPULCO DE JUAREZ,113,2,URBANO(A)
12,4,1,ACAPULCO DE JUAREZ,114,2,URBANO(A)
12,2,1,ACAPULCO DE JUAREZ,115,3,MIXTO(A)
12,2,1,ACAPULCO DE JUAREZ,116,2,URBANO(A)
12,2,1,ACAPULCO DE JUAREZ,118,2,URBANO(A)
12,4,1,ACAPULCO DE JUAREZ,119,2,URBANO(A)
12,4,1,ACAPULCO DE JUAREZ,120,2,URBANO(A)
12,4,1,ACAPULCO DE JUAREZ,121,2,URBANO(A)
12,4,1,ACAPULCO DE JUAREZ,122,2,URBANO(A)
12,4,1,ACAPULCO DE JUAREZ,123,2,URBANO(A)
12,4,1,ACAPULCO DE JUAREZ,124,2,URBANO(A)
12,4,1,ACAPULCO DE JUAREZ,125,2,URBANO(A)
12,4,1,ACAPULCO DE JUAREZ,126,2,URBANO(A)
12,4,1,ACAPULCO DE JUAREZ,127,2,URBANO(A)
12,4,1,ACAPULCO DE JUAREZ,128,2,URBANO(A)
12,4,1,ACAPULCO DE JUAREZ,129,2,URBANO(A)
12,4,1,ACAPULCO DE JUAREZ,130,2,URBANO(A)
12,4,1,ACAPULCO DE JUAREZ,131,2,URBANO(A)
12,4,1,ACAPULCO DE JUAREZ,132,2,URBANO(A)
12,4,1,ACAPULCO DE JUAREZ,133,2,URBANO(A)
12,2,1,ACAPULCO DE JUAREZ,134,2,URBANO(A)
12,2,1,ACAPULCO DE JUAREZ,135,3,MIXTO(A)
12,2,1,ACAPULCO DE JUAREZ,136,2,URBANO(A)
12,2,1,ACAPULCO DE JUAREZ,137,2,URBANO(A)
12,2,1,ACAPULCO DE JUAREZ,138,2,URBANO(A)
12,4,1,ACAPULCO DE JUAREZ,139,2,URBANO(A)
12,4,1,ACAPULCO DE JUAREZ,140,2,URBANO(A)
12,4,1,ACAPULCO DE JUAREZ,141,2,URBANO(A)
12,4,1,ACAPULCO DE JUAREZ,142,2,URBANO(A)
12,4,1,ACAPULCO DE JUAREZ,143,2,URBANO(A)
12,4,1,ACAPULCO DE JUAREZ,144,2,URBANO(A)
12,4,1,ACAPULCO DE JUAREZ,145,2,URBANO(A)
12,4,1,ACAPULCO DE JUAREZ,146,2,URBANO(A)
12,4,1,ACAPULCO DE JUAREZ,147,2,URBANO(A)
12,4,1,ACAPULCO DE JUAREZ,148,2,URBANO(A)
12,2,1,ACAPULCO DE JUAREZ,149,2,URBANO(A)
12,2,1,ACAPULCO DE JUAREZ,150,2,URBANO(A)
12,2,1,ACAPULCO DE JUAREZ,151,2,URBANO(A)
12,2,1,ACAPULCO DE JUAREZ,152,2,URBANO(A)
12,2,1,ACAPULCO DE JUAREZ,153,2,URBANO(A)
12,2,1,ACAPULCO DE JUAREZ,154,2,URBANO(A)
12,2,1,ACAPULCO DE JUAREZ,155,2,URBANO(A)
12,2,1,ACAPULCO DE JUAREZ,156,2,URBANO(A)
12,2,1,ACAPULCO DE JUAREZ,157,2,URBANO(A)
12,2,1,ACAPULCO DE JUAREZ,158,2,URBANO(A)
12,2,1,ACAPULCO DE JUAREZ,159,2,URBANO(A)
12,2,1,ACAPULCO DE JUAREZ,160,2,URBANO(A)
12,2,1,ACAPULCO DE JUAREZ,161,2,URBANO(A)
12,4,1,ACAPULCO DE JUAREZ,162,2,URBANO(A)
12,4,1,ACAPULCO DE JUAREZ,163,2,URBANO(A)
12,4,1,ACAPULCO DE JUAREZ,165,2,URBANO(A)
12,4,1,ACAPULCO DE JUAREZ,166,2,URBANO(A)
12,4,1,ACAPULCO DE JUAREZ,167,2,URBANO(A)
12,4,1,ACAPULCO DE JUAREZ,168,2,URBANO(A)
12,4,1,ACAPULCO DE JUAREZ,169,3,MIXTO(A)
12,4,1,ACAPULCO DE JUAREZ,170,2,URBANO(A)
12,4,1,ACAPULCO DE JUAREZ,171,2,URBANO(A)
12,2,1,ACAPULCO DE JUAREZ,172,2,URBANO(A)
12,2,1,ACAPULCO DE JUAREZ,173,2,URBANO(A)
12,2,1,ACAPULCO DE JUAREZ,174,2,URBANO(A)
12,2,1,ACAPULCO DE JUAREZ,175,2,URBANO(A)
12,2,1,ACAPULCO DE JUAREZ,176,2,URBANO(A)
12,2,1,ACAPULCO DE JUAREZ,177,2,URBANO(A)
12,2,1,ACAPULCO DE JUAREZ,178,2,URBANO(A)
12,2,1,ACAPULCO DE JUAREZ,179,2,URBANO(A)
12,2,1,ACAPULCO DE JUAREZ,181,2,URBANO(A)
12,2,1,ACAPULCO DE JUAREZ,182,2,URBANO(A)
12,2,1,ACAPULCO DE JUAREZ,183,2,URBANO(A)
12,2,1,ACAPULCO DE JUAREZ,184,2,URBANO(A)
12,2,1,ACAPULCO DE JUAREZ,185,2,URBANO(A)
12,2,1,ACAPULCO DE JUAREZ,186,2,URBANO(A)
12,2,1,ACAPULCO DE JUAREZ,187,2,URBANO(A)
12,2,1,ACAPULCO DE JUAREZ,188,2,URBANO(A)
12,2,1,ACAPULCO DE JUAREZ,189,2,URBANO(A)
12,2,1,ACAPULCO DE JUAREZ,190,2,URBANO(A)
12,4,1,ACAPULCO DE JUAREZ,191,2,URBANO(A)
12,4,1,ACAPULCO DE JUAREZ,192,2,URBANO(A)
12,4,1,ACAPULCO DE JUAREZ,193,2,URBANO(A)
12,4,1,ACAPULCO DE JUAREZ,194,2,URBANO(A)
12,4,1,ACAPULCO DE JUAREZ,195,2,URBANO(A)
12,4,1,ACAPULCO DE JUAREZ,196,2,URBANO(A)
12,4,1,ACAPULCO DE JUAREZ,197,2,URBANO(A)
12,4,1,ACAPULCO DE JUAREZ,198,2,URBANO(A)
12,2,1,ACAPULCO DE JUAREZ,199,2,URBANO(A)
12,2,1,ACAPULCO DE JUAREZ,200,2,URBANO(A)
12,2,1,ACAPULCO DE JUAREZ,201,2,URBANO(A)
12,2,1,ACAPULCO DE JUAREZ,202,2,URBANO(A)
12,2,1,ACAPULCO DE JUAREZ,203,2,URBANO(A)
12,2,1,ACAPULCO DE JUAREZ,204,2,URBANO(A)
12,2,1,ACAPULCO DE JUAREZ,205,2,URBANO(A)
12,2,1,ACAPULCO DE JUAREZ,206,2,URBANO(A)
12,2,1,ACAPULCO DE JUAREZ,207,2,URBANO(A)
12,2,1,ACAPULCO DE JUAREZ,208,2,URBANO(A)
12,2,1,ACAPULCO DE JUAREZ,209,2,URBANO(A)
12,2,1,ACAPULCO DE JUAREZ,210,2,URBANO(A)
12,2,1,ACAPULCO DE JUAREZ,211,2,URBANO(A)
12,2,1,ACAPULCO DE JUAREZ,212,2,URBANO(A)
12,2,1,ACAPULCO DE JUAREZ,213,2,URBANO(A)
12,2,1,ACAPULCO DE JUAREZ,214,2,URBANO(A)
12,2,1,ACAPULCO DE JUAREZ,215,2,URBANO(A)
12,2,1,ACAPULCO DE JUAREZ,216,2,URBANO(A)
12,2,1,ACAPULCO DE JUAREZ,217,2,URBANO(A)
12,4,1,ACAPULCO DE JUAREZ,218,2,URBANO(A)
12,4,1,ACAPULCO DE JUAREZ,219,2,URBANO(A)
12,4,1,ACAPULCO DE JUAREZ,220,2,URBANO(A)
12,4,1,ACAPULCO DE JUAREZ,221,2,URBANO(A)
12,4,1,ACAPULCO DE JUAREZ,222,2,URBANO(A)
12,4,1,ACAPULCO DE JUAREZ,223,2,URBANO(A)
12,4,1,ACAPULCO DE JUAREZ,224,2,URBANO(A)
12,4,1,ACAPULCO DE JUAREZ,225,2,URBANO(A)
12,4,1,ACAPULCO DE JUAREZ,226,2,URBANO(A)
12,4,1,ACAPULCO DE JUAREZ,227,2,URBANO(A)
12,4,1,ACAPULCO DE JUAREZ,228,2,URBANO(A)
12,4,1,ACAPULCO DE JUAREZ,229,2,URBANO(A)
12,4,1,ACAPULCO DE JUAREZ,230,2,URBANO(A)
12,4,1,ACAPULCO DE JUAREZ,231,2,URBANO(A)
12,4,1,ACAPULCO DE JUAREZ,232,2,URBANO(A)
12,4,1,ACAPULCO DE JUAREZ,233,2,URBANO(A)
12,4,1,ACAPULCO DE JUAREZ,234,2,URBANO(A)
12,4,1,ACAPULCO DE JUAREZ,235,2,URBANO(A)
12,4,1,ACAPULCO DE JUAREZ,236,2,URBANO(A)
12,4,1,ACAPULCO DE JUAREZ,237,2,URBANO(A)
12,4,1,ACAPULCO DE JUAREZ,238,2,URBANO(A)
12,4,1,ACAPULCO DE JUAREZ,239,2,URBANO(A)
12,4,1,ACAPULCO DE JUAREZ,240,2,URBANO(A)
12,4,1,ACAPULCO DE JUAREZ,241,2,URBANO(A)
12,4,1,ACAPULCO DE JUAREZ,242,2,URBANO(A)
12,2,1,ACAPULCO DE JUAREZ,243,2,URBANO(A)
12,2,1,ACAPULCO DE JUAREZ,244,2,URBANO(A)
12,2,1,ACAPULCO DE JUAREZ,245,2,URBANO(A)
12,2,1,ACAPULCO DE JUAREZ,246,2,URBANO(A)
12,2,1,ACAPULCO DE JUAREZ,247,2,URBANO(A)
12,4,1,ACAPULCO DE JUAREZ,248,2,URBANO(A)
12,4,1,ACAPULCO DE JUAREZ,249,2,URBANO(A)
12,4,1,ACAPULCO DE JUAREZ,250,2,URBANO(A)
12,4,1,ACAPULCO DE JUAREZ,251,2,URBANO(A)
12,4,1,ACAPULCO DE JUAREZ,252,2,URBANO(A)
12,4,1,ACAPULCO DE JUAREZ,253,2,URBANO(A)
12,4,1,ACAPULCO DE JUAREZ,254,2,URBANO(A)
12,4,1,ACAPULCO DE JUAREZ,255,2,URBANO(A)
12,4,1,ACAPULCO DE JUAREZ,256,2,URBANO(A)
12,4,1,ACAPULCO DE JUAREZ,257,2,URBANO(A)
12,4,1,ACAPULCO DE JUAREZ,258,2,URBANO(A)
12,4,1,ACAPULCO DE JUAREZ,259,2,URBANO(A)
12,4,1,ACAPULCO DE JUAREZ,260,2,URBANO(A)
12,4,1,ACAPULCO DE JUAREZ,261,2,URBANO(A)
12,2,1,ACAPULCO DE JUAREZ,262,2,URBANO(A)
12,2,1,ACAPULCO DE JUAREZ,263,2,URBANO(A)
12,2,1,ACAPULCO DE JUAREZ,264,2,URBANO(A)
12,2,1,ACAPULCO DE JUAREZ,265,2,URBANO(A)
12,2,1,ACAPULCO DE JUAREZ,267,2,URBANO(A)
12,2,1,ACAPULCO DE JUAREZ,268,2,URBANO(A)
12,2,1,ACAPULCO DE JUAREZ,269,2,URBANO(A)
12,4,1,ACAPULCO DE JUAREZ,270,2,URBANO(A)
12,4,1,ACAPULCO DE JUAREZ,271,2,URBANO(A)
12,4,1,ACAPULCO DE JUAREZ,272,2,URBANO(A)
12,4,1,ACAPULCO DE JUAREZ,273,2,URBANO(A)
12,4,1,ACAPULCO DE JUAREZ,274,2,URBANO(A)
12,4,1,ACAPULCO DE JUAREZ,275,2,URBANO(A)
12,4,1,ACAPULCO DE JUAREZ,276,2,URBANO(A)
12,4,1,ACAPULCO DE JUAREZ,277,2,URBANO(A)
12,2,1,ACAPULCO DE JUAREZ,278,2,URBANO(A)
12,2,1,ACAPULCO DE JUAREZ,279,2,URBANO(A)
12,2,1,ACAPULCO DE JUAREZ,280,2,URBANO(A)
12,2,1,ACAPULCO DE JUAREZ,281,2,URBANO(A)
12,2,1,ACAPULCO DE JUAREZ,282,2,URBANO(A)
12,2,1,ACAPULCO DE JUAREZ,283,2,URBANO(A)
12,2,1,ACAPULCO DE JUAREZ,284,2,URBANO(A)
12,2,1,ACAPULCO DE JUAREZ,285,2,URBANO(A)
12,2,1,ACAPULCO DE JUAREZ,286,2,URBANO(A)
12,2,1,ACAPULCO DE JUAREZ,287,2,URBANO(A)
12,2,1,ACAPULCO DE JUAREZ,288,2,URBANO(A)
12,2,1,ACAPULCO DE JUAREZ,289,2,URBANO(A)
12,2,1,ACAPULCO DE JUAREZ,290,2,URBANO(A)
12,2,1,ACAPULCO DE JUAREZ,291,2,URBANO(A)
12,2,1,ACAPULCO DE JUAREZ,292,2,URBANO(A)
12,2,1,ACAPULCO DE JUAREZ,293,2,URBANO(A)
12,2,1,ACAPULCO DE JUAREZ,295,2,URBANO(A)
12,2,1,ACAPULCO DE JUAREZ,296,2,URBANO(A)
12,2,1,ACAPULCO DE JUAREZ,297,2,URBANO(A)
12,2,1,ACAPULCO DE JUAREZ,298,2,URBANO(A)
12,2,1,ACAPULCO DE JUAREZ,299,2,URBANO(A)
12,2,1,ACAPULCO DE JUAREZ,300,2,URBANO(A)
12,2,1,ACAPULCO DE JUAREZ,301,2,URBANO(A)
12,2,1,ACAPULCO DE JUAREZ,302,2,URBANO(A)
12,2,1,ACAPULCO DE JUAREZ,304,2,URBANO(A)
12,2,1,ACAPULCO DE JUAREZ,305,2,URBANO(A)
12,2,1,ACAPULCO DE JUAREZ,306,2,URBANO(A)
12,2,1,ACAPULCO DE JUAREZ,307,2,URBANO(A)
12,2,1,ACAPULCO DE JUAREZ,308,2,URBANO(A)
12,2,1,ACAPULCO DE JUAREZ,309,2,URBANO(A)
12,2,1,ACAPULCO DE JUAREZ,311,2,URBANO(A)
12,2,1,ACAPULCO DE JUAREZ,312,2,URBANO(A)
12,4,1,ACAPULCO DE JUAREZ,313,4,RURAL
12,4,1,ACAPULCO DE JUAREZ,314,4,RURAL
12,4,1,ACAPULCO DE JUAREZ,315,4,RURAL
12,4,1,ACAPULCO DE JUAREZ,316,4,RURAL
12,4,1,ACAPULCO DE JUAREZ,317,3,MIXTO(A)
12,4,1,ACAPULCO DE JUAREZ,318,2,URBANO(A)
12,4,1,ACAPULCO DE JUAREZ,319,3,MIXTO(A)
12,4,1,ACAPULCO DE JUAREZ,320,2,URBANO(A)
12,4,1,ACAPULCO DE JUAREZ,321,4,RURAL
12,4,1,ACAPULCO DE JUAREZ,322,4,RURAL
12,4,1,ACAPULCO DE JUAREZ,323,4,RURAL
12,4,1,ACAPULCO DE JUAREZ,324,4,RURAL
12,4,1,ACAPULCO DE JUAREZ,325,4,RURAL
12,4,1,ACAPULCO DE JUAREZ,326,4,RURAL
12,4,1,ACAPULCO DE JUAREZ,327,4,RURAL
12,4,1,ACAPULCO DE JUAREZ,328,4,RURAL
12,4,1,ACAPULCO DE JUAREZ,329,2,URBANO(A)
12,4,1,ACAPULCO DE JUAREZ,330,2,URBANO(A)
12,4,1,ACAPULCO DE JUAREZ,331,4,RURAL
12,4,1,ACAPULCO DE JUAREZ,332,4,RURAL
12,4,1,ACAPULCO DE JUAREZ,333,4,RURAL
12,4,1,ACAPULCO DE JUAREZ,334,4,RURAL
12,4,1,ACAPULCO DE JUAREZ,335,3,MIXTO(A)
12,4,1,ACAPULCO DE JUAREZ,336,3,MIXTO(A)
12,4,1,ACAPULCO DE JUAREZ,337,2,URBANO(A)
12,4,1,ACAPULCO DE JUAREZ,338,2,URBANO(A)
12,4,1,ACAPULCO DE JUAREZ,339,4,RURAL
12,2,1,ACAPULCO DE JUAREZ,340,4,RURAL
12,2,1,ACAPULCO DE JUAREZ,341,4,RURAL
12,2,1,ACAPULCO DE JUAREZ,342,4,RURAL
12,4,1,ACAPULCO DE JUAREZ,343,4,RURAL
12,4,1,ACAPULCO DE JUAREZ,344,4,RURAL
12,4,1,ACAPULCO DE JUAREZ,345,4,RURAL
12,4,1,ACAPULCO DE JUAREZ,346,4,RURAL
12,2,1,ACAPULCO DE JUAREZ,348,4,RURAL
12,2,1,ACAPULCO DE JUAREZ,349,4,RURAL
12,2,1,ACAPULCO DE JUAREZ,350,4,RURAL
12,2,1,ACAPULCO DE JUAREZ,351,4,RURAL
12,2,1,ACAPULCO DE JUAREZ,352,4,RURAL
12,4,1,ACAPULCO DE JUAREZ,353,4,RURAL
12,2,1,ACAPULCO DE JUAREZ,354,4,RURAL
12,2,1,ACAPULCO DE JUAREZ,355,4,RURAL
12,2,1,ACAPULCO DE JUAREZ,356,4,RURAL
12,2,1,ACAPULCO DE JUAREZ,357,4,RURAL
12,2,1,ACAPULCO DE JUAREZ,358,4,RURAL
12,2,1,ACAPULCO DE JUAREZ,359,4,RURAL
12,2,1,ACAPULCO DE JUAREZ,360,4,RURAL
12,2,1,ACAPULCO DE JUAREZ,361,4,RURAL
12,2,1,ACAPULCO DE JUAREZ,362,3,MIXTO(A)
12,2,1,ACAPULCO DE JUAREZ,363,4,RURAL
12,2,1,ACAPULCO DE JUAREZ,364,4,RURAL
12,2,1,ACAPULCO DE JUAREZ,365,4,RURAL
12,2,1,ACAPULCO DE JUAREZ,366,4,RURAL
12,2,1,ACAPULCO DE JUAREZ,367,4,RURAL
12,2,1,ACAPULCO DE JUAREZ,369,4,RURAL
12,2,1,ACAPULCO DE JUAREZ,370,2,URBANO(A)
12,2,1,ACAPULCO DE JUAREZ,371,3,MIXTO(A)
12,2,1,ACAPULCO DE JUAREZ,372,2,URBANO(A)
12,2,1,ACAPULCO DE JUAREZ,373,2,URBANO(A)
12,2,1,ACAPULCO DE JUAREZ,374,3,MIXTO(A)
12,2,1,ACAPULCO DE JUAREZ,375,4,RURAL
12,2,1,ACAPULCO DE JUAREZ,376,4,RURAL
12,2,1,ACAPULCO DE JUAREZ,377,4,RURAL
12,2,1,ACAPULCO DE JUAREZ,378,4,RURAL
12,2,1,ACAPULCO DE JUAREZ,379,4,RURAL
12,2,1,ACAPULCO DE JUAREZ,380,4,RURAL
12,2,1,ACAPULCO DE JUAREZ,381,4,RURAL
12,2,1,ACAPULCO DE JUAREZ,382,4,RURAL
12,2,1,ACAPULCO DE JUAREZ,383,2,URBANO(A)
12,5,2,AHUACUOTZINGO,385,4,RURAL
12,5,2,AHUACUOTZINGO,386,4,RURAL
12,5,2,AHUACUOTZINGO,387,4,RURAL
12,5,2,AHUACUOTZINGO,388,4,RURAL
12,5,2,AHUACUOTZINGO,389,4,RURAL
12,5,2,AHUACUOTZINGO,390,4,RURAL
12,5,2,AHUACUOTZINGO,391,4,RURAL
12,5,2,AHUACUOTZINGO,392,4,RURAL
12,5,2,AHUACUOTZINGO,393,4,RURAL
12,5,2,AHUACUOTZINGO,394,4,RURAL
12,5,2,AHUACUOTZINGO,395,4,RURAL
12,5,2,AHUACUOTZINGO,396,4,RURAL
12,5,2,AHUACUOTZINGO,397,4,RURAL
12,5,2,AHUACUOTZINGO,398,4,RURAL
12,5,2,AHUACUOTZINGO,399,4,RURAL
12,5,2,AHUACUOTZINGO,400,4,RURAL
12,5,2,AHUACUOTZINGO,401,4,RURAL
12,5,2,AHUACUOTZINGO,402,4,RURAL
12,5,2,AHUACUOTZINGO,403,4,RURAL
12,5,2,AHUACUOTZINGO,404,4,RURAL
12,5,2,AHUACUOTZINGO,405,4,RURAL
12,5,2,AHUACUOTZINGO,406,4,RURAL
12,5,2,AHUACUOTZINGO,407,4,RURAL
12,5,2,AHUACUOTZINGO,408,4,RURAL
12,5,2,AHUACUOTZINGO,409,4,RURAL
12,1,3,AJUCHITLAN DEL PROGRESO,411,3,MIXTO(A)
12,1,3,AJUCHITLAN DEL PROGRESO,412,2,URBANO(A)
12,1,3,AJUCHITLAN DEL PROGRESO,413,3,MIXTO(A)
12,1,3,AJUCHITLAN DEL PROGRESO,414,2,URBANO(A)
12,1,3,AJUCHITLAN DEL PROGRESO,415,3,MIXTO(A)
12,1,3,AJUCHITLAN DEL PROGRESO,416,4,RURAL
12,1,3,AJUCHITLAN DEL PROGRESO,417,2,URBANO(A)
12,1,3,AJUCHITLAN DEL PROGRESO,418,2,URBANO(A)
12,1,3,AJUCHITLAN DEL PROGRESO,419,4,RURAL
12,1,3,AJUCHITLAN DEL PROGRESO,420,4,RURAL
12,1,3,AJUCHITLAN DEL PROGRESO,421,4,RURAL
12,1,3,AJUCHITLAN DEL PROGRESO,422,2,URBANO(A)
12,1,3,AJUCHITLAN DEL PROGRESO,423,3,MIXTO(A)
12,1,3,AJUCHITLAN DEL PROGRESO,424,4,RURAL
12,1,3,AJUCHITLAN DEL PROGRESO,425,4,RURAL
12,1,3,AJUCHITLAN DEL PROGRESO,426,4,RURAL
12,1,3,AJUCHITLAN DEL PROGRESO,427,4,RURAL
12,1,3,AJUCHITLAN DEL PROGRESO,428,4,RURAL
12,1,3,AJUCHITLAN DEL PROGRESO,429,4,RURAL
12,1,3,AJUCHITLAN DEL PROGRESO,430,4,RURAL
12,1,3,AJUCHITLAN DEL PROGRESO,431,4,RURAL
12,1,3,AJUCHITLAN DEL PROGRESO,432,4,RURAL
12,1,3,AJUCHITLAN DEL PROGRESO,433,4,RURAL
12,1,3,AJUCHITLAN DEL PROGRESO,434,2,URBANO(A)
12,1,3,AJUCHITLAN DEL PROGRESO,435,4,RURAL
12,1,3,AJUCHITLAN DEL PROGRESO,436,4,RURAL
12,1,3,AJUCHITLAN DEL PROGRESO,437,4,RURAL
12,1,3,AJUCHITLAN DEL PROGRESO,438,4,RURAL
12,1,3,AJUCHITLAN DEL PROGRESO,439,4,RURAL
12,1,3,AJUCHITLAN DEL PROGRESO,440,4,RURAL
12,1,3,AJUCHITLAN DEL PROGRESO,441,4,RURAL
12,1,3,AJUCHITLAN DEL PROGRESO,442,4,RURAL
12,1,3,AJUCHITLAN DEL PROGRESO,443,4,RURAL
12,1,3,AJUCHITLAN DEL PROGRESO,444,4,RURAL
12,1,3,AJUCHITLAN DEL PROGRESO,445,4,RURAL
12,1,3,AJUCHITLAN DEL PROGRESO,446,4,RURAL
12,1,3,AJUCHITLAN DEL PROGRESO,447,4,RURAL
12,1,3,AJUCHITLAN DEL PROGRESO,448,4,RURAL
12,1,3,AJUCHITLAN DEL PROGRESO,449,4,RURAL
12,1,3,AJUCHITLAN DEL PROGRESO,450,4,RURAL
12,1,3,AJUCHITLAN DEL PROGRESO,453,4,RURAL
12,1,3,AJUCHITLAN DEL PROGRESO,454,4,RURAL
12,1,3,AJUCHITLAN DEL PROGRESO,455,4,RURAL
12,5,4,ALCOZAUCA DE GUERRERO,456,2,URBANO(A)
12,5,4,ALCOZAUCA DE GUERRERO,457,4,RURAL
12,5,4,ALCOZAUCA DE GUERRERO,458,4,RURAL
12,5,4,ALCOZAUCA DE GUERRERO,459,4,RURAL
12,5,4,ALCOZAUCA DE GUERRERO,460,4,RURAL
12,5,4,ALCOZAUCA DE GUERRERO,461,4,RURAL
12,5,4,ALCOZAUCA DE GUERRERO,462,4,RURAL
12,5,4,ALCOZAUCA DE GUERRERO,463,4,RURAL
12,5,4,ALCOZAUCA DE GUERRERO,464,4,RURAL
12,5,4,ALCOZAUCA DE GUERRERO,465,4,RURAL
12,5,4,ALCOZAUCA DE GUERRERO,466,4,RURAL
12,5,4,ALCOZAUCA DE GUERRERO,467,4,RURAL
12,5,4,ALCOZAUCA DE GUERRERO,468,4,RURAL
12,5,4,ALCOZAUCA DE GUERRERO,469,4,RURAL
12,5,4,ALCOZAUCA DE GUERRERO,470,4,RURAL
12,5,4,ALCOZAUCA DE GUERRERO,471,4,RURAL
12,5,4,ALCOZAUCA DE GUERRERO,472,4,RURAL
12,5,4,ALCOZAUCA DE GUERRERO,473,4,RURAL
12,5,5,ALPOYECA,474,2,URBANO(A)
12,5,5,ALPOYECA,475,2,URBANO(A)
12,5,5,ALPOYECA,476,4,RURAL
12,5,5,ALPOYECA,477,4,RURAL
12,5,5,ALPOYECA,478,4,RURAL
12,1,6,APAXTLA,479,3,MIXTO(A)
12,1,6,APAXTLA,480,2,URBANO(A)
12,1,6,APAXTLA,481,2,URBANO(A)
12,1,6,APAXTLA,482,2,URBANO(A)
12,1,6,APAXTLA,483,2,URBANO(A)
12,1,6,APAXTLA,484,2,URBANO(A)
12,1,6,APAXTLA,485,4,RURAL
12,1,6,APAXTLA,486,4,RURAL
12,1,6,APAXTLA,488,4,RURAL
12,1,6,APAXTLA,489,4,RURAL
12,1,6,APAXTLA,490,4,RURAL
12,1,6,APAXTLA,491,4,RURAL
12,1,6,APAXTLA,492,4,RURAL
12,1,6,APAXTLA,493,4,RURAL
12,1,6,APAXTLA,494,4,RURAL
12,1,6,APAXTLA,495,4,RURAL
12,1,6,APAXTLA,496,4,RURAL
12,1,6,APAXTLA,497,4,RURAL
12,1,6,APAXTLA,498,4,RURAL
12,1,7,ARCELIA,500,3,MIXTO(A)
12,1,7,ARCELIA,501,2,URBANO(A)
12,1,7,ARCELIA,502,2,URBANO(A)
12,1,7,ARCELIA,503,2,URBANO(A)
12,1,7,ARCELIA,504,2,URBANO(A)
12,1,7,ARCELIA,505,2,URBANO(A)
12,1,7,ARCELIA,506,2,URBANO(A)
12,1,7,ARCELIA,507,2,URBANO(A)
12,1,7,ARCELIA,508,2,URBANO(A)
12,1,7,ARCELIA,509,2,URBANO(A)
12,1,7,ARCELIA,510,2,URBANO(A)
12,1,7,ARCELIA,511,2,URBANO(A)
12,1,7,ARCELIA,512,3,MIXTO(A)
12,1,7,ARCELIA,513,4,RURAL
12,1,7,ARCELIA,514,4,RURAL
12,1,7,ARCELIA,515,4,RURAL
12,1,7,ARCELIA,517,4,RURAL
12,1,7,ARCELIA,518,4,RURAL
12,1,7,ARCELIA,519,4,RURAL
12,1,7,ARCELIA,521,4,RURAL
12,1,7,ARCELIA,522,4,RURAL
12,1,7,ARCELIA,523,4,RURAL
12,1,7,ARCELIA,524,4,RURAL
12,1,7,ARCELIA,527,4,RURAL
12,1,7,ARCELIA,528,4,RURAL
12,1,7,ARCELIA,529,4,RURAL
12,1,7,ARCELIA,530,4,RURAL
12,1,7,ARCELIA,531,4,RURAL
12,1,7,ARCELIA,532,4,RURAL
12,1,7,ARCELIA,533,4,RURAL
12,1,7,ARCELIA,534,4,RURAL
12,1,7,ARCELIA,535,4,RURAL
12,1,7,ARCELIA,537,4,RURAL
12,1,7,ARCELIA,538,4,RURAL
12,1,7,ARCELIA,539,4,RURAL
12,1,7,ARCELIA,540,4,RURAL
12,1,7,ARCELIA,541,4,RURAL
12,1,7,ARCELIA,542,4,RURAL
12,1,7,ARCELIA,546,4,RURAL
12,1,7,ARCELIA,547,4,RURAL
12,1,7,ARCELIA,549,4,RURAL
12,1,7,ARCELIA,550,4,RURAL
12,1,7,ARCELIA,551,4,RURAL
12,1,7,ARCELIA,552,4,RURAL
12,6,8,ATENANGO DEL RIO,553,3,MIXTO(A)
12,6,8,ATENANGO DEL RIO,554,3,MIXTO(A)
12,6,8,ATENANGO DEL RIO,555,4,RURAL
12,6,8,ATENANGO DEL RIO,556,4,RURAL
12,6,8,ATENANGO DEL RIO,557,4,RURAL
12,6,8,ATENANGO DEL RIO,559,4,RURAL
12,6,8,ATENANGO DEL RIO,560,4,RURAL
12,6,8,ATENANGO DEL RIO,561,4,RURAL
12,6,8,ATENANGO DEL RIO,562,4,RURAL
12,6,8,ATENANGO DEL RIO,563,4,RURAL
12,5,9,ATLAMAJALCINGO DEL MONTE,564,2,URBANO(A)
12,5,9,ATLAMAJALCINGO DEL MONTE,565,4,RURAL
12,5,9,ATLAMAJALCINGO DEL MONTE,566,4,RURAL
12,5,9,ATLAMAJALCINGO DEL MONTE,567,4,RURAL
12,5,9,ATLAMAJALCINGO DEL MONTE,568,4,RURAL
12,5,9,ATLAMAJALCINGO DEL MONTE,569,4,RURAL
12,5,9,ATLAMAJALCINGO DEL MONTE,570,4,RURAL
12,5,9,ATLAMAJALCINGO DEL MONTE,571,4,RURAL
12,5,9,ATLAMAJALCINGO DEL MONTE,572,4,RURAL
12,5,10,ATLIXTAC,573,3,MIXTO(A)
12,5,10,ATLIXTAC,575,4,RURAL
12,5,10,ATLIXTAC,576,4,RURAL
12,5,10,ATLIXTAC,577,4,RURAL
12,5,10,ATLIXTAC,578,4,RURAL
12,5,10,ATLIXTAC,579,4,RURAL
12,5,10,ATLIXTAC,580,4,RURAL
12,5,10,ATLIXTAC,581,4,RURAL
12,5,10,ATLIXTAC,582,4,RURAL
12,5,10,ATLIXTAC,583,4,RURAL
12,5,10,ATLIXTAC,584,4,RURAL
12,5,10,ATLIXTAC,585,4,RURAL
12,5,10,ATLIXTAC,586,4,RURAL
12,5,10,ATLIXTAC,587,4,RURAL
12,5,10,ATLIXTAC,588,4,RURAL
12,5,10,ATLIXTAC,589,4,RURAL
12,5,10,ATLIXTAC,590,4,RURAL
12,5,10,ATLIXTAC,591,4,RURAL
12,5,10,ATLIXTAC,592,4,RURAL
12,5,10,ATLIXTAC,593,4,RURAL
12,5,10,ATLIXTAC,594,4,RURAL
12,5,10,ATLIXTAC,595,4,RURAL
12,3,11,ATOYAC DE ALVAREZ,596,2,URBANO(A)
12,3,11,ATOYAC DE ALVAREZ,597,2,URBANO(A)
12,3,11,ATOYAC DE ALVAREZ,598,3,MIXTO(A)
12,3,11,ATOYAC DE ALVAREZ,599,2,URBANO(A)
12,3,11,ATOYAC DE ALVAREZ,600,2,URBANO(A)
12,3,11,ATOYAC DE ALVAREZ,602,2,URBANO(A)
12,3,11,ATOYAC DE ALVAREZ,603,2,URBANO(A)
12,3,11,ATOYAC DE ALVAREZ,604,2,URBANO(A)
12,3,11,ATOYAC DE ALVAREZ,605,2,URBANO(A)
12,3,11,ATOYAC DE ALVAREZ,606,2,URBANO(A)
12,3,11,ATOYAC DE ALVAREZ,607,2,URBANO(A)
12,3,11,ATOYAC DE ALVAREZ,608,2,URBANO(A)
12,3,11,ATOYAC DE ALVAREZ,609,2,URBANO(A)
12,3,11,ATOYAC DE ALVAREZ,610,2,URBANO(A)
12,3,11,ATOYAC DE ALVAREZ,611,2,URBANO(A)
12,3,11,ATOYAC DE ALVAREZ,612,4,RURAL
12,3,11,ATOYAC DE ALVAREZ,613,4,RURAL
12,3,11,ATOYAC DE ALVAREZ,614,4,RURAL
12,3,11,ATOYAC DE ALVAREZ,615,4,RURAL
12,3,11,ATOYAC DE ALVAREZ,616,4,RURAL
12,3,11,ATOYAC DE ALVAREZ,619,4,RURAL
12,3,11,ATOYAC DE ALVAREZ,620,4,RURAL
12,3,11,ATOYAC DE ALVAREZ,621,2,URBANO(A)
12,3,11,ATOYAC DE ALVAREZ,622,3,MIXTO(A)
12,3,11,ATOYAC DE ALVAREZ,623,2,URBANO(A)
12,3,11,ATOYAC DE ALVAREZ,624,3,MIXTO(A)
12,3,11,ATOYAC DE ALVAREZ,626,4,RURAL
12,3,11,ATOYAC DE ALVAREZ,627,4,RURAL
12,3,11,ATOYAC DE ALVAREZ,628,4,RURAL
12,3,11,ATOYAC DE ALVAREZ,630,4,RURAL
12,3,11,ATOYAC DE ALVAREZ,631,4,RURAL
12,3,11,ATOYAC DE ALVAREZ,632,4,RURAL
12,3,11,ATOYAC DE ALVAREZ,633,4,RURAL
12,3,11,ATOYAC DE ALVAREZ,634,4,RURAL
12,3,11,ATOYAC DE ALVAREZ,636,4,RURAL
12,3,11,ATOYAC DE ALVAREZ,637,4,RURAL
12,3,11,ATOYAC DE ALVAREZ,638,4,RURAL
12,3,11,ATOYAC DE ALVAREZ,639,4,RURAL
12,3,11,ATOYAC DE ALVAREZ,640,4,RURAL
12,3,11,ATOYAC DE ALVAREZ,641,4,RURAL
12,3,11,ATOYAC DE ALVAREZ,642,4,RURAL
12,3,11,ATOYAC DE ALVAREZ,644,4,RURAL
12,3,11,ATOYAC DE ALVAREZ,645,3,MIXTO(A)
12,3,11,ATOYAC DE ALVAREZ,646,2,URBANO(A)
12,3,11,ATOYAC DE ALVAREZ,647,3,MIXTO(A)
12,3,11,ATOYAC DE ALVAREZ,649,4,RURAL
12,3,11,ATOYAC DE ALVAREZ,650,4,RURAL
12,3,11,ATOYAC DE ALVAREZ,651,4,RURAL
12,3,11,ATOYAC DE ALVAREZ,652,4,RURAL
12,3,11,ATOYAC DE ALVAREZ,653,4,RURAL
12,3,11,ATOYAC DE ALVAREZ,654,4,RURAL
12,3,11,ATOYAC DE ALVAREZ,655,4,RURAL
12,3,11,ATOYAC DE ALVAREZ,656,4,RURAL
12,3,11,ATOYAC DE ALVAREZ,657,3,MIXTO(A)
12,3,11,ATOYAC DE ALVAREZ,658,4,RURAL
12,3,11,ATOYAC DE ALVAREZ,659,4,RURAL
12,3,11,ATOYAC DE ALVAREZ,660,4,RURAL
12,3,11,ATOYAC DE ALVAREZ,661,4,RURAL
12,3,11,ATOYAC DE ALVAREZ,662,4,RURAL
12,3,11,ATOYAC DE ALVAREZ,663,4,RURAL
12,3,11,ATOYAC DE ALVAREZ,664,3,MIXTO(A)
12,3,11,ATOYAC DE ALVAREZ,665,2,URBANO(A)
12,3,11,ATOYAC DE ALVAREZ,666,4,RURAL
12,3,11,ATOYAC DE ALVAREZ,667,4,RURAL
12,3,11,ATOYAC DE ALVAREZ,668,2,URBANO(A)
12,3,11,ATOYAC DE ALVAREZ,669,3,MIXTO(A)
12,3,11,ATOYAC DE ALVAREZ,670,2,URBANO(A)
12,8,12,AYUTLA DE LOS LIBRES,671,2,URBANO(A)
12,8,12,AYUTLA DE LOS LIBRES,672,2,URBANO(A)
12,8,12,AYUTLA DE LOS LIBRES,673,2,URBANO(A)
12,8,12,AYUTLA DE LOS LIBRES,674,2,URBANO(A)
12,8,12,AYUTLA DE LOS LIBRES,675,2,URBANO(A)
12,8,12,AYUTLA DE LOS LIBRES,676,4,RURAL
12,8,12,AYUTLA DE LOS LIBRES,677,4,RURAL
12,8,12,AYUTLA DE LOS LIBRES,678,4,RURAL
12,8,12,AYUTLA DE LOS LIBRES,679,4,RURAL
12,8,12,AYUTLA DE LOS LIBRES,680,4,RURAL
12,8,12,AYUTLA DE LOS LIBRES,681,4,RURAL
12,8,12,AYUTLA DE LOS LIBRES,682,4,RURAL
12,8,12,AYUTLA DE LOS LIBRES,683,4,RURAL
12,8,12,AYUTLA DE LOS LIBRES,684,4,RURAL
12,8,12,AYUTLA DE LOS LIBRES,685,4,RURAL
12,8,12,AYUTLA DE LOS LIBRES,686,4,RURAL
12,8,12,AYUTLA DE LOS LIBRES,687,4,RURAL
12,8,12,AYUTLA DE LOS LIBRES,688,4,RURAL
12,8,12,AYUTLA DE LOS LIBRES,689,4,RURAL
12,8,12,AYUTLA DE LOS LIBRES,690,3,MIXTO(A)
12,8,12,AYUTLA DE LOS LIBRES,691,4,RURAL
12,8,12,AYUTLA DE LOS LIBRES,692,4,RURAL
12,8,12,AYUTLA DE LOS LIBRES,693,4,RURAL
12,8,12,AYUTLA DE LOS LIBRES,694,4,RURAL
12,8,82,ÑUU SAVI,695,4,RURAL
12,8,82,ÑUU SAVI,696,4,RURAL
12,8,12,AYUTLA DE LOS LIBRES,697,4,RURAL
12,8,82,ÑUU SAVI,698,4,RURAL
12,8,82,ÑUU SAVI,699,4,RURAL
12,8,82,ÑUU SAVI,700,4,RURAL
12,8,82,ÑUU SAVI,701,4,RURAL
12,8,12,AYUTLA DE LOS LIBRES,702,4,RURAL
12,8,12,AYUTLA DE LOS LIBRES,703,4,RURAL
12,8,12,AYUTLA DE LOS LIBRES,704,4,RURAL
12,8,12,AYUTLA DE LOS LIBRES,705,4,RURAL
12,8,82,ÑUU SAVI,706,4,RURAL
12,8,82,ÑUU SAVI,707,4,RURAL
12,8,82,ÑUU SAVI,708,4,RURAL
12,8,82,ÑUU SAVI,709,4,RURAL
12,8,12,AYUTLA DE LOS LIBRES,710,4,RURAL
12,8,12,AYUTLA DE LOS LIBRES,711,4,RURAL
12,8,82,ÑUU SAVI,712,4,RURAL
12,8,12,AYUTLA DE LOS LIBRES,713,4,RURAL
12,8,12,AYUTLA DE LOS LIBRES,714,4,RURAL
12,8,12,AYUTLA DE LOS LIBRES,715,4,RURAL
12,8,12,AYUTLA DE LOS LIBRES,716,4,RURAL
12,8,12,AYUTLA DE LOS LIBRES,717,4,RURAL
12,8,82,ÑUU SAVI,718,4,RURAL
12,8,12,AYUTLA DE LOS LIBRES,719,4,RURAL
12,8,12,AYUTLA DE LOS LIBRES,720,4,RURAL
12,8,12,AYUTLA DE LOS LIBRES,721,4,RURAL
12,8,12,AYUTLA DE LOS LIBRES,722,4,RURAL
12,8,12,AYUTLA DE LOS LIBRES,723,4,RURAL
12,8,12,AYUTLA DE LOS LIBRES,724,4,RURAL
12,8,13,AZOYU,725,2,URBANO(A)
12,8,13,AZOYU,726,2,URBANO(A)
12,8,13,AZOYU,727,2,URBANO(A)
12,8,13,AZOYU,728,4,RURAL
12,8,13,AZOYU,729,4,RURAL
12,8,13,AZOYU,730,4,RURAL
12,8,13,AZOYU,731,4,RURAL
12,8,80,MARQUELIA,732,4,RURAL
12,8,13,AZOYU,733,4,RURAL
12,8,13,AZOYU,734,4,RURAL
12,8,80,MARQUELIA,735,4,RURAL
12,8,13,AZOYU,736,4,RURAL
12,8,13,AZOYU,737,4,RURAL
12,8,13,AZOYU,738,4,RURAL
12,8,81,JUCHITAN,739,4,RURAL
12,8,81,JUCHITAN,740,4,RURAL
12,8,13,AZOYU,741,4,RURAL
12,8,13,AZOYU,742,4,RURAL
12,8,81,JUCHITAN,743,3,MIXTO(A)
12,8,81,JUCHITAN,744,3,MIXTO(A)
12,8,81,JUCHITAN,745,3,MIXTO(A)
12,8,81,JUCHITAN,746,4,RURAL
12,8,80,MARQUELIA,747,4,RURAL
12,8,81,JUCHITAN,748,4,RURAL
12,8,81,JUCHITAN,749,4,RURAL
12,8,81,JUCHITAN,750,4,RURAL
12,8,13,AZOYU,751,4,RURAL
12,8,80,MARQUELIA,752,3,MIXTO(A)
12,8,80,MARQUELIA,753,2,URBANO(A)
12,8,80,MARQUELIA,754,2,URBANO(A)
12,8,80,MARQUELIA,755,3,MIXTO(A)
12,8,80,MARQUELIA,756,3,MIXTO(A)
12,8,81,JUCHITAN,758,4,RURAL
12,8,80,MARQUELIA,759,4,RURAL
12,8,13,AZOYU,760,4,RURAL
12,8,13,AZOYU,761,4,RURAL
12,8,80,MARQUELIA,762,4,RURAL
12,3,14,BENITO JUAREZ,763,2,URBANO(A)
12,3,14,BENITO JUAREZ,764,2,URBANO(A)
12,3,14,BENITO JUAREZ,765,2,URBANO(A)
12,3,14,BENITO JUAREZ,766,2,URBANO(A)
12,3,14,BENITO JUAREZ,767,2,URBANO(A)
12,3,14,BENITO JUAREZ,768,4,RURAL
12,3,14,BENITO JUAREZ,769,4,RURAL
12,3,14,BENITO JUAREZ,770,4,RURAL
12,3,14,BENITO JUAREZ,771,4,RURAL
12,3,14,BENITO JUAREZ,772,4,RURAL
12,3,14,BENITO JUAREZ,773,4,RURAL
12,3,14,BENITO JUAREZ,774,4,RURAL
12,3,14,BENITO JUAREZ,775,3,MIXTO(A)
12,3,14,BENITO JUAREZ,776,2,URBANO(A)
12,3,14,BENITO JUAREZ,777,4,RURAL
12,1,15,BUENAVISTA DE CUELLAR,778,3,MIXTO(A)
12,1,15,BUENAVISTA DE CUELLAR,779,2,URBANO(A)
12,1,15,BUENAVISTA DE CUELLAR,780,3,MIXTO(A)
12,1,15,BUENAVISTA DE CUELLAR,781,3,MIXTO(A)
12,1,15,BUENAVISTA DE CUELLAR,782,4,RURAL
12,1,15,BUENAVISTA DE CUELLAR,783,4,RURAL
12,1,15,BUENAVISTA DE CUELLAR,784,4,RURAL
12,1,15,BUENAVISTA DE CUELLAR,785,4,RURAL
12,1,15,BUENAVISTA DE CUELLAR,786,4,RURAL
12,1,15,BUENAVISTA DE CUELLAR,787,4,RURAL
12,1,15,BUENAVISTA DE CUELLAR,788,4,RURAL
12,3,16,COAHUAYUTLA DE JOSE MARIA IZAZAGA,789,2,URBANO(A)
12,3,16,COAHUAYUTLA DE JOSE MARIA IZAZAGA,790,2,URBANO(A)
12,3,16,COAHUAYUTLA DE JOSE MARIA IZAZAGA,791,4,RURAL
12,3,16,COAHUAYUTLA DE JOSE MARIA IZAZAGA,792,4,RURAL
12,3,16,COAHUAYUTLA DE JOSE MARIA IZAZAGA,793,4,RURAL
12,3,16,COAHUAYUTLA DE JOSE MARIA IZAZAGA,794,4,RURAL
12,3,16,COAHUAYUTLA DE JOSE MARIA IZAZAGA,795,4,RURAL
12,3,16,COAHUAYUTLA DE JOSE MARIA IZAZAGA,796,4,RURAL
12,3,16,COAHUAYUTLA DE JOSE MARIA IZAZAGA,797,4,RURAL
12,3,16,COAHUAYUTLA DE JOSE MARIA IZAZAGA,798,4,RURAL
12,3,16,COAHUAYUTLA DE JOSE MARIA IZAZAGA,799,4,RURAL
12,3,16,COAHUAYUTLA DE JOSE MARIA IZAZAGA,800,4,RURAL
12,3,16,COAHUAYUTLA DE JOSE MARIA IZAZAGA,801,4,RURAL
12,3,16,COAHUAYUTLA DE JOSE MARIA IZAZAGA,802,4,RURAL
12,3,16,COAHUAYUTLA DE JOSE MARIA IZAZAGA,803,4,RURAL
12,3,16,COAHUAYUTLA DE JOSE MARIA IZAZAGA,804,4,RURAL
12,3,16,COAHUAYUTLA DE JOSE MARIA IZAZAGA,805,4,RURAL
12,3,16,COAHUAYUTLA DE JOSE MARIA IZAZAGA,806,4,RURAL
12,3,16,COAHUAYUTLA DE JOSE MARIA IZAZAGA,807,4,RURAL
12,3,16,COAHUAYUTLA DE JOSE MARIA IZAZAGA,808,4,RURAL
12,3,16,COAHUAYUTLA DE JOSE MARIA IZAZAGA,809,4,RURAL
12,3,16,COAHUAYUTLA DE JOSE MARIA IZAZAGA,810,4,RURAL
12,3,16,COAHUAYUTLA DE JOSE MARIA IZAZAGA,811,4,RURAL
12,3,16,COAHUAYUTLA DE JOSE MARIA IZAZAGA,813,4,RURAL
12,3,16,COAHUAYUTLA DE JOSE MARIA IZAZAGA,814,4,RURAL
12,3,16,COAHUAYUTLA DE JOSE MARIA IZAZAGA,815,4,RURAL
12,3,16,COAHUAYUTLA DE JOSE MARIA IZAZAGA,817,4,RURAL
12,3,16,COAHUAYUTLA DE JOSE MARIA IZAZAGA,818,4,RURAL
12,3,16,COAHUAYUTLA DE JOSE MARIA IZAZAGA,819,4,RURAL
12,6,17,COCULA,820,2,URBANO(A)
12,6,17,COCULA,821,2,URBANO(A)
12,6,17,COCULA,822,2,URBANO(A)
12,6,17,COCULA,823,2,URBANO(A)
12,6,17,COCULA,824,4,RURAL
12,6,17,COCULA,825,4,RURAL
12,6,17,COCULA,826,4,RURAL
12,6,17,COCULA,827,4,RURAL
12,6,17,COCULA,828,4,RURAL
12,6,17,COCULA,829,4,RURAL
12,6,17,COCULA,830,2,URBANO(A)
12,6,17,COCULA,831,2,URBANO(A)
12,6,17,COCULA,832,2,URBANO(A)
12,6,17,COCULA,833,2,URBANO(A)
12,6,17,COCULA,834,4,RURAL
12,6,17,COCULA,835,4,RURAL
12,6,17,COCULA,836,4,RURAL
12,6,17,COCULA,837,4,RURAL
12,6,17,COCULA,838,4,RURAL
12,6,17,COCULA,839,3,MIXTO(A)
12,6,17,COCULA,840,2,URBANO(A)
12,6,17,COCULA,841,4,RURAL
12,6,17,COCULA,842,4,RURAL
12,6,17,COCULA,843,4,RURAL
12,8,18,COPALA,844,2,URBANO(A)
12,8,18,COPALA,845,3,MIXTO(A)
12,8,18,COPALA,846,2,URBANO(A)
12,8,18,COPALA,847,2,URBANO(A)
12,8,18,COPALA,848,4,RURAL
12,8,18,COPALA,849,4,RURAL
12,8,18,COPALA,850,4,RURAL
12,8,18,COPALA,851,4,RURAL
12,8,18,COPALA,852,4,RURAL
12,8,18,COPALA,853,4,RURAL
12,8,18,COPALA,854,4,RURAL
12,8,18,COPALA,855,4,RURAL
12,8,18,COPALA,856,4,RURAL
12,8,18,COPALA,857,4,RURAL
12,6,19,COPALILLO,858,3,MIXTO(A)
12,6,19,COPALILLO,859,3,MIXTO(A)
12,6,19,COPALILLO,860,4,RURAL
12,6,19,COPALILLO,861,4,RURAL
12,6,19,COPALILLO,862,4,RURAL
12,6,19,COPALILLO,863,4,RURAL
12,6,19,COPALILLO,864,4,RURAL
12,6,19,COPALILLO,865,4,RURAL
12,6,19,COPALILLO,866,4,RURAL
12,6,19,COPALILLO,867,4,RURAL
12,5,20,COPANATOYAC,868,3,MIXTO(A)
12,5,20,COPANATOYAC,869,4,RURAL
12,5,20,COPANATOYAC,870,4,RURAL
12,5,20,COPANATOYAC,871,4,RURAL
12,5,20,COPANATOYAC,872,4,RURAL
12,5,20,COPANATOYAC,873,4,RURAL
12,5,20,COPANATOYAC,874,4,RURAL
12,5,20,COPANATOYAC,875,4,RURAL
12,5,20,COPANATOYAC,876,4,RURAL
12,5,20,COPANATOYAC,877,4,RURAL
12,5,20,COPANATOYAC,878,4,RURAL
12,5,20,COPANATOYAC,879,4,RURAL
12,5,20,COPANATOYAC,880,4,RURAL
12,5,20,COPANATOYAC,881,4,RURAL
12,5,20,COPANATOYAC,882,4,RURAL
12,3,21,COYUCA DE BENITEZ,883,2,URBANO(A)
12,3,21,COYUCA DE BENITEZ,884,2,URBANO(A)
12,3,21,COYUCA DE BENITEZ,885,2,URBANO(A)
12,3,21,COYUCA DE BENITEZ,886,2,URBANO(A)
12,3,21,COYUCA DE BENITEZ,887,2,URBANO(A)
12,3,21,COYUCA DE BENITEZ,888,3,MIXTO(A)
12,3,21,COYUCA DE BENITEZ,889,2,URBANO(A)
12,3,21,COYUCA DE BENITEZ,890,3,MIXTO(A)
12,3,21,COYUCA DE BENITEZ,891,4,RURAL
12,3,21,COYUCA DE BENITEZ,892,4,RURAL
12,3,21,COYUCA DE BENITEZ,893,4,RURAL
12,3,21,COYUCA DE BENITEZ,894,4,RURAL
12,3,21,COYUCA DE BENITEZ,895,3,MIXTO(A)
12,3,21,COYUCA DE BENITEZ,896,3,MIXTO(A)
12,3,21,COYUCA DE BENITEZ,897,4,RURAL
12,3,21,COYUCA DE BENITEZ,898,4,RURAL
12,3,21,COYUCA DE BENITEZ,899,4,RURAL
12,3,21,COYUCA DE BENITEZ,900,4,RURAL
12,3,21,COYUCA DE BENITEZ,901,4,RURAL
12,3,21,COYUCA DE BENITEZ,902,4,RURAL
12,3,21,COYUCA DE BENITEZ,903,4,RURAL
12,3,21,COYUCA DE BENITEZ,904,4,RURAL
12,3,21,COYUCA DE BENITEZ,905,4,RURAL
12,3,21,COYUCA DE BENITEZ,906,4,RURAL
12,3,21,COYUCA DE BENITEZ,907,2,URBANO(A)
12,3,21,COYUCA DE BENITEZ,908,2,URBANO(A)
12,3,21,COYUCA DE BENITEZ,909,4,RURAL
12,3,21,COYUCA DE BENITEZ,910,4,RURAL
12,3,21,COYUCA DE BENITEZ,911,4,RURAL
12,3,21,COYUCA DE BENITEZ,912,3,MIXTO(A)
12,3,21,COYUCA DE BENITEZ,913,2,URBANO(A)
12,3,21,COYUCA DE BENITEZ,914,4,RURAL
12,3,21,COYUCA DE BENITEZ,915,4,RURAL
12,3,21,COYUCA DE BENITEZ,916,4,RURAL
12,3,21,COYUCA DE BENITEZ,917,3,MIXTO(A)
12,3,21,COYUCA DE BENITEZ,918,4,RURAL
12,3,21,COYUCA DE BENITEZ,919,4,RURAL
12,3,21,COYUCA DE BENITEZ,920,4,RURAL
12,3,21,COYUCA DE BENITEZ,921,4,RURAL
12,3,21,COYUCA DE BENITEZ,922,4,RURAL
12,3,21,COYUCA DE BENITEZ,923,4,RURAL
12,3,21,COYUCA DE BENITEZ,924,4,RURAL
12,3,21,COYUCA DE BENITEZ,925,4,RURAL
12,3,21,COYUCA DE BENITEZ,926,4,RURAL
12,3,21,COYUCA DE BENITEZ,927,4,RURAL
12,3,21,COYUCA DE BENITEZ,928,4,RURAL
12,3,21,COYUCA DE BENITEZ,929,4,RURAL
12,3,21,COYUCA DE BENITEZ,930,2,URBANO(A)
12,3,21,COYUCA DE BENITEZ,931,2,URBANO(A)
12,3,21,COYUCA DE BENITEZ,932,2,URBANO(A)
12,3,21,COYUCA DE BENITEZ,933,4,RURAL
12,3,21,COYUCA DE BENITEZ,934,4,RURAL
12,3,21,COYUCA DE BENITEZ,935,4,RURAL
12,3,21,COYUCA DE BENITEZ,936,4,RURAL
12,3,21,COYUCA DE BENITEZ,937,4,RURAL
12,3,21,COYUCA DE BENITEZ,939,4,RURAL
12,3,21,COYUCA DE BENITEZ,940,4,RURAL
12,3,21,COYUCA DE BENITEZ,941,4,RURAL
12,3,21,COYUCA DE BENITEZ,942,4,RURAL
12,1,22,COYUCA DE CATALAN,943,2,URBANO(A)
12,1,22,COYUCA DE CATALAN,944,2,URBANO(A)
12,1,22,COYUCA DE CATALAN,945,3,MIXTO(A)
12,1,22,COYUCA DE CATALAN,946,2,URBANO(A)
12,1,22,COYUCA DE CATALAN,947,4,RURAL
12,1,22,COYUCA DE CATALAN,949,4,RURAL
12,1,22,COYUCA DE CATALAN,950,4,RURAL
12,1,22,COYUCA DE CATALAN,951,4,RURAL
12,1,22,COYUCA DE CATALAN,952,4,RURAL
12,1,22,COYUCA DE CATALAN,953,4,RURAL
12,1,22,COYUCA DE CATALAN,954,4,RURAL
12,1,22,COYUCA DE CATALAN,955,4,RURAL
12,1,22,COYUCA DE CATALAN,956,4,RURAL
12,1,22,COYUCA DE CATALAN,957,3,MIXTO(A)
12,1,22,COYUCA DE CATALAN,958,4,RURAL
12,1,22,COYUCA DE CATALAN,959,4,RURAL
12,1,22,COYUCA DE CATALAN,960,4,RURAL
12,1,22,COYUCA DE CATALAN,961,4,RURAL
12,1,22,COYUCA DE CATALAN,962,4,RURAL
12,1,22,COYUCA DE CATALAN,963,2,URBANO(A)
12,1,22,COYUCA DE CATALAN,964,2,URBANO(A)
12,1,22,COYUCA DE CATALAN,965,3,MIXTO(A)
12,1,22,COYUCA DE CATALAN,966,4,RURAL
12,1,22,COYUCA DE CATALAN,967,4,RURAL
12,1,22,COYUCA DE CATALAN,968,4,RURAL
12,1,22,COYUCA DE CATALAN,969,4,RURAL
12,1,22,COYUCA DE CATALAN,970,2,URBANO(A)
12,1,22,COYUCA DE CATALAN,971,2,URBANO(A)
12,1,22,COYUCA DE CATALAN,972,4,RURAL
12,1,22,COYUCA DE CATALAN,973,4,RURAL
12,1,22,COYUCA DE CATALAN,974,4,RURAL
12,1,22,COYUCA DE CATALAN,975,4,RURAL
12,1,22,COYUCA DE CATALAN,976,4,RURAL
12,1,22,COYUCA DE CATALAN,977,4,RURAL
12,1,22,COYUCA DE CATALAN,978,4,RURAL
12,1,22,COYUCA DE CATALAN,979,4,RURAL
12,1,22,COYUCA DE CATALAN,980,4,RURAL
12,1,22,COYUCA DE CATALAN,981,4,RURAL
12,1,22,COYUCA DE CATALAN,982,4,RURAL
12,1,22,COYUCA DE CATALAN,983,3,MIXTO(A)
12,1,22,COYUCA DE CATALAN,985,4,RURAL
12,1,22,COYUCA DE CATALAN,986,4,RURAL
12,1,22,COYUCA DE CATALAN,987,4,RURAL
12,1,22,COYUCA DE CATALAN,988,4,RURAL
12,1,22,COYUCA DE CATALAN,989,4,RURAL
12,1,22,COYUCA DE CATALAN,990,4,RURAL
12,1,22,COYUCA DE CATALAN,991,4,RURAL
12,1,22,COYUCA DE CATALAN,992,4,RURAL
12,1,22,COYUCA DE CATALAN,993,4,RURAL
12,1,22,COYUCA DE CATALAN,994,4,RURAL
12,1,22,COYUCA DE CATALAN,995,4,RURAL
12,1,22,COYUCA DE CATALAN,996,4,RURAL
12,1,22,COYUCA DE CATALAN,997,4,RURAL
12,1,22,COYUCA DE CATALAN,998,4,RURAL
12,1,22,COYUCA DE CATALAN,999,4,RURAL
12,1,22,COYUCA DE CATALAN,1000,4,RURAL
12,8,23,CUAJINICUILAPA,1001,2,URBANO(A)
12,8,23,CUAJINICUILAPA,1002,2,URBANO(A)
12,8,23,CUAJINICUILAPA,1003,2,URBANO(A)
12,8,23,CUAJINICUILAPA,1004,3,MIXTO(A)
12,8,23,CUAJINICUILAPA,1005,3,MIXTO(A)
12,8,23,CUAJINICUILAPA,1006,2,URBANO(A)
12,8,23,CUAJINICUILAPA,1007,3,MIXTO(A)
12,8,23,CUAJINICUILAPA,1008,3,MIXTO(A)
12,8,23,CUAJINICUILAPA,1009,4,RURAL
12,8,23,CUAJINICUILAPA,1010,4,RURAL
12,8,23,CUAJINICUILAPA,1011,4,RURAL
12,8,23,CUAJINICUILAPA,1012,4,RURAL
12,8,23,CUAJINICUILAPA,1013,4,RURAL
12,8,84,SAN NICOLAS,1014,4,RURAL
12,8,23,CUAJINICUILAPA,1015,4,RURAL
12,8,23,CUAJINICUILAPA,1016,4,RURAL
12,8,23,CUAJINICUILAPA,1017,4,RURAL
12,8,80,MARQUELIA,1018,4,RURAL
12,8,23,CUAJINICUILAPA,1019,4,RURAL
12,8,23,CUAJINICUILAPA,1020,4,RURAL
12,8,84,SAN NICOLAS,1021,4,RURAL
12,8,23,CUAJINICUILAPA,1022,4,RURAL
12,8,84,SAN NICOLAS,1023,2,URBANO(A)
12,8,84,SAN NICOLAS,1024,2,URBANO(A)
12,8,84,SAN NICOLAS,1025,2,URBANO(A)
12,8,84,SAN NICOLAS,1026,4,RURAL
12,8,23,CUAJINICUILAPA,1027,4,RURAL
12,8,84,SAN NICOLAS,1028,4,RURAL
12,8,84,SAN NICOLAS,1029,4,RURAL
12,5,24,CUALAC,1030,3,MIXTO(A)
12,5,24,CUALAC,1031,4,RURAL
12,5,24,CUALAC,1032,4,RURAL
12,5,24,CUALAC,1033,4,RURAL
12,5,24,CUALAC,1034,4,RURAL
12,5,24,CUALAC,1035,4,RURAL
12,5,24,CUALAC,1036,4,RURAL
12,8,25,CUAUTEPEC,1037,2,URBANO(A)
12,8,25,CUAUTEPEC,1038,3,MIXTO(A)
12,8,25,CUAUTEPEC,1039,4,RURAL
12,8,25,CUAUTEPEC,1040,4,RURAL
12,8,25,CUAUTEPEC,1041,4,RURAL
12,8,25,CUAUTEPEC,1042,4,RURAL
12,8,25,CUAUTEPEC,1043,4,RURAL
12,8,25,CUAUTEPEC,1044,4,RURAL
12,8,25,CUAUTEPEC,1045,4,RURAL
12,8,25,CUAUTEPEC,1046,4,RURAL
12,8,25,CUAUTEPEC,1047,4,RURAL
12,8,25,CUAUTEPEC,1048,4,RURAL
12,8,25,CUAUTEPEC,1049,4,RURAL
12,1,26,CUETZALA DEL PROGRESO,1050,2,URBANO(A)
12,1,26,CUETZALA DEL PROGRESO,1051,2,URBANO(A)
12,1,26,CUETZALA DEL PROGRESO,1052,2,URBANO(A)
12,1,26,CUETZALA DEL PROGRESO,1053,3,MIXTO(A)
12,1,26,CUETZALA DEL PROGRESO,1054,2,URBANO(A)
12,1,26,CUETZALA DEL PROGRESO,1055,2,URBANO(A)
12,1,26,CUETZALA DEL PROGRESO,1056,2,URBANO(A)
12,1,26,CUETZALA DEL PROGRESO,1057,4,RURAL
12,1,26,CUETZALA DEL PROGRESO,1058,4,RURAL
12,1,26,CUETZALA DEL PROGRESO,1059,4,RURAL
12,1,26,CUETZALA DEL PROGRESO,1060,4,RURAL
12,1,26,CUETZALA DEL PROGRESO,1061,4,RURAL
12,1,26,CUETZALA DEL PROGRESO,1062,4,RURAL
12,1,26,CUETZALA DEL PROGRESO,1063,4,RURAL
12,1,26,CUETZALA DEL PROGRESO,1065,4,RURAL
12,1,27,CUTZAMALA DE PINZON,1067,2,URBANO(A)
12,1,27,CUTZAMALA DE PINZON,1068,3,MIXTO(A)
12,1,27,CUTZAMALA DE PINZON,1069,2,URBANO(A)
12,1,27,CUTZAMALA DE PINZON,1070,2,URBANO(A)
12,1,27,CUTZAMALA DE PINZON,1071,2,URBANO(A)
12,1,27,CUTZAMALA DE PINZON,1072,4,RURAL
12,1,27,CUTZAMALA DE PINZON,1074,4,RURAL
12,1,27,CUTZAMALA DE PINZON,1075,4,RURAL
12,1,27,CUTZAMALA DE PINZON,1076,4,RURAL
12,1,27,CUTZAMALA DE PINZON,1077,4,RURAL
12,1,27,CUTZAMALA DE PINZON,1079,4,RURAL
12,1,27,CUTZAMALA DE PINZON,1080,4,RURAL
12,1,27,CUTZAMALA DE PINZON,1081,4,RURAL
12,1,27,CUTZAMALA DE PINZON,1082,4,RURAL
12,1,27,CUTZAMALA DE PINZON,1083,4,RURAL
12,1,27,CUTZAMALA DE PINZON,1084,4,RURAL
12,1,27,CUTZAMALA DE PINZON,1086,4,RURAL
12,1,27,CUTZAMALA DE PINZON,1087,2,URBANO(A)
12,1,27,CUTZAMALA DE PINZON,1088,4,RURAL
12,1,27,CUTZAMALA DE PINZON,1089,4,RURAL
12,1,27,CUTZAMALA DE PINZON,1090,4,RURAL
12,1,27,CUTZAMALA DE PINZON,1091,4,RURAL
12,1,27,CUTZAMALA DE PINZON,1092,4,RURAL
12,1,27,CUTZAMALA DE PINZON,1093,4,RURAL
12,1,27,CUTZAMALA DE PINZON,1094,4,RURAL
12,1,27,CUTZAMALA DE PINZON,1095,4,RURAL
12,1,27,CUTZAMALA DE PINZON,1096,4,RURAL
12,1,27,CUTZAMALA DE PINZON,1097,4,RURAL
12,1,27,CUTZAMALA DE PINZON,1098,4,RURAL
12,1,27,CUTZAMALA DE PINZON,1099,4,RURAL
12,1,27,CUTZAMALA DE PINZON,1100,4,RURAL
12,1,27,CUTZAMALA DE PINZON,1101,4,RURAL
12,1,27,CUTZAMALA DE PINZON,1102,4,RURAL
12,1,27,CUTZAMALA DE PINZON,1103,4,RURAL
12,1,27,CUTZAMALA DE PINZON,1104,4,RURAL
12,1,27,CUTZAMALA DE PINZON,1105,4,RURAL
12,1,27,CUTZAMALA DE PINZON,1106,4,RURAL
12,1,27,CUTZAMALA DE PINZON,1107,4,RURAL
12,1,27,CUTZAMALA DE PINZON,1108,4,RURAL
12,1,27,CUTZAMALA DE PINZON,1109,4,RURAL
12,1,27,CUTZAMALA DE PINZON,1110,4,RURAL
12,1,27,CUTZAMALA DE PINZON,1111,2,URBANO(A)
12,6,28,CHILAPA DE ALVAREZ,1112,2,URBANO(A)
12,6,28,CHILAPA DE ALVAREZ,1113,3,MIXTO(A)
12,6,28,CHILAPA DE ALVAREZ,1114,3,MIXTO(A)
12,6,28,CHILAPA DE ALVAREZ,1115,2,URBANO(A)
12,6,28,CHILAPA DE ALVAREZ,1116,2,URBANO(A)
12,6,28,CHILAPA DE ALVAREZ,1117,2,URBANO(A)
12,6,28,CHILAPA DE ALVAREZ,1118,2,URBANO(A)
12,6,28,CHILAPA DE ALVAREZ,1119,2,URBANO(A)
12,6,28,CHILAPA DE ALVAREZ,1120,2,URBANO(A)
12,6,28,CHILAPA DE ALVAREZ,1121,2,URBANO(A)
12,6,28,CHILAPA DE ALVAREZ,1122,3,MIXTO(A)
12,6,28,CHILAPA DE ALVAREZ,1123,2,URBANO(A)
12,6,28,CHILAPA DE ALVAREZ,1124,2,URBANO(A)
12,6,28,CHILAPA DE ALVAREZ,1125,4,RURAL
12,6,28,CHILAPA DE ALVAREZ,1126,4,RURAL
12,6,28,CHILAPA DE ALVAREZ,1127,4,RURAL
12,6,28,CHILAPA DE ALVAREZ,1128,4,RURAL
12,6,28,CHILAPA DE ALVAREZ,1129,4,RURAL
12,6,28,CHILAPA DE ALVAREZ,1130,4,RURAL
12,6,28,CHILAPA DE ALVAREZ,1131,2,URBANO(A)
12,6,28,CHILAPA DE ALVAREZ,1132,3,MIXTO(A)
12,6,28,CHILAPA DE ALVAREZ,1133,4,RURAL
12,6,28,CHILAPA DE ALVAREZ,1134,4,RURAL
12,6,28,CHILAPA DE ALVAREZ,1135,4,RURAL
12,6,28,CHILAPA DE ALVAREZ,1136,4,RURAL
12,6,28,CHILAPA DE ALVAREZ,1137,4,RURAL
12,6,28,CHILAPA DE ALVAREZ,1138,4,RURAL
12,6,28,CHILAPA DE ALVAREZ,1139,4,RURAL
12,6,28,CHILAPA DE ALVAREZ,1140,4,RURAL
12,6,28,CHILAPA DE ALVAREZ,1141,4,RURAL
12,6,28,CHILAPA DE ALVAREZ,1142,4,RURAL
12,6,28,CHILAPA DE ALVAREZ,1143,4,RURAL
12,6,28,CHILAPA DE ALVAREZ,1144,4,RURAL
12,6,28,CHILAPA DE ALVAREZ,1145,4,RURAL
12,6,28,CHILAPA DE ALVAREZ,1146,4,RURAL
12,6,28,CHILAPA DE ALVAREZ,1147,4,RURAL
12,6,28,CHILAPA DE ALVAREZ,1148,4,RURAL
12,6,28,CHILAPA DE ALVAREZ,1149,4,RURAL
12,6,28,CHILAPA DE ALVAREZ,1150,4,RURAL
12,6,28,CHILAPA DE ALVAREZ,1151,4,RURAL
12,6,28,CHILAPA DE ALVAREZ,1152,4,RURAL
12,6,28,CHILAPA DE ALVAREZ,1153,4,RURAL
12,6,28,CHILAPA DE ALVAREZ,1154,4,RURAL
12,6,28,CHILAPA DE ALVAREZ,1155,4,RURAL
12,6,28,CHILAPA DE ALVAREZ,1156,4,RURAL
12,6,28,CHILAPA DE ALVAREZ,1157,2,URBANO(A)
12,6,28,CHILAPA DE ALVAREZ,1158,4,RURAL
12,6,28,CHILAPA DE ALVAREZ,1159,4,RURAL
12,6,28,CHILAPA DE ALVAREZ,1160,4,RURAL
12,6,28,CHILAPA DE ALVAREZ,1161,4,RURAL
12,6,28,CHILAPA DE ALVAREZ,1162,4,RURAL
12,6,28,CHILAPA DE ALVAREZ,1163,4,RURAL
12,6,28,CHILAPA DE ALVAREZ,1164,4,RURAL
12,6,28,CHILAPA DE ALVAREZ,1165,4,RURAL
12,6,28,CHILAPA DE ALVAREZ,1166,4,RURAL
12,6,28,CHILAPA DE ALVAREZ,1167,4,RURAL
12,6,28,CHILAPA DE ALVAREZ,1168,4,RURAL
12,6,28,CHILAPA DE ALVAREZ,1169,4,RURAL
12,6,28,CHILAPA DE ALVAREZ,1170,4,RURAL
12,6,28,CHILAPA DE ALVAREZ,1171,4,RURAL
12,6,28,CHILAPA DE ALVAREZ,1172,4,RURAL
12,6,28,CHILAPA DE ALVAREZ,1173,4,RURAL
12,6,28,CHILAPA DE ALVAREZ,1174,4,RURAL
12,6,28,CHILAPA DE ALVAREZ,1175,4,RURAL
12,6,28,CHILAPA DE ALVAREZ,1176,4,RURAL
12,6,28,CHILAPA DE ALVAREZ,1177,2,URBANO(A)
12,6,28,CHILAPA DE ALVAREZ,1178,3,MIXTO(A)
12,6,28,CHILAPA DE ALVAREZ,1179,4,RURAL
12,6,28,CHILAPA DE ALVAREZ,1180,4,RURAL
12,6,28,CHILAPA DE ALVAREZ,1181,4,RURAL
12,6,28,CHILAPA DE ALVAREZ,1182,4,RURAL
12,6,28,CHILAPA DE ALVAREZ,1183,4,RURAL
12,6,28,CHILAPA DE ALVAREZ,1184,4,RURAL
12,5,77,JOSE JOAQUIN DE HERRERA,1185,4,RURAL
12,6,28,CHILAPA DE ALVAREZ,1186,4,RURAL
12,6,28,CHILAPA DE ALVAREZ,1187,4,RURAL
12,6,28,CHILAPA DE ALVAREZ,1188,4,RURAL
12,6,28,CHILAPA DE ALVAREZ,1189,4,RURAL
12,5,77,JOSE JOAQUIN DE HERRERA,1190,4,RURAL
12,5,77,JOSE JOAQUIN DE HERRERA,1191,4,RURAL
12,5,77,JOSE JOAQUIN DE HERRERA,1192,4,RURAL
12,6,28,CHILAPA DE ALVAREZ,1193,4,RURAL
12,6,28,CHILAPA DE ALVAREZ,1194,4,RURAL
12,5,77,JOSE JOAQUIN DE HERRERA,1195,3,MIXTO(A)
12,5,77,JOSE JOAQUIN DE HERRERA,1196,4,RURAL
12,6,28,CHILAPA DE ALVAREZ,1197,4,RURAL
12,5,77,JOSE JOAQUIN DE HERRERA,1198,4,RURAL
12,5,77,JOSE JOAQUIN DE HERRERA,1199,4,RURAL
12,6,28,CHILAPA DE ALVAREZ,1200,4,RURAL
12,6,28,CHILAPA DE ALVAREZ,1201,4,RURAL
12,6,28,CHILAPA DE ALVAREZ,1202,4,RURAL
12,6,28,CHILAPA DE ALVAREZ,1203,4,RURAL
12,7,29,CHILPANCINGO DE LOS BRAVO,1205,3,MIXTO(A)
12,7,29,CHILPANCINGO DE LOS BRAVO,1206,2,URBANO(A)
12,7,29,CHILPANCINGO DE LOS BRAVO,1207,3,MIXTO(A)
12,7,29,CHILPANCINGO DE LOS BRAVO,1209,2,URBANO(A)
12,7,29,CHILPANCINGO DE LOS BRAVO,1210,2,URBANO(A)
12,7,29,CHILPANCINGO DE LOS BRAVO,1211,2,URBANO(A)
12,7,29,CHILPANCINGO DE LOS BRAVO,1212,2,URBANO(A)
12,7,29,CHILPANCINGO DE LOS BRAVO,1214,2,URBANO(A)
12,7,29,CHILPANCINGO DE LOS BRAVO,1215,2,URBANO(A)
12,7,29,CHILPANCINGO DE LOS BRAVO,1216,2,URBANO(A)
12,7,29,CHILPANCINGO DE LOS BRAVO,1217,2,URBANO(A)
12,7,29,CHILPANCINGO DE LOS BRAVO,1218,2,URBANO(A)
12,7,29,CHILPANCINGO DE LOS BRAVO,1219,2,URBANO(A)
12,7,29,CHILPANCINGO DE LOS BRAVO,1220,2,URBANO(A)
12,7,29,CHILPANCINGO DE LOS BRAVO,1221,2,URBANO(A)
12,7,29,CHILPANCINGO DE LOS BRAVO,1222,2,URBANO(A)
12,7,29,CHILPANCINGO DE LOS BRAVO,1223,2,URBANO(A)
12,7,29,CHILPANCINGO DE LOS BRAVO,1224,2,URBANO(A)
12,7,29,CHILPANCINGO DE LOS BRAVO,1225,2,URBANO(A)
12,7,29,CHILPANCINGO DE LOS BRAVO,1226,2,URBANO(A)
12,7,29,CHILPANCINGO DE LOS BRAVO,1227,2,URBANO(A)
12,7,29,CHILPANCINGO DE LOS BRAVO,1228,2,URBANO(A)
12,7,29,CHILPANCINGO DE LOS BRAVO,1229,2,URBANO(A)
12,7,29,CHILPANCINGO DE LOS BRAVO,1230,2,URBANO(A)
12,7,29,CHILPANCINGO DE LOS BRAVO,1231,2,URBANO(A)
12,7,29,CHILPANCINGO DE LOS BRAVO,1232,2,URBANO(A)
12,7,29,CHILPANCINGO DE LOS BRAVO,1233,2,URBANO(A)
12,7,29,CHILPANCINGO DE LOS BRAVO,1234,2,URBANO(A)
12,7,29,CHILPANCINGO DE LOS BRAVO,1235,2,URBANO(A)
12,7,29,CHILPANCINGO DE LOS BRAVO,1236,2,URBANO(A)
12,7,29,CHILPANCINGO DE LOS BRAVO,1237,2,URBANO(A)
12,7,29,CHILPANCINGO DE LOS BRAVO,1238,2,URBANO(A)
12,7,29,CHILPANCINGO DE LOS BRAVO,1239,2,URBANO(A)
12,7,29,CHILPANCINGO DE LOS BRAVO,1240,2,URBANO(A)
12,7,29,CHILPANCINGO DE LOS BRAVO,1241,2,URBANO(A)
12,7,29,CHILPANCINGO DE LOS BRAVO,1242,2,URBANO(A)
12,7,29,CHILPANCINGO DE LOS BRAVO,1243,2,URBANO(A)
12,7,29,CHILPANCINGO DE LOS BRAVO,1244,3,MIXTO(A)
12,7,29,CHILPANCINGO DE LOS BRAVO,1245,2,URBANO(A)
12,7,29,CHILPANCINGO DE LOS BRAVO,1246,2,URBANO(A)
12,7,29,CHILPANCINGO DE LOS BRAVO,1247,2,URBANO(A)
12,7,29,CHILPANCINGO DE LOS BRAVO,1248,2,URBANO(A)
12,7,29,CHILPANCINGO DE LOS BRAVO,1249,2,URBANO(A)
12,7,29,CHILPANCINGO DE LOS BRAVO,1250,2,URBANO(A)
12,7,29,CHILPANCINGO DE LOS BRAVO,1251,2,URBANO(A)
12,7,29,CHILPANCINGO DE LOS BRAVO,1252,2,URBANO(A)
12,7,29,CHILPANCINGO DE LOS BRAVO,1253,2,URBANO(A)
12,7,29,CHILPANCINGO DE LOS BRAVO,1254,2,URBANO(A)
12,7,29,CHILPANCINGO DE LOS BRAVO,1255,2,URBANO(A)
12,7,29,CHILPANCINGO DE LOS BRAVO,1256,2,URBANO(A)
12,7,29,CHILPANCINGO DE LOS BRAVO,1257,2,URBANO(A)
12,7,29,CHILPANCINGO DE LOS BRAVO,1258,2,URBANO(A)
12,7,29,CHILPANCINGO DE LOS BRAVO,1259,2,URBANO(A)
12,7,29,CHILPANCINGO DE LOS BRAVO,1260,2,URBANO(A)
12,7,29,CHILPANCINGO DE LOS BRAVO,1261,2,URBANO(A)
12,7,29,CHILPANCINGO DE LOS BRAVO,1262,2,URBANO(A)
12,7,29,CHILPANCINGO DE LOS BRAVO,1263,2,URBANO(A)
12,7,29,CHILPANCINGO DE LOS BRAVO,1264,2,URBANO(A)
12,7,29,CHILPANCINGO DE LOS BRAVO,1265,2,URBANO(A)
12,7,29,CHILPANCINGO DE LOS BRAVO,1266,2,URBANO(A)
12,7,29,CHILPANCINGO DE LOS BRAVO,1268,2,URBANO(A)
12,7,29,CHILPANCINGO DE LOS BRAVO,1269,2,URBANO(A)
12,7,29,CHILPANCINGO DE LOS BRAVO,1270,2,URBANO(A)
12,7,29,CHILPANCINGO DE LOS BRAVO,1271,2,URBANO(A)
12,7,29,CHILPANCINGO DE LOS BRAVO,1273,4,RURAL
12,7,29,CHILPANCINGO DE LOS BRAVO,1274,4,RURAL
12,7,29,CHILPANCINGO DE LOS BRAVO,1275,4,RURAL
12,7,29,CHILPANCINGO DE LOS BRAVO,1276,4,RURAL
12,7,29,CHILPANCINGO DE LOS BRAVO,1277,4,RURAL
12,7,29,CHILPANCINGO DE LOS BRAVO,1278,4,RURAL
12,7,29,CHILPANCINGO DE LOS BRAVO,1279,2,URBANO(A)
12,7,29,CHILPANCINGO DE LOS BRAVO,1280,2,URBANO(A)
12,7,29,CHILPANCINGO DE LOS BRAVO,1281,2,URBANO(A)
12,7,29,CHILPANCINGO DE LOS BRAVO,1282,2,URBANO(A)
12,7,29,CHILPANCINGO DE LOS BRAVO,1283,3,MIXTO(A)
12,7,29,CHILPANCINGO DE LOS BRAVO,1284,4,RURAL
12,7,29,CHILPANCINGO DE LOS BRAVO,1285,4,RURAL
12,7,29,CHILPANCINGO DE LOS BRAVO,1286,3,MIXTO(A)
12,7,29,CHILPANCINGO DE LOS BRAVO,1287,3,MIXTO(A)
12,7,29,CHILPANCINGO DE LOS BRAVO,1288,2,URBANO(A)
12,7,29,CHILPANCINGO DE LOS BRAVO,1289,2,URBANO(A)
12,7,29,CHILPANCINGO DE LOS BRAVO,1290,4,RURAL
12,7,29,CHILPANCINGO DE LOS BRAVO,1291,4,RURAL
12,7,29,CHILPANCINGO DE LOS BRAVO,1292,4,RURAL
12,7,29,CHILPANCINGO DE LOS BRAVO,1293,4,RURAL
12,7,29,CHILPANCINGO DE LOS BRAVO,1294,4,RURAL
12,7,29,CHILPANCINGO DE LOS BRAVO,1295,4,RURAL
12,7,29,CHILPANCINGO DE LOS BRAVO,1296,4,RURAL
12,7,29,CHILPANCINGO DE LOS BRAVO,1297,4,RURAL
12,7,29,CHILPANCINGO DE LOS BRAVO,1298,4,RURAL
12,7,29,CHILPANCINGO DE LOS BRAVO,1299,4,RURAL
12,7,29,CHILPANCINGO DE LOS BRAVO,1300,2,URBANO(A)
12,7,29,CHILPANCINGO DE LOS BRAVO,1301,2,URBANO(A)
12,7,29,CHILPANCINGO DE LOS BRAVO,1302,3,MIXTO(A)
12,7,29,CHILPANCINGO DE LOS BRAVO,1303,2,URBANO(A)
12,7,29,CHILPANCINGO DE LOS BRAVO,1304,2,URBANO(A)
12,7,29,CHILPANCINGO DE LOS BRAVO,1305,2,URBANO(A)
12,7,29,CHILPANCINGO DE LOS BRAVO,1306,4,RURAL
12,7,29,CHILPANCINGO DE LOS BRAVO,1307,2,URBANO(A)
12,7,29,CHILPANCINGO DE LOS BRAVO,1308,4,RURAL
12,7,30,EDUARDO NERI,1309,2,URBANO(A)
12,7,30,EDUARDO NERI,1310,2,URBANO(A)
12,7,30,EDUARDO NERI,1311,3,MIXTO(A)
12,7,30,EDUARDO NERI,1312,2,URBANO(A)
12,7,30,EDUARDO NERI,1313,2,URBANO(A)
12,7,30,EDUARDO NERI,1314,2,URBANO(A)
12,7,30,EDUARDO NERI,1315,2,URBANO(A)
12,7,30,EDUARDO NERI,1316,2,URBANO(A)
12,7,30,EDUARDO NERI,1317,2,URBANO(A)
12,7,30,EDUARDO NERI,1318,2,URBANO(A)
12,7,30,EDUARDO NERI,1319,2,URBANO(A)
12,7,30,EDUARDO NERI,1320,4,RURAL
12,7,30,EDUARDO NERI,1322,4,RURAL
12,7,30,EDUARDO NERI,1323,2,URBANO(A)
12,7,30,EDUARDO NERI,1324,2,URBANO(A)
12,7,30,EDUARDO NERI,1325,4,RURAL
12,7,30,EDUARDO NERI,1326,4,RURAL
12,7,30,EDUARDO NERI,1327,4,RURAL
12,7,30,EDUARDO NERI,1328,4,RURAL
12,7,30,EDUARDO NERI,1329,2,URBANO(A)
12,7,30,EDUARDO NERI,1330,2,URBANO(A)
12,7,30,EDUARDO NERI,1331,4,RURAL
12,7,30,EDUARDO NERI,1332,4,RURAL
12,7,30,EDUARDO NERI,1333,4,RURAL
12,7,30,EDUARDO NERI,1334,3,MIXTO(A)
12,7,30,EDUARDO NERI,1335,3,MIXTO(A)
12,7,30,EDUARDO NERI,1336,4,RURAL
12,7,30,EDUARDO NERI,1337,4,RURAL
12,7,30,EDUARDO NERI,1338,4,RURAL
12,8,31,FLORENCIO VILLARREAL,1339,3,MIXTO(A)
12,8,31,FLORENCIO VILLARREAL,1340,3,MIXTO(A)
12,8,31,FLORENCIO VILLARREAL,1341,2,URBANO(A)
12,8,31,FLORENCIO VILLARREAL,1342,2,URBANO(A)
12,8,31,FLORENCIO VILLARREAL,1344,2,URBANO(A)
12,8,31,FLORENCIO VILLARREAL,1345,4,RURAL
12,8,31,FLORENCIO VILLARREAL,1346,4,RURAL
12,8,31,FLORENCIO VILLARREAL,1347,4,RURAL
12,8,31,FLORENCIO VILLARREAL,1348,4,RURAL
12,8,31,FLORENCIO VILLARREAL,1349,4,RURAL
12,8,31,FLORENCIO VILLARREAL,1350,4,RURAL
12,8,31,FLORENCIO VILLARREAL,1351,4,RURAL
12,8,31,FLORENCIO VILLARREAL,1352,4,RURAL
12,8,31,FLORENCIO VILLARREAL,1353,4,RURAL
12,8,31,FLORENCIO VILLARREAL,1354,4,RURAL
12,8,31,FLORENCIO VILLARREAL,1355,4,RURAL
12,8,31,FLORENCIO VILLARREAL,1356,4,RURAL
12,8,31,FLORENCIO VILLARREAL,1357,4,RURAL
12,1,32,GENERAL CANUTO A. NERI,1358,3,MIXTO(A)
12,1,32,GENERAL CANUTO A. NERI,1359,3,MIXTO(A)
12,1,32,GENERAL CANUTO A. NERI,1361,4,RURAL
12,1,32,GENERAL CANUTO A. NERI,1362,4,RURAL
12,1,32,GENERAL CANUTO A. NERI,1364,4,RURAL
12,1,32,GENERAL CANUTO A. NERI,1367,4,RURAL
12,1,32,GENERAL CANUTO A. NERI,1369,4,RURAL
12,1,32,GENERAL CANUTO A. NERI,1370,4,RURAL
12,1,32,GENERAL CANUTO A. NERI,1372,4,RURAL
12,1,32,GENERAL CANUTO A. NERI,1374,4,RURAL
12,1,32,GENERAL CANUTO A. NERI,1375,4,RURAL
12,1,32,GENERAL CANUTO A. NERI,1376,4,RURAL
12,1,32,GENERAL CANUTO A. NERI,1377,4,RURAL
12,1,32,GENERAL CANUTO A. NERI,1379,4,RURAL
12,1,32,GENERAL CANUTO A. NERI,1380,4,RURAL
12,7,33,GENERAL HELIODORO CASTILLO,1382,3,MIXTO(A)
12,7,33,GENERAL HELIODORO CASTILLO,1383,3,MIXTO(A)
12,7,33,GENERAL HELIODORO CASTILLO,1384,2,URBANO(A)
12,7,33,GENERAL HELIODORO CASTILLO,1386,4,RURAL
12,7,33,GENERAL HELIODORO CASTILLO,1387,4,RURAL
12,7,33,GENERAL HELIODORO CASTILLO,1388,4,RURAL
12,7,33,GENERAL HELIODORO CASTILLO,1389,4,RURAL
12,7,33,GENERAL HELIODORO CASTILLO,1390,4,RURAL
12,7,33,GENERAL HELIODORO CASTILLO,1392,4,RURAL
12,7,33,GENERAL HELIODORO CASTILLO,1393,4,RURAL
12,7,33,GENERAL HELIODORO CASTILLO,1394,4,RURAL
12,7,33,GENERAL HELIODORO CASTILLO,1395,4,RURAL
12,7,33,GENERAL HELIODORO CASTILLO,1396,4,RURAL
12,7,33,GENERAL HELIODORO CASTILLO,1397,4,RURAL
12,7,33,GENERAL HELIODORO CASTILLO,1398,4,RURAL
12,7,33,GENERAL HELIODORO CASTILLO,1399,4,RURAL
12,7,33,GENERAL HELIODORO CASTILLO,1401,4,RURAL
12,7,33,GENERAL HELIODORO CASTILLO,1402,4,RURAL
12,7,33,GENERAL HELIODORO CASTILLO,1403,4,RURAL
12,7,33,GENERAL HELIODORO CASTILLO,1404,4,RURAL
12,7,33,GENERAL HELIODORO CASTILLO,1405,4,RURAL
12,7,33,GENERAL HELIODORO CASTILLO,1406,4,RURAL
12,7,33,GENERAL HELIODORO CASTILLO,1407,4,RURAL
12,7,33,GENERAL HELIODORO CASTILLO,1408,4,RURAL
12,7,33,GENERAL HELIODORO CASTILLO,1409,4,RURAL
12,7,33,GENERAL HELIODORO CASTILLO,1410,4,RURAL
12,7,33,GENERAL HELIODORO CASTILLO,1411,4,RURAL
12,7,33,GENERAL HELIODORO CASTILLO,1412,4,RURAL
12,7,33,GENERAL HELIODORO CASTILLO,1413,4,RURAL
12,7,33,GENERAL HELIODORO CASTILLO,1414,4,RURAL
12,7,33,GENERAL HELIODORO CASTILLO,1415,4,RURAL
12,7,33,GENERAL HELIODORO CASTILLO,1416,4,RURAL
12,7,33,GENERAL HELIODORO CASTILLO,1417,4,RURAL
12,7,33,GENERAL HELIODORO CASTILLO,1418,4,RURAL
12,7,33,GENERAL HELIODORO CASTILLO,1419,4,RURAL
12,7,33,GENERAL HELIODORO CASTILLO,1420,4,RURAL
12,7,33,GENERAL HELIODORO CASTILLO,1421,4,RURAL
12,7,33,GENERAL HELIODORO CASTILLO,1422,4,RURAL
12,7,33,GENERAL HELIODORO CASTILLO,1423,4,RURAL
12,7,33,GENERAL HELIODORO CASTILLO,1424,4,RURAL
12,7,33,GENERAL HELIODORO CASTILLO,1425,4,RURAL
12,7,33,GENERAL HELIODORO CASTILLO,1426,4,RURAL
12,7,33,GENERAL HELIODORO CASTILLO,1427,4,RURAL
12,7,33,GENERAL HELIODORO CASTILLO,1428,4,RURAL
12,7,33,GENERAL HELIODORO CASTILLO,1429,4,RURAL
12,7,33,GENERAL HELIODORO CASTILLO,1430,4,RURAL
12,7,33,GENERAL HELIODORO CASTILLO,1431,4,RURAL
12,5,34,HUAMUXTITLAN,1432,3,MIXTO(A)
12,5,34,HUAMUXTITLAN,1433,2,URBANO(A)
12,5,34,HUAMUXTITLAN,1434,2,URBANO(A)
12,5,34,HUAMUXTITLAN,1435,4,RURAL
12,5,34,HUAMUXTITLAN,1436,4,RURAL
12,5,34,HUAMUXTITLAN,1437,4,RURAL
12,5,34,HUAMUXTITLAN,1438,4,RURAL
12,5,34,HUAMUXTITLAN,1439,4,RURAL
12,5,34,HUAMUXTITLAN,1440,4,RURAL
12,5,34,HUAMUXTITLAN,1441,4,RURAL
12,5,34,HUAMUXTITLAN,1442,4,RURAL
12,5,34,HUAMUXTITLAN,1443,4,RURAL
12,6,35,HUITZUCO DE LOS FIGUEROA,1444,2,URBANO(A)
12,6,35,HUITZUCO DE LOS FIGUEROA,1445,3,MIXTO(A)
12,6,35,HUITZUCO DE LOS FIGUEROA,1446,2,URBANO(A)
12,6,35,HUITZUCO DE LOS FIGUEROA,1447,2,URBANO(A)
12,6,35,HUITZUCO DE LOS FIGUEROA,1448,2,URBANO(A)
12,6,35,HUITZUCO DE LOS FIGUEROA,1449,2,URBANO(A)
12,6,35,HUITZUCO DE LOS FIGUEROA,1450,2,URBANO(A)
12,6,35,HUITZUCO DE LOS FIGUEROA,1451,2,URBANO(A)
12,6,35,HUITZUCO DE LOS FIGUEROA,1452,2,URBANO(A)
12,6,35,HUITZUCO DE LOS FIGUEROA,1453,2,URBANO(A)
12,6,35,HUITZUCO DE LOS FIGUEROA,1454,2,URBANO(A)
12,6,35,HUITZUCO DE LOS FIGUEROA,1455,2,URBANO(A)
12,6,35,HUITZUCO DE LOS FIGUEROA,1456,2,URBANO(A)
12,6,35,HUITZUCO DE LOS FIGUEROA,1457,4,RURAL
12,6,35,HUITZUCO DE LOS FIGUEROA,1458,4,RURAL
12,6,35,HUITZUCO DE LOS FIGUEROA,1459,4,RURAL
12,6,35,HUITZUCO DE LOS FIGUEROA,1460,4,RURAL
12,6,35,HUITZUCO DE LOS FIGUEROA,1461,4,RURAL
12,6,35,HUITZUCO DE LOS FIGUEROA,1462,2,URBANO(A)
12,6,35,HUITZUCO DE LOS FIGUEROA,1463,2,URBANO(A)
12,6,35,HUITZUCO DE LOS FIGUEROA,1464,4,RURAL
12,6,35,HUITZUCO DE LOS FIGUEROA,1465,4,RURAL
12,6,35,HUITZUCO DE LOS FIGUEROA,1466,4,RURAL
12,6,35,HUITZUCO DE LOS FIGUEROA,1467,4,RURAL
12,6,35,HUITZUCO DE LOS FIGUEROA,1468,4,RURAL
12,6,35,HUITZUCO DE LOS FIGUEROA,1469,4,RURAL
12,6,35,HUITZUCO DE LOS FIGUEROA,1470,4,RURAL
12,6,35,HUITZUCO DE LOS FIGUEROA,1471,4,RURAL
12,6,35,HUITZUCO DE LOS FIGUEROA,1472,4,RURAL
12,6,35,HUITZUCO DE LOS FIGUEROA,1473,4,RURAL
12,6,35,HUITZUCO DE LOS FIGUEROA,1474,4,RURAL
12,6,35,HUITZUCO DE LOS FIGUEROA,1475,4,RURAL
12,6,35,HUITZUCO DE LOS FIGUEROA,1476,4,RURAL
12,6,35,HUITZUCO DE LOS FIGUEROA,1477,2,URBANO(A)
12,6,35,HUITZUCO DE LOS FIGUEROA,1478,2,URBANO(A)
12,6,35,HUITZUCO DE LOS FIGUEROA,1479,4,RURAL
12,6,36,IGUALA DE LA INDEPENDENCIA,1480,3,MIXTO(A)
12,6,36,IGUALA DE LA INDEPENDENCIA,1481,2,URBANO(A)
12,6,36,IGUALA DE LA INDEPENDENCIA,1482,2,URBANO(A)
12,6,36,IGUALA DE LA INDEPENDENCIA,1483,2,URBANO(A)
12,6,36,IGUALA DE LA INDEPENDENCIA,1484,2,URBANO(A)
12,6,36,IGUALA DE LA INDEPENDENCIA,1485,2,URBANO(A)
12,6,36,IGUALA DE LA INDEPENDENCIA,1486,2,URBANO(A)
12,6,36,IGUALA DE LA INDEPENDENCIA,1487,2,URBANO(A)
12,6,36,IGUALA DE LA INDEPENDENCIA,1488,2,URBANO(A)
12,6,36,IGUALA DE LA INDEPENDENCIA,1489,2,URBANO(A)
12,6,36,IGUALA DE LA INDEPENDENCIA,1490,2,URBANO(A)
12,6,36,IGUALA DE LA INDEPENDENCIA,1491,2,URBANO(A)
12,6,36,IGUALA DE LA INDEPENDENCIA,1492,2,URBANO(A)
12,6,36,IGUALA DE LA INDEPENDENCIA,1493,2,URBANO(A)
12,6,36,IGUALA DE LA INDEPENDENCIA,1494,2,URBANO(A)
12,6,36,IGUALA DE LA INDEPENDENCIA,1495,2,URBANO(A)
12,6,36,IGUALA DE LA INDEPENDENCIA,1496,2,URBANO(A)
12,6,36,IGUALA DE LA INDEPENDENCIA,1497,2,URBANO(A)
12,6,36,IGUALA DE LA INDEPENDENCIA,1498,2,URBANO(A)
12,6,36,IGUALA DE LA INDEPENDENCIA,1499,2,URBANO(A)
12,6,36,IGUALA DE LA INDEPENDENCIA,1500,2,URBANO(A)
12,6,36,IGUALA DE LA INDEPENDENCIA,1501,2,URBANO(A)
12,6,36,IGUALA DE LA INDEPENDENCIA,1502,2,URBANO(A)
12,6,36,IGUALA DE LA INDEPENDENCIA,1503,2,URBANO(A)
12,6,36,IGUALA DE LA INDEPENDENCIA,1504,2,URBANO(A)
12,6,36,IGUALA DE LA INDEPENDENCIA,1505,2,URBANO(A)
12,6,36,IGUALA DE LA INDEPENDENCIA,1506,2,URBANO(A)
12,6,36,IGUALA DE LA INDEPENDENCIA,1507,2,URBANO(A)
12,6,36,IGUALA DE LA INDEPENDENCIA,1508,2,URBANO(A)
12,6,36,IGUALA DE LA INDEPENDENCIA,1509,2,URBANO(A)
12,6,36,IGUALA DE LA INDEPENDENCIA,1510,2,URBANO(A)
12,6,36,IGUALA DE LA INDEPENDENCIA,1511,2,URBANO(A)
12,6,36,IGUALA DE LA INDEPENDENCIA,1512,2,URBANO(A)
12,6,36,IGUALA DE LA INDEPENDENCIA,1513,2,URBANO(A)
12,6,36,IGUALA DE LA INDEPENDENCIA,1514,2,URBANO(A)
12,6,36,IGUALA DE LA INDEPENDENCIA,1515,2,URBANO(A)
12,6,36,IGUALA DE LA INDEPENDENCIA,1516,2,URBANO(A)
12,6,36,IGUALA DE LA INDEPENDENCIA,1517,2,URBANO(A)
12,6,36,IGUALA DE LA INDEPENDENCIA,1518,2,URBANO(A)
12,6,36,IGUALA DE LA INDEPENDENCIA,1519,2,URBANO(A)
12,6,36,IGUALA DE LA INDEPENDENCIA,1520,2,URBANO(A)
12,6,36,IGUALA DE LA INDEPENDENCIA,1521,2,URBANO(A)
12,6,36,IGUALA DE LA INDEPENDENCIA,1522,2,URBANO(A)
12,6,36,IGUALA DE LA INDEPENDENCIA,1523,2,URBANO(A)
12,6,36,IGUALA DE LA INDEPENDENCIA,1524,2,URBANO(A)
12,6,36,IGUALA DE LA INDEPENDENCIA,1525,2,URBANO(A)
12,6,36,IGUALA DE LA INDEPENDENCIA,1526,2,URBANO(A)
12,6,36,IGUALA DE LA INDEPENDENCIA,1527,2,URBANO(A)
12,6,36,IGUALA DE LA INDEPENDENCIA,1528,2,URBANO(A)
12,6,36,IGUALA DE LA INDEPENDENCIA,1529,2,URBANO(A)
12,6,36,IGUALA DE LA INDEPENDENCIA,1530,2,URBANO(A)
12,6,36,IGUALA DE LA INDEPENDENCIA,1531,2,URBANO(A)
12,6,36,IGUALA DE LA INDEPENDENCIA,1532,2,URBANO(A)
12,6,36,IGUALA DE LA INDEPENDENCIA,1533,2,URBANO(A)
12,6,36,IGUALA DE LA INDEPENDENCIA,1534,2,URBANO(A)
12,6,36,IGUALA DE LA INDEPENDENCIA,1535,2,URBANO(A)
12,6,36,IGUALA DE LA INDEPENDENCIA,1536,2,URBANO(A)
12,6,36,IGUALA DE LA INDEPENDENCIA,1537,2,URBANO(A)
12,6,36,IGUALA DE LA INDEPENDENCIA,1538,2,URBANO(A)
12,6,36,IGUALA DE LA INDEPENDENCIA,1540,2,URBANO(A)
12,6,36,IGUALA DE LA INDEPENDENCIA,1541,2,URBANO(A)
12,6,36,IGUALA DE LA INDEPENDENCIA,1542,2,URBANO(A)
12,6,36,IGUALA DE LA INDEPENDENCIA,1543,2,URBANO(A)
12,6,36,IGUALA DE LA INDEPENDENCIA,1544,4,RURAL
12,6,36,IGUALA DE LA INDEPENDENCIA,1545,4,RURAL
12,6,36,IGUALA DE LA INDEPENDENCIA,1546,4,RURAL
12,6,36,IGUALA DE LA INDEPENDENCIA,1547,3,MIXTO(A)
12,6,36,IGUALA DE LA INDEPENDENCIA,1548,4,RURAL
12,6,36,IGUALA DE LA INDEPENDENCIA,1549,4,RURAL
12,6,36,IGUALA DE LA INDEPENDENCIA,1550,4,RURAL
12,6,36,IGUALA DE LA INDEPENDENCIA,1551,4,RURAL
12,6,36,IGUALA DE LA INDEPENDENCIA,1552,4,RURAL
12,6,36,IGUALA DE LA INDEPENDENCIA,1553,4,RURAL
12,6,36,IGUALA DE LA INDEPENDENCIA,1554,4,RURAL
12,6,36,IGUALA DE LA INDEPENDENCIA,1555,4,RURAL
12,6,36,IGUALA DE LA INDEPENDENCIA,1556,4,RURAL
12,6,36,IGUALA DE LA INDEPENDENCIA,1557,4,RURAL
12,6,36,IGUALA DE LA INDEPENDENCIA,1558,2,URBANO(A)
12,6,36,IGUALA DE LA INDEPENDENCIA,1559,2,URBANO(A)
12,6,36,IGUALA DE LA INDEPENDENCIA,1560,2,URBANO(A)
12,6,36,IGUALA DE LA INDEPENDENCIA,1561,4,RURAL
12,6,36,IGUALA DE LA INDEPENDENCIA,1562,2,URBANO(A)
12,6,36,IGUALA DE LA INDEPENDENCIA,1563,2,URBANO(A)
12,6,36,IGUALA DE LA INDEPENDENCIA,1564,2,URBANO(A)
12,8,37,IGUALAPA,1565,2,URBANO(A)
12,8,37,IGUALAPA,1566,2,URBANO(A)
12,8,37,IGUALAPA,1567,3,MIXTO(A)
12,8,37,IGUALAPA,1568,4,RURAL
12,8,37,IGUALAPA,1569,4,RURAL
12,8,37,IGUALAPA,1570,4,RURAL
12,8,37,IGUALAPA,1571,4,RURAL
12,8,37,IGUALAPA,1572,4,RURAL
12,8,37,IGUALAPA,1573,4,RURAL
12,8,37,IGUALAPA,1574,4,RURAL
12,8,37,IGUALAPA,1575,4,RURAL
12,1,38,IXCATEOPAN DE CUAUHTEMOC,1576,3,MIXTO(A)
12,1,38,IXCATEOPAN DE CUAUHTEMOC,1577,3,MIXTO(A)
12,1,38,IXCATEOPAN DE CUAUHTEMOC,1578,4,RURAL
12,1,38,IXCATEOPAN DE CUAUHTEMOC,1579,4,RURAL
12,1,38,IXCATEOPAN DE CUAUHTEMOC,1580,4,RURAL
12,1,38,IXCATEOPAN DE CUAUHTEMOC,1582,4,RURAL
12,1,38,IXCATEOPAN DE CUAUHTEMOC,1583,4,RURAL
12,1,38,IXCATEOPAN DE CUAUHTEMOC,1584,4,RURAL
12,1,38,IXCATEOPAN DE CUAUHTEMOC,1585,4,RURAL
12,1,38,IXCATEOPAN DE CUAUHTEMOC,1586,4,RURAL
12,1,38,IXCATEOPAN DE CUAUHTEMOC,1587,2,URBANO(A)
12,1,38,IXCATEOPAN DE CUAUHTEMOC,1588,3,MIXTO(A)
12,3,39,ZIHUATANEJO DE AZUETA,1589,2,URBANO(A)
12,3,39,ZIHUATANEJO DE AZUETA,1590,2,URBANO(A)
12,3,39,ZIHUATANEJO DE AZUETA,1591,2,URBANO(A)
12,3,39,ZIHUATANEJO DE AZUETA,1592,2,URBANO(A)
12,3,39,ZIHUATANEJO DE AZUETA,1593,2,URBANO(A)
12,3,39,ZIHUATANEJO DE AZUETA,1594,2,URBANO(A)
12,3,39,ZIHUATANEJO DE AZUETA,1595,2,URBANO(A)
12,3,39,ZIHUATANEJO DE AZUETA,1596,2,URBANO(A)
12,3,39,ZIHUATANEJO DE AZUETA,1597,2,URBANO(A)
12,3,39,ZIHUATANEJO DE AZUETA,1598,2,URBANO(A)
12,3,39,ZIHUATANEJO DE AZUETA,1599,2,URBANO(A)
12,3,39,ZIHUATANEJO DE AZUETA,1600,2,URBANO(A)
12,3,39,ZIHUATANEJO DE AZUETA,1601,2,URBANO(A)
12,3,39,ZIHUATANEJO DE AZUETA,1602,2,URBANO(A)
12,3,39,ZIHUATANEJO DE AZUETA,1603,2,URBANO(A)
12,3,39,ZIHUATANEJO DE AZUETA,1604,2,URBANO(A)
12,3,39,ZIHUATANEJO DE AZUETA,1605,2,URBANO(A)
12,3,39,ZIHUATANEJO DE AZUETA,1606,2,URBANO(A)
12,3,39,ZIHUATANEJO DE AZUETA,1607,2,URBANO(A)
12,3,39,ZIHUATANEJO DE AZUETA,1608,2,URBANO(A)
12,3,39,ZIHUATANEJO DE AZUETA,1609,2,URBANO(A)
12,3,39,ZIHUATANEJO DE AZUETA,1610,2,URBANO(A)
12,3,39,ZIHUATANEJO DE AZUETA,1611,2,URBANO(A)
12,3,39,ZIHUATANEJO DE AZUETA,1612,2,URBANO(A)
12,3,39,ZIHUATANEJO DE AZUETA,1613,2,URBANO(A)
12,3,39,ZIHUATANEJO DE AZUETA,1614,2,URBANO(A)
12,3,39,ZIHUATANEJO DE AZUETA,1615,2,URBANO(A)
12,3,39,ZIHUATANEJO DE AZUETA,1616,2,URBANO(A)
12,3,39,ZIHUATANEJO DE AZUETA,1617,2,URBANO(A)
12,3,39,ZIHUATANEJO DE AZUETA,1618,2,URBANO(A)
12,3,39,ZIHUATANEJO DE AZUETA,1619,2,URBANO(A)
12,3,39,ZIHUATANEJO DE AZUETA,1620,2,URBANO(A)
12,3,39,ZIHUATANEJO DE AZUETA,1621,2,URBANO(A)
12,3,39,ZIHUATANEJO DE AZUETA,1622,2,URBANO(A)
12,3,39,ZIHUATANEJO DE AZUETA,1624,2,URBANO(A)
12,3,39,ZIHUATANEJO DE AZUETA,1625,2,URBANO(A)
12,3,39,ZIHUATANEJO DE AZUETA,1626,2,URBANO(A)
12,3,39,ZIHUATANEJO DE AZUETA,1627,4,RURAL
12,3,39,ZIHUATANEJO DE AZUETA,1628,4,RURAL
12,3,39,ZIHUATANEJO DE AZUETA,1629,4,RURAL
12,3,39,ZIHUATANEJO DE AZUETA,1630,4,RURAL
12,3,39,ZIHUATANEJO DE AZUETA,1631,4,RURAL
12,3,39,ZIHUATANEJO DE AZUETA,1632,4,RURAL
12,3,39,ZIHUATANEJO DE AZUETA,1633,4,RURAL
12,3,39,ZIHUATANEJO DE AZUETA,1635,3,MIXTO(A)
12,3,39,ZIHUATANEJO DE AZUETA,1636,3,MIXTO(A)
12,3,39,ZIHUATANEJO DE AZUETA,1637,4,RURAL
12,3,39,ZIHUATANEJO DE AZUETA,1638,4,RURAL
12,3,39,ZIHUATANEJO DE AZUETA,1639,4,RURAL
12,3,39,ZIHUATANEJO DE AZUETA,1640,2,URBANO(A)
12,3,39,ZIHUATANEJO DE AZUETA,1641,2,URBANO(A)
12,3,39,ZIHUATANEJO DE AZUETA,1642,4,RURAL
12,3,39,ZIHUATANEJO DE AZUETA,1644,2,URBANO(A)
12,3,39,ZIHUATANEJO DE AZUETA,1645,4,RURAL
12,3,39,ZIHUATANEJO DE AZUETA,1646,2,URBANO(A)
12,3,39,ZIHUATANEJO DE AZUETA,1647,3,MIXTO(A)
12,3,39,ZIHUATANEJO DE AZUETA,1648,2,URBANO(A)
12,3,39,ZIHUATANEJO DE AZUETA,1649,4,RURAL
12,3,39,ZIHUATANEJO DE AZUETA,1650,4,RURAL
12,3,39,ZIHUATANEJO DE AZUETA,1651,4,RURAL
12,3,39,ZIHUATANEJO DE AZUETA,1652,4,RURAL
12,3,39,ZIHUATANEJO DE AZUETA,1653,4,RURAL
12,8,40,JUAN R. ESCUDERO,1654,3,MIXTO(A)
12,8,40,JUAN R. ESCUDERO,1655,2,URBANO(A)
12,8,40,JUAN R. ESCUDERO,1656,2,URBANO(A)
12,8,40,JUAN R. ESCUDERO,1657,3,MIXTO(A)
12,8,40,JUAN R. ESCUDERO,1658,2,URBANO(A)
12,8,40,JUAN R. ESCUDERO,1659,2,URBANO(A)
12,8,40,JUAN R. ESCUDERO,1660,2,URBANO(A)
12,8,40,JUAN R. ESCUDERO,1661,2,URBANO(A)
12,8,40,JUAN R. ESCUDERO,1662,4,RURAL
12,8,40,JUAN R. ESCUDERO,1663,4,RURAL
12,8,40,JUAN R. ESCUDERO,1664,4,RURAL
12,8,40,JUAN R. ESCUDERO,1665,4,RURAL
12,8,40,JUAN R. ESCUDERO,1666,4,RURAL
12,8,40,JUAN R. ESCUDERO,1667,4,RURAL
12,8,40,JUAN R. ESCUDERO,1668,4,RURAL
12,8,40,JUAN R. ESCUDERO,1669,4,RURAL
12,8,40,JUAN R. ESCUDERO,1670,4,RURAL
12,8,40,JUAN R. ESCUDERO,1671,4,RURAL
12,8,40,JUAN R. ESCUDERO,1672,4,RURAL
12,8,40,JUAN R. ESCUDERO,1673,4,RURAL
12,8,40,JUAN R. ESCUDERO,1674,4,RURAL
12,8,40,JUAN R. ESCUDERO,1675,4,RURAL
12,8,40,JUAN R. ESCUDERO,1676,4,RURAL
12,7,41,LEONARDO BRAVO,1677,2,URBANO(A)
12,7,41,LEONARDO BRAVO,1678,2,URBANO(A)
12,7,41,LEONARDO BRAVO,1679,3,MIXTO(A)
12,7,41,LEONARDO BRAVO,1680,3,MIXTO(A)
12,7,41,LEONARDO BRAVO,1681,2,URBANO(A)
12,7,41,LEONARDO BRAVO,1682,2,URBANO(A)
12,7,41,LEONARDO BRAVO,1683,4,RURAL
12,7,41,LEONARDO BRAVO,1684,4,RURAL
12,7,41,LEONARDO BRAVO,1685,4,RURAL
12,7,41,LEONARDO BRAVO,1686,4,RURAL
12,7,41,LEONARDO BRAVO,1687,4,RURAL
12,7,41,LEONARDO BRAVO,1688,4,RURAL
12,7,41,LEONARDO BRAVO,1689,4,RURAL
12,7,41,LEONARDO BRAVO,1690,4,RURAL
12,7,41,LEONARDO BRAVO,1691,4,RURAL
12,7,41,LEONARDO BRAVO,1692,4,RURAL
12,7,41,LEONARDO BRAVO,1693,4,RURAL
12,7,41,LEONARDO BRAVO,1694,3,MIXTO(A)
12,7,41,LEONARDO BRAVO,1695,2,URBANO(A)
12,7,41,LEONARDO BRAVO,1696,4,RURAL
12,7,41,LEONARDO BRAVO,1697,4,RURAL
12,7,41,LEONARDO BRAVO,1698,4,RURAL
12,5,42,MALINALTEPEC,1699,3,MIXTO(A)
12,5,42,MALINALTEPEC,1700,3,MIXTO(A)
12,5,42,MALINALTEPEC,1701,4,RURAL
12,5,42,MALINALTEPEC,1702,4,RURAL
12,5,42,MALINALTEPEC,1703,4,RURAL
12,5,42,MALINALTEPEC,1704,4,RURAL
12,5,42,MALINALTEPEC,1705,4,RURAL
12,5,42,MALINALTEPEC,1706,4,RURAL
12,5,42,MALINALTEPEC,1707,4,RURAL
12,5,42,MALINALTEPEC,1708,4,RURAL
12,5,78,ILIATENCO,1709,4,RURAL
12,5,42,MALINALTEPEC,1710,4,RURAL
12,5,42,MALINALTEPEC,1711,4,RURAL
12,5,78,ILIATENCO,1712,3,MIXTO(A)
12,5,78,ILIATENCO,1713,3,MIXTO(A)
12,5,78,ILIATENCO,1714,4,RURAL
12,5,42,MALINALTEPEC,1715,4,RURAL
12,5,85,SANTA CRUZ DEL RINCON,1716,4,RURAL
12,5,85,SANTA CRUZ DEL RINCON,1717,4,RURAL
12,5,85,SANTA CRUZ DEL RINCON,1718,4,RURAL
12,6,43,MARTIR DE CUILAPAN,1719,2,URBANO(A)
12,6,43,MARTIR DE CUILAPAN,1720,2,URBANO(A)
12,6,43,MARTIR DE CUILAPAN,1721,2,URBANO(A)
12,6,43,MARTIR DE CUILAPAN,1722,4,RURAL
12,6,43,MARTIR DE CUILAPAN,1723,4,RURAL
12,6,43,MARTIR DE CUILAPAN,1724,4,RURAL
12,6,43,MARTIR DE CUILAPAN,1725,4,RURAL
12,6,43,MARTIR DE CUILAPAN,1726,4,RURAL
12,6,43,MARTIR DE CUILAPAN,1727,2,URBANO(A)
12,6,43,MARTIR DE CUILAPAN,1728,4,RURAL
12,6,43,MARTIR DE CUILAPAN,1729,4,RURAL
12,6,43,MARTIR DE CUILAPAN,1730,4,RURAL
12,6,43,MARTIR DE CUILAPAN,1731,4,RURAL
12,6,43,MARTIR DE CUILAPAN,1732,4,RURAL
12,6,43,MARTIR DE CUILAPAN,1733,4,RURAL
12,6,43,MARTIR DE CUILAPAN,1734,4,RURAL
12,5,44,METLATONOC,1735,3,MIXTO(A)
12,5,44,METLATONOC,1736,3,MIXTO(A)
12,5,44,METLATONOC,1737,4,RURAL
12,5,44,METLATONOC,1738,4,RURAL
12,5,44,METLATONOC,1739,4,RURAL
12,5,44,METLATONOC,1740,4,RURAL
12,5,44,METLATONOC,1741,4,RURAL
12,5,44,METLATONOC,1742,4,RURAL
12,5,79,COCHOAPA EL GRANDE,1743,4,RURAL
12,5,44,METLATONOC,1744,4,RURAL
12,5,44,METLATONOC,1745,4,RURAL
12,5,44,METLATONOC,1746,4,RURAL
12,5,79,COCHOAPA EL GRANDE,1747,4,RURAL
12,5,79,COCHOAPA EL GRANDE,1748,4,RURAL
12,5,44,METLATONOC,1749,4,RURAL
12,5,79,COCHOAPA EL GRANDE,1750,4,RURAL
12,5,79,COCHOAPA EL GRANDE,1751,3,MIXTO(A)
12,5,44,METLATONOC,1752,4,RURAL
12,5,44,METLATONOC,1753,4,RURAL
12,5,79,COCHOAPA EL GRANDE,1754,4,RURAL
12,5,44,METLATONOC,1755,4,RURAL
12,5,79,COCHOAPA EL GRANDE,1756,4,RURAL
12,5,79,COCHOAPA EL GRANDE,1757,4,RURAL
12,5,79,COCHOAPA EL GRANDE,1758,4,RURAL
12,5,79,COCHOAPA EL GRANDE,1759,4,RURAL
12,5,79,COCHOAPA EL GRANDE,1760,4,RURAL
12,5,79,COCHOAPA EL GRANDE,1761,4,RURAL
12,8,44,METLATONOC,1762,4,RURAL
12,8,37,IGUALAPA,1763,4,RURAL
12,7,45,MOCHITLAN,1764,2,URBANO(A)
12,7,45,MOCHITLAN,1765,2,URBANO(A)
12,7,45,MOCHITLAN,1766,2,URBANO(A)
12,7,45,MOCHITLAN,1767,2,URBANO(A)
12,7,45,MOCHITLAN,1768,4,RURAL
12,7,45,MOCHITLAN,1769,4,RURAL
12,7,45,MOCHITLAN,1770,4,RURAL
12,7,45,MOCHITLAN,1771,4,RURAL
12,7,45,MOCHITLAN,1772,4,RURAL
12,7,45,MOCHITLAN,1773,4,RURAL
12,7,45,MOCHITLAN,1774,4,RURAL
12,7,45,MOCHITLAN,1775,4,RURAL
12,7,45,MOCHITLAN,1776,4,RURAL
12,7,45,MOCHITLAN,1777,4,RURAL
12,7,45,MOCHITLAN,1778,4,RURAL
12,7,45,MOCHITLAN,1780,4,RURAL
12,7,45,MOCHITLAN,1781,4,RURAL
12,5,46,OLINALA,1784,3,MIXTO(A)
12,5,46,OLINALA,1785,2,URBANO(A)
12,5,46,OLINALA,1786,3,MIXTO(A)
12,5,46,OLINALA,1787,4,RURAL
12,5,46,OLINALA,1788,4,RURAL
12,5,46,OLINALA,1789,4,RURAL
12,5,46,OLINALA,1790,4,RURAL
12,5,46,OLINALA,1791,4,RURAL
12,5,46,OLINALA,1792,4,RURAL
12,5,46,OLINALA,1793,4,RURAL
12,5,46,OLINALA,1794,4,RURAL
12,5,46,OLINALA,1795,4,RURAL
12,5,46,OLINALA,1796,4,RURAL
12,5,46,OLINALA,1797,4,RURAL
12,5,46,OLINALA,1798,3,MIXTO(A)
12,5,46,OLINALA,1799,4,RURAL
12,5,46,OLINALA,1800,4,RURAL
12,5,46,OLINALA,1801,4,RURAL
12,5,46,OLINALA,1802,4,RURAL
12,5,46,OLINALA,1803,4,RURAL
12,5,46,OLINALA,1804,4,RURAL
12,5,46,OLINALA,1805,4,RURAL
12,5,46,OLINALA,1806,4,RURAL
12,5,46,OLINALA,1807,4,RURAL
12,5,46,OLINALA,1808,4,RURAL
12,8,47,OMETEPEC,1810,3,MIXTO(A)
12,8,47,OMETEPEC,1811,2,URBANO(A)
12,8,47,OMETEPEC,1812,2,URBANO(A)
12,8,47,OMETEPEC,1813,3,MIXTO(A)
12,8,47,OMETEPEC,1814,2,URBANO(A)
12,8,47,OMETEPEC,1815,2,URBANO(A)
12,8,47,OMETEPEC,1816,2,URBANO(A)
12,8,47,OMETEPEC,1817,2,URBANO(A)
12,8,47,OMETEPEC,1818,3,MIXTO(A)
12,8,47,OMETEPEC,1819,3,MIXTO(A)
12,8,47,OMETEPEC,1820,4,RURAL
12,8,47,OMETEPEC,1821,3,MIXTO(A)
12,8,47,OMETEPEC,1822,2,URBANO(A)
12,8,47,OMETEPEC,1823,4,RURAL
12,8,47,OMETEPEC,1824,3,MIXTO(A)
12,8,47,OMETEPEC,1825,4,RURAL
12,8,47,OMETEPEC,1826,4,RURAL
12,8,47,OMETEPEC,1827,4,RURAL
12,8,47,OMETEPEC,1828,4,RURAL
12,8,47,OMETEPEC,1829,4,RURAL
12,8,47,OMETEPEC,1830,3,MIXTO(A)
12,8,47,OMETEPEC,1831,4,RURAL
12,8,47,OMETEPEC,1832,4,RURAL
12,8,47,OMETEPEC,1833,4,RURAL
12,8,47,OMETEPEC,1834,4,RURAL
12,8,47,OMETEPEC,1835,4,RURAL
12,8,47,OMETEPEC,1836,4,RURAL
12,8,47,OMETEPEC,1837,4,RURAL
12,8,47,OMETEPEC,1838,4,RURAL
12,8,47,OMETEPEC,1839,4,RURAL
12,8,47,OMETEPEC,1840,3,MIXTO(A)
12,8,47,OMETEPEC,1841,4,RURAL
12,8,47,OMETEPEC,1842,4,RURAL
12,8,47,OMETEPEC,1843,4,RURAL
12,8,47,OMETEPEC,1844,4,RURAL
12,8,47,OMETEPEC,1845,4,RURAL
12,8,47,OMETEPEC,1846,4,RURAL
12,1,48,PEDRO ASCENCIO ALQUISIRAS,1847,3,MIXTO(A)
12,1,48,PEDRO ASCENCIO ALQUISIRAS,1848,4,RURAL
12,1,48,PEDRO ASCENCIO ALQUISIRAS,1849,4,RURAL
12,1,48,PEDRO ASCENCIO ALQUISIRAS,1850,4,RURAL
12,1,48,PEDRO ASCENCIO ALQUISIRAS,1851,4,RURAL
12,1,48,PEDRO ASCENCIO ALQUISIRAS,1852,4,RURAL
12,1,48,PEDRO ASCENCIO ALQUISIRAS,1855,4,RURAL
12,1,48,PEDRO ASCENCIO ALQUISIRAS,1856,4,RURAL
12,1,48,PEDRO ASCENCIO ALQUISIRAS,1857,4,RURAL
12,1,48,PEDRO ASCENCIO ALQUISIRAS,1859,4,RURAL
12,1,48,PEDRO ASCENCIO ALQUISIRAS,1860,4,RURAL
12,1,48,PEDRO ASCENCIO ALQUISIRAS,1861,4,RURAL
12,1,48,PEDRO ASCENCIO ALQUISIRAS,1864,4,RURAL
12,1,48,PEDRO ASCENCIO ALQUISIRAS,1866,4,RURAL
12,1,48,PEDRO ASCENCIO ALQUISIRAS,1867,4,RURAL
12,1,48,PEDRO ASCENCIO ALQUISIRAS,1869,4,RURAL
12,1,48,PEDRO ASCENCIO ALQUISIRAS,1870,4,RURAL
12,1,48,PEDRO ASCENCIO ALQUISIRAS,1871,4,RURAL
12,1,48,PEDRO ASCENCIO ALQUISIRAS,1872,4,RURAL
12,1,48,PEDRO ASCENCIO ALQUISIRAS,1873,4,RURAL
12,3,49,PETATLAN,1875,3,MIXTO(A)
12,3,49,PETATLAN,1876,2,URBANO(A)
12,3,49,PETATLAN,1877,2,URBANO(A)
12,3,49,PETATLAN,1878,3,MIXTO(A)
12,3,49,PETATLAN,1879,3,MIXTO(A)
12,3,49,PETATLAN,1880,2,URBANO(A)
12,3,49,PETATLAN,1881,2,URBANO(A)
12,3,49,PETATLAN,1882,2,URBANO(A)
12,3,49,PETATLAN,1883,2,URBANO(A)
12,3,49,PETATLAN,1884,2,URBANO(A)
12,3,49,PETATLAN,1885,2,URBANO(A)
12,3,49,PETATLAN,1886,2,URBANO(A)
12,3,49,PETATLAN,1887,3,MIXTO(A)
12,3,49,PETATLAN,1888,2,URBANO(A)
12,3,49,PETATLAN,1889,2,URBANO(A)
12,3,49,PETATLAN,1890,4,RURAL
12,3,49,PETATLAN,1892,4,RURAL
12,3,49,PETATLAN,1893,4,RURAL
12,3,49,PETATLAN,1894,4,RURAL
12,3,49,PETATLAN,1895,4,RURAL
12,3,49,PETATLAN,1896,4,RURAL
12,3,49,PETATLAN,1897,4,RURAL
12,3,49,PETATLAN,1898,4,RURAL
12,3,49,PETATLAN,1900,4,RURAL
12,3,49,PETATLAN,1901,4,RURAL
12,3,49,PETATLAN,1902,4,RURAL
12,3,49,PETATLAN,1903,4,RURAL
12,3,49,PETATLAN,1906,4,RURAL
12,3,49,PETATLAN,1907,4,RURAL
12,3,49,PETATLAN,1908,4,RURAL
12,3,49,PETATLAN,1909,3,MIXTO(A)
12,3,49,PETATLAN,1910,2,URBANO(A)
12,3,49,PETATLAN,1911,3,MIXTO(A)
12,3,49,PETATLAN,1912,3,MIXTO(A)
12,3,49,PETATLAN,1913,4,RURAL
12,3,49,PETATLAN,1914,4,RURAL
12,3,49,PETATLAN,1915,4,RURAL
12,3,49,PETATLAN,1916,4,RURAL
12,3,49,PETATLAN,1917,4,RURAL
12,3,49,PETATLAN,1918,4,RURAL
12,3,49,PETATLAN,1920,4,RURAL
12,3,49,PETATLAN,1921,4,RURAL
12,3,49,PETATLAN,1922,4,RURAL
12,3,49,PETATLAN,1924,4,RURAL
12,3,49,PETATLAN,1925,4,RURAL
12,3,49,PETATLAN,1926,4,RURAL
12,3,49,PETATLAN,1927,4,RURAL
12,3,49,PETATLAN,1928,4,RURAL
12,3,49,PETATLAN,1929,4,RURAL
12,3,49,PETATLAN,1930,4,RURAL
12,3,49,PETATLAN,1931,4,RURAL
12,3,49,PETATLAN,1932,4,RURAL
12,1,50,PILCAYA,1933,3,MIXTO(A)
12,1,50,PILCAYA,1934,2,URBANO(A)
12,1,50,PILCAYA,1935,2,URBANO(A)
12,1,50,PILCAYA,1936,4,RURAL
12,1,50,PILCAYA,1937,4,RURAL
12,1,50,PILCAYA,1938,4,RURAL
12,1,50,PILCAYA,1939,4,RURAL
12,1,50,PILCAYA,1940,4,RURAL
12,1,50,PILCAYA,1941,4,RURAL
12,1,50,PILCAYA,1942,4,RURAL
12,1,50,PILCAYA,1944,4,RURAL
12,1,50,PILCAYA,1945,4,RURAL
12,1,50,PILCAYA,1946,4,RURAL
12,1,50,PILCAYA,1947,4,RURAL
12,1,50,PILCAYA,1949,4,RURAL
12,1,51,PUNGARABATO,1950,2,URBANO(A)
12,1,51,PUNGARABATO,1951,2,URBANO(A)
12,1,51,PUNGARABATO,1952,2,URBANO(A)
12,1,51,PUNGARABATO,1953,2,URBANO(A)
12,1,51,PUNGARABATO,1954,2,URBANO(A)
12,1,51,PUNGARABATO,1955,3,MIXTO(A)
12,1,51,PUNGARABATO,1956,3,MIXTO(A)
12,1,51,PUNGARABATO,1957,2,URBANO(A)
12,1,51,PUNGARABATO,1958,2,URBANO(A)
12,1,51,PUNGARABATO,1959,2,URBANO(A)
12,1,51,PUNGARABATO,1960,3,MIXTO(A)
12,1,51,PUNGARABATO,1961,2,URBANO(A)
12,1,51,PUNGARABATO,1963,4,RURAL
12,1,51,PUNGARABATO,1964,4,RURAL
12,1,51,PUNGARABATO,1965,4,RURAL
12,1,51,PUNGARABATO,1966,4,RURAL
12,1,51,PUNGARABATO,1967,4,RURAL
12,1,51,PUNGARABATO,1968,4,RURAL
12,1,51,PUNGARABATO,1969,4,RURAL
12,1,51,PUNGARABATO,1970,4,RURAL
12,1,51,PUNGARABATO,1971,2,URBANO(A)
12,1,51,PUNGARABATO,1972,4,RURAL
12,6,52,QUECHULTENANGO,1973,2,URBANO(A)
12,6,52,QUECHULTENANGO,1974,3,MIXTO(A)
12,6,52,QUECHULTENANGO,1975,2,URBANO(A)
12,6,52,QUECHULTENANGO,1976,2,URBANO(A)
12,6,52,QUECHULTENANGO,1977,4,RURAL
12,6,52,QUECHULTENANGO,1978,4,RURAL
12,6,52,QUECHULTENANGO,1979,4,RURAL
12,6,52,QUECHULTENANGO,1980,4,RURAL
12,6,52,QUECHULTENANGO,1981,4,RURAL
12,6,52,QUECHULTENANGO,1982,4,RURAL
12,6,52,QUECHULTENANGO,1983,4,RURAL
12,6,52,QUECHULTENANGO,1984,2,URBANO(A)
12,6,52,QUECHULTENANGO,1985,2,URBANO(A)
12,6,52,QUECHULTENANGO,1986,4,RURAL
12,6,52,QUECHULTENANGO,1988,4,RURAL
12,6,52,QUECHULTENANGO,1989,4,RURAL
12,6,52,QUECHULTENANGO,1990,4,RURAL
12,6,52,QUECHULTENANGO,1991,4,RURAL
12,6,52,QUECHULTENANGO,1993,4,RURAL
12,6,52,QUECHULTENANGO,1994,4,RURAL
12,6,52,QUECHULTENANGO,1995,4,RURAL
12,6,52,QUECHULTENANGO,1996,4,RURAL
12,6,52,QUECHULTENANGO,1997,4,RURAL
12,6,52,QUECHULTENANGO,1998,4,RURAL
12,6,52,QUECHULTENANGO,1999,4,RURAL
12,6,52,QUECHULTENANGO,2000,4,RURAL
12,6,52,QUECHULTENANGO,2001,4,RURAL
12,6,52,QUECHULTENANGO,2002,4,RURAL
12,6,52,QUECHULTENANGO,2003,4,RURAL
12,6,52,QUECHULTENANGO,2004,4,RURAL
12,6,52,QUECHULTENANGO,2005,4,RURAL
12,6,52,QUECHULTENANGO,2006,4,RURAL
12,6,52,QUECHULTENANGO,2007,4,RURAL
12,6,52,QUECHULTENANGO,2008,4,RURAL
12,6,52,QUECHULTENANGO,2009,4,RURAL
12,6,52,QUECHULTENANGO,2010,4,RURAL
12,6,52,QUECHULTENANGO,2011,4,RURAL
12,6,52,QUECHULTENANGO,2012,4,RURAL
12,6,52,QUECHULTENANGO,2013,4,RURAL
12,6,52,QUECHULTENANGO,2014,4,RURAL
12,8,53,SAN LUIS ACATLAN,2015,2,URBANO(A)
12,8,53,SAN LUIS ACATLAN,2016,2,URBANO(A)
12,8,53,SAN LUIS ACATLAN,2017,2,URBANO(A)
12,8,53,SAN LUIS ACATLAN,2018,4,RURAL
12,5,78,ILIATENCO,2019,4,RURAL
12,5,53,SAN LUIS ACATLAN,2020,4,RURAL
12,8,53,SAN LUIS ACATLAN,2021,4,RURAL
12,8,53,SAN LUIS ACATLAN,2022,4,RURAL
12,8,53,SAN LUIS ACATLAN,2023,4,RURAL
12,8,53,SAN LUIS ACATLAN,2024,4,RURAL
12,8,53,SAN LUIS ACATLAN,2025,4,RURAL
12,8,53,SAN LUIS ACATLAN,2026,3,MIXTO(A)
12,8,53,SAN LUIS ACATLAN,2027,4,RURAL
12,8,53,SAN LUIS ACATLAN,2028,4,RURAL
12,8,53,SAN LUIS ACATLAN,2029,4,RURAL
12,8,53,SAN LUIS ACATLAN,2030,4,RURAL
12,8,53,SAN LUIS ACATLAN,2031,4,RURAL
12,8,53,SAN LUIS ACATLAN,2032,4,RURAL
12,8,53,SAN LUIS ACATLAN,2033,4,RURAL
12,8,53,SAN LUIS ACATLAN,2034,4,RURAL
12,8,53,SAN LUIS ACATLAN,2035,4,RURAL
12,8,53,SAN LUIS ACATLAN,2036,4,RURAL
12,8,53,SAN LUIS ACATLAN,2037,4,RURAL
12,8,53,SAN LUIS ACATLAN,2038,4,RURAL
12,8,53,SAN LUIS ACATLAN,2039,4,RURAL
12,8,53,SAN LUIS ACATLAN,2040,4,RURAL
12,8,54,SAN MARCOS,2041,2,URBANO(A)
12,8,54,SAN MARCOS,2042,2,URBANO(A)
12,8,54,SAN MARCOS,2043,2,URBANO(A)
12,8,54,SAN MARCOS,2044,2,URBANO(A)
12,8,54,SAN MARCOS,2045,2,URBANO(A)
12,8,54,SAN MARCOS,2046,2,URBANO(A)
12,8,54,SAN MARCOS,2047,3,MIXTO(A)
12,8,54,SAN MARCOS,2048,3,MIXTO(A)
12,8,54,SAN MARCOS,2049,2,URBANO(A)
12,8,54,SAN MARCOS,2050,2,URBANO(A)
12,8,54,SAN MARCOS,2052,3,MIXTO(A)
12,8,54,SAN MARCOS,2053,4,RURAL
12,8,54,SAN MARCOS,2054,4,RURAL
12,8,54,SAN MARCOS,2055,4,RURAL
12,8,54,SAN MARCOS,2056,4,RURAL
12,8,54,SAN MARCOS,2057,4,RURAL
12,8,54,SAN MARCOS,2058,4,RURAL
12,8,54,SAN MARCOS,2059,4,RURAL
12,8,54,SAN MARCOS,2060,4,RURAL
12,8,54,SAN MARCOS,2061,4,RURAL
12,8,54,SAN MARCOS,2062,4,RURAL
12,8,54,SAN MARCOS,2063,4,RURAL
12,8,54,SAN MARCOS,2064,4,RURAL
12,8,54,SAN MARCOS,2065,4,RURAL
12,8,54,SAN MARCOS,2066,4,RURAL
12,8,54,SAN MARCOS,2067,4,RURAL
12,8,54,SAN MARCOS,2068,4,RURAL
12,8,83,LAS VIGAS,2069,4,RURAL
12,8,83,LAS VIGAS,2070,4,RURAL
12,8,54,SAN MARCOS,2071,4,RURAL
12,8,54,SAN MARCOS,2072,4,RURAL
12,8,83,LAS VIGAS,2073,3,MIXTO(A)
12,8,83,LAS VIGAS,2074,2,URBANO(A)
12,8,83,LAS VIGAS,2075,3,MIXTO(A)
12,8,83,LAS VIGAS,2076,2,URBANO(A)
12,8,54,SAN MARCOS,2077,4,RURAL
12,8,54,SAN MARCOS,2078,4,RURAL
12,8,54,SAN MARCOS,2079,4,RURAL
12,8,54,SAN MARCOS,2080,4,RURAL
12,8,54,SAN MARCOS,2083,4,RURAL
12,8,83,LAS VIGAS,2084,4,RURAL
12,8,54,SAN MARCOS,2086,4,RURAL
12,8,54,SAN MARCOS,2087,4,RURAL
12,8,54,SAN MARCOS,2088,4,RURAL
12,8,54,SAN MARCOS,2089,4,RURAL
12,8,83,LAS VIGAS,2090,4,RURAL
12,8,83,LAS VIGAS,2091,4,RURAL
12,1,55,SAN MIGUEL TOTOLAPAN,2092,2,URBANO(A)
12,1,55,SAN MIGUEL TOTOLAPAN,2093,3,MIXTO(A)
12,1,55,SAN MIGUEL TOTOLAPAN,2094,3,MIXTO(A)
12,1,55,SAN MIGUEL TOTOLAPAN,2095,3,MIXTO(A)
12,1,55,SAN MIGUEL TOTOLAPAN,2096,4,RURAL
12,1,55,SAN MIGUEL TOTOLAPAN,2097,4,RURAL
12,1,55,SAN MIGUEL TOTOLAPAN,2098,4,RURAL
12,1,55,SAN MIGUEL TOTOLAPAN,2099,4,RURAL
12,1,55,SAN MIGUEL TOTOLAPAN,2100,4,RURAL
12,1,55,SAN MIGUEL TOTOLAPAN,2101,4,RURAL
12,1,55,SAN MIGUEL TOTOLAPAN,2102,4,RURAL
12,1,55,SAN MIGUEL TOTOLAPAN,2103,4,RURAL
12,1,55,SAN MIGUEL TOTOLAPAN,2104,4,RURAL
12,1,55,SAN MIGUEL TOTOLAPAN,2105,4,RURAL
12,1,55,SAN MIGUEL TOTOLAPAN,2108,4,RURAL
12,1,55,SAN MIGUEL TOTOLAPAN,2109,4,RURAL
12,1,55,SAN MIGUEL TOTOLAPAN,2110,4,RURAL
12,1,55,SAN MIGUEL TOTOLAPAN,2111,4,RURAL
12,1,55,SAN MIGUEL TOTOLAPAN,2113,4,RURAL
12,1,55,SAN MIGUEL TOTOLAPAN,2114,4,RURAL
12,1,55,SAN MIGUEL TOTOLAPAN,2115,4,RURAL
12,1,55,SAN MIGUEL TOTOLAPAN,2116,4,RURAL
12,1,55,SAN MIGUEL TOTOLAPAN,2117,4,RURAL
12,1,55,SAN MIGUEL TOTOLAPAN,2118,4,RURAL
12,1,55,SAN MIGUEL TOTOLAPAN,2119,4,RURAL
12,1,55,SAN MIGUEL TOTOLAPAN,2120,4,RURAL
12,1,55,SAN MIGUEL TOTOLAPAN,2121,4,RURAL
12,1,55,SAN MIGUEL TOTOLAPAN,2122,4,RURAL
12,1,55,SAN MIGUEL TOTOLAPAN,2123,4,RURAL
12,1,55,SAN MIGUEL TOTOLAPAN,2124,4,RURAL
12,1,55,SAN MIGUEL TOTOLAPAN,2125,4,RURAL
12,1,55,SAN MIGUEL TOTOLAPAN,2127,4,RURAL
12,1,55,SAN MIGUEL TOTOLAPAN,2128,4,RURAL
12,1,55,SAN MIGUEL TOTOLAPAN,2129,4,RURAL
12,1,55,SAN MIGUEL TOTOLAPAN,2130,4,RURAL
12,1,55,SAN MIGUEL TOTOLAPAN,2131,4,RURAL
12,1,55,SAN MIGUEL TOTOLAPAN,2132,4,RURAL
12,1,55,SAN MIGUEL TOTOLAPAN,2133,4,RURAL
12,1,56,TAXCO DE ALARCON,2134,2,URBANO(A)
12,1,56,TAXCO DE ALARCON,2135,2,URBANO(A)
12,1,56,TAXCO DE ALARCON,2136,3,MIXTO(A)
12,1,56,TAXCO DE ALARCON,2137,2,URBANO(A)
12,1,56,TAXCO DE ALARCON,2138,2,URBANO(A)
12,1,56,TAXCO DE ALARCON,2139,2,URBANO(A)
12,1,56,TAXCO DE ALARCON,2140,2,URBANO(A)
12,1,56,TAXCO DE ALARCON,2141,2,URBANO(A)
12,1,56,TAXCO DE ALARCON,2142,2,URBANO(A)
12,1,56,TAXCO DE ALARCON,2143,2,URBANO(A)
12,1,56,TAXCO DE ALARCON,2144,2,URBANO(A)
12,1,56,TAXCO DE ALARCON,2145,2,URBANO(A)
12,1,56,TAXCO DE ALARCON,2146,3,MIXTO(A)
12,1,56,TAXCO DE ALARCON,2147,2,URBANO(A)
12,1,56,TAXCO DE ALARCON,2148,2,URBANO(A)
12,1,56,TAXCO DE ALARCON,2149,2,URBANO(A)
12,1,56,TAXCO DE ALARCON,2150,2,URBANO(A)
12,1,56,TAXCO DE ALARCON,2151,2,URBANO(A)
12,1,56,TAXCO DE ALARCON,2152,2,URBANO(A)
12,1,56,TAXCO DE ALARCON,2153,2,URBANO(A)
12,1,56,TAXCO DE ALARCON,2154,2,URBANO(A)
12,1,56,TAXCO DE ALARCON,2155,2,URBANO(A)
12,1,56,TAXCO DE ALARCON,2156,2,URBANO(A)
12,1,56,TAXCO DE ALARCON,2157,2,URBANO(A)
12,1,56,TAXCO DE ALARCON,2158,2,URBANO(A)
12,1,56,TAXCO DE ALARCON,2159,2,URBANO(A)
12,1,56,TAXCO DE ALARCON,2160,2,URBANO(A)
12,1,56,TAXCO DE ALARCON,2161,2,URBANO(A)
12,1,56,TAXCO DE ALARCON,2162,2,URBANO(A)
12,1,56,TAXCO DE ALARCON,2163,2,URBANO(A)
12,1,56,TAXCO DE ALARCON,2165,4,RURAL
12,1,56,TAXCO DE ALARCON,2166,4,RURAL
12,1,56,TAXCO DE ALARCON,2167,4,RURAL
12,1,56,TAXCO DE ALARCON,2168,4,RURAL
12,1,56,TAXCO DE ALARCON,2169,3,MIXTO(A)
12,1,56,TAXCO DE ALARCON,2170,4,RURAL
12,1,56,TAXCO DE ALARCON,2171,4,RURAL
12,1,56,TAXCO DE ALARCON,2173,4,RURAL
12,1,56,TAXCO DE ALARCON,2174,4,RURAL
12,1,56,TAXCO DE ALARCON,2175,4,RURAL
12,1,56,TAXCO DE ALARCON,2176,4,RURAL
12,1,56,TAXCO DE ALARCON,2177,4,RURAL
12,1,56,TAXCO DE ALARCON,2178,4,RURAL
12,1,56,TAXCO DE ALARCON,2179,4,RURAL
12,1,56,TAXCO DE ALARCON,2180,4,RURAL
12,1,56,TAXCO DE ALARCON,2181,4,RURAL
12,1,56,TAXCO DE ALARCON,2182,2,URBANO(A)
12,1,56,TAXCO DE ALARCON,2183,4,RURAL
12,1,56,TAXCO DE ALARCON,2184,4,RURAL
12,1,56,TAXCO DE ALARCON,2185,4,RURAL
12,1,56,TAXCO DE ALARCON,2186,4,RURAL
12,1,56,TAXCO DE ALARCON,2187,4,RURAL
12,1,56,TAXCO DE ALARCON,2188,4,RURAL
12,1,56,TAXCO DE ALARCON,2189,4,RURAL
12,1,56,TAXCO DE ALARCON,2190,4,RURAL
12,1,56,TAXCO DE ALARCON,2191,4,RURAL
12,1,56,TAXCO DE ALARCON,2192,4,RURAL
12,1,56,TAXCO DE ALARCON,2193,4,RURAL
12,1,56,TAXCO DE ALARCON,2194,4,RURAL
12,1,56,TAXCO DE ALARCON,2195,4,RURAL
12,1,56,TAXCO DE ALARCON,2196,4,RURAL
12,1,56,TAXCO DE ALARCON,2197,4,RURAL
12,1,56,TAXCO DE ALARCON,2198,4,RURAL
12,1,56,TAXCO DE ALARCON,2199,4,RURAL
12,1,56,TAXCO DE ALARCON,2200,4,RURAL
12,1,56,TAXCO DE ALARCON,2201,4,RURAL
12,1,56,TAXCO DE ALARCON,2202,4,RURAL
12,1,56,TAXCO DE ALARCON,2203,4,RURAL
12,1,56,TAXCO DE ALARCON,2204,4,RURAL
12,1,56,TAXCO DE ALARCON,2205,4,RURAL
12,1,56,TAXCO DE ALARCON,2206,2,URBANO(A)
12,1,56,TAXCO DE ALARCON,2207,3,MIXTO(A)
12,1,56,TAXCO DE ALARCON,2208,2,URBANO(A)
12,1,56,TAXCO DE ALARCON,2209,2,URBANO(A)
12,1,56,TAXCO DE ALARCON,2210,2,URBANO(A)
12,1,56,TAXCO DE ALARCON,2211,4,RURAL
12,1,56,TAXCO DE ALARCON,2212,4,RURAL
12,1,56,TAXCO DE ALARCON,2213,4,RURAL
12,1,56,TAXCO DE ALARCON,2214,4,RURAL
12,1,56,TAXCO DE ALARCON,2215,4,RURAL
12,1,56,TAXCO DE ALARCON,2216,4,RURAL
12,1,56,TAXCO DE ALARCON,2217,4,RURAL
12,1,56,TAXCO DE ALARCON,2218,4,RURAL
12,1,56,TAXCO DE ALARCON,2219,4,RURAL
12,1,56,TAXCO DE ALARCON,2220,4,RURAL
12,1,56,TAXCO DE ALARCON,2221,4,RURAL
12,1,56,TAXCO DE ALARCON,2222,2,URBANO(A)
12,8,57,TECOANAPA,2223,2,URBANO(A)
12,8,57,TECOANAPA,2224,2,URBANO(A)
12,8,57,TECOANAPA,2225,4,RURAL
12,8,57,TECOANAPA,2226,4,RURAL
12,8,57,TECOANAPA,2227,4,RURAL
12,8,57,TECOANAPA,2228,4,RURAL
12,8,57,TECOANAPA,2229,4,RURAL
12,8,57,TECOANAPA,2230,4,RURAL
12,8,57,TECOANAPA,2231,2,URBANO(A)
12,8,57,TECOANAPA,2232,2,URBANO(A)
12,8,57,TECOANAPA,2233,4,RURAL
12,8,57,TECOANAPA,2234,4,RURAL
12,8,57,TECOANAPA,2235,4,RURAL
12,8,57,TECOANAPA,2236,4,RURAL
12,8,57,TECOANAPA,2237,4,RURAL
12,8,57,TECOANAPA,2238,4,RURAL
12,8,57,TECOANAPA,2239,4,RURAL
12,8,57,TECOANAPA,2240,4,RURAL
12,8,57,TECOANAPA,2241,4,RURAL
12,8,57,TECOANAPA,2242,4,RURAL
12,8,57,TECOANAPA,2243,4,RURAL
12,8,57,TECOANAPA,2244,4,RURAL
12,8,57,TECOANAPA,2245,4,RURAL
12,8,57,TECOANAPA,2246,4,RURAL
12,8,57,TECOANAPA,2247,4,RURAL
12,8,57,TECOANAPA,2248,4,RURAL
12,8,57,TECOANAPA,2249,4,RURAL
12,8,57,TECOANAPA,2250,4,RURAL
12,8,57,TECOANAPA,2251,4,RURAL
12,8,57,TECOANAPA,2252,4,RURAL
12,8,57,TECOANAPA,2253,4,RURAL
12,8,57,TECOANAPA,2254,4,RURAL
12,8,57,TECOANAPA,2255,4,RURAL
12,8,57,TECOANAPA,2256,4,RURAL
12,8,57,TECOANAPA,2257,4,RURAL
12,8,57,TECOANAPA,2258,4,RURAL
12,8,57,TECOANAPA,2259,4,RURAL
12,8,57,TECOANAPA,2260,4,RURAL
12,8,57,TECOANAPA,2261,4,RURAL
12,3,58,TECPAN DE GALEANA,2262,3,MIXTO(A)
12,3,58,TECPAN DE GALEANA,2263,2,URBANO(A)
12,3,58,TECPAN DE GALEANA,2264,2,URBANO(A)
12,3,58,TECPAN DE GALEANA,2265,3,MIXTO(A)
12,3,58,TECPAN DE GALEANA,2266,2,URBANO(A)
12,3,58,TECPAN DE GALEANA,2267,3,MIXTO(A)
12,3,58,TECPAN DE GALEANA,2268,2,URBANO(A)
12,3,58,TECPAN DE GALEANA,2269,2,URBANO(A)
12,3,58,TECPAN DE GALEANA,2270,2,URBANO(A)
12,3,58,TECPAN DE GALEANA,2271,2,URBANO(A)
12,3,58,TECPAN DE GALEANA,2272,2,URBANO(A)
12,3,58,TECPAN DE GALEANA,2273,2,URBANO(A)
12,3,58,TECPAN DE GALEANA,2274,3,MIXTO(A)
12,3,58,TECPAN DE GALEANA,2275,4,RURAL
12,3,58,TECPAN DE GALEANA,2276,4,RURAL
12,3,58,TECPAN DE GALEANA,2277,4,RURAL
12,3,58,TECPAN DE GALEANA,2278,4,RURAL
12,3,58,TECPAN DE GALEANA,2279,4,RURAL
12,3,58,TECPAN DE GALEANA,2280,4,RURAL
12,3,58,TECPAN DE GALEANA,2281,4,RURAL
12,3,58,TECPAN DE GALEANA,2283,4,RURAL
12,3,58,TECPAN DE GALEANA,2284,4,RURAL
12,3,58,TECPAN DE GALEANA,2285,4,RURAL
12,3,58,TECPAN DE GALEANA,2286,4,RURAL
12,3,49,PETATLAN,2287,4,RURAL
12,3,58,TECPAN DE GALEANA,2288,4,RURAL
12,3,58,TECPAN DE GALEANA,2289,4,RURAL
12,3,58,TECPAN DE GALEANA,2290,4,RURAL
12,3,58,TECPAN DE GALEANA,2291,4,RURAL
12,3,58,TECPAN DE GALEANA,2292,3,MIXTO(A)
12,3,58,TECPAN DE GALEANA,2293,2,URBANO(A)
12,3,58,TECPAN DE GALEANA,2294,2,URBANO(A)
12,3,58,TECPAN DE GALEANA,2295,4,RURAL
12,3,58,TECPAN DE GALEANA,2296,4,RURAL
12,3,58,TECPAN DE GALEANA,2297,4,RURAL
12,3,58,TECPAN DE GALEANA,2298,4,RURAL
12,3,58,TECPAN DE GALEANA,2299,4,RURAL
12,3,58,TECPAN DE GALEANA,2300,4,RURAL
12,3,58,TECPAN DE GALEANA,2301,4,RURAL
12,3,58,TECPAN DE GALEANA,2302,4,RURAL
12,3,58,TECPAN DE GALEANA,2303,4,RURAL
12,3,58,TECPAN DE GALEANA,2304,2,URBANO(A)
12,3,58,TECPAN DE GALEANA,2305,2,URBANO(A)
12,3,58,TECPAN DE GALEANA,2306,2,URBANO(A)
12,3,58,TECPAN DE GALEANA,2307,2,URBANO(A)
12,3,58,TECPAN DE GALEANA,2308,3,MIXTO(A)
12,3,58,TECPAN DE GALEANA,2309,2,URBANO(A)
12,3,58,TECPAN DE GALEANA,2310,3,MIXTO(A)
12,3,58,TECPAN DE GALEANA,2311,4,RURAL
12,3,58,TECPAN DE GALEANA,2312,4,RURAL
12,3,58,TECPAN DE GALEANA,2313,4,RURAL
12,3,58,TECPAN DE GALEANA,2314,4,RURAL
12,3,58,TECPAN DE GALEANA,2316,4,RURAL
12,3,58,TECPAN DE GALEANA,2317,4,RURAL
12,3,58,TECPAN DE GALEANA,2318,4,RURAL
12,3,58,TECPAN DE GALEANA,2319,4,RURAL
12,3,58,TECPAN DE GALEANA,2320,4,RURAL
12,3,58,TECPAN DE GALEANA,2321,4,RURAL
12,3,58,TECPAN DE GALEANA,2322,4,RURAL
12,3,58,TECPAN DE GALEANA,2323,2,URBANO(A)
12,3,58,TECPAN DE GALEANA,2324,3,MIXTO(A)
12,3,58,TECPAN DE GALEANA,2325,4,RURAL
12,3,58,TECPAN DE GALEANA,2326,4,RURAL
12,3,58,TECPAN DE GALEANA,2327,3,MIXTO(A)
12,3,58,TECPAN DE GALEANA,2328,2,URBANO(A)
12,3,58,TECPAN DE GALEANA,2329,4,RURAL
12,3,58,TECPAN DE GALEANA,2330,3,MIXTO(A)
12,1,59,TELOLOAPAN,2331,3,MIXTO(A)
12,1,59,TELOLOAPAN,2332,2,URBANO(A)
12,1,59,TELOLOAPAN,2333,2,URBANO(A)
12,1,59,TELOLOAPAN,2334,2,URBANO(A)
12,1,59,TELOLOAPAN,2335,2,URBANO(A)
12,1,59,TELOLOAPAN,2336,2,URBANO(A)
12,1,59,TELOLOAPAN,2337,2,URBANO(A)
12,1,59,TELOLOAPAN,2338,2,URBANO(A)
12,1,59,TELOLOAPAN,2339,2,URBANO(A)
12,1,59,TELOLOAPAN,2340,2,URBANO(A)
12,1,59,TELOLOAPAN,2341,2,URBANO(A)
12,1,59,TELOLOAPAN,2342,2,URBANO(A)
12,1,59,TELOLOAPAN,2343,2,URBANO(A)
12,1,59,TELOLOAPAN,2344,2,URBANO(A)
12,1,59,TELOLOAPAN,2345,2,URBANO(A)
12,1,59,TELOLOAPAN,2347,4,RURAL
12,1,59,TELOLOAPAN,2348,4,RURAL
12,1,59,TELOLOAPAN,2352,4,RURAL
12,1,59,TELOLOAPAN,2353,4,RURAL
12,1,59,TELOLOAPAN,2354,4,RURAL
12,1,59,TELOLOAPAN,2356,4,RURAL
12,1,59,TELOLOAPAN,2358,4,RURAL
12,1,59,TELOLOAPAN,2359,4,RURAL
12,1,59,TELOLOAPAN,2361,4,RURAL
12,1,59,TELOLOAPAN,2362,4,RURAL
12,1,59,TELOLOAPAN,2363,4,RURAL
12,1,59,TELOLOAPAN,2364,4,RURAL
12,1,59,TELOLOAPAN,2365,4,RURAL
12,1,59,TELOLOAPAN,2366,4,RURAL
12,1,59,TELOLOAPAN,2368,4,RURAL
12,1,59,TELOLOAPAN,2369,4,RURAL
12,1,59,TELOLOAPAN,2370,4,RURAL
12,1,59,TELOLOAPAN,2371,4,RURAL
12,1,59,TELOLOAPAN,2372,4,RURAL
12,1,59,TELOLOAPAN,2373,4,RURAL
12,1,59,TELOLOAPAN,2374,4,RURAL
12,1,59,TELOLOAPAN,2375,4,RURAL
12,1,59,TELOLOAPAN,2376,4,RURAL
12,1,59,TELOLOAPAN,2377,4,RURAL
12,1,59,TELOLOAPAN,2379,4,RURAL
12,1,59,TELOLOAPAN,2380,4,RURAL
12,1,59,TELOLOAPAN,2381,4,RURAL
12,1,59,TELOLOAPAN,2382,4,RURAL
12,1,59,TELOLOAPAN,2383,4,RURAL
12,1,59,TELOLOAPAN,2384,4,RURAL
12,1,59,TELOLOAPAN,2385,4,RURAL
12,1,59,TELOLOAPAN,2386,4,RURAL
12,1,59,TELOLOAPAN,2387,3,MIXTO(A)
12,1,59,TELOLOAPAN,2388,2,URBANO(A)
12,1,59,TELOLOAPAN,2389,4,RURAL
12,1,59,TELOLOAPAN,2390,4,RURAL
12,1,59,TELOLOAPAN,2391,4,RURAL
12,1,59,TELOLOAPAN,2392,4,RURAL
12,1,59,TELOLOAPAN,2393,4,RURAL
12,1,59,TELOLOAPAN,2394,4,RURAL
12,1,59,TELOLOAPAN,2396,4,RURAL
12,1,59,TELOLOAPAN,2397,4,RURAL
12,1,59,TELOLOAPAN,2398,4,RURAL
12,1,59,TELOLOAPAN,2399,4,RURAL
12,1,59,TELOLOAPAN,2401,4,RURAL
12,1,59,TELOLOAPAN,2402,4,RURAL
12,1,59,TELOLOAPAN,2403,4,RURAL
12,1,59,TELOLOAPAN,2404,4,RURAL
12,1,59,TELOLOAPAN,2405,4,RURAL
12,1,59,TELOLOAPAN,2406,4,RURAL
12,1,59,TELOLOAPAN,2407,4,RURAL
12,1,59,TELOLOAPAN,2408,4,RURAL
12,1,59,TELOLOAPAN,2409,3,MIXTO(A)
12,1,59,TELOLOAPAN,2411,4,RURAL
12,1,59,TELOLOAPAN,2412,4,RURAL
12,1,59,TELOLOAPAN,2413,4,RURAL
12,1,59,TELOLOAPAN,2414,4,RURAL
12,1,59,TELOLOAPAN,2415,4,RURAL
12,1,59,TELOLOAPAN,2416,4,RURAL
12,1,59,TELOLOAPAN,2418,2,URBANO(A)
12,1,59,TELOLOAPAN,2419,3,MIXTO(A)
12,6,60,TEPECOACUILCO DE TRUJANO,2420,3,MIXTO(A)
12,6,60,TEPECOACUILCO DE TRUJANO,2421,2,URBANO(A)
12,6,60,TEPECOACUILCO DE TRUJANO,2422,3,MIXTO(A)
12,6,60,TEPECOACUILCO DE TRUJANO,2423,2,URBANO(A)
12,6,60,TEPECOACUILCO DE TRUJANO,2424,2,URBANO(A)
12,6,60,TEPECOACUILCO DE TRUJANO,2425,4,RURAL
12,6,60,TEPECOACUILCO DE TRUJANO,2426,4,RURAL
12,6,60,TEPECOACUILCO DE TRUJANO,2427,4,RURAL
12,6,60,TEPECOACUILCO DE TRUJANO,2428,4,RURAL
12,6,60,TEPECOACUILCO DE TRUJANO,2429,4,RURAL
12,6,60,TEPECOACUILCO DE TRUJANO,2430,4,RURAL
12,6,60,TEPECOACUILCO DE TRUJANO,2431,4,RURAL
12,6,60,TEPECOACUILCO DE TRUJANO,2432,4,RURAL
12,6,60,TEPECOACUILCO DE TRUJANO,2433,2,URBANO(A)
12,6,60,TEPECOACUILCO DE TRUJANO,2434,2,URBANO(A)
12,6,60,TEPECOACUILCO DE TRUJANO,2435,4,RURAL
12,6,60,TEPECOACUILCO DE TRUJANO,2436,4,RURAL
12,6,60,TEPECOACUILCO DE TRUJANO,2437,4,RURAL
12,6,60,TEPECOACUILCO DE TRUJANO,2438,4,RURAL
12,6,60,TEPECOACUILCO DE TRUJANO,2439,4,RURAL
12,6,60,TEPECOACUILCO DE TRUJANO,2440,4,RURAL
12,6,60,TEPECOACUILCO DE TRUJANO,2441,4,RURAL
12,6,60,TEPECOACUILCO DE TRUJANO,2442,4,RURAL
12,6,60,TEPECOACUILCO DE TRUJANO,2443,4,RURAL
12,6,60,TEPECOACUILCO DE TRUJANO,2444,4,RURAL
12,6,60,TEPECOACUILCO DE TRUJANO,2445,4,RURAL
12,6,60,TEPECOACUILCO DE TRUJANO,2446,4,RURAL
12,6,60,TEPECOACUILCO DE TRUJANO,2447,4,RURAL
12,6,60,TEPECOACUILCO DE TRUJANO,2448,4,RURAL
12,6,60,TEPECOACUILCO DE TRUJANO,2449,4,RURAL
12,6,60,TEPECOACUILCO DE TRUJANO,2450,4,RURAL
12,1,61,TETIPAC,2451,2,URBANO(A)
12,1,61,TETIPAC,2452,3,MIXTO(A)
12,1,61,TETIPAC,2453,4,RURAL
12,1,61,TETIPAC,2454,4,RURAL
12,1,61,TETIPAC,2455,4,RURAL
12,1,61,TETIPAC,2456,4,RURAL
12,1,61,TETIPAC,2457,4,RURAL
12,1,61,TETIPAC,2458,4,RURAL
12,1,61,TETIPAC,2460,4,RURAL
12,1,61,TETIPAC,2461,4,RURAL
12,1,61,TETIPAC,2463,4,RURAL
12,1,61,TETIPAC,2464,4,RURAL
12,1,61,TETIPAC,2466,4,RURAL
12,1,61,TETIPAC,2468,4,RURAL
12,1,61,TETIPAC,2469,4,RURAL
12,1,61,TETIPAC,2471,4,RURAL
12,1,61,TETIPAC,2472,4,RURAL
12,1,61,TETIPAC,2473,4,RURAL
12,1,61,TETIPAC,2474,4,RURAL
12,1,61,TETIPAC,2475,4,RURAL
12,1,61,TETIPAC,2476,4,RURAL
12,1,61,TETIPAC,2477,4,RURAL
12,1,61,TETIPAC,2478,4,RURAL
12,7,62,TIXTLA DE GUERRERO,2479,3,MIXTO(A)
12,7,62,TIXTLA DE GUERRERO,2480,2,URBANO(A)
12,7,62,TIXTLA DE GUERRERO,2481,3,MIXTO(A)
12,7,62,TIXTLA DE GUERRERO,2482,2,URBANO(A)
12,7,62,TIXTLA DE GUERRERO,2483,2,URBANO(A)
12,7,62,TIXTLA DE GUERRERO,2484,2,URBANO(A)
12,7,62,TIXTLA DE GUERRERO,2485,2,URBANO(A)
12,7,62,TIXTLA DE GUERRERO,2486,2,URBANO(A)
12,7,62,TIXTLA DE GUERRERO,2487,2,URBANO(A)
12,7,62,TIXTLA DE GUERRERO,2488,2,URBANO(A)
12,7,62,TIXTLA DE GUERRERO,2489,2,URBANO(A)
12,7,62,TIXTLA DE GUERRERO,2490,3,MIXTO(A)
12,7,62,TIXTLA DE GUERRERO,2491,2,URBANO(A)
12,7,62,TIXTLA DE GUERRERO,2492,2,URBANO(A)
12,7,62,TIXTLA DE GUERRERO,2493,2,URBANO(A)
12,7,62,TIXTLA DE GUERRERO,2494,2,URBANO(A)
12,7,62,TIXTLA DE GUERRERO,2495,2,URBANO(A)
12,7,62,TIXTLA DE GUERRERO,2496,3,MIXTO(A)
12,7,62,TIXTLA DE GUERRERO,2497,4,RURAL
12,7,62,TIXTLA DE GUERRERO,2499,4,RURAL
12,7,62,TIXTLA DE GUERRERO,2500,4,RURAL
12,7,62,TIXTLA DE GUERRERO,2501,4,RURAL
12,7,62,TIXTLA DE GUERRERO,2502,4,RURAL
12,7,62,TIXTLA DE GUERRERO,2503,4,RURAL
12,7,62,TIXTLA DE GUERRERO,2504,4,RURAL
12,7,62,TIXTLA DE GUERRERO,2505,4,RURAL
12,7,62,TIXTLA DE GUERRERO,2506,4,RURAL
12,7,62,TIXTLA DE GUERRERO,2507,4,RURAL
12,7,62,TIXTLA DE GUERRERO,2508,4,RURAL
12,8,63,TLACOACHISTLAHUACA,2509,2,URBANO(A)
12,8,63,TLACOACHISTLAHUACA,2510,3,MIXTO(A)
12,8,63,TLACOACHISTLAHUACA,2511,4,RURAL
12,8,63,TLACOACHISTLAHUACA,2512,4,RURAL
12,8,63,TLACOACHISTLAHUACA,2513,4,RURAL
12,8,63,TLACOACHISTLAHUACA,2514,4,RURAL
12,8,63,TLACOACHISTLAHUACA,2515,4,RURAL
12,8,63,TLACOACHISTLAHUACA,2516,4,RURAL
12,8,63,TLACOACHISTLAHUACA,2517,4,RURAL
12,8,63,TLACOACHISTLAHUACA,2518,4,RURAL
12,8,63,TLACOACHISTLAHUACA,2519,4,RURAL
12,8,63,TLACOACHISTLAHUACA,2520,4,RURAL
12,8,63,TLACOACHISTLAHUACA,2521,4,RURAL
12,8,63,TLACOACHISTLAHUACA,2522,4,RURAL
12,5,64,TLACOAPA,2523,3,MIXTO(A)
12,5,64,TLACOAPA,2524,4,RURAL
12,5,64,TLACOAPA,2525,4,RURAL
12,5,64,TLACOAPA,2526,4,RURAL
12,5,64,TLACOAPA,2527,4,RURAL
12,5,64,TLACOAPA,2528,4,RURAL
12,5,64,TLACOAPA,2529,4,RURAL
12,5,64,TLACOAPA,2530,4,RURAL
12,5,64,TLACOAPA,2531,4,RURAL
12,5,64,TLACOAPA,2532,4,RURAL
12,1,65,TLALCHAPA,2533,3,MIXTO(A)
12,1,65,TLALCHAPA,2534,3,MIXTO(A)
12,1,65,TLALCHAPA,2535,2,URBANO(A)
12,1,65,TLALCHAPA,2536,2,URBANO(A)
12,1,65,TLALCHAPA,2537,4,RURAL
12,1,65,TLALCHAPA,2541,4,RURAL
12,1,65,TLALCHAPA,2542,4,RURAL
12,1,65,TLALCHAPA,2543,4,RURAL
12,1,65,TLALCHAPA,2544,4,RURAL
12,1,65,TLALCHAPA,2545,4,RURAL
12,1,65,TLALCHAPA,2546,4,RURAL
12,1,65,TLALCHAPA,2547,4,RURAL
12,1,65,TLALCHAPA,2548,4,RURAL
12,1,65,TLALCHAPA,2549,4,RURAL
12,1,65,TLALCHAPA,2550,4,RURAL
12,1,65,TLALCHAPA,2551,4,RURAL
12,1,65,TLALCHAPA,2553,4,RURAL
12,5,66,TLALIXTAQUILLA DE MALDONADO,2554,2,URBANO(A)
12,5,66,TLALIXTAQUILLA DE MALDONADO,2555,2,URBANO(A)
12,5,66,TLALIXTAQUILLA DE MALDONADO,2556,4,RURAL
12,5,66,TLALIXTAQUILLA DE MALDONADO,2557,4,RURAL
12,5,66,TLALIXTAQUILLA DE MALDONADO,2558,4,RURAL
12,5,66,TLALIXTAQUILLA DE MALDONADO,2559,4,RURAL
12,5,66,TLALIXTAQUILLA DE MALDONADO,2560,4,RURAL
12,5,66,TLALIXTAQUILLA DE MALDONADO,2561,4,RURAL
12,5,67,TLAPA DE COMONFORT,2562,2,URBANO(A)
12,5,67,TLAPA DE COMONFORT,2563,2,URBANO(A)
12,5,67,TLAPA DE COMONFORT,2565,2,URBANO(A)
12,5,67,TLAPA DE COMONFORT,2566,2,URBANO(A)
12,5,67,TLAPA DE COMONFORT,2567,2,URBANO(A)
12,5,67,TLAPA DE COMONFORT,2568,2,URBANO(A)
12,5,67,TLAPA DE COMONFORT,2570,2,URBANO(A)
12,5,67,TLAPA DE COMONFORT,2571,2,URBANO(A)
12,5,67,TLAPA DE COMONFORT,2572,2,URBANO(A)
12,5,67,TLAPA DE COMONFORT,2573,4,RURAL
12,5,67,TLAPA DE COMONFORT,2574,4,RURAL
12,5,67,TLAPA DE COMONFORT,2575,4,RURAL
12,5,67,TLAPA DE COMONFORT,2576,4,RURAL
12,5,67,TLAPA DE COMONFORT,2577,4,RURAL
12,5,67,TLAPA DE COMONFORT,2578,4,RURAL
12,5,67,TLAPA DE COMONFORT,2579,4,RURAL
12,5,67,TLAPA DE COMONFORT,2580,4,RURAL
12,5,67,TLAPA DE COMONFORT,2582,4,RURAL
12,5,67,TLAPA DE COMONFORT,2583,4,RURAL
12,5,67,TLAPA DE COMONFORT,2584,4,RURAL
12,5,67,TLAPA DE COMONFORT,2585,4,RURAL
12,5,67,TLAPA DE COMONFORT,2586,4,RURAL
12,5,67,TLAPA DE COMONFORT,2587,4,RURAL
12,5,67,TLAPA DE COMONFORT,2588,4,RURAL
12,5,67,TLAPA DE COMONFORT,2589,4,RURAL
12,5,67,TLAPA DE COMONFORT,2590,4,RURAL
12,5,67,TLAPA DE COMONFORT,2592,4,RURAL
12,5,67,TLAPA DE COMONFORT,2593,4,RURAL
12,5,67,TLAPA DE COMONFORT,2594,4,RURAL
12,5,67,TLAPA DE COMONFORT,2595,4,RURAL
12,5,67,TLAPA DE COMONFORT,2596,4,RURAL
12,5,67,TLAPA DE COMONFORT,2597,4,RURAL
12,5,67,TLAPA DE COMONFORT,2598,4,RURAL
12,5,67,TLAPA DE COMONFORT,2599,4,RURAL
12,1,68,TLAPEHUALA,2600,3,MIXTO(A)
12,1,68,TLAPEHUALA,2601,2,URBANO(A)
12,1,68,TLAPEHUALA,2602,2,URBANO(A)
12,1,68,TLAPEHUALA,2603,2,URBANO(A)
12,1,68,TLAPEHUALA,2604,2,URBANO(A)
12,1,68,TLAPEHUALA,2605,2,URBANO(A)
12,1,68,TLAPEHUALA,2606,2,URBANO(A)
12,1,68,TLAPEHUALA,2607,2,URBANO(A)
12,1,68,TLAPEHUALA,2608,4,RURAL
12,1,68,TLAPEHUALA,2609,4,RURAL
12,1,68,TLAPEHUALA,2610,4,RURAL
12,1,68,TLAPEHUALA,2611,2,URBANO(A)
12,1,68,TLAPEHUALA,2612,2,URBANO(A)
12,1,68,TLAPEHUALA,2613,4,RURAL
12,1,68,TLAPEHUALA,2614,4,RURAL
12,1,68,TLAPEHUALA,2615,4,RURAL
12,1,68,TLAPEHUALA,2616,4,RURAL
12,1,68,TLAPEHUALA,2617,4,RURAL
12,1,68,TLAPEHUALA,2618,4,RURAL
12,1,68,TLAPEHUALA,2619,4,RURAL
12,1,68,TLAPEHUALA,2620,4,RURAL
12,1,68,TLAPEHUALA,2621,4,RURAL
12,3,69,LA UNION DE ISIDORO MONTES DE OCA,2622,3,MIXTO(A)
12,3,69,LA UNION DE ISIDORO MONTES DE OCA,2623,2,URBANO(A)
12,3,69,LA UNION DE ISIDORO MONTES DE OCA,2624,3,MIXTO(A)
12,3,69,LA UNION DE ISIDORO MONTES DE OCA,2625,4,RURAL
12,3,69,LA UNION DE ISIDORO MONTES DE OCA,2626,4,RURAL
12,3,69,LA UNION DE ISIDORO MONTES DE OCA,2627,4,RURAL
12,3,69,LA UNION DE ISIDORO MONTES DE OCA,2628,4,RURAL
12,3,69,LA UNION DE ISIDORO MONTES DE OCA,2629,4,RURAL
12,3,69,LA UNION DE ISIDORO MONTES DE OCA,2630,4,RURAL
12,3,69,LA UNION DE ISIDORO MONTES DE OCA,2631,4,RURAL
12,3,69,LA UNION DE ISIDORO MONTES DE OCA,2632,4,RURAL
12,3,69,LA UNION DE ISIDORO MONTES DE OCA,2633,4,RURAL
12,3,69,LA UNION DE ISIDORO MONTES DE OCA,2634,4,RURAL
12,3,69,LA UNION DE ISIDORO MONTES DE OCA,2635,4,RURAL
12,3,69,LA UNION DE ISIDORO MONTES DE OCA,2636,4,RURAL
12,3,69,LA UNION DE ISIDORO MONTES DE OCA,2637,4,RURAL
12,3,69,LA UNION DE ISIDORO MONTES DE OCA,2638,4,RURAL
12,3,69,LA UNION DE ISIDORO MONTES DE OCA,2639,4,RURAL
12,3,69,LA UNION DE ISIDORO MONTES DE OCA,2640,4,RURAL
12,3,69,LA UNION DE ISIDORO MONTES DE OCA,2641,3,MIXTO(A)
12,3,69,LA UNION DE ISIDORO MONTES DE OCA,2642,2,URBANO(A)
12,3,69,LA UNION DE ISIDORO MONTES DE OCA,2643,4,RURAL
12,3,69,LA UNION DE ISIDORO MONTES DE OCA,2644,4,RURAL
12,3,69,LA UNION DE ISIDORO MONTES DE OCA,2645,4,RURAL
12,3,69,LA UNION DE ISIDORO MONTES DE OCA,2646,4,RURAL
12,3,69,LA UNION DE ISIDORO MONTES DE OCA,2647,4,RURAL
12,3,69,LA UNION DE ISIDORO MONTES DE OCA,2648,4,RURAL
12,3,69,LA UNION DE ISIDORO MONTES DE OCA,2649,4,RURAL
12,3,69,LA UNION DE ISIDORO MONTES DE OCA,2650,4,RURAL
12,3,69,LA UNION DE ISIDORO MONTES DE OCA,2651,4,RURAL
12,3,69,LA UNION DE ISIDORO MONTES DE OCA,2652,4,RURAL
12,3,69,LA UNION DE ISIDORO MONTES DE OCA,2653,4,RURAL
12,3,69,LA UNION DE ISIDORO MONTES DE OCA,2654,4,RURAL
12,5,70,XALPATLAHUAC,2655,3,MIXTO(A)
12,5,70,XALPATLAHUAC,2656,4,RURAL
12,5,70,XALPATLAHUAC,2657,4,RURAL
12,5,70,XALPATLAHUAC,2658,4,RURAL
12,5,70,XALPATLAHUAC,2659,4,RURAL
12,5,70,XALPATLAHUAC,2660,4,RURAL
12,5,70,XALPATLAHUAC,2661,4,RURAL
12,5,70,XALPATLAHUAC,2662,4,RURAL
12,5,70,XALPATLAHUAC,2663,4,RURAL
12,5,70,XALPATLAHUAC,2664,4,RURAL
12,5,70,XALPATLAHUAC,2665,4,RURAL
12,5,70,XALPATLAHUAC,2667,4,RURAL
12,5,70,XALPATLAHUAC,2668,4,RURAL
12,5,71,XOCHIHUEHUETLAN,2669,3,MIXTO(A)
12,5,71,XOCHIHUEHUETLAN,2670,3,MIXTO(A)
12,5,71,XOCHIHUEHUETLAN,2671,2,URBANO(A)
12,5,71,XOCHIHUEHUETLAN,2672,4,RURAL
12,5,71,XOCHIHUEHUETLAN,2673,4,RURAL
12,5,71,XOCHIHUEHUETLAN,2674,4,RURAL
12,5,71,XOCHIHUEHUETLAN,2675,4,RURAL
12,5,71,XOCHIHUEHUETLAN,2676,4,RURAL
12,8,72,XOCHISTLAHUACA,2678,3,MIXTO(A)
12,8,72,XOCHISTLAHUACA,2679,2,URBANO(A)
12,8,72,XOCHISTLAHUACA,2680,4,RURAL
12,8,72,XOCHISTLAHUACA,2681,4,RURAL
12,8,72,XOCHISTLAHUACA,2682,4,RURAL
12,8,72,XOCHISTLAHUACA,2683,4,RURAL
12,8,72,XOCHISTLAHUACA,2684,4,RURAL
12,8,72,XOCHISTLAHUACA,2685,4,RURAL
12,8,72,XOCHISTLAHUACA,2686,4,RURAL
12,8,72,XOCHISTLAHUACA,2687,3,MIXTO(A)
12,8,72,XOCHISTLAHUACA,2688,3,MIXTO(A)
12,8,72,XOCHISTLAHUACA,2689,4,RURAL
12,8,72,XOCHISTLAHUACA,2690,4,RURAL
12,8,72,XOCHISTLAHUACA,2691,3,MIXTO(A)
12,8,72,XOCHISTLAHUACA,2692,4,RURAL
12,5,73,ZAPOTITLAN TABLAS,2693,3,MIXTO(A)
12,5,73,ZAPOTITLAN TABLAS,2694,3,MIXTO(A)
12,5,73,ZAPOTITLAN TABLAS,2695,4,RURAL
12,5,73,ZAPOTITLAN TABLAS,2696,4,RURAL
12,5,73,ZAPOTITLAN TABLAS,2697,4,RURAL
12,5,73,ZAPOTITLAN TABLAS,2698,4,RURAL
12,5,73,ZAPOTITLAN TABLAS,2699,4,RURAL
12,5,73,ZAPOTITLAN TABLAS,2700,4,RURAL
12,5,76,ACATEPEC,2701,4,RURAL
12,5,73,ZAPOTITLAN TABLAS,2702,4,RURAL
12,5,76,ACATEPEC,2703,4,RURAL
12,5,76,ACATEPEC,2705,4,RURAL
12,5,76,ACATEPEC,2706,4,RURAL
12,5,76,ACATEPEC,2707,4,RURAL
12,5,76,ACATEPEC,2708,4,RURAL
12,5,76,ACATEPEC,2709,4,RURAL
12,5,76,ACATEPEC,2710,4,RURAL
12,5,76,ACATEPEC,2711,4,RURAL
12,5,76,ACATEPEC,2712,4,RURAL
12,5,76,ACATEPEC,2713,4,RURAL
12,5,76,ACATEPEC,2715,4,RURAL
12,5,76,ACATEPEC,2716,4,RURAL
12,5,76,ACATEPEC,2717,4,RURAL
12,5,76,ACATEPEC,2718,4,RURAL
12,5,76,ACATEPEC,2719,4,RURAL
12,5,76,ACATEPEC,2720,4,RURAL
12,5,76,ACATEPEC,2721,4,RURAL
12,8,12,AYUTLA DE LOS LIBRES,2723,4,RURAL
12,5,76,ACATEPEC,2724,4,RURAL
12,1,74,ZIRANDARO,2725,3,MIXTO(A)
12,1,74,ZIRANDARO,2726,3,MIXTO(A)
12,1,74,ZIRANDARO,2727,4,RURAL
12,1,74,ZIRANDARO,2728,4,RURAL
12,1,74,ZIRANDARO,2729,4,RURAL
12,1,74,ZIRANDARO,2730,4,RURAL
12,1,74,ZIRANDARO,2731,4,RURAL
12,1,74,ZIRANDARO,2732,4,RURAL
12,1,74,ZIRANDARO,2733,4,RURAL
12,1,74,ZIRANDARO,2734,4,RURAL
12,1,74,ZIRANDARO,2735,4,RURAL
12,1,74,ZIRANDARO,2736,4,RURAL
12,1,74,ZIRANDARO,2737,4,RURAL
12,1,74,ZIRANDARO,2738,4,RURAL
12,1,74,ZIRANDARO,2739,4,RURAL
12,1,74,ZIRANDARO,2740,4,RURAL
12,1,74,ZIRANDARO,2741,4,RURAL
12,1,74,ZIRANDARO,2744,4,RURAL
12,1,74,ZIRANDARO,2746,4,RURAL
12,1,74,ZIRANDARO,2748,4,RURAL
12,1,74,ZIRANDARO,2749,4,RURAL
12,1,74,ZIRANDARO,2751,4,RURAL
12,6,75,ZITLALA,2752,3,MIXTO(A)
12,6,75,ZITLALA,2753,2,URBANO(A)
12,6,75,ZITLALA,2754,3,MIXTO(A)
12,6,75,ZITLALA,2755,4,RURAL
12,6,75,ZITLALA,2757,4,RURAL
12,6,75,ZITLALA,2758,4,RURAL
12,6,75,ZITLALA,2759,4,RURAL
12,6,75,ZITLALA,2760,4,RURAL
12,6,75,ZITLALA,2761,4,RURAL
12,6,75,ZITLALA,2762,4,RURAL
12,6,75,ZITLALA,2763,4,RURAL
12,6,75,ZITLALA,2764,4,RURAL
12,6,75,ZITLALA,2765,4,RURAL
12,6,75,ZITLALA,2766,4,RURAL
12,6,75,ZITLALA,2767,4,RURAL
12,6,75,ZITLALA,2768,4,RURAL
12,6,75,ZITLALA,2769,2,URBANO(A)
12,6,75,ZITLALA,2770,4,RURAL
12,6,75,ZITLALA,2771,4,RURAL
12,5,76,ACATEPEC,2772,3,MIXTO(A)
12,5,76,ACATEPEC,2773,4,RURAL
12,5,76,ACATEPEC,2774,4,RURAL
12,5,76,ACATEPEC,2775,4,RURAL
12,5,76,ACATEPEC,2776,4,RURAL
12,5,76,ACATEPEC,2777,4,RURAL
12,5,77,JOSE JOAQUIN DE HERRERA,2783,4,RURAL
12,8,40,JUAN R. ESCUDERO,2784,4,RURAL
12,5,28,CHILAPA DE ALVAREZ,2785,4,RURAL
12,5,76,ACATEPEC,2786,4,RURAL
12,5,78,ILIATENCO,2787,4,RURAL
12,5,79,COCHOAPA EL GRANDE,2788,4,RURAL
12,5,79,COCHOAPA EL GRANDE,2789,4,RURAL
12,5,79,COCHOAPA EL GRANDE,2790,4,RURAL
12,5,79,COCHOAPA EL GRANDE,2791,4,RURAL
12,8,81,JUCHITAN,2792,3,MIXTO(A)
12,8,81,JUCHITAN,2793,4,RURAL
12,1,56,TAXCO DE ALARCON,2794,2,URBANO(A)
12,1,56,TAXCO DE ALARCON,2795,2,URBANO(A)
12,2,1,ACAPULCO DE JUAREZ,2796,4,RURAL
12,2,1,ACAPULCO DE JUAREZ,2797,4,RURAL
12,3,39,ZIHUATANEJO DE AZUETA,2798,4,RURAL
12,8,54,SAN MARCOS,2799,4,RURAL
12,4,1,ACAPULCO DE JUAREZ,2800,2,URBANO(A)
12,4,1,ACAPULCO DE JUAREZ,2801,2,URBANO(A)
12,7,29,CHILPANCINGO DE LOS BRAVO,2802,2,URBANO(A)
12,7,29,CHILPANCINGO DE LOS BRAVO,2803,2,URBANO(A)
12,2,1,ACAPULCO DE JUAREZ,2804,2,URBANO(A)
12,2,1,ACAPULCO DE JUAREZ,2805,2,URBANO(A)
12,2,1,ACAPULCO DE JUAREZ,2806,2,URBANO(A)
12,2,1,ACAPULCO DE JUAREZ,2807,2,URBANO(A)
12,3,39,ZIHUATANEJO DE AZUETA,2808,3,MIXTO(A)
12,3,39,ZIHUATANEJO DE AZUETA,2809,2,URBANO(A)
12,3,39,ZIHUATANEJO DE AZUETA,2810,2,URBANO(A)
12,3,39,ZIHUATANEJO DE AZUETA,2811,2,URBANO(A)
12,4,1,ACAPULCO DE JUAREZ,2812,2,URBANO(A)
12,4,1,ACAPULCO DE JUAREZ,2813,2,URBANO(A)
12,4,1,ACAPULCO DE JUAREZ,2814,2,URBANO(A)
12,4,1,ACAPULCO DE JUAREZ,2815,3,MIXTO(A)
12,4,1,ACAPULCO DE JUAREZ,2816,2,URBANO(A)
12,7,29,CHILPANCINGO DE LOS BRAVO,2817,3,MIXTO(A)
12,7,29,CHILPANCINGO DE LOS BRAVO,2818,2,URBANO(A)
12,7,29,CHILPANCINGO DE LOS BRAVO,2819,2,URBANO(A)
12,7,29,CHILPANCINGO DE LOS BRAVO,2820,2,URBANO(A)
12,7,29,CHILPANCINGO DE LOS BRAVO,2821,2,URBANO(A)
12,7,29,CHILPANCINGO DE LOS BRAVO,2822,2,URBANO(A)
12,7,29,CHILPANCINGO DE LOS BRAVO,2823,2,URBANO(A)
12,2,1,ACAPULCO DE JUAREZ,2824,2,URBANO(A)
12,2,1,ACAPULCO DE JUAREZ,2825,2,URBANO(A)
12,2,1,ACAPULCO DE JUAREZ,2826,2,URBANO(A)
12,2,1,ACAPULCO DE JUAREZ,2827,2,URBANO(A)
12,2,1,ACAPULCO DE JUAREZ,2828,2,URBANO(A)
12,2,1,ACAPULCO DE JUAREZ,2829,2,URBANO(A)
12,6,36,IGUALA DE LA INDEPENDENCIA,2830,2,URBANO(A)
12,6,36,IGUALA DE LA INDEPENDENCIA,2831,2,URBANO(A)
12,6,36,IGUALA DE LA INDEPENDENCIA,2832,2,URBANO(A)
12,5,2,AHUACUOTZINGO,2833,3,MIXTO(A)
12,5,2,AHUACUOTZINGO,2834,4,RURAL
12,2,1,ACAPULCO DE JUAREZ,2835,2,URBANO(A)
12,2,1,ACAPULCO DE JUAREZ,2836,2,URBANO(A)
12,2,1,ACAPULCO DE JUAREZ,2837,2,URBANO(A)
12,2,1,ACAPULCO DE JUAREZ,2838,2,URBANO(A)
12,2,1,ACAPULCO DE JUAREZ,2839,3,MIXTO(A)
12,2,1,ACAPULCO DE JUAREZ,2840,2,URBANO(A)
12,7,29,CHILPANCINGO DE LOS BRAVO,2841,2,URBANO(A)
12,7,29,CHILPANCINGO DE LOS BRAVO,2842,2,URBANO(A)
12,7,29,CHILPANCINGO DE LOS BRAVO,2843,2,URBANO(A)
12,7,29,CHILPANCINGO DE LOS BRAVO,2844,2,URBANO(A)
12,7,29,CHILPANCINGO DE LOS BRAVO,2845,2,URBANO(A)
12,7,29,CHILPANCINGO DE LOS BRAVO,2846,2,URBANO(A)
12,7,29,CHILPANCINGO DE LOS BRAVO,2847,2,URBANO(A)
12,7,29,CHILPANCINGO DE LOS BRAVO,2848,2,URBANO(A)
12,5,67,TLAPA DE COMONFORT,2849,2,URBANO(A)
12,5,67,TLAPA DE COMONFORT,2850,2,URBANO(A)
12,5,67,TLAPA DE COMONFORT,2851,2,URBANO(A)
12,5,67,TLAPA DE COMONFORT,2852,2,URBANO(A)
12,5,67,TLAPA DE COMONFORT,2853,2,URBANO(A)
12,5,67,TLAPA DE COMONFORT,2854,2,URBANO(A)
12,5,67,TLAPA DE COMONFORT,2855,2,URBANO(A)
12,5,67,TLAPA DE COMONFORT,2856,2,URBANO(A)
12,7,29,CHILPANCINGO DE LOS BRAVO,2857,2,URBANO(A)
12,7,29,CHILPANCINGO DE LOS BRAVO,2858,2,URBANO(A)
12,7,29,CHILPANCINGO DE LOS BRAVO,2859,2,URBANO(A)
12,7,29,CHILPANCINGO DE LOS BRAVO,2860,2,URBANO(A)
12,7,29,CHILPANCINGO DE LOS BRAVO,2861,2,URBANO(A)
12,7,29,CHILPANCINGO DE LOS BRAVO,2862,2,URBANO(A)
12,8,47,OMETEPEC,2863,3,MIXTO(A)
12,8,47,OMETEPEC,2864,3,MIXTO(A)
12,8,47,OMETEPEC,2865,2,URBANO(A)
12,8,47,OMETEPEC,2866,2,URBANO(A)
