ENTIDAD,DISTRITO,MUNICIPIO,NOMBRE_MUNICIPIO,SECCION,TIPO_SECCION,TIPO_NOMBRE
9,3,2,AZCAPOTZALCO,1,2,URBANO(A)
9,3,2,AZCAPOTZALCO,2,2,URBANO(A)
9,3,2,AZCAPOTZALCO,3,2,URBANO(A)
9,3,2,AZCAPOTZALCO,4,2,URBANO(A)
9,3,2,AZCAPOTZALCO,5,2,URBANO(A)
9,3,2,AZCAPOTZALCO,6,2,URBANO(A)
9,3,2,AZCAPOTZALCO,7,2,URBANO(A)
9,3,2,AZCAPOTZALCO,8,2,URBANO(A)
9,3,2,AZCAPOTZALCO,9,2,URBANO(A)
9,3,2,AZCAPOTZALCO,10,2,URBANO(A)
9,3,2,AZCAPOTZALCO,11,2,URBANO(A)
9,3,2,AZCAPOTZALCO,12,2,URBANO(A)
9,3,2,AZCAPOTZALCO,13,2,URBANO(A)
9,3,2,AZCAPOTZALCO,14,2,URBANO(A)
9,3,2,AZCAPOTZALCO,15,2,URBANO(A)
9,3,2,AZCAPOTZALCO,16,2,URBANO(A)
9,3,2,AZCAPOTZALCO,17,2,URBANO(A)
9,3,2,AZCAPOTZALCO,18,2,URBANO(A)
9,3,2,AZCAPOTZALCO,19,2,URBANO(A)
9,3,2,AZCAPOTZALCO,20,2,URBANO(A)
9,3,2,AZCAPOTZALCO,21,2,URBANO(A)
9,3,2,AZCAPOTZALCO,22,2,URBANO(A)
9,3,2,AZCAPOTZALCO,23,2,URBANO(A)
9,3,2,AZCAPOTZALCO,24,2,URBANO(A)
9,3,2,AZCAPOTZALCO,25,2,URBANO(A)
9,3,2,AZCAPOTZALCO,26,2,URBANO(A)
9,3,2,AZCAPOTZALCO,27,2,URBANO(A)
9,3,2,AZCAPOTZALCO,28,2,URBANO(A)
9,3,2,AZCAPOTZALCO,29,2,URBANO(A)
9,3,2,AZCAPOTZALCO,30,2,URBANO(A)
9,3,2,AZCAPOTZALCO,31,2,URBANO(A)
9,3,2,AZCAPOTZALCO,32,2,URBANO(A)
9,3,2,AZCAPOTZALCO,33,2,URBANO(A)
9,3,2,AZCAPOTZALCO,34,2,URBANO(A)
9,3,2,AZCAPOTZALCO,35,2,URBANO(A)
9,3,2,AZCAPOTZALCO,36,2,URBANO(A)
9,3,2,AZCAPOTZALCO,37,2,URBANO(A)
9,3,2,AZCAPOTZALCO,38,2,URBANO(A)
9,3,2,AZCAPOTZALCO,39,2,URBANO(A)
9,3,2,AZCAPOTZALCO,40,2,URBANO(A)
9,3,2,AZCAPOTZALCO,41,2,URBANO(A)
9,3,2,AZCAPOTZALCO,42,2,URBANO(A)
9,3,2,AZCAPOTZALCO,43,2,URBANO(A)
9,3,2,AZCAPOTZALCO,44,2,URBANO(A)
9,3,2,AZCAPOTZALCO,45,2,URBANO(A)
9,3,2,AZCAPOTZALCO,46,2,URBANO(A)
9,3,2,AZCAPOTZALCO,47,2,URBANO(A)
9,3,2,AZCAPOTZALCO,48,2,URBANO(A)
9,3,2,AZCAPOTZALCO,49,2,URBANO(A)
9,3,2,AZCAPOTZALCO,50,2,URBANO(A)
9,3,2,AZCAPOTZALCO,51,2,URBANO(A)
9,3,2,AZCAPOTZALCO,52,2,URBANO(A)
9,3,2,AZCAPOTZALCO,53,2,URBANO(A)
9,3,2,AZCAPOTZALCO,54,2,URBANO(A)
9,3,2,AZCAPOTZALCO,55,2,URBANO(A)
9,3,2,AZCAPOTZALCO,56,2,URBANO(A)
9,3,2,AZCAPOTZALCO,57,2,URBANO(A)
9,3,2,AZCAPOTZALCO,58,2,URBANO(A)
9,3,2,AZCAPOTZALCO,59,2,URBANO(A)
9,3,2,AZCAPOTZALCO,60,2,URBANO(A)
9,3,2,AZCAPOTZALCO,61,2,URBANO(A)
9,3,2,AZCAPOTZALCO,62,2,URBANO(A)
9,3,2,AZCAPOTZALCO,63,2,URBANO(A)
9,3,2,AZCAPOTZALCO,64,2,URBANO(A)
9,3,2,AZCAPOTZALCO,65,2,URBANO(A)
9,3,2,AZCAPOTZALCO,66,2,URBANO(A)
9,3,2,AZCAPOTZALCO,67,2,URBANO(A)
9,3,2,AZCAPOTZALCO,68,2,URBANO(A)
9,3,2,AZCAPOTZALCO,69,2,URBANO(A)
9,3,2,AZCAPOTZALCO,70,2,URBANO(A)
9,3,2,AZCAPOTZALCO,71,2,URBANO(A)
9,3,2,AZCAPOTZALCO,72,2,URBANO(A)
9,3,2,AZCAPOTZALCO,73,2,URBANO(A)
9,3,2,AZCAPOTZALCO,74,2,URBANO(A)
9,3,2,AZCAPOTZALCO,75,2,URBANO(A)
9,3,2,AZCAPOTZALCO,76,2,URBANO(A)
9,3,2,AZCAPOTZALCO,77,2,URBANO(A)
9,3,2,AZCAPOTZALCO,78,2,URBANO(A)
9,3,2,AZCAPOTZALCO,79,2,URBANO(A)
9,3,2,AZCAPOTZALCO,80,2,URBANO(A)
9,3,2,AZCAPOTZALCO,81,2,URBANO(A)
9,3,2,AZCAPOTZALCO,82,2,URBANO(A)
9,3,2,AZCAPOTZALCO,83,2,URBANO(A)
9,3,2,AZCAPOTZALCO,84,2,URBANO(A)
9,3,2,AZCAPOTZALCO,85,2,URBANO(A)
9,3,2,AZCAPOTZALCO,86,2,URBANO(A)
9,3,2,AZCAPOTZALCO,87,2,URBANO(A)
9,3,2,AZCAPOTZALCO,88,2,URBANO(A)
9,3,2,AZCAPOTZALCO,89,2,URBANO(A)
9,3,2,AZCAPOTZALCO,90,2,URBANO(A)
9,3,2,AZCAPOTZALCO,91,2,URBANO(A)
9,3,2,AZCAPOTZALCO,92,2,URBANO(A)
9,3,2,AZCAPOTZALCO,93,2,URBANO(A)
9,3,2,AZCAPOTZALCO,94,2,URBANO(A)
9,3,2,AZCAPOTZALCO,95,2,URBANO(A)
9,3,2,AZCAPOTZALCO,96,2,URBANO(A)
9,3,2,AZCAPOTZALCO,97,2,URBANO(A)
9,3,2,AZCAPOTZALCO,98,2,URBANO(A)
9,3,2,AZCAPOTZALCO,99,2,URBANO(A)
9,3,2,AZCAPOTZALCO,100,2,URBANO(A)
9,3,2,AZCAPOTZALCO,101,2,URBANO(A)
9,3,2,AZCAPOTZALCO,102,2,URBANO(A)
9,3,2,AZCAPOTZALCO,103,2,URBANO(A)
9,3,2,AZCAPOTZALCO,104,2,URBANO(A)
9,3,2,AZCAPOTZALCO,105,2,URBANO(A)
9,3,2,AZCAPOTZALCO,106,2,URBANO(A)
9,3,2,AZCAPOTZALCO,107,2,URBANO(A)
9,3,2,AZCAPOTZALCO,108,2,URBANO(A)
9,3,2,AZCAPOTZALCO,109,2,URBANO(A)
9,3,2,AZCAPOTZALCO,110,2,URBANO(A)
9,3,2,AZCAPOTZALCO,111,2,URBANO(A)
9,3,2,AZCAPOTZALCO,112,2,URBANO(A)
9,3,2,AZCAPOTZALCO,113,2,URBANO(A)
9,3,2,AZCAPOTZALCO,114,2,URBANO(A)
9,3,2,AZCAPOTZALCO,115,2,URBANO(A)
9,3,2,AZCAPOTZALCO,116,2,URBANO(A)
9,3,2,AZCAPOTZALCO,117,2,URBANO(A)
9,3,2,AZCAPOTZALCO,118,2,URBANO(A)
9,3,2,AZCAPOTZALCO,119,2,URBANO(A)
9,3,2,AZCAPOTZALCO,120,2,URBANO(A)
9,3,2,AZCAPOTZALCO,121,2,URBANO(A)
9,3,2,AZCAPOTZALCO,122,2,URBANO(A)
9,3,2,AZCAPOTZALCO,123,2,URBANO(A)
9,3,2,AZCAPOTZALCO,124,2,URBANO(A)
9,3,2,AZCAPOTZALCO,125,2,URBANO(A)
9,3,2,AZCAPOTZALCO,126,2,URBANO(A)
9,3,2,AZCAPOTZALCO,127,2,URBANO(A)
9,3,2,AZCAPOTZALCO,128,2,URBANO(A)
9,3,2,AZCAPOTZALCO,129,2,URBANO(A)
9,3,2,AZCAPOTZALCO,130,2,URBANO(A)
9,3,2,AZCAPOTZALCO,131,2,URBANO(A)
9,3,2,AZCAPOTZALCO,132,2,URBANO(A)
9,3,2,AZCAPOTZALCO,133,2,URBANO(A)
9,3,2,AZCAPOTZALCO,134,2,URBANO(A)
9,3,2,AZCAPOTZALCO,135,2,URBANO(A)
9,3,2,AZCAPOTZALCO,136,2,URBANO(A)
9,3,2,AZCAPOTZALCO,137,2,URBANO(A)
9,3,2,AZCAPOTZALCO,138,2,URBANO(A)
9,3,2,AZCAPOTZALCO,139,2,URBANO(A)
9,3,2,AZCAPOTZALCO,140,2,URBANO(A)
9,3,2,AZCAPOTZALCO,141,2,URBANO(A)
9,3,2,AZCAPOTZALCO,142,2,URBANO(A)
9,3,2,AZCAPOTZALCO,143,2,URBANO(A)
9,3,2,AZCAPOTZALCO,144,2,URBANO(A)
9,3,2,AZCAPOTZALCO,145,2,URBANO(A)
9,3,2,AZCAPOTZALCO,146,2,URBANO(A)
9,3,2,AZCAPOTZALCO,147,2,URBANO(A)
9,3,2,AZCAPOTZALCO,148,2,URBANO(A)
9,3,2,AZCAPOTZALCO,149,2,URBANO(A)
9,3,2,AZCAPOTZALCO,150,2,URBANO(A)
9,3,2,AZCAPOTZALCO,151,2,URBANO(A)
9,3,2,AZCAPOTZALCO,152,2,URBANO(A)
9,3,2,AZCAPOTZALCO,153,2,URBANO(A)
9,3,2,AZCAPOTZALCO,154,2,URBANO(A)
9,3,2,AZCAPOTZALCO,155,2,URBANO(A)
9,3,2,AZCAPOTZALCO,156,2,URBANO(A)
9,3,2,AZCAPOTZALCO,157,2,URBANO(A)
9,3,2,AZCAPOTZALCO,158,2,URBANO(A)
9,3,2,AZCAPOTZALCO,159,2,URBANO(A)
9,3,2,AZCAPOTZALCO,160,2,URBANO(A)
9,3,2,AZCAPOTZALCO,161,2,URBANO(A)
9,3,2,AZCAPOTZALCO,162,2,URBANO(A)
9,3,2,AZCAPOTZALCO,163,2,URBANO(A)
9,3,2,AZCAPOTZALCO,164,2,URBANO(A)
9,3,2,AZCAPOTZALCO,165,2,URBANO(A)
9,3,2,AZCAPOTZALCO,166,2,URBANO(A)
9,3,2,AZCAPOTZALCO,167,2,URBANO(A)
9,3,2,AZCAPOTZALCO,168,2,URBANO(A)
9,3,2,AZCAPOTZALCO,169,2,URBANO(A)
9,3,2,AZCAPOTZALCO,170,2,URBANO(A)
9,3,2,AZCAPOTZALCO,171,2,URBANO(A)
9,3,2,AZCAPOTZALCO,172,2,URBANO(A)
9,3,2,AZCAPOTZALCO,173,2,URBANO(A)
9,3,2,AZCAPOTZALCO,174,2,URBANO(A)
9,3,2,AZCAPOTZALCO,175,2,URBANO(A)
9,3,2,AZCAPOTZALCO,176,2,URBANO(A)
9,3,2,AZCAPOTZALCO,177,2,URBANO(A)
9,3,2,AZCAPOTZALCO,178,2,URBANO(A)
9,3,2,AZCAPOTZALCO,179,2,URBANO(A)
9,3,2,AZCAPOTZALCO,180,2,URBANO(A)
9,3,2,AZCAPOTZALCO,181,2,URBANO(A)
9,3,2,AZCAPOTZALCO,182,2,URBANO(A)
9,3,2,AZCAPOTZALCO,183,2,URBANO(A)
9,3,2,AZCAPOTZALCO,184,2,URBANO(A)
9,3,2,AZCAPOTZALCO,185,2,URBANO(A)
9,3,2,AZCAPOTZALCO,186,2,URBANO(A)
9,3,2,AZCAPOTZALCO,187,2,URBANO(A)
9,3,2,AZCAPOTZALCO,188,2,URBANO(A)
9,3,2,AZCAPOTZALCO,189,2,URBANO(A)
9,3,2,AZCAPOTZALCO,190,2,URBANO(A)
9,3,2,AZCAPOTZALCO,191,2,URBANO(A)
9,3,2,AZCAPOTZALCO,192,2,URBANO(A)
9,3,2,AZCAPOTZALCO,193,2,URBANO(A)
9,3,2,AZCAPOTZALCO,194,2,URBANO(A)
9,3,2,AZCAPOTZALCO,195,2,URBANO(A)
9,3,2,AZCAPOTZALCO,196,2,URBANO(A)
9,3,2,AZCAPOTZALCO,197,2,URBANO(A)
9,3,2,AZCAPOTZALCO,198,2,URBANO(A)
9,3,2,AZCAPOTZALCO,199,2,URBANO(A)
9,3,2,AZCAPOTZALCO,200,2,URBANO(A)
9,3,2,AZCAPOTZALCO,201,2,URBANO(A)
9,3,2,AZCAPOTZALCO,202,2,URBANO(A)
9,3,2,AZCAPOTZALCO,203,2,URBANO(A)
9,3,2,AZCAPOTZALCO,204,2,URBANO(A)
9,3,2,AZCAPOTZALCO,205,2,URBANO(A)
9,3,2,AZCAPOTZALCO,206,2,URBANO(A)
9,3,2,AZCAPOTZALCO,207,2,URBANO(A)
9,3,2,AZCAPOTZALCO,208,2,URBANO(A)
9,3,2,AZCAPOTZALCO,209,2,URBANO(A)
9,3,2,AZCAPOTZALCO,210,2,URBANO(A)
9,3,2,AZCAPOTZALCO,211,2,URBANO(A)
9,3,2,AZCAPOTZALCO,212,2,URBANO(A)
9,3,2,AZCAPOTZALCO,213,2,URBANO(A)
9,3,2,AZCAPOTZALCO,214,2,URBANO(A)
9,3,2,AZCAPOTZALCO,215,2,URBANO(A)
9,3,2,AZCAPOTZALCO,216,2,URBANO(A)
9,3,2,AZCAPOTZALCO,217,2,URBANO(A)
9,3,2,AZCAPOTZALCO,218,2,URBANO(A)
9,3,2,AZCAPOTZALCO,219,2,URBANO(A)
9,3,2,AZCAPOTZALCO,220,2,URBANO(A)
9,3,2,AZCAPOTZALCO,221,2,URBANO(A)
9,3,2,AZCAPOTZALCO,222,2,URBANO(A)
9,3,2,AZCAPOTZALCO,223,2,URBANO(A)
9,3,2,AZCAPOTZALCO,224,2,URBANO(A)
9,3,2,AZCAPOTZALCO,225,2,URBANO(A)
9,3,2,AZCAPOTZALCO,226,2,URBANO(A)
9,3,2,AZCAPOTZALCO,227,2,URBANO(A)
9,3,2,AZCAPOTZALCO,228,2,URBANO(A)
9,3,2,AZCAPOTZALCO,229,2,URBANO(A)
9,3,2,AZCAPOTZALCO,230,2,URBANO(A)
9,3,2,AZCAPOTZALCO,231,2,URBANO(A)
9,3,2,AZCAPOTZALCO,232,2,URBANO(A)
9,3,2,AZCAPOTZALCO,233,2,URBANO(A)
9,3,2,AZCAPOTZALCO,234,2,URBANO(A)
9,3,2,AZCAPOTZALCO,235,2,URBANO(A)
9,3,2,AZCAPOTZALCO,236,2,URBANO(A)
9,3,2,AZCAPOTZALCO,237,2,URBANO(A)
9,3,2,AZCAPOTZALCO,238,2,URBANO(A)
9,3,2,AZCAPOTZALCO,239,2,URBANO(A)
9,3,2,AZCAPOTZALCO,240,2,URBANO(A)
9,3,2,AZCAPOTZALCO,241,2,URBANO(A)
9,3,2,AZCAPOTZALCO,242,2,URBANO(A)
9,3,2,AZCAPOTZALCO,243,2,URBANO(A)
9,3,2,AZCAPOTZALCO,244,2,URBANO(A)
9,3,2,AZCAPOTZALCO,245,2,URBANO(A)
9,3,2,AZCAPOTZALCO,246,2,URBANO(A)
9,3,2,AZCAPOTZALCO,247,2,URBANO(A)
9,3,2,AZCAPOTZALCO,248,2,URBANO(A)
9,3,2,AZCAPOTZALCO,249,2,URBANO(A)
9,3,2,AZCAPOTZALCO,250,2,URBANO(A)
9,3,2,AZCAPOTZALCO,251,2,URBANO(A)
9,3,2,AZCAPOTZALCO,252,2,URBANO(A)
9,3,2,AZCAPOTZALCO,253,2,URBANO(A)
9,3,2,AZCAPOTZALCO,254,2,URBANO(A)
9,3,2,AZCAPOTZALCO,255,2,URBANO(A)
9,3,2,AZCAPOTZALCO,256,2,URBANO(A)
9,3,2,AZCAPOTZALCO,257,2,URBANO(A)
9,3,2,AZCAPOTZALCO,258,2,URBANO(A)
9,3,2,AZCAPOTZALCO,259,2,URBANO(A)
9,3,2,AZCAPOTZALCO,260,2,URBANO(A)
9,3,2,AZCAPOTZALCO,261,2,URBANO(A)
9,3,2,AZCAPOTZALCO,262,2,URBANO(A)
9,3,2,AZCAPOTZALCO,263,2,URBANO(A)
9,3,2,AZCAPOTZALCO,264,2,URBANO(A)
9,3,2,AZCAPOTZALCO,265,2,URBANO(A)
9,3,2,AZCAPOTZALCO,266,2,URBANO(A)
9,3,2,AZCAPOTZALCO,267,2,URBANO(A)
9,3,2,AZCAPOTZALCO,268,2,URBANO(A)
9,3,2,AZCAPOTZALCO,269,2,URBANO(A)
9,3,2,AZCAPOTZALCO,270,2,URBANO(A)
9,3,2,AZCAPOTZALCO,271,2,URBANO(A)
9,3,2,AZCAPOTZALCO,272,2,URBANO(A)
9,3,2,AZCAPOTZALCO,273,2,URBANO(A)
9,3,2,AZCAPOTZALCO,274,2,URBANO(A)
9,3,2,AZCAPOTZALCO,275,2,URBANO(A)
9,3,2,AZCAPOTZALCO,276,2,URBANO(A)
9,3,2,AZCAPOTZALCO,277,2,URBANO(A)
9,3,2,AZCAPOTZALCO,278,2,URBANO(A)
9,3,2,AZCAPOTZALCO,279,2,URBANO(A)
9,3,2,AZCAPOTZALCO,280,2,URBANO(A)
9,3,2,AZCAPOTZALCO,281,2,URBANO(A)
9,3,2,AZCAPOTZALCO,282,2,URBANO(A)
9,3,2,AZCAPOTZALCO,283,2,URBANO(A)
9,3,2,AZCAPOTZALCO,284,2,URBANO(A)
9,3,2,AZCAPOTZALCO,285,2,URBANO(A)
9,3,2,AZCAPOTZALCO,286,2,URBANO(A)
9,3,2,AZCAPOTZALCO,287,2,URBANO(A)
9,3,2,AZCAPOTZALCO,288,2,URBANO(A)
9,3,2,AZCAPOTZALCO,289,2,URBANO(A)
9,3,2,AZCAPOTZALCO,290,2,URBANO(A)
9,3,2,AZCAPOTZALCO,291,2,URBANO(A)
9,3,2,AZCAPOTZALCO,292,2,URBANO(A)
9,3,2,AZCAPOTZALCO,293,2,URBANO(A)
9,3,2,AZCAPOTZALCO,294,2,URBANO(A)
9,3,2,AZCAPOTZALCO,295,2,URBANO(A)
9,3,2,AZCAPOTZALCO,296,2,URBANO(A)
9,3,2,AZCAPOTZALCO,297,2,URBANO(A)
9,3,2,AZCAPOTZALCO,298,2,URBANO(A)
9,3,2,AZCAPOTZALCO,299,2,URBANO(A)
9,3,2,AZCAPOTZALCO,300,2,URBANO(A)
9,3,2,AZCAPOTZALCO,301,2,URBANO(A)
9,3,2,AZCAPOTZALCO,302,2,URBANO(A)
9,3,2,AZCAPOTZALCO,303,2,URBANO(A)
9,3,2,AZCAPOTZALCO,304,2,URBANO(A)
9,3,2,AZCAPOTZALCO,305,2,URBANO(A)
9,3,2,AZCAPOTZALCO,306,2,URBANO(A)
9,3,2,AZCAPOTZALCO,307,2,URBANO(A)
9,3,2,AZCAPOTZALCO,308,2,URBANO(A)
9,3,2,AZCAPOTZALCO,309,2,URBANO(A)
9,3,2,AZCAPOTZALCO,310,2,URBANO(A)
9,3,2,AZCAPOTZALCO,311,2,URBANO(A)
9,3,2,AZCAPOTZALCO,312,2,URBANO(A)
9,3,2,AZCAPOTZALCO,313,2,URBANO(A)
9,3,2,AZCAPOTZALCO,314,2,URBANO(A)
9,3,2,AZCAPOTZALCO,315,2,URBANO(A)
9,3,2,AZCAPOTZALCO,316,2,URBANO(A)
9,3,2,AZCAPOTZALCO,317,2,URBANO(A)
9,3,2,AZCAPOTZALCO,318,2,URBANO(A)
9,3,2,AZCAPOTZALCO,319,2,URBANO(A)
9,3,2,AZCAPOTZALCO,320,2,URBANO(A)
9,3,2,AZCAPOTZALCO,321,2,URBANO(A)
9,3,2,AZCAPOTZALCO,322,2,URBANO(A)
9,3,2,AZCAPOTZALCO,323,2,URBANO(A)
9,3,2,AZCAPOTZALCO,324,2,URBANO(A)
9,3,2,AZCAPOTZALCO,325,2,URBANO(A)
9,3,2,AZCAPOTZALCO,326,2,URBANO(A)
9,3,2,AZCAPOTZALCO,327,2,URBANO(A)
9,3,2,AZCAPOTZALCO,328,2,URBANO(A)
9,3,2,AZCAPOTZALCO,329,2,URBANO(A)
9,3,2,AZCAPOTZALCO,330,2,URBANO(A)
9,3,2,AZCAPOTZALCO,331,2,URBANO(A)
9,3,2,AZCAPOTZALCO,332,2,URBANO(A)
9,3,2,AZCAPOTZALCO,333,2,URBANO(A)
9,3,2,AZCAPOTZALCO,334,2,URBANO(A)
9,3,2,AZCAPOTZALCO,335,2,URBANO(A)
9,3,2,AZCAPOTZALCO,336,2,URBANO(A)
9,3,2,AZCAPOTZALCO,337,2,URBANO(A)
9,3,2,AZCAPOTZALCO,338,2,URBANO(A)
9,3,2,AZCAPOTZALCO,339,2,URBANO(A)
9,3,2,AZCAPOTZALCO,340,2,URBANO(A)
9,3,2,AZCAPOTZALCO,341,2,URBANO(A)
9,3,2,AZCAPOTZALCO,342,2,URBANO(A)
9,3,2,AZCAPOTZALCO,343,2,URBANO(A)
9,3,2,AZCAPOTZALCO,344,2,URBANO(A)
9,8,3,COYOACAN,345,2,URBANO(A)
9,8,3,COYOACAN,346,2,URBANO(A)
9,8,3,COYOACAN,347,2,URBANO(A)
9,8,3,COYOACAN,348,2,URBANO(A)
9,8,3,COYOACAN,349,2,URBANO(A)
9,8,3,COYOACAN,350,2,URBANO(A)
9,8,3,COYOACAN,351,2,URBANO(A)
9,8,3,COYOACAN,352,2,URBANO(A)
9,8,3,COYOACAN,353,2,URBANO(A)
9,8,3,COYOACAN,354,2,URBANO(A)
9,8,3,COYOACAN,355,2,URBANO(A)
9,8,3,COYOACAN,356,2,URBANO(A)
9,8,3,COYOACAN,357,2,URBANO(A)
9,8,3,COYOACAN,358,2,URBANO(A)
9,8,3,COYOACAN,359,2,URBANO(A)
9,8,3,COYOACAN,360,2,URBANO(A)
9,8,3,COYOACAN,361,2,URBANO(A)
9,8,3,COYOACAN,362,2,URBANO(A)
9,8,3,COYOACAN,363,2,URBANO(A)
9,8,3,COYOACAN,364,2,URBANO(A)
9,8,3,COYOACAN,365,2,URBANO(A)
9,8,3,COYOACAN,366,2,URBANO(A)
9,8,3,COYOACAN,367,2,URBANO(A)
9,8,3,COYOACAN,368,2,URBANO(A)
9,8,3,COYOACAN,369,2,URBANO(A)
9,8,3,COYOACAN,370,2,URBANO(A)
9,8,3,COYOACAN,371,2,URBANO(A)
9,8,3,COYOACAN,372,2,URBANO(A)
9,8,3,COYOACAN,373,2,URBANO(A)
9,8,3,COYOACAN,374,2,URBANO(A)
9,8,3,COYOACAN,375,2,URBANO(A)
9,8,3,COYOACAN,376,2,URBANO(A)
9,8,3,COYOACAN,377,2,URBANO(A)
9,8,3,COYOACAN,378,2,URBANO(A)
9,8,3,COYOACAN,379,2,URBANO(A)
9,8,3,COYOACAN,380,2,URBANO(A)
9,8,3,COYOACAN,381,2,URBANO(A)
9,8,3,COYOACAN,382,2,URBANO(A)
9,8,3,COYOACAN,383,2,URBANO(A)
9,8,3,COYOACAN,384,2,URBANO(A)
9,8,3,COYOACAN,385,2,URBANO(A)
9,8,3,COYOACAN,386,2,URBANO(A)
9,8,3,COYOACAN,387,2,URBANO(A)
9,8,3,COYOACAN,388,2,URBANO(A)
9,8,3,COYOACAN,389,2,URBANO(A)
9,8,3,COYOACAN,390,2,URBANO(A)
9,8,3,COYOACAN,391,2,URBANO(A)
9,8,3,COYOACAN,392,2,URBANO(A)
9,8,3,COYOACAN,393,2,URBANO(A)
9,8,3,COYOACAN,394,2,URBANO(A)
9,8,3,COYOACAN,395,2,URBANO(A)
9,8,3,COYOACAN,396,2,URBANO(A)
9,8,3,COYOACAN,397,2,URBANO(A)
9,8,3,COYOACAN,398,2,URBANO(A)
9,8,3,COYOACAN,399,2,URBANO(A)
9,8,3,COYOACAN,400,2,URBANO(A)
9,8,3,COYOACAN,401,2,URBANO(A)
9,8,3,COYOACAN,402,2,URBANO(A)
9,8,3,COYOACAN,403,2,URBANO(A)
9,8,3,COYOACAN,404,2,URBANO(A)
9,8,3,COYOACAN,405,2,URBANO(A)
9,8,3,COYOACAN,406,2,URBANO(A)
9,8,3,COYOACAN,407,2,URBANO(A)
9,8,3,COYOACAN,408,2,URBANO(A)
9,8,3,COYOACAN,409,2,URBANO(A)
9,8,3,COYOACAN,410,2,URBANO(A)
9,8,3,COYOACAN,411,2,URBANO(A)
9,8,3,COYOACAN,412,2,URBANO(A)
9,8,3,COYOACAN,413,2,URBANO(A)
9,8,3,COYOACAN,414,2,URBANO(A)
9,8,3,COYOACAN,415,2,URBANO(A)
9,8,3,COYOACAN,416,2,URBANO(A)
9,8,3,COYOACAN,417,2,URBANO(A)
9,8,3,COYOACAN,418,2,URBANO(A)
9,8,3,COYOACAN,419,2,URBANO(A)
9,8,3,COYOACAN,420,2,URBANO(A)
9,8,3,COYOACAN,421,2,URBANO(A)
9,8,3,COYOACAN,422,2,URBANO(A)
9,8,3,COYOACAN,423,2,URBANO(A)
9,8,3,COYOACAN,424,2,URBANO(A)
9,8,3,COYOACAN,425,2,URBANO(A)
9,8,3,COYOACAN,426,2,URBANO(A)
9,8,3,COYOACAN,427,2,URBANO(A)
9,8,3,COYOACAN,428,2,URBANO(A)
9,8,3,COYOACAN,429,2,URBANO(A)
9,8,3,COYOACAN,430,2,URBANO(A)
9,8,3,COYOACAN,431,2,URBANO(A)
9,8,3,COYOACAN,432,2,URBANO(A)
9,8,3,COYOACAN,433,2,URBANO(A)
9,8,3,COYOACAN,434,2,URBANO(A)
9,8,3,COYOACAN,435,2,URBANO(A)
9,8,3,COYOACAN,436,2,URBANO(A)
9,8,3,COYOACAN,437,2,URBANO(A)
9,8,3,COYOACAN,438,2,URBANO(A)
9,8,3,COYOACAN,439,2,URBANO(A)
9,8,3,COYOACAN,440,2,URBANO(A)
9,8,3,COYOACAN,441,2,URBANO(A)
9,8,3,COYOACAN,442,2,URBANO(A)
9,8,3,COYOACAN,443,2,URBANO(A)
9,8,3,COYOACAN,444,2,URBANO(A)
9,8,3,COYOACAN,445,2,URBANO(A)
9,8,3,COYOACAN,446,2,URBANO(A)
9,8,3,COYOACAN,447,2,URBANO(A)
9,8,3,COYOACAN,448,2,URBANO(A)
9,8,3,COYOACAN,449,2,URBANO(A)
9,8,3,COYOACAN,450,2,URBANO(A)
9,8,3,COYOACAN,451,2,URBANO(A)
9,8,3,COYOACAN,452,2,URBANO(A)
9,8,3,COYOACAN,453,2,URBANO(A)
9,8,3,COYOACAN,454,2,URBANO(A)
9,8,3,COYOACAN,455,2,URBANO(A)
9,8,3,COYOACAN,456,2,URBANO(A)
9,8,3,COYOACAN,457,2,URBANO(A)
9,8,3,COYOACAN,458,2,URBANO(A)
9,8,3,COYOACAN,459,2,URBANO(A)
9,8,3,COYOACAN,460,2,URBANO(A)
9,8,3,COYOACAN,461,2,URBANO(A)
9,8,3,COYOACAN,462,2,URBANO(A)
9,8,3,COYOACAN,463,2,URBANO(A)
9,8,3,COYOACAN,464,2,URBANO(A)
9,8,3,COYOACAN,465,2,URBANO(A)
9,8,3,COYOACAN,466,2,URBANO(A)
9,8,3,COYOACAN,467,2,URBANO(A)
9,8,3,COYOACAN,468,2,URBANO(A)
9,8,3,COYOACAN,469,2,URBANO(A)
9,8,3,COYOACAN,470,2,URBANO(A)
9,8,3,COYOACAN,471,2,URBANO(A)
9,8,3,COYOACAN,472,2,URBANO(A)
9,8,3,COYOACAN,473,2,URBANO(A)
9,8,3,COYOACAN,474,2,URBANO(A)
9,8,3,COYOACAN,475,2,URBANO(A)
9,8,3,COYOACAN,476,2,URBANO(A)
9,8,3,COYOACAN,477,2,URBANO(A)
9,8,3,COYOACAN,478,2,URBANO(A)
9,8,3,COYOACAN,479,2,URBANO(A)
9,8,3,COYOACAN,480,2,URBANO(A)
9,8,3,COYOACAN,481,2,URBANO(A)
9,8,3,COYOACAN,482,2,URBANO(A)
9,8,3,COYOACAN,483,2,URBANO(A)
9,8,3,COYOACAN,484,2,URBANO(A)
9,8,3,COYOACAN,485,2,URBANO(A)
9,8,3,COYOACAN,486,2,URBANO(A)
9,8,3,COYOACAN,487,2,URBANO(A)
9,8,3,COYOACAN,488,2,URBANO(A)
9,8,3,COYOACAN,489,2,URBANO(A)
9,8,3,COYOACAN,490,2,URBANO(A)
9,8,3,COYOACAN,491,2,URBANO(A)
9,8,3,COYOACAN,492,2,URBANO(A)
9,8,3,COYOACAN,493,2,URBANO(A)
9,8,3,COYOACAN,494,2,URBANO(A)
9,8,3,COYOACAN,495,2,URBANO(A)
9,8,3,COYOACAN,496,2,URBANO(A)
9,8,3,COYOACAN,497,2,URBANO(A)
9,8,3,COYOACAN,498,2,URBANO(A)
9,8,3,COYOACAN,499,2,URBANO(A)
9,8,3,COYOACAN,500,2,URBANO(A)
9,8,3,COYOACAN,501,2,URBANO(A)
9,8,3,COYOACAN,502,2,URBANO(A)
9,8,3,COYOACAN,503,2,URBANO(A)
9,8,3,COYOACAN,504,2,URBANO(A)
9,8,3,COYOACAN,505,2,URBANO(A)
9,8,3,COYOACAN,506,2,URBANO(A)
9,8,3,COYOACAN,507,2,URBANO(A)
9,8,3,COYOACAN,508,2,URBANO(A)
9,8,3,COYOACAN,509,2,URBANO(A)
9,8,3,COYOACAN,510,2,URBANO(A)
9,8,3,COYOACAN,511,2,URBANO(A)
9,8,3,COYOACAN,512,2,URBANO(A)
9,8,3,COYOACAN,513,2,URBANO(A)
9,8,3,COYOACAN,514,2,URBANO(A)
9,8,3,COYOACAN,515,2,URBANO(A)
9,19,3,COYOACAN,516,2,URBANO(A)
9,19,3,COYOACAN,517,2,URBANO(A)
9,19,3,COYOACAN,518,2,URBANO(A)
9,19,3,COYOACAN,519,2,URBANO(A)
9,19,3,COYOACAN,520,2,URBANO(A)
9,19,3,COYOACAN,521,2,URBANO(A)
9,19,3,COYOACAN,522,2,URBANO(A)
9,19,3,COYOACAN,523,2,URBANO(A)
9,8,3,COYOACAN,524,2,URBANO(A)
9,8,3,COYOACAN,525,2,URBANO(A)
9,8,3,COYOACAN,526,2,URBANO(A)
9,19,3,COYOACAN,527,2,URBANO(A)
9,19,3,COYOACAN,528,2,URBANO(A)
9,19,3,COYOACAN,529,2,URBANO(A)
9,19,3,COYOACAN,530,2,URBANO(A)
9,19,3,COYOACAN,531,2,URBANO(A)
9,19,3,COYOACAN,532,2,URBANO(A)
9,19,3,COYOACAN,533,2,URBANO(A)
9,19,3,COYOACAN,534,2,URBANO(A)
9,19,3,COYOACAN,535,2,URBANO(A)
9,19,3,COYOACAN,536,2,URBANO(A)
9,19,3,COYOACAN,537,2,URBANO(A)
9,19,3,COYOACAN,538,2,URBANO(A)
9,19,3,COYOACAN,539,2,URBANO(A)
9,19,3,COYOACAN,540,2,URBANO(A)
9,19,3,COYOACAN,541,2,URBANO(A)
9,19,3,COYOACAN,542,2,URBANO(A)
9,19,3,COYOACAN,543,2,URBANO(A)
9,19,3,COYOACAN,544,2,URBANO(A)
9,19,3,COYOACAN,545,2,URBANO(A)
9,19,3,COYOACAN,546,2,URBANO(A)
9,19,3,COYOACAN,547,2,URBANO(A)
9,19,3,COYOACAN,548,2,URBANO(A)
9,19,3,COYOACAN,549,2,URBANO(A)
9,8,3,COYOACAN,550,2,URBANO(A)
9,8,3,COYOACAN,551,2,URBANO(A)
9,19,3,COYOACAN,552,2,URBANO(A)
9,19,3,COYOACAN,553,2,URBANO(A)
9,19,3,COYOACAN,554,2,URBANO(A)
9,19,3,COYOACAN,555,2,URBANO(A)
9,19,3,COYOACAN,556,2,URBANO(A)
9,19,3,COYOACAN,557,2,URBANO(A)
9,19,3,COYOACAN,558,2,URBANO(A)
9,19,3,COYOACAN,559,2,URBANO(A)
9,19,3,COYOACAN,560,2,URBANO(A)
9,19,3,COYOACAN,561,2,URBANO(A)
9,19,3,COYOACAN,562,2,URBANO(A)
9,19,3,COYOACAN,563,2,URBANO(A)
9,19,3,COYOACAN,564,2,URBANO(A)
9,8,3,COYOACAN,565,2,URBANO(A)
9,8,3,COYOACAN,566,2,URBANO(A)
9,8,3,COYOACAN,567,2,URBANO(A)
9,19,3,COYOACAN,568,2,URBANO(A)
9,19,3,COYOACAN,569,2,URBANO(A)
9,19,3,COYOACAN,570,2,URBANO(A)
9,19,3,COYOACAN,571,2,URBANO(A)
9,19,3,COYOACAN,572,2,URBANO(A)
9,19,3,COYOACAN,573,2,URBANO(A)
9,19,3,COYOACAN,574,2,URBANO(A)
9,19,3,COYOACAN,575,2,URBANO(A)
9,19,3,COYOACAN,576,2,URBANO(A)
9,19,3,COYOACAN,577,2,URBANO(A)
9,19,3,COYOACAN,578,2,URBANO(A)
9,19,3,COYOACAN,579,2,URBANO(A)
9,19,3,COYOACAN,580,2,URBANO(A)
9,19,3,COYOACAN,581,2,URBANO(A)
9,19,3,COYOACAN,582,2,URBANO(A)
9,19,3,COYOACAN,583,2,URBANO(A)
9,19,3,COYOACAN,584,2,URBANO(A)
9,8,3,COYOACAN,585,2,URBANO(A)
9,8,3,COYOACAN,586,2,URBANO(A)
9,8,3,COYOACAN,587,2,URBANO(A)
9,8,3,COYOACAN,588,2,URBANO(A)
9,19,3,COYOACAN,589,2,URBANO(A)
9,19,3,COYOACAN,590,2,URBANO(A)
9,19,3,COYOACAN,591,2,URBANO(A)
9,19,3,COYOACAN,592,2,URBANO(A)
9,19,3,COYOACAN,593,2,URBANO(A)
9,19,3,COYOACAN,594,2,URBANO(A)
9,19,3,COYOACAN,595,2,URBANO(A)
9,19,3,COYOACAN,596,2,URBANO(A)
9,19,3,COYOACAN,597,2,URBANO(A)
9,19,3,COYOACAN,598,2,URBANO(A)
9,19,3,COYOACAN,599,2,URBANO(A)
9,19,3,COYOACAN,600,2,URBANO(A)
9,19,3,COYOACAN,601,2,URBANO(A)
9,19,3,COYOACAN,602,2,URBANO(A)
9,19,3,COYOACAN,603,2,URBANO(A)
9,8,3,COYOACAN,604,2,URBANO(A)
9,8,3,COYOACAN,605,2,URBANO(A)
9,8,3,COYOACAN,606,2,URBANO(A)
9,19,3,COYOACAN,607,2,URBANO(A)
9,19,3,COYOACAN,608,2,URBANO(A)
9,19,3,COYOACAN,609,2,URBANO(A)
9,19,3,COYOACAN,610,2,URBANO(A)
9,19,3,COYOACAN,611,2,URBANO(A)
9,19,3,COYOACAN,612,2,URBANO(A)
9,19,3,COYOACAN,613,2,URBANO(A)
9,19,3,COYOACAN,614,2,URBANO(A)
9,19,3,COYOACAN,615,2,URBANO(A)
9,19,3,COYOACAN,616,2,URBANO(A)
9,19,3,COYOACAN,617,2,URBANO(A)
9,19,3,COYOACAN,618,2,URBANO(A)
9,19,3,COYOACAN,619,2,URBANO(A)
9,19,3,COYOACAN,620,2,URBANO(A)
9,8,3,COYOACAN,621,2,URBANO(A)
9,8,3,COYOACAN,622,2,URBANO(A)
9,8,3,COYOACAN,623,2,URBANO(A)
9,8,3,COYOACAN,624,2,URBANO(A)
9,8,3,COYOACAN,625,2,URBANO(A)
9,8,3,COYOACAN,626,2,URBANO(A)
9,19,3,COYOACAN,627,2,URBANO(A)
9,19,3,COYOACAN,628,2,URBANO(A)
9,19,3,COYOACAN,629,2,URBANO(A)
9,19,3,COYOACAN,630,2,URBANO(A)
9,19,3,COYOACAN,631,2,URBANO(A)
9,19,3,COYOACAN,632,2,URBANO(A)
9,19,3,COYOACAN,633,2,URBANO(A)
9,19,3,COYOACAN,634,2,URBANO(A)
9,19,3,COYOACAN,635,2,URBANO(A)
9,19,3,COYOACAN,636,2,URBANO(A)
9,19,3,COYOACAN,637,2,URBANO(A)
9,19,3,COYOACAN,638,2,URBANO(A)
9,19,3,COYOACAN,639,2,URBANO(A)
9,19,3,COYOACAN,640,2,URBANO(A)
9,19,3,COYOACAN,641,2,URBANO(A)
9,19,3,COYOACAN,642,2,URBANO(A)
9,19,3,COYOACAN,643,2,URBANO(A)
9,8,3,COYOACAN,644,2,URBANO(A)
9,8,3,COYOACAN,645,2,URBANO(A)
9,8,3,COYOACAN,646,2,URBANO(A)
9,8,3,COYOACAN,647,2,URBANO(A)
9,8,3,COYOACAN,648,2,URBANO(A)
9,8,3,COYOACAN,649,2,URBANO(A)
9,19,3,COYOACAN,650,2,URBANO(A)
9,19,3,COYOACAN,651,2,URBANO(A)
9,19,3,COYOACAN,652,2,URBANO(A)
9,19,3,COYOACAN,653,2,URBANO(A)
9,19,3,COYOACAN,654,2,URBANO(A)
9,19,3,COYOACAN,655,2,URBANO(A)
9,19,3,COYOACAN,656,2,URBANO(A)
9,19,3,COYOACAN,657,2,URBANO(A)
9,19,3,COYOACAN,658,2,URBANO(A)
9,19,3,COYOACAN,659,2,URBANO(A)
9,19,3,COYOACAN,660,2,URBANO(A)
9,19,3,COYOACAN,661,2,URBANO(A)
9,19,3,COYOACAN,662,2,URBANO(A)
9,19,3,COYOACAN,663,2,URBANO(A)
9,19,3,COYOACAN,664,2,URBANO(A)
9,19,3,COYOACAN,665,2,URBANO(A)
9,19,3,COYOACAN,666,2,URBANO(A)
9,19,3,COYOACAN,667,2,URBANO(A)
9,19,3,COYOACAN,668,2,URBANO(A)
9,19,3,COYOACAN,669,2,URBANO(A)
9,19,3,COYOACAN,670,2,URBANO(A)
9,19,3,COYOACAN,671,2,URBANO(A)
9,19,3,COYOACAN,672,2,URBANO(A)
9,19,3,COYOACAN,673,2,URBANO(A)
9,19,3,COYOACAN,674,2,URBANO(A)
9,19,3,COYOACAN,675,2,URBANO(A)
9,19,3,COYOACAN,676,2,URBANO(A)
9,8,3,COYOACAN,677,2,URBANO(A)
9,8,3,COYOACAN,678,2,URBANO(A)
9,8,3,COYOACAN,679,2,URBANO(A)
9,19,3,COYOACAN,680,2,URBANO(A)
9,19,3,COYOACAN,681,2,URBANO(A)
9,19,3,COYOACAN,682,2,URBANO(A)
9,8,3,COYOACAN,683,2,URBANO(A)
9,19,3,COYOACAN,684,2,URBANO(A)
9,19,3,COYOACAN,685,2,URBANO(A)
9,19,3,COYOACAN,686,2,URBANO(A)
9,19,3,COYOACAN,687,2,URBANO(A)
9,19,3,COYOACAN,688,2,URBANO(A)
9,19,3,COYOACAN,689,2,URBANO(A)
9,19,3,COYOACAN,690,2,URBANO(A)
9,8,3,COYOACAN,691,2,URBANO(A)
9,19,3,COYOACAN,692,2,URBANO(A)
9,8,3,COYOACAN,693,2,URBANO(A)
9,8,3,COYOACAN,694,2,URBANO(A)
9,8,3,COYOACAN,695,2,URBANO(A)
9,8,3,COYOACAN,696,2,URBANO(A)
9,8,3,COYOACAN,697,2,URBANO(A)
9,8,3,COYOACAN,698,2,URBANO(A)
9,8,3,COYOACAN,699,2,URBANO(A)
9,8,3,COYOACAN,700,2,URBANO(A)
9,8,3,COYOACAN,701,2,URBANO(A)
9,8,3,COYOACAN,702,2,URBANO(A)
9,8,3,COYOACAN,703,2,URBANO(A)
9,8,3,COYOACAN,704,2,URBANO(A)
9,8,3,COYOACAN,705,2,URBANO(A)
9,8,3,COYOACAN,706,2,URBANO(A)
9,8,3,COYOACAN,707,2,URBANO(A)
9,8,3,COYOACAN,708,2,URBANO(A)
9,8,3,COYOACAN,709,2,URBANO(A)
9,8,3,COYOACAN,710,2,URBANO(A)
9,8,3,COYOACAN,711,2,URBANO(A)
9,8,3,COYOACAN,712,2,URBANO(A)
9,8,3,COYOACAN,713,2,URBANO(A)
9,8,3,COYOACAN,714,2,URBANO(A)
9,8,3,COYOACAN,715,2,URBANO(A)
9,8,3,COYOACAN,716,2,URBANO(A)
9,8,3,COYOACAN,717,2,URBANO(A)
9,8,3,COYOACAN,718,2,URBANO(A)
9,8,3,COYOACAN,719,2,URBANO(A)
9,8,3,COYOACAN,720,2,URBANO(A)
9,8,3,COYOACAN,721,2,URBANO(A)
9,8,3,COYOACAN,722,2,URBANO(A)
9,8,3,COYOACAN,723,2,URBANO(A)
9,8,3,COYOACAN,724,2,URBANO(A)
9,8,3,COYOACAN,725,2,URBANO(A)
9,8,3,COYOACAN,726,2,URBANO(A)
9,8,3,COYOACAN,727,2,URBANO(A)
9,8,3,COYOACAN,728,2,URBANO(A)
9,8,3,COYOACAN,729,2,URBANO(A)
9,8,3,COYOACAN,730,2,URBANO(A)
9,8,3,COYOACAN,731,2,URBANO(A)
9,8,3,COYOACAN,732,2,URBANO(A)
9,8,3,COYOACAN,733,2,URBANO(A)
9,8,3,COYOACAN,734,2,URBANO(A)
9,8,3,COYOACAN,735,2,URBANO(A)
9,8,3,COYOACAN,736,2,URBANO(A)
9,8,3,COYOACAN,737,2,URBANO(A)
9,8,3,COYOACAN,738,2,URBANO(A)
9,8,3,COYOACAN,739,2,URBANO(A)
9,8,3,COYOACAN,740,2,URBANO(A)
9,8,3,COYOACAN,741,2,URBANO(A)
9,8,3,COYOACAN,742,2,URBANO(A)
9,8,3,COYOACAN,743,2,URBANO(A)
9,8,3,COYOACAN,744,2,URBANO(A)
9,8,3,COYOACAN,745,2,URBANO(A)
9,8,3,COYOACAN,746,2,URBANO(A)
9,17,4,CUAJIMALPA DE MORELOS,747,2,URBANO(A)
9,17,4,CUAJIMALPA DE MORELOS,748,2,URBANO(A)
9,17,4,CUAJIMALPA DE MORELOS,749,2,URBANO(A)
9,17,4,CUAJIMALPA DE MORELOS,750,2,URBANO(A)
9,17,4,CUAJIMALPA DE MORELOS,751,2,URBANO(A)
9,17,4,CUAJIMALPA DE MORELOS,752,2,URBANO(A)
9,17,4,CUAJIMALPA DE MORELOS,753,2,URBANO(A)
9,17,4,CUAJIMALPA DE MORELOS,754,2,URBANO(A)
9,17,4,CUAJIMALPA DE MORELOS,755,2,URBANO(A)
9,17,4,CUAJIMALPA DE MORELOS,756,2,URBANO(A)
9,17,4,CUAJIMALPA DE MORELOS,757,2,URBANO(A)
9,17,4,CUAJIMALPA DE MORELOS,758,2,URBANO(A)
9,17,4,CUAJIMALPA DE MORELOS,759,2,URBANO(A)
9,17,4,CUAJIMALPA DE MORELOS,760,2,URBANO(A)
9,17,4,CUAJIMALPA DE MORELOS,761,2,URBANO(A)
9,17,4,CUAJIMALPA DE MORELOS,762,2,URBANO(A)
9,17,4,CUAJIMALPA DE MORELOS,763,2,URBANO(A)
9,17,4,CUAJIMALPA DE MORELOS,764,2,URBANO(A)
9,17,4,CUAJIMALPA DE MORELOS,765,2,URBANO(A)
9,17,4,CUAJIMALPA DE MORELOS,766,2,URBANO(A)
9,17,4,CUAJIMALPA DE MORELOS,767,2,URBANO(A)
9,17,4,CUAJIMALPA DE MORELOS,768,2,URBANO(A)
9,17,4,CUAJIMALPA DE MORELOS,769,2,URBANO(A)
9,17,4,CUAJIMALPA DE MORELOS,770,2,URBANO(A)
9,17,4,CUAJIMALPA DE MORELOS,771,2,URBANO(A)
9,17,4,CUAJIMALPA DE MORELOS,772,2,URBANO(A)
9,17,4,CUAJIMALPA DE MORELOS,773,2,URBANO(A)
9,17,4,CUAJIMALPA DE MORELOS,774,2,URBANO(A)
9,17,4,CUAJIMALPA DE MORELOS,775,2,URBANO(A)
9,17,4,CUAJIMALPA DE MORELOS,776,2,URBANO(A)
9,17,4,CUAJIMALPA DE MORELOS,777,2,URBANO(A)
9,17,4,CUAJIMALPA DE MORELOS,778,2,URBANO(A)
9,17,4,CUAJIMALPA DE MORELOS,779,2,URBANO(A)
9,17,4,CUAJIMALPA DE MORELOS,780,2,URBANO(A)
9,17,4,CUAJIMALPA DE MORELOS,781,2,URBANO(A)
9,17,4,CUAJIMALPA DE MORELOS,782,2,URBANO(A)
9,17,4,CUAJIMALPA DE MORELOS,783,2,URBANO(A)
9,17,4,CUAJIMALPA DE MORELOS,784,2,URBANO(A)
9,17,4,CUAJIMALPA DE MORELOS,785,2,URBANO(A)
9,17,4,CUAJIMALPA DE MORELOS,786,2,URBANO(A)
9,17,4,CUAJIMALPA DE MORELOS,787,2,URBANO(A)
9,17,4,CUAJIMALPA DE MORELOS,788,2,URBANO(A)
9,17,4,CUAJIMALPA DE MORELOS,789,2,URBANO(A)
9,17,4,CUAJIMALPA DE MORELOS,790,2,URBANO(A)
9,17,4,CUAJIMALPA DE MORELOS,791,2,URBANO(A)
9,17,4,CUAJIMALPA DE MORELOS,792,2,URBANO(A)
9,17,4,CUAJIMALPA DE MORELOS,793,2,URBANO(A)
9,17,4,CUAJIMALPA DE MORELOS,794,2,URBANO(A)
9,17,4,CUAJIMALPA DE MORELOS,795,2,URBANO(A)
9,17,4,CUAJIMALPA DE MORELOS,796,2,URBANO(A)
9,17,4,CUAJIMALPA DE MORELOS,797,2,URBANO(A)
9,17,4,CUAJIMALPA DE MORELOS,798,2,URBANO(A)
9,17,4,CUAJIMALPA DE MORELOS,799,2,URBANO(A)
9,17,4,CUAJIMALPA DE MORELOS,800,2,URBANO(A)
9,17,4,CUAJIMALPA DE MORELOS,801,2,URBANO(A)
9,17,4,CUAJIMALPA DE MORELOS,802,2,URBANO(A)
9,17,4,CUAJIMALPA DE MORELOS,803,2,URBANO(A)
9,17,4,CUAJIMALPA DE MORELOS,804,2,URBANO(A)
9,17,4,CUAJIMALPA DE MORELOS,805,3,MIXTO(A)
9,17,4,CUAJIMALPA DE MORELOS,806,2,URBANO(A)
9,17,4,CUAJIMALPA DE MORELOS,807,2,URBANO(A)
9,17,4,CUAJIMALPA DE MORELOS,808,2,URBANO(A)
9,17,4,CUAJIMALPA DE MORELOS,809,2,URBANO(A)
9,17,4,CUAJIMALPA DE MORELOS,810,2,URBANO(A)
9,17,4,CUAJIMALPA DE MORELOS,811,2,URBANO(A)
9,17,4,CUAJIMALPA DE MORELOS,812,2,URBANO(A)
9,17,4,CUAJIMALPA DE MORELOS,813,2,URBANO(A)
9,17,4,CUAJIMALPA DE MORELOS,814,2,URBANO(A)
9,17,4,CUAJIMALPA DE MORELOS,815,2,URBANO(A)
9,17,4,CUAJIMALPA DE MORELOS,816,2,URBANO(A)
9,17,4,CUAJIMALPA DE MORELOS,817,2,URBANO(A)
9,17,4,CUAJIMALPA DE MORELOS,818,2,URBANO(A)
9,17,4,CUAJIMALPA DE MORELOS,819,2,URBANO(A)
9,17,4,CUAJIMALPA DE MORELOS,820,2,URBANO(A)
9,1,5,GUSTAVO A. MADERO,821,2,URBANO(A)
9,1,5,GUSTAVO A. MADERO,822,2,URBANO(A)
9,1,5,GUSTAVO A. MADERO,823,2,URBANO(A)
9,1,5,GUSTAVO A. MADERO,824,2,URBANO(A)
9,1,5,GUSTAVO A. MADERO,825,2,URBANO(A)
9,1,5,GUSTAVO A. MADERO,826,2,URBANO(A)
9,1,5,GUSTAVO A. MADERO,827,2,URBANO(A)
9,1,5,GUSTAVO A. MADERO,828,2,URBANO(A)
9,1,5,GUSTAVO A. MADERO,829,2,URBANO(A)
9,1,5,GUSTAVO A. MADERO,830,2,URBANO(A)
9,1,5,GUSTAVO A. MADERO,831,2,URBANO(A)
9,1,5,GUSTAVO A. MADERO,832,2,URBANO(A)
9,1,5,GUSTAVO A. MADERO,833,2,URBANO(A)
9,1,5,GUSTAVO A. MADERO,834,2,URBANO(A)
9,1,5,GUSTAVO A. MADERO,835,2,URBANO(A)
9,1,5,GUSTAVO A. MADERO,836,2,URBANO(A)
9,1,5,GUSTAVO A. MADERO,837,2,URBANO(A)
9,1,5,GUSTAVO A. MADERO,838,2,URBANO(A)
9,1,5,GUSTAVO A. MADERO,839,2,URBANO(A)
9,1,5,GUSTAVO A. MADERO,840,2,URBANO(A)
9,1,5,GUSTAVO A. MADERO,841,2,URBANO(A)
9,1,5,GUSTAVO A. MADERO,842,2,URBANO(A)
9,1,5,GUSTAVO A. MADERO,843,2,URBANO(A)
9,1,5,GUSTAVO A. MADERO,844,2,URBANO(A)
9,1,5,GUSTAVO A. MADERO,845,2,URBANO(A)
9,1,5,GUSTAVO A. MADERO,846,2,URBANO(A)
9,1,5,GUSTAVO A. MADERO,847,2,URBANO(A)
9,1,5,GUSTAVO A. MADERO,848,2,URBANO(A)
9,1,5,GUSTAVO A. MADERO,849,2,URBANO(A)
9,1,5,GUSTAVO A. MADERO,850,2,URBANO(A)
9,1,5,GUSTAVO A. MADERO,851,2,URBANO(A)
9,1,5,GUSTAVO A. MADERO,852,2,URBANO(A)
9,1,5,GUSTAVO A. MADERO,853,2,URBANO(A)
9,1,5,GUSTAVO A. MADERO,854,2,URBANO(A)
9,1,5,GUSTAVO A. MADERO,855,2,URBANO(A)
9,1,5,GUSTAVO A. MADERO,856,2,URBANO(A)
9,1,5,GUSTAVO A. MADERO,857,2,URBANO(A)
9,1,5,GUSTAVO A. MADERO,858,2,URBANO(A)
9,1,5,GUSTAVO A. MADERO,859,2,URBANO(A)
9,1,5,GUSTAVO A. MADERO,860,2,URBANO(A)
9,1,5,GUSTAVO A. MADERO,861,2,URBANO(A)
9,1,5,GUSTAVO A. MADERO,862,2,URBANO(A)
9,1,5,GUSTAVO A. MADERO,863,2,URBANO(A)
9,1,5,GUSTAVO A. MADERO,864,2,URBANO(A)
9,1,5,GUSTAVO A. MADERO,866,2,URBANO(A)
9,1,5,GUSTAVO A. MADERO,867,2,URBANO(A)
9,1,5,GUSTAVO A. MADERO,868,2,URBANO(A)
9,1,5,GUSTAVO A. MADERO,869,2,URBANO(A)
9,1,5,GUSTAVO A. MADERO,870,2,URBANO(A)
9,1,5,GUSTAVO A. MADERO,871,2,URBANO(A)
9,1,5,GUSTAVO A. MADERO,872,2,URBANO(A)
9,1,5,GUSTAVO A. MADERO,873,2,URBANO(A)
9,1,5,GUSTAVO A. MADERO,874,2,URBANO(A)
9,1,5,GUSTAVO A. MADERO,875,2,URBANO(A)
9,1,5,GUSTAVO A. MADERO,876,2,URBANO(A)
9,1,5,GUSTAVO A. MADERO,877,2,URBANO(A)
9,1,5,GUSTAVO A. MADERO,878,2,URBANO(A)
9,1,5,GUSTAVO A. MADERO,879,2,URBANO(A)
9,1,5,GUSTAVO A. MADERO,880,2,URBANO(A)
9,1,5,GUSTAVO A. MADERO,881,2,URBANO(A)
9,1,5,GUSTAVO A. MADERO,882,2,URBANO(A)
9,1,5,GUSTAVO A. MADERO,883,2,URBANO(A)
9,1,5,GUSTAVO A. MADERO,884,2,URBANO(A)
9,1,5,GUSTAVO A. MADERO,885,2,URBANO(A)
9,1,5,GUSTAVO A. MADERO,886,2,URBANO(A)
9,1,5,GUSTAVO A. MADERO,887,2,URBANO(A)
9,1,5,GUSTAVO A. MADERO,888,2,URBANO(A)
9,1,5,GUSTAVO A. MADERO,889,2,URBANO(A)
9,1,5,GUSTAVO A. MADERO,890,2,URBANO(A)
9,1,5,GUSTAVO A. MADERO,891,2,URBANO(A)
9,1,5,GUSTAVO A. MADERO,892,2,URBANO(A)
9,1,5,GUSTAVO A. MADERO,893,2,URBANO(A)
9,1,5,GUSTAVO A. MADERO,894,2,URBANO(A)
9,1,5,GUSTAVO A. MADERO,895,2,URBANO(A)
9,1,5,GUSTAVO A. MADERO,896,2,URBANO(A)
9,1,5,GUSTAVO A. MADERO,897,2,URBANO(A)
9,1,5,GUSTAVO A. MADERO,898,2,URBANO(A)
9,1,5,GUSTAVO A. MADERO,899,2,URBANO(A)
9,1,5,GUSTAVO A. MADERO,900,2,URBANO(A)
9,1,5,GUSTAVO A. MADERO,901,2,URBANO(A)
9,1,5,GUSTAVO A. MADERO,902,2,URBANO(A)
9,1,5,GUSTAVO A. MADERO,903,2,URBANO(A)
9,1,5,GUSTAVO A. MADERO,904,2,URBANO(A)
9,1,5,GUSTAVO A. MADERO,905,2,URBANO(A)
9,1,5,GUSTAVO A. MADERO,906,2,URBANO(A)
9,1,5,GUSTAVO A. MADERO,907,2,URBANO(A)
9,1,5,GUSTAVO A. MADERO,908,2,URBANO(A)
9,1,5,GUSTAVO A. MADERO,909,2,URBANO(A)
9,1,5,GUSTAVO A. MADERO,910,2,URBANO(A)
9,1,5,GUSTAVO A. MADERO,911,2,URBANO(A)
9,1,5,GUSTAVO A. MADERO,912,2,URBANO(A)
9,1,5,GUSTAVO A. MADERO,913,2,URBANO(A)
9,1,5,GUSTAVO A. MADERO,914,2,URBANO(A)
9,1,5,GUSTAVO A. MADERO,915,2,URBANO(A)
9,1,5,GUSTAVO A. MADERO,916,2,URBANO(A)
9,1,5,GUSTAVO A. MADERO,917,2,URBANO(A)
9,1,5,GUSTAVO A. MADERO,918,2,URBANO(A)
9,1,5,GUSTAVO A. MADERO,919,2,URBANO(A)
9,1,5,GUSTAVO A. MADERO,920,2,URBANO(A)
9,1,5,GUSTAVO A. MADERO,921,2,URBANO(A)
9,1,5,GUSTAVO A. MADERO,922,2,URBANO(A)
9,1,5,GUSTAVO A. MADERO,923,2,URBANO(A)
9,1,5,GUSTAVO A. MADERO,924,2,URBANO(A)
9,1,5,GUSTAVO A. MADERO,925,2,URBANO(A)
9,1,5,GUSTAVO A. MADERO,926,2,URBANO(A)
9,1,5,GUSTAVO A. MADERO,927,2,URBANO(A)
9,1,5,GUSTAVO A. MADERO,928,2,URBANO(A)
9,1,5,GUSTAVO A. MADERO,929,2,URBANO(A)
9,1,5,GUSTAVO A. MADERO,930,2,URBANO(A)
9,1,5,GUSTAVO A. MADERO,931,2,URBANO(A)
9,1,5,GUSTAVO A. MADERO,932,2,URBANO(A)
9,1,5,GUSTAVO A. MADERO,933,2,URBANO(A)
9,1,5,GUSTAVO A. MADERO,934,2,URBANO(A)
9,1,5,GUSTAVO A. MADERO,935,2,URBANO(A)
9,1,5,GUSTAVO A. MADERO,936,2,URBANO(A)
9,1,5,GUSTAVO A. MADERO,937,2,URBANO(A)
9,1,5,GUSTAVO A. MADERO,938,2,URBANO(A)
9,1,5,GUSTAVO A. MADERO,939,2,URBANO(A)
9,1,5,GUSTAVO A. MADERO,940,2,URBANO(A)
9,1,5,GUSTAVO A. MADERO,941,2,URBANO(A)
9,1,5,GUSTAVO A. MADERO,942,2,URBANO(A)
9,1,5,GUSTAVO A. MADERO,943,2,URBANO(A)
9,1,5,GUSTAVO A. MADERO,944,2,URBANO(A)
9,1,5,GUSTAVO A. MADERO,945,2,URBANO(A)
9,1,5,GUSTAVO A. MADERO,946,2,URBANO(A)
9,1,5,GUSTAVO A. MADERO,947,2,URBANO(A)
9,1,5,GUSTAVO A. MADERO,948,2,URBANO(A)
9,1,5,GUSTAVO A. MADERO,949,2,URBANO(A)
9,1,5,GUSTAVO A. MADERO,950,2,URBANO(A)
9,1,5,GUSTAVO A. MADERO,951,2,URBANO(A)
9,1,5,GUSTAVO A. MADERO,952,2,URBANO(A)
9,1,5,GUSTAVO A. MADERO,953,2,URBANO(A)
9,1,5,GUSTAVO A. MADERO,954,2,URBANO(A)
9,1,5,GUSTAVO A. MADERO,955,2,URBANO(A)
9,1,5,GUSTAVO A. MADERO,956,2,URBANO(A)
9,1,5,GUSTAVO A. MADERO,957,2,URBANO(A)
9,1,5,GUSTAVO A. MADERO,958,2,URBANO(A)
9,1,5,GUSTAVO A. MADERO,959,2,URBANO(A)
9,1,5,GUSTAVO A. MADERO,960,2,URBANO(A)
9,1,5,GUSTAVO A. MADERO,961,2,URBANO(A)
9,1,5,GUSTAVO A. MADERO,962,2,URBANO(A)
9,1,5,GUSTAVO A. MADERO,963,2,URBANO(A)
9,1,5,GUSTAVO A. MADERO,964,2,URBANO(A)
9,1,5,GUSTAVO A. MADERO,965,2,URBANO(A)
9,1,5,GUSTAVO A. MADERO,966,2,URBANO(A)
9,1,5,GUSTAVO A. MADERO,967,2,URBANO(A)
9,1,5,GUSTAVO A. MADERO,968,2,URBANO(A)
9,1,5,GUSTAVO A. MADERO,969,2,URBANO(A)
9,1,5,GUSTAVO A. MADERO,970,2,URBANO(A)
9,1,5,GUSTAVO A. MADERO,971,2,URBANO(A)
9,1,5,GUSTAVO A. MADERO,972,2,URBANO(A)
9,1,5,GUSTAVO A. MADERO,973,2,URBANO(A)
9,1,5,GUSTAVO A. MADERO,974,2,URBANO(A)
9,1,5,GUSTAVO A. MADERO,975,2,URBANO(A)
9,1,5,GUSTAVO A. MADERO,976,2,URBANO(A)
9,1,5,GUSTAVO A. MADERO,977,2,URBANO(A)
9,1,5,GUSTAVO A. MADERO,978,2,URBANO(A)
9,1,5,GUSTAVO A. MADERO,979,2,URBANO(A)
9,1,5,GUSTAVO A. MADERO,980,2,URBANO(A)
9,1,5,GUSTAVO A. MADERO,981,2,URBANO(A)
9,1,5,GUSTAVO A. MADERO,982,2,URBANO(A)
9,1,5,GUSTAVO A. MADERO,983,2,URBANO(A)
9,1,5,GUSTAVO A. MADERO,984,2,URBANO(A)
9,1,5,GUSTAVO A. MADERO,985,2,URBANO(A)
9,1,5,GUSTAVO A. MADERO,986,2,URBANO(A)
9,1,5,GUSTAVO A. MADERO,988,2,URBANO(A)
9,1,5,GUSTAVO A. MADERO,989,2,URBANO(A)
9,1,5,GUSTAVO A. MADERO,990,2,URBANO(A)
9,1,5,GUSTAVO A. MADERO,991,2,URBANO(A)
9,1,5,GUSTAVO A. MADERO,992,2,URBANO(A)
9,1,5,GUSTAVO A. MADERO,993,2,URBANO(A)
9,1,5,GUSTAVO A. MADERO,994,2,URBANO(A)
9,1,5,GUSTAVO A. MADERO,995,2,URBANO(A)
9,1,5,GUSTAVO A. MADERO,996,2,URBANO(A)
9,1,5,GUSTAVO A. MADERO,997,2,URBANO(A)
9,1,5,GUSTAVO A. MADERO,998,2,URBANO(A)
9,1,5,GUSTAVO A. MADERO,999,2,URBANO(A)
9,1,5,GUSTAVO A. MADERO,1000,2,URBANO(A)
9,1,5,GUSTAVO A. MADERO,1001,2,URBANO(A)
9,1,5,GUSTAVO A. MADERO,1002,2,URBANO(A)
9,1,5,GUSTAVO A. MADERO,1003,2,URBANO(A)
9,1,5,GUSTAVO A. MADERO,1004,2,URBANO(A)
9,1,5,GUSTAVO A. MADERO,1005,2,URBANO(A)
9,1,5,GUSTAVO A. MADERO,1006,2,URBANO(A)
9,1,5,GUSTAVO A. MADERO,1007,2,URBANO(A)
9,1,5,GUSTAVO A. MADERO,1008,2,URBANO(A)
9,1,5,GUSTAVO A. MADERO,1009,2,URBANO(A)
9,1,5,GUSTAVO A. MADERO,1010,2,URBANO(A)
9,1,5,GUSTAVO A. MADERO,1011,2,URBANO(A)
9,1,5,GUSTAVO A. MADERO,1012,2,URBANO(A)
9,1,5,GUSTAVO A. MADERO,1013,2,URBANO(A)
9,1,5,GUSTAVO A. MADERO,1014,2,URBANO(A)
9,1,5,GUSTAVO A. MADERO,1015,2,URBANO(A)
9,1,5,GUSTAVO A. MADERO,1016,2,URBANO(A)
9,1,5,GUSTAVO A. MADERO,1017,2,URBANO(A)
9,1,5,GUSTAVO A. MADERO,1018,2,URBANO(A)
9,1,5,GUSTAVO A. MADERO,1019,2,URBANO(A)
9,1,5,GUSTAVO A. MADERO,1020,2,URBANO(A)
9,1,5,GUSTAVO A. MADERO,1021,2,URBANO(A)
9,1,5,GUSTAVO A. MADERO,1022,2,URBANO(A)
9,1,5,GUSTAVO A. MADERO,1023,2,URBANO(A)
9,1,5,GUSTAVO A. MADERO,1024,2,URBANO(A)
9,1,5,GUSTAVO A. MADERO,1025,2,URBANO(A)
9,1,5,GUSTAVO A. MADERO,1026,2,URBANO(A)
9,1,5,GUSTAVO A. MADERO,1027,2,URBANO(A)
9,1,5,GUSTAVO A. MADERO,1028,2,URBANO(A)
9,1,5,GUSTAVO A. MADERO,1029,2,URBANO(A)
9,1,5,GUSTAVO A. MADERO,1030,2,URBANO(A)
9,1,5,GUSTAVO A. MADERO,1031,2,URBANO(A)
9,1,5,GUSTAVO A. MADERO,1032,2,URBANO(A)
9,1,5,GUSTAVO A. MADERO,1033,2,URBANO(A)
9,1,5,GUSTAVO A. MADERO,1034,2,URBANO(A)
9,1,5,GUSTAVO A. MADERO,1035,2,URBANO(A)
9,1,5,GUSTAVO A. MADERO,1036,2,URBANO(A)
9,1,5,GUSTAVO A. MADERO,1037,2,URBANO(A)
9,1,5,GUSTAVO A. MADERO,1038,2,URBANO(A)
9,1,5,GUSTAVO A. MADERO,1039,2,URBANO(A)
9,1,5,GUSTAVO A. MADERO,1040,2,URBANO(A)
9,1,5,GUSTAVO A. MADERO,1041,2,URBANO(A)
9,1,5,GUSTAVO A. MADERO,1042,2,URBANO(A)
9,1,5,GUSTAVO A. MADERO,1043,2,URBANO(A)
9,1,5,GUSTAVO A. MADERO,1044,2,URBANO(A)
9,1,5,GUSTAVO A. MADERO,1045,2,URBANO(A)
9,1,5,GUSTAVO A. MADERO,1046,2,URBANO(A)
9,1,5,GUSTAVO A. MADERO,1047,2,URBANO(A)
9,1,5,GUSTAVO A. MADERO,1048,2,URBANO(A)
9,1,5,GUSTAVO A. MADERO,1049,2,URBANO(A)
9,1,5,GUSTAVO A. MADERO,1050,2,URBANO(A)
9,1,5,GUSTAVO A. MADERO,1051,2,URBANO(A)
9,1,5,GUSTAVO A. MADERO,1052,2,URBANO(A)
9,1,5,GUSTAVO A. MADERO,1053,2,URBANO(A)
9,1,5,GUSTAVO A. MADERO,1054,2,URBANO(A)
9,1,5,GUSTAVO A. MADERO,1055,2,URBANO(A)
9,1,5,GUSTAVO A. MADERO,1056,2,URBANO(A)
9,1,5,GUSTAVO A. MADERO,1057,2,URBANO(A)
9,1,5,GUSTAVO A. MADERO,1058,2,URBANO(A)
9,2,5,GUSTAVO A. MADERO,1059,2,URBANO(A)
9,2,5,GUSTAVO A. MADERO,1060,2,URBANO(A)
9,2,5,GUSTAVO A. MADERO,1061,2,URBANO(A)
9,2,5,GUSTAVO A. MADERO,1062,2,URBANO(A)
9,2,5,GUSTAVO A. MADERO,1063,2,URBANO(A)
9,2,5,GUSTAVO A. MADERO,1064,2,URBANO(A)
9,2,5,GUSTAVO A. MADERO,1065,2,URBANO(A)
9,2,5,GUSTAVO A. MADERO,1066,2,URBANO(A)
9,2,5,GUSTAVO A. MADERO,1067,2,URBANO(A)
9,2,5,GUSTAVO A. MADERO,1068,2,URBANO(A)
9,2,5,GUSTAVO A. MADERO,1069,2,URBANO(A)
9,1,5,GUSTAVO A. MADERO,1070,2,URBANO(A)
9,1,5,GUSTAVO A. MADERO,1071,2,URBANO(A)
9,1,5,GUSTAVO A. MADERO,1072,2,URBANO(A)
9,1,5,GUSTAVO A. MADERO,1073,2,URBANO(A)
9,1,5,GUSTAVO A. MADERO,1074,2,URBANO(A)
9,1,5,GUSTAVO A. MADERO,1075,2,URBANO(A)
9,1,5,GUSTAVO A. MADERO,1076,2,URBANO(A)
9,1,5,GUSTAVO A. MADERO,1077,2,URBANO(A)
9,1,5,GUSTAVO A. MADERO,1078,2,URBANO(A)
9,2,5,GUSTAVO A. MADERO,1079,2,URBANO(A)
9,2,5,GUSTAVO A. MADERO,1080,2,URBANO(A)
9,2,5,GUSTAVO A. MADERO,1081,2,URBANO(A)
9,2,5,GUSTAVO A. MADERO,1082,2,URBANO(A)
9,2,5,GUSTAVO A. MADERO,1083,2,URBANO(A)
9,2,5,GUSTAVO A. MADERO,1084,2,URBANO(A)
9,2,5,GUSTAVO A. MADERO,1085,2,URBANO(A)
9,2,5,GUSTAVO A. MADERO,1086,2,URBANO(A)
9,2,5,GUSTAVO A. MADERO,1087,2,URBANO(A)
9,2,5,GUSTAVO A. MADERO,1088,2,URBANO(A)
9,2,5,GUSTAVO A. MADERO,1089,2,URBANO(A)
9,2,5,GUSTAVO A. MADERO,1090,2,URBANO(A)
9,2,5,GUSTAVO A. MADERO,1091,2,URBANO(A)
9,2,5,GUSTAVO A. MADERO,1092,2,URBANO(A)
9,2,5,GUSTAVO A. MADERO,1093,2,URBANO(A)
9,2,5,GUSTAVO A. MADERO,1094,2,URBANO(A)
9,2,5,GUSTAVO A. MADERO,1095,2,URBANO(A)
9,2,5,GUSTAVO A. MADERO,1096,2,URBANO(A)
9,2,5,GUSTAVO A. MADERO,1097,2,URBANO(A)
9,2,5,GUSTAVO A. MADERO,1098,2,URBANO(A)
9,2,5,GUSTAVO A. MADERO,1099,2,URBANO(A)
9,2,5,GUSTAVO A. MADERO,1100,2,URBANO(A)
9,2,5,GUSTAVO A. MADERO,1101,2,URBANO(A)
9,2,5,GUSTAVO A. MADERO,1102,2,URBANO(A)
9,2,5,GUSTAVO A. MADERO,1103,2,URBANO(A)
9,2,5,GUSTAVO A. MADERO,1104,2,URBANO(A)
9,2,5,GUSTAVO A. MADERO,1105,2,URBANO(A)
9,2,5,GUSTAVO A. MADERO,1106,2,URBANO(A)
9,2,5,GUSTAVO A. MADERO,1107,2,URBANO(A)
9,2,5,GUSTAVO A. MADERO,1108,2,URBANO(A)
9,2,5,GUSTAVO A. MADERO,1109,2,URBANO(A)
9,2,5,GUSTAVO A. MADERO,1110,2,URBANO(A)
9,2,5,GUSTAVO A. MADERO,1111,2,URBANO(A)
9,2,5,GUSTAVO A. MADERO,1112,2,URBANO(A)
9,2,5,GUSTAVO A. MADERO,1113,2,URBANO(A)
9,2,5,GUSTAVO A. MADERO,1114,2,URBANO(A)
9,2,5,GUSTAVO A. MADERO,1115,2,URBANO(A)
9,2,5,GUSTAVO A. MADERO,1116,2,URBANO(A)
9,2,5,GUSTAVO A. MADERO,1117,2,URBANO(A)
9,2,5,GUSTAVO A. MADERO,1118,2,URBANO(A)
9,2,5,GUSTAVO A. MADERO,1119,2,URBANO(A)
9,2,5,GUSTAVO A. MADERO,1120,2,URBANO(A)
9,2,5,GUSTAVO A. MADERO,1121,2,URBANO(A)
9,2,5,GUSTAVO A. MADERO,1122,2,URBANO(A)
9,2,5,GUSTAVO A. MADERO,1123,2,URBANO(A)
9,2,5,GUSTAVO A. MADERO,1124,2,URBANO(A)
9,2,5,GUSTAVO A. MADERO,1125,2,URBANO(A)
9,2,5,GUSTAVO A. MADERO,1126,2,URBANO(A)
9,2,5,GUSTAVO A. MADERO,1127,2,URBANO(A)
9,2,5,GUSTAVO A. MADERO,1128,2,URBANO(A)
9,2,5,GUSTAVO A. MADERO,1129,2,URBANO(A)
9,2,5,GUSTAVO A. MADERO,1130,2,URBANO(A)
9,2,5,GUSTAVO A. MADERO,1131,2,URBANO(A)
9,2,5,GUSTAVO A. MADERO,1132,2,URBANO(A)
9,2,5,GUSTAVO A. MADERO,1133,2,URBANO(A)
9,2,5,GUSTAVO A. MADERO,1134,2,URBANO(A)
9,2,5,GUSTAVO A. MADERO,1135,2,URBANO(A)
9,2,5,GUSTAVO A. MADERO,1136,2,URBANO(A)
9,2,5,GUSTAVO A. MADERO,1137,2,URBANO(A)
9,2,5,GUSTAVO A. MADERO,1138,2,URBANO(A)
9,2,5,GUSTAVO A. MADERO,1139,2,URBANO(A)
9,2,5,GUSTAVO A. MADERO,1140,2,URBANO(A)
9,2,5,GUSTAVO A. MADERO,1141,2,URBANO(A)
9,2,5,GUSTAVO A. MADERO,1142,2,URBANO(A)
9,2,5,GUSTAVO A. MADERO,1143,2,URBANO(A)
9,2,5,GUSTAVO A. MADERO,1144,2,URBANO(A)
9,2,5,GUSTAVO A. MADERO,1145,2,URBANO(A)
9,2,5,GUSTAVO A. MADERO,1146,2,URBANO(A)
9,2,5,GUSTAVO A. MADERO,1147,2,URBANO(A)
9,2,5,GUSTAVO A. MADERO,1148,2,URBANO(A)
9,2,5,GUSTAVO A. MADERO,1149,2,URBANO(A)
9,2,5,GUSTAVO A. MADERO,1150,2,URBANO(A)
9,2,5,GUSTAVO A. MADERO,1151,2,URBANO(A)
9,2,5,GUSTAVO A. MADERO,1152,2,URBANO(A)
9,7,5,GUSTAVO A. MADERO,1153,2,URBANO(A)
9,7,5,GUSTAVO A. MADERO,1154,2,URBANO(A)
9,7,5,GUSTAVO A. MADERO,1155,2,URBANO(A)
9,7,5,GUSTAVO A. MADERO,1156,2,URBANO(A)
9,7,5,GUSTAVO A. MADERO,1157,2,URBANO(A)
9,7,5,GUSTAVO A. MADERO,1158,2,URBANO(A)
9,7,5,GUSTAVO A. MADERO,1159,2,URBANO(A)
9,7,5,GUSTAVO A. MADERO,1160,2,URBANO(A)
9,2,5,GUSTAVO A. MADERO,1161,2,URBANO(A)
9,2,5,GUSTAVO A. MADERO,1162,2,URBANO(A)
9,2,5,GUSTAVO A. MADERO,1163,2,URBANO(A)
9,2,5,GUSTAVO A. MADERO,1164,2,URBANO(A)
9,2,5,GUSTAVO A. MADERO,1165,2,URBANO(A)
9,2,5,GUSTAVO A. MADERO,1166,2,URBANO(A)
9,2,5,GUSTAVO A. MADERO,1167,2,URBANO(A)
9,7,5,GUSTAVO A. MADERO,1168,2,URBANO(A)
9,7,5,GUSTAVO A. MADERO,1169,2,URBANO(A)
9,7,5,GUSTAVO A. MADERO,1170,2,URBANO(A)
9,7,5,GUSTAVO A. MADERO,1171,2,URBANO(A)
9,7,5,GUSTAVO A. MADERO,1172,2,URBANO(A)
9,7,5,GUSTAVO A. MADERO,1173,2,URBANO(A)
9,2,5,GUSTAVO A. MADERO,1174,2,URBANO(A)
9,2,5,GUSTAVO A. MADERO,1175,2,URBANO(A)
9,2,5,GUSTAVO A. MADERO,1176,2,URBANO(A)
9,2,5,GUSTAVO A. MADERO,1177,2,URBANO(A)
9,2,5,GUSTAVO A. MADERO,1178,2,URBANO(A)
9,2,5,GUSTAVO A. MADERO,1179,2,URBANO(A)
9,2,5,GUSTAVO A. MADERO,1180,2,URBANO(A)
9,2,5,GUSTAVO A. MADERO,1181,2,URBANO(A)
9,2,5,GUSTAVO A. MADERO,1182,2,URBANO(A)
9,2,5,GUSTAVO A. MADERO,1183,2,URBANO(A)
9,2,5,GUSTAVO A. MADERO,1184,2,URBANO(A)
9,2,5,GUSTAVO A. MADERO,1185,2,URBANO(A)
9,2,5,GUSTAVO A. MADERO,1186,2,URBANO(A)
9,2,5,GUSTAVO A. MADERO,1187,2,URBANO(A)
9,7,5,GUSTAVO A. MADERO,1188,2,URBANO(A)
9,7,5,GUSTAVO A. MADERO,1189,2,URBANO(A)
9,7,5,GUSTAVO A. MADERO,1190,2,URBANO(A)
9,7,5,GUSTAVO A. MADERO,1191,2,URBANO(A)
9,7,5,GUSTAVO A. MADERO,1192,2,URBANO(A)
9,7,5,GUSTAVO A. MADERO,1193,2,URBANO(A)
9,2,5,GUSTAVO A. MADERO,1194,2,URBANO(A)
9,2,5,GUSTAVO A. MADERO,1195,2,URBANO(A)
9,2,5,GUSTAVO A. MADERO,1196,2,URBANO(A)
9,2,5,GUSTAVO A. MADERO,1197,2,URBANO(A)
9,2,5,GUSTAVO A. MADERO,1198,2,URBANO(A)
9,2,5,GUSTAVO A. MADERO,1199,2,URBANO(A)
9,2,5,GUSTAVO A. MADERO,1200,2,URBANO(A)
9,2,5,GUSTAVO A. MADERO,1201,2,URBANO(A)
9,2,5,GUSTAVO A. MADERO,1202,2,URBANO(A)
9,7,5,GUSTAVO A. MADERO,1203,2,URBANO(A)
9,7,5,GUSTAVO A. MADERO,1204,2,URBANO(A)
9,7,5,GUSTAVO A. MADERO,1205,2,URBANO(A)
9,7,5,GUSTAVO A. MADERO,1206,2,URBANO(A)
9,7,5,GUSTAVO A. MADERO,1207,2,URBANO(A)
9,7,5,GUSTAVO A. MADERO,1208,2,URBANO(A)
9,7,5,GUSTAVO A. MADERO,1209,2,URBANO(A)
9,2,5,GUSTAVO A. MADERO,1210,2,URBANO(A)
9,2,5,GUSTAVO A. MADERO,1211,2,URBANO(A)
9,2,5,GUSTAVO A. MADERO,1212,2,URBANO(A)
9,2,5,GUSTAVO A. MADERO,1213,2,URBANO(A)
9,2,5,GUSTAVO A. MADERO,1214,2,URBANO(A)
9,2,5,GUSTAVO A. MADERO,1215,2,URBANO(A)
9,2,5,GUSTAVO A. MADERO,1216,2,URBANO(A)
9,2,5,GUSTAVO A. MADERO,1217,2,URBANO(A)
9,2,5,GUSTAVO A. MADERO,1218,2,URBANO(A)
9,2,5,GUSTAVO A. MADERO,1219,2,URBANO(A)
9,2,5,GUSTAVO A. MADERO,1220,2,URBANO(A)
9,2,5,GUSTAVO A. MADERO,1221,2,URBANO(A)
9,2,5,GUSTAVO A. MADERO,1222,2,URBANO(A)
9,2,5,GUSTAVO A. MADERO,1223,2,URBANO(A)
9,2,5,GUSTAVO A. MADERO,1224,2,URBANO(A)
9,2,5,GUSTAVO A. MADERO,1225,2,URBANO(A)
9,2,5,GUSTAVO A. MADERO,1226,2,URBANO(A)
9,2,5,GUSTAVO A. MADERO,1227,2,URBANO(A)
9,2,5,GUSTAVO A. MADERO,1228,2,URBANO(A)
9,2,5,GUSTAVO A. MADERO,1229,2,URBANO(A)
9,2,5,GUSTAVO A. MADERO,1230,2,URBANO(A)
9,7,5,GUSTAVO A. MADERO,1231,2,URBANO(A)
9,7,5,GUSTAVO A. MADERO,1232,2,URBANO(A)
9,7,5,GUSTAVO A. MADERO,1233,2,URBANO(A)
9,7,5,GUSTAVO A. MADERO,1234,2,URBANO(A)
9,7,5,GUSTAVO A. MADERO,1235,2,URBANO(A)
9,7,5,GUSTAVO A. MADERO,1236,2,URBANO(A)
9,7,5,GUSTAVO A. MADERO,1237,2,URBANO(A)
9,2,5,GUSTAVO A. MADERO,1238,2,URBANO(A)
9,2,5,GUSTAVO A. MADERO,1239,2,URBANO(A)
9,2,5,GUSTAVO A. MADERO,1240,2,URBANO(A)
9,2,5,GUSTAVO A. MADERO,1241,2,URBANO(A)
9,2,5,GUSTAVO A. MADERO,1242,2,URBANO(A)
9,2,5,GUSTAVO A. MADERO,1243,2,URBANO(A)
9,2,5,GUSTAVO A. MADERO,1244,2,URBANO(A)
9,2,5,GUSTAVO A. MADERO,1245,2,URBANO(A)
9,2,5,GUSTAVO A. MADERO,1246,2,URBANO(A)
9,2,5,GUSTAVO A. MADERO,1247,2,URBANO(A)
9,2,5,GUSTAVO A. MADERO,1248,2,URBANO(A)
9,2,5,GUSTAVO A. MADERO,1249,2,URBANO(A)
9,2,5,GUSTAVO A. MADERO,1250,2,URBANO(A)
9,2,5,GUSTAVO A. MADERO,1251,2,URBANO(A)
9,2,5,GUSTAVO A. MADERO,1252,2,URBANO(A)
9,2,5,GUSTAVO A. MADERO,1253,2,URBANO(A)
9,2,5,GUSTAVO A. MADERO,1254,2,URBANO(A)
9,2,5,GUSTAVO A. MADERO,1255,2,URBANO(A)
9,2,5,GUSTAVO A. MADERO,1256,2,URBANO(A)
9,2,5,GUSTAVO A. MADERO,1257,2,URBANO(A)
9,2,5,GUSTAVO A. MADERO,1258,2,URBANO(A)
9,2,5,GUSTAVO A. MADERO,1259,2,URBANO(A)
9,2,5,GUSTAVO A. MADERO,1260,2,URBANO(A)
9,2,5,GUSTAVO A. MADERO,1261,2,URBANO(A)
9,2,5,GUSTAVO A. MADERO,1262,2,URBANO(A)
9,2,5,GUSTAVO A. MADERO,1263,2,URBANO(A)
9,2,5,GUSTAVO A. MADERO,1264,2,URBANO(A)
9,2,5,GUSTAVO A. MADERO,1265,2,URBANO(A)
9,2,5,GUSTAVO A. MADERO,1266,2,URBANO(A)
9,2,5,GUSTAVO A. MADERO,1267,2,URBANO(A)
9,2,5,GUSTAVO A. MADERO,1268,2,URBANO(A)
9,2,5,GUSTAVO A. MADERO,1269,2,URBANO(A)
9,2,5,GUSTAVO A. MADERO,1270,2,URBANO(A)
9,2,5,GUSTAVO A. MADERO,1271,2,URBANO(A)
9,2,5,GUSTAVO A. MADERO,1272,2,URBANO(A)
9,2,5,GUSTAVO A. MADERO,1273,2,URBANO(A)
9,2,5,GUSTAVO A. MADERO,1274,2,URBANO(A)
9,2,5,GUSTAVO A. MADERO,1275,2,URBANO(A)
9,2,5,GUSTAVO A. MADERO,1276,2,URBANO(A)
9,2,5,GUSTAVO A. MADERO,1277,2,URBANO(A)
9,2,5,GUSTAVO A. MADERO,1278,2,URBANO(A)
9,2,5,GUSTAVO A. MADERO,1279,2,URBANO(A)
9,2,5,GUSTAVO A. MADERO,1280,2,URBANO(A)
9,2,5,GUSTAVO A. MADERO,1281,2,URBANO(A)
9,2,5,GUSTAVO A. MADERO,1282,2,URBANO(A)
9,2,5,GUSTAVO A. MADERO,1283,2,URBANO(A)
9,2,5,GUSTAVO A. MADERO,1284,2,URBANO(A)
9,2,5,GUSTAVO A. MADERO,1285,2,URBANO(A)
9,2,5,GUSTAVO A. MADERO,1286,2,URBANO(A)
9,2,5,GUSTAVO A. MADERO,1287,2,URBANO(A)
9,2,5,GUSTAVO A. MADERO,1288,2,URBANO(A)
9,2,5,GUSTAVO A. MADERO,1289,2,URBANO(A)
9,2,5,GUSTAVO A. MADERO,1290,2,URBANO(A)
9,2,5,GUSTAVO A. MADERO,1291,2,URBANO(A)
9,2,5,GUSTAVO A. MADERO,1292,2,URBANO(A)
9,2,5,GUSTAVO A. MADERO,1293,2,URBANO(A)
9,2,5,GUSTAVO A. MADERO,1294,2,URBANO(A)
9,2,5,GUSTAVO A. MADERO,1295,2,URBANO(A)
9,2,5,GUSTAVO A. MADERO,1296,2,URBANO(A)
9,2,5,GUSTAVO A. MADERO,1297,2,URBANO(A)
9,2,5,GUSTAVO A. MADERO,1298,2,URBANO(A)
9,2,5,GUSTAVO A. MADERO,1299,2,URBANO(A)
9,2,5,GUSTAVO A. MADERO,1300,2,URBANO(A)
9,2,5,GUSTAVO A. MADERO,1301,2,URBANO(A)
9,2,5,GUSTAVO A. MADERO,1302,2,URBANO(A)
9,2,5,GUSTAVO A. MADERO,1303,2,URBANO(A)
9,2,5,GUSTAVO A. MADERO,1304,2,URBANO(A)
9,2,5,GUSTAVO A. MADERO,1305,2,URBANO(A)
9,2,5,GUSTAVO A. MADERO,1306,2,URBANO(A)
9,2,5,GUSTAVO A. MADERO,1307,2,URBANO(A)
9,2,5,GUSTAVO A. MADERO,1308,2,URBANO(A)
9,2,5,GUSTAVO A. MADERO,1309,2,URBANO(A)
9,2,5,GUSTAVO A. MADERO,1310,2,URBANO(A)
9,2,5,GUSTAVO A. MADERO,1311,2,URBANO(A)
9,2,5,GUSTAVO A. MADERO,1312,2,URBANO(A)
9,2,5,GUSTAVO A. MADERO,1313,2,URBANO(A)
9,2,5,GUSTAVO A. MADERO,1314,2,URBANO(A)
9,2,5,GUSTAVO A. MADERO,1315,2,URBANO(A)
9,2,5,GUSTAVO A. MADERO,1316,2,URBANO(A)
9,2,5,GUSTAVO A. MADERO,1317,2,URBANO(A)
9,2,5,GUSTAVO A. MADERO,1318,2,URBANO(A)
9,2,5,GUSTAVO A. MADERO,1319,2,URBANO(A)
9,2,5,GUSTAVO A. MADERO,1320,2,URBANO(A)
9,2,5,GUSTAVO A. MADERO,1321,2,URBANO(A)
9,2,5,GUSTAVO A. MADERO,1322,2,URBANO(A)
9,2,5,GUSTAVO A. MADERO,1323,2,URBANO(A)
9,2,5,GUSTAVO A. MADERO,1324,2,URBANO(A)
9,2,5,GUSTAVO A. MADERO,1325,2,URBANO(A)
9,2,5,GUSTAVO A. MADERO,1326,2,URBANO(A)
9,7,5,GUSTAVO A. MADERO,1327,2,URBANO(A)
9,7,5,GUSTAVO A. MADERO,1328,2,URBANO(A)
9,7,5,GUSTAVO A. MADERO,1329,2,URBANO(A)
9,7,5,GUSTAVO A. MADERO,1330,2,URBANO(A)
9,7,5,GUSTAVO A. MADERO,1331,2,URBANO(A)
9,7,5,GUSTAVO A. MADERO,1332,2,URBANO(A)
9,7,5,GUSTAVO A. MADERO,1333,2,URBANO(A)
9,7,5,GUSTAVO A. MADERO,1334,2,URBANO(A)
9,7,5,GUSTAVO A. MADERO,1335,2,URBANO(A)
9,7,5,GUSTAVO A. MADERO,1336,2,URBANO(A)
9,7,5,GUSTAVO A. MADERO,1337,2,URBANO(A)
9,7,5,GUSTAVO A. MADERO,1338,2,URBANO(A)
9,7,5,GUSTAVO A. MADERO,1339,2,URBANO(A)
9,7,5,GUSTAVO A. MADERO,1340,2,URBANO(A)
9,7,5,GUSTAVO A. MADERO,1341,2,URBANO(A)
9,7,5,GUSTAVO A. MADERO,1342,2,URBANO(A)
9,7,5,GUSTAVO A. MADERO,1343,2,URBANO(A)
9,7,5,GUSTAVO A. MADERO,1344,2,URBANO(A)
9,7,5,GUSTAVO A. MADERO,1345,2,URBANO(A)
9,7,5,GUSTAVO A. MADERO,1346,2,URBANO(A)
9,7,5,GUSTAVO A. MADERO,1347,2,URBANO(A)
9,7,5,GUSTAVO A. MADERO,1348,2,URBANO(A)
9,7,5,GUSTAVO A. MADERO,1349,2,URBANO(A)
9,7,5,GUSTAVO A. MADERO,1350,2,URBANO(A)
9,7,5,GUSTAVO A. MADERO,1351,2,URBANO(A)
9,7,5,GUSTAVO A. MADERO,1352,2,URBANO(A)
9,7,5,GUSTAVO A. MADERO,1353,2,URBANO(A)
9,7,5,GUSTAVO A. MADERO,1354,2,URBANO(A)
9,7,5,GUSTAVO A. MADERO,1355,2,URBANO(A)
9,7,5,GUSTAVO A. MADERO,1356,2,URBANO(A)
9,7,5,GUSTAVO A. MADERO,1357,2,URBANO(A)
9,7,5,GUSTAVO A. MADERO,1358,2,URBANO(A)
9,7,5,GUSTAVO A. MADERO,1359,2,URBANO(A)
9,7,5,GUSTAVO A. MADERO,1360,2,URBANO(A)
9,7,5,GUSTAVO A. MADERO,1361,2,URBANO(A)
9,7,5,GUSTAVO A. MADERO,1362,2,URBANO(A)
9,7,5,GUSTAVO A. MADERO,1363,2,URBANO(A)
9,7,5,GUSTAVO A. MADERO,1364,2,URBANO(A)
9,7,5,GUSTAVO A. MADERO,1365,2,URBANO(A)
9,7,5,GUSTAVO A. MADERO,1366,2,URBANO(A)
9,7,5,GUSTAVO A. MADERO,1367,2,URBANO(A)
9,7,5,GUSTAVO A. MADERO,1368,2,URBANO(A)
9,7,5,GUSTAVO A. MADERO,1369,2,URBANO(A)
9,7,5,GUSTAVO A. MADERO,1370,2,URBANO(A)
9,7,5,GUSTAVO A. MADERO,1371,2,URBANO(A)
9,7,5,GUSTAVO A. MADERO,1372,2,URBANO(A)
9,7,5,GUSTAVO A. MADERO,1373,2,URBANO(A)
9,7,5,GUSTAVO A. MADERO,1374,2,URBANO(A)
9,7,5,GUSTAVO A. MADERO,1375,2,URBANO(A)
9,7,5,GUSTAVO A. MADERO,1376,2,URBANO(A)
9,7,5,GUSTAVO A. MADERO,1377,2,URBANO(A)
9,7,5,GUSTAVO A. MADERO,1378,2,URBANO(A)
9,7,5,GUSTAVO A. MADERO,1379,2,URBANO(A)
9,7,5,GUSTAVO A. MADERO,1380,2,URBANO(A)
9,7,5,GUSTAVO A. MADERO,1381,2,URBANO(A)
9,7,5,GUSTAVO A. MADERO,1382,2,URBANO(A)
9,7,5,GUSTAVO A. MADERO,1383,2,URBANO(A)
9,7,5,GUSTAVO A. MADERO,1384,2,URBANO(A)
9,7,5,GUSTAVO A. MADERO,1386,2,URBANO(A)
9,7,5,GUSTAVO A. MADERO,1387,2,URBANO(A)
9,7,5,GUSTAVO A. MADERO,1388,2,URBANO(A)
9,7,5,GUSTAVO A. MADERO,1389,2,URBANO(A)
9,7,5,GUSTAVO A. MADERO,1390,2,URBANO(A)
9,7,5,GUSTAVO A. MADERO,1391,2,URBANO(A)
9,7,5,GUSTAVO A. MADERO,1392,2,URBANO(A)
9,7,5,GUSTAVO A. MADERO,1393,2,URBANO(A)
9,7,5,GUSTAVO A. MADERO,1394,2,URBANO(A)
9,7,5,GUSTAVO A. MADERO,1395,2,URBANO(A)
9,7,5,GUSTAVO A. MADERO,1396,2,URBANO(A)
9,7,5,GUSTAVO A. MADERO,1397,2,URBANO(A)
9,7,5,GUSTAVO A. MADERO,1398,2,URBANO(A)
9,7,5,GUSTAVO A. MADERO,1399,2,URBANO(A)
9,7,5,GUSTAVO A. MADERO,1400,2,URBANO(A)
9,7,5,GUSTAVO A. MADERO,1401,2,URBANO(A)
9,7,5,GUSTAVO A. MADERO,1402,2,URBANO(A)
9,7,5,GUSTAVO A. MADERO,1403,2,URBANO(A)
9,7,5,GUSTAVO A. MADERO,1404,2,URBANO(A)
9,7,5,GUSTAVO A. MADERO,1405,2,URBANO(A)
9,7,5,GUSTAVO A. MADERO,1406,2,URBANO(A)
9,7,5,GUSTAVO A. MADERO,1407,2,URBANO(A)
9,7,5,GUSTAVO A. MADERO,1408,2,URBANO(A)
9,7,5,GUSTAVO A. MADERO,1409,2,URBANO(A)
9,7,5,GUSTAVO A. MADERO,1410,2,URBANO(A)
9,7,5,GUSTAVO A. MADERO,1411,2,URBANO(A)
9,7,5,GUSTAVO A. MADERO,1412,2,URBANO(A)
9,7,5,GUSTAVO A. MADERO,1413,2,URBANO(A)
9,7,5,GUSTAVO A. MADERO,1414,2,URBANO(A)
9,7,5,GUSTAVO A. MADERO,1415,2,URBANO(A)
9,7,5,GUSTAVO A. MADERO,1416,2,URBANO(A)
9,7,5,GUSTAVO A. MADERO,1417,2,URBANO(A)
9,7,5,GUSTAVO A. MADERO,1418,2,URBANO(A)
9,7,5,GUSTAVO A. MADERO,1419,2,URBANO(A)
9,7,5,GUSTAVO A. MADERO,1420,2,URBANO(A)
9,7,5,GUSTAVO A. MADERO,1421,2,URBANO(A)
9,7,5,GUSTAVO A. MADERO,1422,2,URBANO(A)
9,7,5,GUSTAVO A. MADERO,1423,2,URBANO(A)
9,7,5,GUSTAVO A. MADERO,1424,2,URBANO(A)
9,7,5,GUSTAVO A. MADERO,1425,2,URBANO(A)
9,7,5,GUSTAVO A. MADERO,1426,2,URBANO(A)
9,7,5,GUSTAVO A. MADERO,1427,2,URBANO(A)
9,7,5,GUSTAVO A. MADERO,1428,2,URBANO(A)
9,7,5,GUSTAVO A. MADERO,1429,2,URBANO(A)
9,7,5,GUSTAVO A. MADERO,1430,2,URBANO(A)
9,7,5,GUSTAVO A. MADERO,1431,2,URBANO(A)
9,7,5,GUSTAVO A. MADERO,1432,2,URBANO(A)
9,7,5,GUSTAVO A. MADERO,1433,2,URBANO(A)
9,7,5,GUSTAVO A. MADERO,1434,2,URBANO(A)
9,7,5,GUSTAVO A. MADERO,1435,2,URBANO(A)
9,7,5,GUSTAVO A. MADERO,1436,2,URBANO(A)
9,7,5,GUSTAVO A. MADERO,1437,2,URBANO(A)
9,7,5,GUSTAVO A. MADERO,1438,2,URBANO(A)
9,7,5,GUSTAVO A. MADERO,1439,2,URBANO(A)
9,7,5,GUSTAVO A. MADERO,1440,2,URBANO(A)
9,7,5,GUSTAVO A. MADERO,1441,2,URBANO(A)
9,7,5,GUSTAVO A. MADERO,1442,2,URBANO(A)
9,7,5,GUSTAVO A. MADERO,1443,2,URBANO(A)
9,7,5,GUSTAVO A. MADERO,1444,2,URBANO(A)
9,7,5,GUSTAVO A. MADERO,1445,2,URBANO(A)
9,7,5,GUSTAVO A. MADERO,1446,2,URBANO(A)
9,7,5,GUSTAVO A. MADERO,1447,2,URBANO(A)
9,7,5,GUSTAVO A. MADERO,1448,2,URBANO(A)
9,7,5,GUSTAVO A. MADERO,1449,2,URBANO(A)
9,7,5,GUSTAVO A. MADERO,1450,2,URBANO(A)
9,2,5,GUSTAVO A. MADERO,1451,2,URBANO(A)
9,2,5,GUSTAVO A. MADERO,1452,2,URBANO(A)
9,2,5,GUSTAVO A. MADERO,1453,2,URBANO(A)
9,2,5,GUSTAVO A. MADERO,1454,2,URBANO(A)
9,2,5,GUSTAVO A. MADERO,1455,2,URBANO(A)
9,2,5,GUSTAVO A. MADERO,1456,2,URBANO(A)
9,2,5,GUSTAVO A. MADERO,1457,2,URBANO(A)
9,2,5,GUSTAVO A. MADERO,1458,2,URBANO(A)
9,2,5,GUSTAVO A. MADERO,1459,2,URBANO(A)
9,2,5,GUSTAVO A. MADERO,1460,2,URBANO(A)
9,2,5,GUSTAVO A. MADERO,1461,2,URBANO(A)
9,2,5,GUSTAVO A. MADERO,1462,2,URBANO(A)
9,2,5,GUSTAVO A. MADERO,1463,2,URBANO(A)
9,2,5,GUSTAVO A. MADERO,1464,2,URBANO(A)
9,2,5,GUSTAVO A. MADERO,1465,2,URBANO(A)
9,2,5,GUSTAVO A. MADERO,1466,2,URBANO(A)
9,2,5,GUSTAVO A. MADERO,1467,2,URBANO(A)
9,2,5,GUSTAVO A. MADERO,1468,2,URBANO(A)
9,2,5,GUSTAVO A. MADERO,1469,2,URBANO(A)
9,2,5,GUSTAVO A. MADERO,1470,2,URBANO(A)
9,2,5,GUSTAVO A. MADERO,1471,2,URBANO(A)
9,2,5,GUSTAVO A. MADERO,1472,2,URBANO(A)
9,2,5,GUSTAVO A. MADERO,1473,2,URBANO(A)
9,2,5,GUSTAVO A. MADERO,1474,2,URBANO(A)
9,2,5,GUSTAVO A. MADERO,1475,2,URBANO(A)
9,2,5,GUSTAVO A. MADERO,1476,2,URBANO(A)
9,2,5,GUSTAVO A. MADERO,1477,2,URBANO(A)
9,2,5,GUSTAVO A. MADERO,1478,2,URBANO(A)
9,2,5,GUSTAVO A. MADERO,1479,2,URBANO(A)
9,2,5,GUSTAVO A. MADERO,1480,2,URBANO(A)
9,2,5,GUSTAVO A. MADERO,1481,2,URBANO(A)
9,2,5,GUSTAVO A. MADERO,1482,2,URBANO(A)
9,2,5,GUSTAVO A. MADERO,1483,2,URBANO(A)
9,2,5,GUSTAVO A. MADERO,1484,2,URBANO(A)
9,2,5,GUSTAVO A. MADERO,1485,2,URBANO(A)
9,2,5,GUSTAVO A. MADERO,1486,2,URBANO(A)
9,2,5,GUSTAVO A. MADERO,1487,2,URBANO(A)
9,2,5,GUSTAVO A. MADERO,1488,2,URBANO(A)
9,2,5,GUSTAVO A. MADERO,1489,2,URBANO(A)
9,2,5,GUSTAVO A. MADERO,1490,2,URBANO(A)
9,2,5,GUSTAVO A. MADERO,1491,2,URBANO(A)
9,2,5,GUSTAVO A. MADERO,1492,2,URBANO(A)
9,2,5,GUSTAVO A. MADERO,1493,2,URBANO(A)
9,2,5,GUSTAVO A. MADERO,1494,2,URBANO(A)
9,2,5,GUSTAVO A. MADERO,1495,2,URBANO(A)
9,7,5,GUSTAVO A. MADERO,1496,2,URBANO(A)
9,7,5,GUSTAVO A. MADERO,1497,2,URBANO(A)
9,7,5,GUSTAVO A. MADERO,1498,2,URBANO(A)
9,7,5,GUSTAVO A. MADERO,1499,2,URBANO(A)
9,7,5,GUSTAVO A. MADERO,1500,2,URBANO(A)
9,7,5,GUSTAVO A. MADERO,1501,2,URBANO(A)
9,7,5,GUSTAVO A. MADERO,1502,2,URBANO(A)
9,7,5,GUSTAVO A. MADERO,1503,2,URBANO(A)
9,7,5,GUSTAVO A. MADERO,1504,2,URBANO(A)
9,7,5,GUSTAVO A. MADERO,1505,2,URBANO(A)
9,7,5,GUSTAVO A. MADERO,1506,2,URBANO(A)
9,7,5,GUSTAVO A. MADERO,1507,2,URBANO(A)
9,7,5,GUSTAVO A. MADERO,1508,2,URBANO(A)
9,7,5,GUSTAVO A. MADERO,1509,2,URBANO(A)
9,7,5,GUSTAVO A. MADERO,1510,2,URBANO(A)
9,7,5,GUSTAVO A. MADERO,1511,2,URBANO(A)
9,7,5,GUSTAVO A. MADERO,1512,2,URBANO(A)
9,7,5,GUSTAVO A. MADERO,1513,2,URBANO(A)
9,7,5,GUSTAVO A. MADERO,1514,2,URBANO(A)
9,7,5,GUSTAVO A. MADERO,1515,2,URBANO(A)
9,7,5,GUSTAVO A. MADERO,1516,2,URBANO(A)
9,7,5,GUSTAVO A. MADERO,1517,2,URBANO(A)
9,7,5,GUSTAVO A. MADERO,1518,2,URBANO(A)
9,7,5,GUSTAVO A. MADERO,1519,2,URBANO(A)
9,7,5,GUSTAVO A. MADERO,1520,2,URBANO(A)
9,7,5,GUSTAVO A. MADERO,1521,2,URBANO(A)
9,7,5,GUSTAVO A. MADERO,1522,2,URBANO(A)
9,7,5,GUSTAVO A. MADERO,1523,2,URBANO(A)
9,7,5,GUSTAVO A. MADERO,1524,2,URBANO(A)
9,7,5,GUSTAVO A. MADERO,1525,2,URBANO(A)
9,7,5,GUSTAVO A. MADERO,1526,2,URBANO(A)
9,7,5,GUSTAVO A. MADERO,1527,2,URBANO(A)
9,7,5,GUSTAVO A. MADERO,1528,2,URBANO(A)
9,7,5,GUSTAVO A. MADERO,1529,2,URBANO(A)
9,7,5,GUSTAVO A. MADERO,1530,2,URBANO(A)
9,7,5,GUSTAVO A. MADERO,1531,2,URBANO(A)
9,7,5,GUSTAVO A. MADERO,1532,2,URBANO(A)
9,7,5,GUSTAVO A. MADERO,1533,2,URBANO(A)
9,7,5,GUSTAVO A. MADERO,1534,2,URBANO(A)
9,7,5,GUSTAVO A. MADERO,1535,2,URBANO(A)
9,7,5,GUSTAVO A. MADERO,1536,2,URBANO(A)
9,7,5,GUSTAVO A. MADERO,1538,2,URBANO(A)
9,7,5,GUSTAVO A. MADERO,1539,2,URBANO(A)
9,7,5,GUSTAVO A. MADERO,1540,2,URBANO(A)
9,7,5,GUSTAVO A. MADERO,1541,2,URBANO(A)
9,7,5,GUSTAVO A. MADERO,1542,2,URBANO(A)
9,7,5,GUSTAVO A. MADERO,1543,2,URBANO(A)
9,7,5,GUSTAVO A. MADERO,1544,2,URBANO(A)
9,7,5,GUSTAVO A. MADERO,1545,2,URBANO(A)
9,7,5,GUSTAVO A. MADERO,1546,2,URBANO(A)
9,7,5,GUSTAVO A. MADERO,1547,2,URBANO(A)
9,7,5,GUSTAVO A. MADERO,1548,2,URBANO(A)
9,7,5,GUSTAVO A. MADERO,1549,2,URBANO(A)
9,7,5,GUSTAVO A. MADERO,1550,2,URBANO(A)
9,2,5,GUSTAVO A. MADERO,1551,2,URBANO(A)
9,2,5,GUSTAVO A. MADERO,1552,2,URBANO(A)
9,2,5,GUSTAVO A. MADERO,1553,2,URBANO(A)
9,2,5,GUSTAVO A. MADERO,1554,2,URBANO(A)
9,7,5,GUSTAVO A. MADERO,1555,2,URBANO(A)
9,7,5,GUSTAVO A. MADERO,1556,2,URBANO(A)
9,7,5,GUSTAVO A. MADERO,1557,2,URBANO(A)
9,7,5,GUSTAVO A. MADERO,1558,2,URBANO(A)
9,2,5,GUSTAVO A. MADERO,1559,2,URBANO(A)
9,2,5,GUSTAVO A. MADERO,1560,2,URBANO(A)
9,2,5,GUSTAVO A. MADERO,1561,2,URBANO(A)
9,2,5,GUSTAVO A. MADERO,1562,2,URBANO(A)
9,2,5,GUSTAVO A. MADERO,1563,2,URBANO(A)
9,2,5,GUSTAVO A. MADERO,1564,2,URBANO(A)
9,7,5,GUSTAVO A. MADERO,1565,2,URBANO(A)
9,7,5,GUSTAVO A. MADERO,1567,2,URBANO(A)
9,7,5,GUSTAVO A. MADERO,1568,2,URBANO(A)
9,7,5,GUSTAVO A. MADERO,1569,2,URBANO(A)
9,7,5,GUSTAVO A. MADERO,1570,2,URBANO(A)
9,7,5,GUSTAVO A. MADERO,1571,2,URBANO(A)
9,7,5,GUSTAVO A. MADERO,1572,2,URBANO(A)
9,7,5,GUSTAVO A. MADERO,1573,2,URBANO(A)
9,7,5,GUSTAVO A. MADERO,1574,2,URBANO(A)
9,7,5,GUSTAVO A. MADERO,1575,2,URBANO(A)
9,7,5,GUSTAVO A. MADERO,1576,2,URBANO(A)
9,7,5,GUSTAVO A. MADERO,1577,2,URBANO(A)
9,7,5,GUSTAVO A. MADERO,1578,2,URBANO(A)
9,7,5,GUSTAVO A. MADERO,1579,2,URBANO(A)
9,7,5,GUSTAVO A. MADERO,1580,2,URBANO(A)
9,7,5,GUSTAVO A. MADERO,1581,2,URBANO(A)
9,7,5,GUSTAVO A. MADERO,1582,2,URBANO(A)
9,7,5,GUSTAVO A. MADERO,1583,2,URBANO(A)
9,7,5,GUSTAVO A. MADERO,1584,2,URBANO(A)
9,7,5,GUSTAVO A. MADERO,1585,2,URBANO(A)
9,7,5,GUSTAVO A. MADERO,1586,2,URBANO(A)
9,7,5,GUSTAVO A. MADERO,1587,2,URBANO(A)
9,7,5,GUSTAVO A. MADERO,1588,2,URBANO(A)
9,7,5,GUSTAVO A. MADERO,1589,2,URBANO(A)
9,7,5,GUSTAVO A. MADERO,1590,2,URBANO(A)
9,7,5,GUSTAVO A. MADERO,1591,2,URBANO(A)
9,7,5,GUSTAVO A. MADERO,1592,2,URBANO(A)
9,7,5,GUSTAVO A. MADERO,1593,2,URBANO(A)
9,7,5,GUSTAVO A. MADERO,1594,2,URBANO(A)
9,7,5,GUSTAVO A. MADERO,1595,2,URBANO(A)
9,7,5,GUSTAVO A. MADERO,1596,2,URBANO(A)
9,7,5,GUSTAVO A. MADERO,1597,2,URBANO(A)
9,7,5,GUSTAVO A. MADERO,1598,2,URBANO(A)
9,7,5,GUSTAVO A. MADERO,1599,2,URBANO(A)
9,7,5,GUSTAVO A. MADERO,1600,2,URBANO(A)
9,7,5,GUSTAVO A. MADERO,1601,2,URBANO(A)
9,7,5,GUSTAVO A. MADERO,1602,2,URBANO(A)
9,7,5,GUSTAVO A. MADERO,1603,2,URBANO(A)
9,7,5,GUSTAVO A. MADERO,1604,2,URBANO(A)
9,7,5,GUSTAVO A. MADERO,1605,2,URBANO(A)
9,7,5,GUSTAVO A. MADERO,1606,2,URBANO(A)
9,7,5,GUSTAVO A. MADERO,1607,2,URBANO(A)
9,7,5,GUSTAVO A. MADERO,1608,2,URBANO(A)
9,7,5,GUSTAVO A. MADERO,1609,2,URBANO(A)
9,7,5,GUSTAVO A. MADERO,1610,2,URBANO(A)
9,7,5,GUSTAVO A. MADERO,1611,2,URBANO(A)
9,7,5,GUSTAVO A. MADERO,1612,2,URBANO(A)
9,7,5,GUSTAVO A. MADERO,1613,2,URBANO(A)
9,7,5,GUSTAVO A. MADERO,1614,2,URBANO(A)
9,7,5,GUSTAVO A. MADERO,1615,2,URBANO(A)
9,7,5,GUSTAVO A. MADERO,1616,2,URBANO(A)
9,7,5,GUSTAVO A. MADERO,1617,2,URBANO(A)
9,7,5,GUSTAVO A. MADERO,1618,2,URBANO(A)
9,7,5,GUSTAVO A. MADERO,1619,2,URBANO(A)
9,7,5,GUSTAVO A. MADERO,1620,2,URBANO(A)
9,7,5,GUSTAVO A. MADERO,1621,2,URBANO(A)
9,7,5,GUSTAVO A. MADERO,1622,2,URBANO(A)
9,7,5,GUSTAVO A. MADERO,1623,2,URBANO(A)
9,7,5,GUSTAVO A. MADERO,1624,2,URBANO(A)
9,7,5,GUSTAVO A. MADERO,1625,2,URBANO(A)
9,7,5,GUSTAVO A. MADERO,1626,2,URBANO(A)
9,7,5,GUSTAVO A. MADERO,1627,2,URBANO(A)
9,7,5,GUSTAVO A. MADERO,1628,2,URBANO(A)
9,7,5,GUSTAVO A. MADERO,1629,2,URBANO(A)
9,7,5,GUSTAVO A. MADERO,1630,2,URBANO(A)
9,7,5,GUSTAVO A. MADERO,1631,2,URBANO(A)
9,7,5,GUSTAVO A. MADERO,1632,2,URBANO(A)
9,7,5,GUSTAVO A. MADERO,1633,2,URBANO(A)
9,7,5,GUSTAVO A. MADERO,1634,2,URBANO(A)
9,7,5,GUSTAVO A. MADERO,1635,2,URBANO(A)
9,7,5,GUSTAVO A. MADERO,1636,2,URBANO(A)
9,7,5,GUSTAVO A. MADERO,1637,2,URBANO(A)
9,7,5,GUSTAVO A. MADERO,1638,2,URBANO(A)
9,7,5,GUSTAVO A. MADERO,1639,2,URBANO(A)
9,7,5,GUSTAVO A. MADERO,1640,2,URBANO(A)
9,7,5,GUSTAVO A. MADERO,1641,2,URBANO(A)
9,7,5,GUSTAVO A. MADERO,1642,2,URBANO(A)
9,7,5,GUSTAVO A. MADERO,1643,2,URBANO(A)
9,7,5,GUSTAVO A. MADERO,1644,2,URBANO(A)
9,7,5,GUSTAVO A. MADERO,1645,2,URBANO(A)
9,7,5,GUSTAVO A. MADERO,1646,2,URBANO(A)
9,7,5,GUSTAVO A. MADERO,1647,2,URBANO(A)
9,7,5,GUSTAVO A. MADERO,1648,2,URBANO(A)
9,7,5,GUSTAVO A. MADERO,1649,2,URBANO(A)
9,7,5,GUSTAVO A. MADERO,1650,2,URBANO(A)
9,7,5,GUSTAVO A. MADERO,1651,2,URBANO(A)
9,7,5,GUSTAVO A. MADERO,1652,2,URBANO(A)
9,7,5,GUSTAVO A. MADERO,1653,2,URBANO(A)
9,7,5,GUSTAVO A. MADERO,1654,2,URBANO(A)
9,7,5,GUSTAVO A. MADERO,1655,2,URBANO(A)
9,7,5,GUSTAVO A. MADERO,1656,2,URBANO(A)
9,7,5,GUSTAVO A. MADERO,1657,2,URBANO(A)
9,7,5,GUSTAVO A. MADERO,1658,2,URBANO(A)
9,7,5,GUSTAVO A. MADERO,1659,2,URBANO(A)
9,7,5,GUSTAVO A. MADERO,1660,2,URBANO(A)
9,7,5,GUSTAVO A. MADERO,1661,2,URBANO(A)
9,7,5,GUSTAVO A. MADERO,1662,2,URBANO(A)
9,7,5,GUSTAVO A. MADERO,1663,2,URBANO(A)
9,7,5,GUSTAVO A. MADERO,1664,2,URBANO(A)
9,7,5,GUSTAVO A. MADERO,1665,2,URBANO(A)
9,7,5,GUSTAVO A. MADERO,1666,2,URBANO(A)
9,7,5,GUSTAVO A. MADERO,1667,2,URBANO(A)
9,7,5,GUSTAVO A. MADERO,1668,2,URBANO(A)
9,7,5,GUSTAVO A. MADERO,1669,2,URBANO(A)
9,7,5,GUSTAVO A. MADERO,1670,2,URBANO(A)
9,7,5,GUSTAVO A. MADERO,1671,2,URBANO(A)
9,13,6,IZTACALCO,1672,2,URBANO(A)
9,13,6,IZTACALCO,1673,2,URBANO(A)
9,13,6,IZTACALCO,1674,2,URBANO(A)
9,13,6,IZTACALCO,1675,2,URBANO(A)
9,13,6,IZTACALCO,1676,2,URBANO(A)
9,13,6,IZTACALCO,1677,2,URBANO(A)
9,13,6,IZTACALCO,1678,2,URBANO(A)
9,13,6,IZTACALCO,1679,2,URBANO(A)
9,13,6,IZTACALCO,1680,2,URBANO(A)
9,13,6,IZTACALCO,1681,2,URBANO(A)
9,13,6,IZTACALCO,1682,2,URBANO(A)
9,13,6,IZTACALCO,1683,2,URBANO(A)
9,13,6,IZTACALCO,1684,2,URBANO(A)
9,13,6,IZTACALCO,1685,2,URBANO(A)
9,13,6,IZTACALCO,1686,2,URBANO(A)
9,13,6,IZTACALCO,1687,2,URBANO(A)
9,13,6,IZTACALCO,1688,2,URBANO(A)
9,13,6,IZTACALCO,1689,2,URBANO(A)
9,13,6,IZTACALCO,1690,2,URBANO(A)
9,13,6,IZTACALCO,1691,2,URBANO(A)
9,13,6,IZTACALCO,1692,2,URBANO(A)
9,13,6,IZTACALCO,1693,2,URBANO(A)
9,13,6,IZTACALCO,1694,2,URBANO(A)
9,13,6,IZTACALCO,1695,2,URBANO(A)
9,13,6,IZTACALCO,1696,2,URBANO(A)
9,13,6,IZTACALCO,1697,2,URBANO(A)
9,13,6,IZTACALCO,1698,2,URBANO(A)
9,13,6,IZTACALCO,1699,2,URBANO(A)
9,13,6,IZTACALCO,1700,2,URBANO(A)
9,13,6,IZTACALCO,1701,2,URBANO(A)
9,13,6,IZTACALCO,1702,2,URBANO(A)
9,13,6,IZTACALCO,1703,2,URBANO(A)
9,13,6,IZTACALCO,1704,2,URBANO(A)
9,13,6,IZTACALCO,1705,2,URBANO(A)
9,13,6,IZTACALCO,1706,2,URBANO(A)
9,13,6,IZTACALCO,1707,2,URBANO(A)
9,13,6,IZTACALCO,1708,2,URBANO(A)
9,13,6,IZTACALCO,1709,2,URBANO(A)
9,13,6,IZTACALCO,1710,2,URBANO(A)
9,13,6,IZTACALCO,1711,2,URBANO(A)
9,13,6,IZTACALCO,1712,2,URBANO(A)
9,13,6,IZTACALCO,1713,2,URBANO(A)
9,13,6,IZTACALCO,1714,2,URBANO(A)
9,13,6,IZTACALCO,1715,2,URBANO(A)
9,13,6,IZTACALCO,1716,2,URBANO(A)
9,13,6,IZTACALCO,1717,2,URBANO(A)
9,13,6,IZTACALCO,1718,2,URBANO(A)
9,13,6,IZTACALCO,1719,2,URBANO(A)
9,13,6,IZTACALCO,1720,2,URBANO(A)
9,13,6,IZTACALCO,1721,2,URBANO(A)
9,13,6,IZTACALCO,1722,2,URBANO(A)
9,13,6,IZTACALCO,1723,2,URBANO(A)
9,13,6,IZTACALCO,1724,2,URBANO(A)
9,13,6,IZTACALCO,1725,2,URBANO(A)
9,13,6,IZTACALCO,1726,2,URBANO(A)
9,13,6,IZTACALCO,1727,2,URBANO(A)
9,13,6,IZTACALCO,1728,2,URBANO(A)
9,13,6,IZTACALCO,1729,2,URBANO(A)
9,13,6,IZTACALCO,1730,2,URBANO(A)
9,13,6,IZTACALCO,1731,2,URBANO(A)
9,13,6,IZTACALCO,1732,2,URBANO(A)
9,13,6,IZTACALCO,1733,2,URBANO(A)
9,13,6,IZTACALCO,1734,2,URBANO(A)
9,13,6,IZTACALCO,1735,2,URBANO(A)
9,13,6,IZTACALCO,1736,2,URBANO(A)
9,13,6,IZTACALCO,1737,2,URBANO(A)
9,13,6,IZTACALCO,1738,2,URBANO(A)
9,13,6,IZTACALCO,1739,2,URBANO(A)
9,13,6,IZTACALCO,1740,2,URBANO(A)
9,13,6,IZTACALCO,1741,2,URBANO(A)
9,13,6,IZTACALCO,1742,2,URBANO(A)
9,13,6,IZTACALCO,1743,2,URBANO(A)
9,13,6,IZTACALCO,1744,2,URBANO(A)
9,13,6,IZTACALCO,1745,2,URBANO(A)
9,13,6,IZTACALCO,1746,2,URBANO(A)
9,13,6,IZTACALCO,1747,2,URBANO(A)
9,13,6,IZTACALCO,1748,2,URBANO(A)
9,13,6,IZTACALCO,1749,2,URBANO(A)
9,13,6,IZTACALCO,1750,2,URBANO(A)
9,13,6,IZTACALCO,1751,2,URBANO(A)
9,13,6,IZTACALCO,1752,2,URBANO(A)
9,13,6,IZTACALCO,1753,2,URBANO(A)
9,13,6,IZTACALCO,1754,2,URBANO(A)
9,13,6,IZTACALCO,1755,2,URBANO(A)
9,13,6,IZTACALCO,1756,2,URBANO(A)
9,13,6,IZTACALCO,1757,2,URBANO(A)
9,13,6,IZTACALCO,1758,2,URBANO(A)
9,13,6,IZTACALCO,1759,2,URBANO(A)
9,13,6,IZTACALCO,1760,2,URBANO(A)
9,13,6,IZTACALCO,1761,2,URBANO(A)
9,13,6,IZTACALCO,1762,2,URBANO(A)
9,13,6,IZTACALCO,1763,2,URBANO(A)
9,13,6,IZTACALCO,1764,2,URBANO(A)
9,13,6,IZTACALCO,1765,2,URBANO(A)
9,13,6,IZTACALCO,1766,2,URBANO(A)
9,13,6,IZTACALCO,1767,2,URBANO(A)
9,13,6,IZTACALCO,1768,2,URBANO(A)
9,13,6,IZTACALCO,1769,2,URBANO(A)
9,13,6,IZTACALCO,1770,2,URBANO(A)
9,13,6,IZTACALCO,1771,2,URBANO(A)
9,13,6,IZTACALCO,1772,2,URBANO(A)
9,13,6,IZTACALCO,1773,2,URBANO(A)
9,13,6,IZTACALCO,1774,2,URBANO(A)
9,13,6,IZTACALCO,1775,2,URBANO(A)
9,13,6,IZTACALCO,1776,2,URBANO(A)
9,13,6,IZTACALCO,1777,2,URBANO(A)
9,13,6,IZTACALCO,1778,2,URBANO(A)
9,13,6,IZTACALCO,1779,2,URBANO(A)
9,13,6,IZTACALCO,1780,2,URBANO(A)
9,13,6,IZTACALCO,1781,2,URBANO(A)
9,13,6,IZTACALCO,1782,2,URBANO(A)
9,13,6,IZTACALCO,1783,2,URBANO(A)
9,13,6,IZTACALCO,1784,2,URBANO(A)
9,13,6,IZTACALCO,1785,2,URBANO(A)
9,13,6,IZTACALCO,1786,2,URBANO(A)
9,13,6,IZTACALCO,1787,2,URBANO(A)
9,13,6,IZTACALCO,1788,2,URBANO(A)
9,13,6,IZTACALCO,1789,2,URBANO(A)
9,13,6,IZTACALCO,1790,2,URBANO(A)
9,13,6,IZTACALCO,1791,2,URBANO(A)
9,13,6,IZTACALCO,1792,2,URBANO(A)
9,13,6,IZTACALCO,1793,2,URBANO(A)
9,13,6,IZTACALCO,1794,2,URBANO(A)
9,13,6,IZTACALCO,1795,2,URBANO(A)
9,13,6,IZTACALCO,1796,2,URBANO(A)
9,13,6,IZTACALCO,1797,2,URBANO(A)
9,13,6,IZTACALCO,1798,2,URBANO(A)
9,13,6,IZTACALCO,1799,2,URBANO(A)
9,13,6,IZTACALCO,1800,2,URBANO(A)
9,13,6,IZTACALCO,1801,2,URBANO(A)
9,13,6,IZTACALCO,1802,2,URBANO(A)
9,13,6,IZTACALCO,1803,2,URBANO(A)
9,13,6,IZTACALCO,1804,2,URBANO(A)
9,13,6,IZTACALCO,1805,2,URBANO(A)
9,13,6,IZTACALCO,1806,2,URBANO(A)
9,13,6,IZTACALCO,1807,2,URBANO(A)
9,13,6,IZTACALCO,1808,2,URBANO(A)
9,13,6,IZTACALCO,1809,2,URBANO(A)
9,13,6,IZTACALCO,1810,2,URBANO(A)
9,13,6,IZTACALCO,1811,2,URBANO(A)
9,13,6,IZTACALCO,1812,2,URBANO(A)
9,13,6,IZTACALCO,1813,2,URBANO(A)
9,13,6,IZTACALCO,1814,2,URBANO(A)
9,13,6,IZTACALCO,1815,2,URBANO(A)
9,13,6,IZTACALCO,1816,2,URBANO(A)
9,13,6,IZTACALCO,1817,2,URBANO(A)
9,13,6,IZTACALCO,1818,2,URBANO(A)
9,13,6,IZTACALCO,1819,2,URBANO(A)
9,13,6,IZTACALCO,1820,2,URBANO(A)
9,13,6,IZTACALCO,1821,2,URBANO(A)
9,13,6,IZTACALCO,1822,2,URBANO(A)
9,13,6,IZTACALCO,1823,2,URBANO(A)
9,13,6,IZTACALCO,1824,2,URBANO(A)
9,13,6,IZTACALCO,1825,2,URBANO(A)
9,13,6,IZTACALCO,1826,2,URBANO(A)
9,13,6,IZTACALCO,1827,2,URBANO(A)
9,13,6,IZTACALCO,1828,2,URBANO(A)
9,13,6,IZTACALCO,1829,2,URBANO(A)
9,13,6,IZTACALCO,1830,2,URBANO(A)
9,13,6,IZTACALCO,1831,2,URBANO(A)
9,13,6,IZTACALCO,1832,2,URBANO(A)
9,13,6,IZTACALCO,1833,2,URBANO(A)
9,13,6,IZTACALCO,1834,2,URBANO(A)
9,13,6,IZTACALCO,1835,2,URBANO(A)
9,13,6,IZTACALCO,1836,2,URBANO(A)
9,13,6,IZTACALCO,1837,2,URBANO(A)
9,13,6,IZTACALCO,1838,2,URBANO(A)
9,13,6,IZTACALCO,1839,2,URBANO(A)
9,13,6,IZTACALCO,1840,2,URBANO(A)
9,13,6,IZTACALCO,1841,2,URBANO(A)
9,13,6,IZTACALCO,1842,2,URBANO(A)
9,13,6,IZTACALCO,1843,2,URBANO(A)
9,13,6,IZTACALCO,1844,2,URBANO(A)
9,13,6,IZTACALCO,1845,2,URBANO(A)
9,13,6,IZTACALCO,1846,2,URBANO(A)
9,13,6,IZTACALCO,1847,2,URBANO(A)
9,13,6,IZTACALCO,1848,2,URBANO(A)
9,13,6,IZTACALCO,1849,2,URBANO(A)
9,13,6,IZTACALCO,1850,2,URBANO(A)
9,13,6,IZTACALCO,1851,2,URBANO(A)
9,13,6,IZTACALCO,1852,2,URBANO(A)
9,13,6,IZTACALCO,1853,2,URBANO(A)
9,13,6,IZTACALCO,1854,2,URBANO(A)
9,13,6,IZTACALCO,1855,2,URBANO(A)
9,13,6,IZTACALCO,1856,2,URBANO(A)
9,13,6,IZTACALCO,1857,2,URBANO(A)
9,13,6,IZTACALCO,1858,2,URBANO(A)
9,13,6,IZTACALCO,1859,2,URBANO(A)
9,13,6,IZTACALCO,1860,2,URBANO(A)
9,13,6,IZTACALCO,1861,2,URBANO(A)
9,13,6,IZTACALCO,1862,2,URBANO(A)
9,13,6,IZTACALCO,1863,2,URBANO(A)
9,13,6,IZTACALCO,1864,2,URBANO(A)
9,13,6,IZTACALCO,1865,2,URBANO(A)
9,13,6,IZTACALCO,1866,2,URBANO(A)
9,13,6,IZTACALCO,1867,2,URBANO(A)
9,13,6,IZTACALCO,1868,2,URBANO(A)
9,13,6,IZTACALCO,1869,2,URBANO(A)
9,13,6,IZTACALCO,1870,2,URBANO(A)
9,13,6,IZTACALCO,1871,2,URBANO(A)
9,13,6,IZTACALCO,1872,2,URBANO(A)
9,13,6,IZTACALCO,1873,2,URBANO(A)
9,13,6,IZTACALCO,1874,2,URBANO(A)
9,13,6,IZTACALCO,1875,2,URBANO(A)
9,13,6,IZTACALCO,1876,2,URBANO(A)
9,13,6,IZTACALCO,1877,2,URBANO(A)
9,13,6,IZTACALCO,1878,2,URBANO(A)
9,13,6,IZTACALCO,1879,2,URBANO(A)
9,13,6,IZTACALCO,1880,2,URBANO(A)
9,13,6,IZTACALCO,1881,2,URBANO(A)
9,13,6,IZTACALCO,1882,2,URBANO(A)
9,13,6,IZTACALCO,1883,2,URBANO(A)
9,13,6,IZTACALCO,1884,2,URBANO(A)
9,13,6,IZTACALCO,1885,2,URBANO(A)
9,13,6,IZTACALCO,1886,2,URBANO(A)
9,13,6,IZTACALCO,1887,2,URBANO(A)
9,13,6,IZTACALCO,1888,2,URBANO(A)
9,13,6,IZTACALCO,1889,2,URBANO(A)
9,13,6,IZTACALCO,1890,2,URBANO(A)
9,13,6,IZTACALCO,1891,2,URBANO(A)
9,13,6,IZTACALCO,1892,2,URBANO(A)
9,13,6,IZTACALCO,1893,2,URBANO(A)
9,13,6,IZTACALCO,1894,2,URBANO(A)
9,13,6,IZTACALCO,1895,2,URBANO(A)
9,13,6,IZTACALCO,1896,2,URBANO(A)
9,13,6,IZTACALCO,1897,2,URBANO(A)
9,13,6,IZTACALCO,1898,2,URBANO(A)
9,13,6,IZTACALCO,1899,2,URBANO(A)
9,13,6,IZTACALCO,1900,2,URBANO(A)
9,13,6,IZTACALCO,1901,2,URBANO(A)
9,13,6,IZTACALCO,1902,2,URBANO(A)
9,13,6,IZTACALCO,1903,2,URBANO(A)
9,13,6,IZTACALCO,1904,2,URBANO(A)
9,13,6,IZTACALCO,1905,2,URBANO(A)
9,13,6,IZTACALCO,1906,2,URBANO(A)
9,13,6,IZTACALCO,1907,2,URBANO(A)
9,13,6,IZTACALCO,1908,2,URBANO(A)
9,13,6,IZTACALCO,1909,2,URBANO(A)
9,13,6,IZTACALCO,1910,2,URBANO(A)
9,13,6,IZTACALCO,1911,2,URBANO(A)
9,13,6,IZTACALCO,1912,2,URBANO(A)
9,13,6,IZTACALCO,1913,2,URBANO(A)
9,13,6,IZTACALCO,1914,2,URBANO(A)
9,13,6,IZTACALCO,1915,2,URBANO(A)
9,13,6,IZTACALCO,1916,2,URBANO(A)
9,13,6,IZTACALCO,1917,2,URBANO(A)
9,13,6,IZTACALCO,1918,2,URBANO(A)
9,13,6,IZTACALCO,1919,2,URBANO(A)
9,13,6,IZTACALCO,1920,2,URBANO(A)
9,13,6,IZTACALCO,1921,2,URBANO(A)
9,13,6,IZTACALCO,1922,2,URBANO(A)
9,13,6,IZTACALCO,1923,2,URBANO(A)
9,13,6,IZTACALCO,1924,2,URBANO(A)
9,13,6,IZTACALCO,1925,2,URBANO(A)
9,13,6,IZTACALCO,1926,2,URBANO(A)
9,13,6,IZTACALCO,1927,2,URBANO(A)
9,13,6,IZTACALCO,1928,2,URBANO(A)
9,13,6,IZTACALCO,1929,2,URBANO(A)
9,13,6,IZTACALCO,1930,2,URBANO(A)
9,13,6,IZTACALCO,1931,2,URBANO(A)
9,13,6,IZTACALCO,1932,2,URBANO(A)
9,13,6,IZTACALCO,1933,2,URBANO(A)
9,13,6,IZTACALCO,1934,2,URBANO(A)
9,13,6,IZTACALCO,1935,2,URBANO(A)
9,13,6,IZTACALCO,1936,2,URBANO(A)
9,13,6,IZTACALCO,1937,2,URBANO(A)
9,13,6,IZTACALCO,1938,2,URBANO(A)
9,13,6,IZTACALCO,1939,2,URBANO(A)
9,13,6,IZTACALCO,1940,2,URBANO(A)
9,13,6,IZTACALCO,1941,2,URBANO(A)
9,13,6,IZTACALCO,1942,2,URBANO(A)
9,13,6,IZTACALCO,1943,2,URBANO(A)
9,13,6,IZTACALCO,1944,2,URBANO(A)
9,13,6,IZTACALCO,1945,2,URBANO(A)
9,13,6,IZTACALCO,1946,2,URBANO(A)
9,13,6,IZTACALCO,1947,2,URBANO(A)
9,13,6,IZTACALCO,1948,2,URBANO(A)
9,13,6,IZTACALCO,1949,2,URBANO(A)
9,13,6,IZTACALCO,1950,2,URBANO(A)
9,13,6,IZTACALCO,1951,2,URBANO(A)
9,13,6,IZTACALCO,1952,2,URBANO(A)
9,13,6,IZTACALCO,1953,2,URBANO(A)
9,13,6,IZTACALCO,1954,2,URBANO(A)
9,13,6,IZTACALCO,1955,2,URBANO(A)
9,13,6,IZTACALCO,1956,2,URBANO(A)
9,13,6,IZTACALCO,1957,2,URBANO(A)
9,13,6,IZTACALCO,1958,2,URBANO(A)
9,13,6,IZTACALCO,1959,2,URBANO(A)
9,13,6,IZTACALCO,1960,2,URBANO(A)
9,13,6,IZTACALCO,1961,2,URBANO(A)
9,13,6,IZTACALCO,1962,2,URBANO(A)
9,13,6,IZTACALCO,1963,2,URBANO(A)
9,13,6,IZTACALCO,1964,2,URBANO(A)
9,13,6,IZTACALCO,1965,2,URBANO(A)
9,13,6,IZTACALCO,1966,2,URBANO(A)
9,13,6,IZTACALCO,1967,2,URBANO(A)
9,13,6,IZTACALCO,1968,2,URBANO(A)
9,13,6,IZTACALCO,1969,2,URBANO(A)
9,13,6,IZTACALCO,1970,2,URBANO(A)
9,18,7,IZTAPALAPA,1971,2,URBANO(A)
9,18,7,IZTAPALAPA,1972,2,URBANO(A)
9,18,7,IZTAPALAPA,1973,2,URBANO(A)
9,18,7,IZTAPALAPA,1974,2,URBANO(A)
9,18,7,IZTAPALAPA,1975,2,URBANO(A)
9,18,7,IZTAPALAPA,1976,2,URBANO(A)
9,18,7,IZTAPALAPA,1977,2,URBANO(A)
9,18,7,IZTAPALAPA,1978,2,URBANO(A)
9,18,7,IZTAPALAPA,1979,2,URBANO(A)
9,18,7,IZTAPALAPA,1980,2,URBANO(A)
9,18,7,IZTAPALAPA,1981,2,URBANO(A)
9,18,7,IZTAPALAPA,1982,2,URBANO(A)
9,18,7,IZTAPALAPA,1983,2,URBANO(A)
9,18,7,IZTAPALAPA,1984,2,URBANO(A)
9,18,7,IZTAPALAPA,1985,2,URBANO(A)
9,18,7,IZTAPALAPA,1986,2,URBANO(A)
9,18,7,IZTAPALAPA,1987,2,URBANO(A)
9,18,7,IZTAPALAPA,1988,2,URBANO(A)
9,18,7,IZTAPALAPA,1989,2,URBANO(A)
9,18,7,IZTAPALAPA,1990,2,URBANO(A)
9,18,7,IZTAPALAPA,1991,2,URBANO(A)
9,18,7,IZTAPALAPA,1992,2,URBANO(A)
9,18,7,IZTAPALAPA,1993,2,URBANO(A)
9,18,7,IZTAPALAPA,1994,2,URBANO(A)
9,18,7,IZTAPALAPA,1995,2,URBANO(A)
9,20,7,IZTAPALAPA,1996,2,URBANO(A)
9,20,7,IZTAPALAPA,1997,2,URBANO(A)
9,20,7,IZTAPALAPA,1998,2,URBANO(A)
9,20,7,IZTAPALAPA,1999,2,URBANO(A)
9,20,7,IZTAPALAPA,2000,2,URBANO(A)
9,20,7,IZTAPALAPA,2001,2,URBANO(A)
9,18,7,IZTAPALAPA,2002,2,URBANO(A)
9,18,7,IZTAPALAPA,2003,2,URBANO(A)
9,18,7,IZTAPALAPA,2004,2,URBANO(A)
9,18,7,IZTAPALAPA,2005,2,URBANO(A)
9,18,7,IZTAPALAPA,2006,2,URBANO(A)
9,18,7,IZTAPALAPA,2007,2,URBANO(A)
9,18,7,IZTAPALAPA,2008,2,URBANO(A)
9,18,7,IZTAPALAPA,2009,2,URBANO(A)
9,18,7,IZTAPALAPA,2010,2,URBANO(A)
9,18,7,IZTAPALAPA,2011,2,URBANO(A)
9,18,7,IZTAPALAPA,2012,2,URBANO(A)
9,20,7,IZTAPALAPA,2013,2,URBANO(A)
9,20,7,IZTAPALAPA,2014,2,URBANO(A)
9,20,7,IZTAPALAPA,2015,2,URBANO(A)
9,20,7,IZTAPALAPA,2016,2,URBANO(A)
9,18,7,IZTAPALAPA,2017,2,URBANO(A)
9,18,7,IZTAPALAPA,2018,2,URBANO(A)
9,18,7,IZTAPALAPA,2019,2,URBANO(A)
9,18,7,IZTAPALAPA,2020,2,URBANO(A)
9,18,7,IZTAPALAPA,2021,2,URBANO(A)
9,19,7,IZTAPALAPA,2022,2,URBANO(A)
9,18,7,IZTAPALAPA,2023,2,URBANO(A)
9,18,7,IZTAPALAPA,2024,2,URBANO(A)
9,18,7,IZTAPALAPA,2025,2,URBANO(A)
9,18,7,IZTAPALAPA,2026,2,URBANO(A)
9,18,7,IZTAPALAPA,2027,2,URBANO(A)
9,18,7,IZTAPALAPA,2028,2,URBANO(A)
9,18,7,IZTAPALAPA,2029,2,URBANO(A)
9,18,7,IZTAPALAPA,2030,2,URBANO(A)
9,18,7,IZTAPALAPA,2031,2,URBANO(A)
9,18,7,IZTAPALAPA,2032,2,URBANO(A)
9,18,7,IZTAPALAPA,2033,2,URBANO(A)
9,18,7,IZTAPALAPA,2034,2,URBANO(A)
9,18,7,IZTAPALAPA,2035,2,URBANO(A)
9,18,7,IZTAPALAPA,2036,2,URBANO(A)
9,18,7,IZTAPALAPA,2037,2,URBANO(A)
9,18,7,IZTAPALAPA,2038,2,URBANO(A)
9,18,7,IZTAPALAPA,2039,2,URBANO(A)
9,18,7,IZTAPALAPA,2040,2,URBANO(A)
9,18,7,IZTAPALAPA,2041,2,URBANO(A)
9,18,7,IZTAPALAPA,2042,2,URBANO(A)
9,18,7,IZTAPALAPA,2043,2,URBANO(A)
9,18,7,IZTAPALAPA,2044,2,URBANO(A)
9,18,7,IZTAPALAPA,2045,2,URBANO(A)
9,18,7,IZTAPALAPA,2046,2,URBANO(A)
9,18,7,IZTAPALAPA,2047,2,URBANO(A)
9,18,7,IZTAPALAPA,2048,2,URBANO(A)
9,18,7,IZTAPALAPA,2049,2,URBANO(A)
9,18,7,IZTAPALAPA,2050,2,URBANO(A)
9,18,7,IZTAPALAPA,2051,2,URBANO(A)
9,18,7,IZTAPALAPA,2052,2,URBANO(A)
9,18,7,IZTAPALAPA,2053,2,URBANO(A)
9,18,7,IZTAPALAPA,2054,2,URBANO(A)
9,19,7,IZTAPALAPA,2055,2,URBANO(A)
9,18,7,IZTAPALAPA,2056,2,URBANO(A)
9,18,7,IZTAPALAPA,2057,2,URBANO(A)
9,18,7,IZTAPALAPA,2058,2,URBANO(A)
9,18,7,IZTAPALAPA,2059,2,URBANO(A)
9,18,7,IZTAPALAPA,2060,2,URBANO(A)
9,18,7,IZTAPALAPA,2061,2,URBANO(A)
9,18,7,IZTAPALAPA,2062,2,URBANO(A)
9,18,7,IZTAPALAPA,2063,2,URBANO(A)
9,18,7,IZTAPALAPA,2064,2,URBANO(A)
9,20,7,IZTAPALAPA,2065,2,URBANO(A)
9,20,7,IZTAPALAPA,2066,2,URBANO(A)
9,20,7,IZTAPALAPA,2067,2,URBANO(A)
9,20,7,IZTAPALAPA,2068,2,URBANO(A)
9,20,7,IZTAPALAPA,2069,2,URBANO(A)
9,20,7,IZTAPALAPA,2070,2,URBANO(A)
9,20,7,IZTAPALAPA,2071,2,URBANO(A)
9,20,7,IZTAPALAPA,2072,2,URBANO(A)
9,20,7,IZTAPALAPA,2073,2,URBANO(A)
9,20,7,IZTAPALAPA,2074,2,URBANO(A)
9,20,7,IZTAPALAPA,2075,2,URBANO(A)
9,20,7,IZTAPALAPA,2076,2,URBANO(A)
9,20,7,IZTAPALAPA,2077,2,URBANO(A)
9,20,7,IZTAPALAPA,2078,2,URBANO(A)
9,20,7,IZTAPALAPA,2079,2,URBANO(A)
9,20,7,IZTAPALAPA,2080,2,URBANO(A)
9,20,7,IZTAPALAPA,2081,2,URBANO(A)
9,20,7,IZTAPALAPA,2082,2,URBANO(A)
9,20,7,IZTAPALAPA,2083,2,URBANO(A)
9,20,7,IZTAPALAPA,2084,2,URBANO(A)
9,20,7,IZTAPALAPA,2085,2,URBANO(A)
9,20,7,IZTAPALAPA,2086,2,URBANO(A)
9,20,7,IZTAPALAPA,2087,2,URBANO(A)
9,20,7,IZTAPALAPA,2088,2,URBANO(A)
9,20,7,IZTAPALAPA,2089,2,URBANO(A)
9,20,7,IZTAPALAPA,2090,2,URBANO(A)
9,20,7,IZTAPALAPA,2091,2,URBANO(A)
9,20,7,IZTAPALAPA,2092,2,URBANO(A)
9,20,7,IZTAPALAPA,2093,2,URBANO(A)
9,20,7,IZTAPALAPA,2094,2,URBANO(A)
9,20,7,IZTAPALAPA,2095,2,URBANO(A)
9,20,7,IZTAPALAPA,2096,2,URBANO(A)
9,20,7,IZTAPALAPA,2097,2,URBANO(A)
9,20,7,IZTAPALAPA,2098,2,URBANO(A)
9,20,7,IZTAPALAPA,2100,2,URBANO(A)
9,20,7,IZTAPALAPA,2101,2,URBANO(A)
9,20,7,IZTAPALAPA,2102,2,URBANO(A)
9,20,7,IZTAPALAPA,2103,2,URBANO(A)
9,20,7,IZTAPALAPA,2104,2,URBANO(A)
9,20,7,IZTAPALAPA,2105,2,URBANO(A)
9,20,7,IZTAPALAPA,2106,2,URBANO(A)
9,20,7,IZTAPALAPA,2107,2,URBANO(A)
9,20,7,IZTAPALAPA,2108,2,URBANO(A)
9,20,7,IZTAPALAPA,2109,2,URBANO(A)
9,20,7,IZTAPALAPA,2110,2,URBANO(A)
9,20,7,IZTAPALAPA,2111,2,URBANO(A)
9,20,7,IZTAPALAPA,2112,2,URBANO(A)
9,20,7,IZTAPALAPA,2113,2,URBANO(A)
9,20,7,IZTAPALAPA,2114,2,URBANO(A)
9,20,7,IZTAPALAPA,2115,2,URBANO(A)
9,20,7,IZTAPALAPA,2116,2,URBANO(A)
9,20,7,IZTAPALAPA,2117,2,URBANO(A)
9,20,7,IZTAPALAPA,2118,2,URBANO(A)
9,20,7,IZTAPALAPA,2119,2,URBANO(A)
9,20,7,IZTAPALAPA,2120,2,URBANO(A)
9,20,7,IZTAPALAPA,2121,2,URBANO(A)
9,20,7,IZTAPALAPA,2122,2,URBANO(A)
9,20,7,IZTAPALAPA,2123,2,URBANO(A)
9,20,7,IZTAPALAPA,2124,2,URBANO(A)
9,20,7,IZTAPALAPA,2125,2,URBANO(A)
9,20,7,IZTAPALAPA,2126,2,URBANO(A)
9,20,7,IZTAPALAPA,2127,2,URBANO(A)
9,20,7,IZTAPALAPA,2128,2,URBANO(A)
9,20,7,IZTAPALAPA,2129,2,URBANO(A)
9,20,7,IZTAPALAPA,2130,2,URBANO(A)
9,20,7,IZTAPALAPA,2131,2,URBANO(A)
9,20,7,IZTAPALAPA,2132,2,URBANO(A)
9,20,7,IZTAPALAPA,2133,2,URBANO(A)
9,20,7,IZTAPALAPA,2134,2,URBANO(A)
9,20,7,IZTAPALAPA,2135,2,URBANO(A)
9,20,7,IZTAPALAPA,2136,2,URBANO(A)
9,20,7,IZTAPALAPA,2137,2,URBANO(A)
9,20,7,IZTAPALAPA,2138,2,URBANO(A)
9,20,7,IZTAPALAPA,2139,2,URBANO(A)
9,20,7,IZTAPALAPA,2140,2,URBANO(A)
9,20,7,IZTAPALAPA,2141,2,URBANO(A)
9,20,7,IZTAPALAPA,2142,2,URBANO(A)
9,20,7,IZTAPALAPA,2143,2,URBANO(A)
9,20,7,IZTAPALAPA,2144,2,URBANO(A)
9,20,7,IZTAPALAPA,2145,2,URBANO(A)
9,20,7,IZTAPALAPA,2146,2,URBANO(A)
9,20,7,IZTAPALAPA,2147,2,URBANO(A)
9,20,7,IZTAPALAPA,2148,2,URBANO(A)
9,20,7,IZTAPALAPA,2149,2,URBANO(A)
9,20,7,IZTAPALAPA,2150,2,URBANO(A)
9,20,7,IZTAPALAPA,2151,2,URBANO(A)
9,20,7,IZTAPALAPA,2152,2,URBANO(A)
9,20,7,IZTAPALAPA,2153,2,URBANO(A)
9,20,7,IZTAPALAPA,2154,2,URBANO(A)
9,20,7,IZTAPALAPA,2155,2,URBANO(A)
9,20,7,IZTAPALAPA,2156,2,URBANO(A)
9,20,7,IZTAPALAPA,2157,2,URBANO(A)
9,20,7,IZTAPALAPA,2158,2,URBANO(A)
9,20,7,IZTAPALAPA,2159,2,URBANO(A)
9,20,7,IZTAPALAPA,2160,2,URBANO(A)
9,20,7,IZTAPALAPA,2161,2,URBANO(A)
9,20,7,IZTAPALAPA,2162,2,URBANO(A)
9,20,7,IZTAPALAPA,2163,2,URBANO(A)
9,20,7,IZTAPALAPA,2164,2,URBANO(A)
9,20,7,IZTAPALAPA,2165,2,URBANO(A)
9,20,7,IZTAPALAPA,2166,2,URBANO(A)
9,20,7,IZTAPALAPA,2167,2,URBANO(A)
9,20,7,IZTAPALAPA,2168,2,URBANO(A)
9,20,7,IZTAPALAPA,2169,2,URBANO(A)
9,20,7,IZTAPALAPA,2170,2,URBANO(A)
9,20,7,IZTAPALAPA,2171,2,URBANO(A)
9,20,7,IZTAPALAPA,2172,2,URBANO(A)
9,20,7,IZTAPALAPA,2173,2,URBANO(A)
9,20,7,IZTAPALAPA,2174,2,URBANO(A)
9,20,7,IZTAPALAPA,2175,2,URBANO(A)
9,20,7,IZTAPALAPA,2176,2,URBANO(A)
9,20,7,IZTAPALAPA,2177,2,URBANO(A)
9,20,7,IZTAPALAPA,2178,2,URBANO(A)
9,20,7,IZTAPALAPA,2179,2,URBANO(A)
9,20,7,IZTAPALAPA,2180,2,URBANO(A)
9,20,7,IZTAPALAPA,2181,2,URBANO(A)
9,20,7,IZTAPALAPA,2182,2,URBANO(A)
9,20,7,IZTAPALAPA,2183,2,URBANO(A)
9,20,7,IZTAPALAPA,2184,2,URBANO(A)
9,20,7,IZTAPALAPA,2185,2,URBANO(A)
9,20,7,IZTAPALAPA,2186,2,URBANO(A)
9,20,7,IZTAPALAPA,2187,2,URBANO(A)
9,20,7,IZTAPALAPA,2188,2,URBANO(A)
9,20,7,IZTAPALAPA,2189,2,URBANO(A)
9,20,7,IZTAPALAPA,2190,2,URBANO(A)
9,20,7,IZTAPALAPA,2191,2,URBANO(A)
9,20,7,IZTAPALAPA,2192,2,URBANO(A)
9,20,7,IZTAPALAPA,2193,2,URBANO(A)
9,20,7,IZTAPALAPA,2194,2,URBANO(A)
9,20,7,IZTAPALAPA,2195,2,URBANO(A)
9,20,7,IZTAPALAPA,2196,2,URBANO(A)
9,20,7,IZTAPALAPA,2197,2,URBANO(A)
9,20,7,IZTAPALAPA,2198,2,URBANO(A)
9,20,7,IZTAPALAPA,2199,2,URBANO(A)
9,20,7,IZTAPALAPA,2200,2,URBANO(A)
9,20,7,IZTAPALAPA,2201,2,URBANO(A)
9,20,7,IZTAPALAPA,2202,2,URBANO(A)
9,20,7,IZTAPALAPA,2203,2,URBANO(A)
9,20,7,IZTAPALAPA,2204,2,URBANO(A)
9,20,7,IZTAPALAPA,2205,2,URBANO(A)
9,20,7,IZTAPALAPA,2206,2,URBANO(A)
9,20,7,IZTAPALAPA,2207,2,URBANO(A)
9,20,7,IZTAPALAPA,2208,2,URBANO(A)
9,20,7,IZTAPALAPA,2209,2,URBANO(A)
9,20,7,IZTAPALAPA,2210,2,URBANO(A)
9,20,7,IZTAPALAPA,2211,2,URBANO(A)
9,20,7,IZTAPALAPA,2212,2,URBANO(A)
9,20,7,IZTAPALAPA,2213,2,URBANO(A)
9,20,7,IZTAPALAPA,2214,2,URBANO(A)
9,20,7,IZTAPALAPA,2215,2,URBANO(A)
9,20,7,IZTAPALAPA,2216,2,URBANO(A)
9,20,7,IZTAPALAPA,2217,2,URBANO(A)
9,20,7,IZTAPALAPA,2218,2,URBANO(A)
9,20,7,IZTAPALAPA,2219,2,URBANO(A)
9,20,7,IZTAPALAPA,2220,2,URBANO(A)
9,20,7,IZTAPALAPA,2221,2,URBANO(A)
9,20,7,IZTAPALAPA,2222,2,URBANO(A)
9,20,7,IZTAPALAPA,2223,2,URBANO(A)
9,20,7,IZTAPALAPA,2224,2,URBANO(A)
9,20,7,IZTAPALAPA,2225,2,URBANO(A)
9,20,7,IZTAPALAPA,2226,2,URBANO(A)
9,20,7,IZTAPALAPA,2227,2,URBANO(A)
9,20,7,IZTAPALAPA,2228,2,URBANO(A)
9,20,7,IZTAPALAPA,2229,2,URBANO(A)
9,20,7,IZTAPALAPA,2230,2,URBANO(A)
9,20,7,IZTAPALAPA,2231,2,URBANO(A)
9,20,7,IZTAPALAPA,2232,2,URBANO(A)
9,20,7,IZTAPALAPA,2233,2,URBANO(A)
9,20,7,IZTAPALAPA,2234,2,URBANO(A)
9,20,7,IZTAPALAPA,2235,2,URBANO(A)
9,20,7,IZTAPALAPA,2236,2,URBANO(A)
9,20,7,IZTAPALAPA,2237,2,URBANO(A)
9,20,7,IZTAPALAPA,2238,2,URBANO(A)
9,20,7,IZTAPALAPA,2239,2,URBANO(A)
9,20,7,IZTAPALAPA,2240,2,URBANO(A)
9,20,7,IZTAPALAPA,2241,2,URBANO(A)
9,20,7,IZTAPALAPA,2242,2,URBANO(A)
9,20,7,IZTAPALAPA,2243,2,URBANO(A)
9,20,7,IZTAPALAPA,2244,2,URBANO(A)
9,20,7,IZTAPALAPA,2245,2,URBANO(A)
9,18,7,IZTAPALAPA,2246,2,URBANO(A)
9,18,7,IZTAPALAPA,2247,2,URBANO(A)
9,18,7,IZTAPALAPA,2248,2,URBANO(A)
9,18,7,IZTAPALAPA,2249,2,URBANO(A)
9,20,7,IZTAPALAPA,2250,2,URBANO(A)
9,20,7,IZTAPALAPA,2251,2,URBANO(A)
9,20,7,IZTAPALAPA,2252,2,URBANO(A)
9,20,7,IZTAPALAPA,2253,2,URBANO(A)
9,20,7,IZTAPALAPA,2254,2,URBANO(A)
9,20,7,IZTAPALAPA,2255,2,URBANO(A)
9,20,7,IZTAPALAPA,2256,2,URBANO(A)
9,20,7,IZTAPALAPA,2257,2,URBANO(A)
9,20,7,IZTAPALAPA,2258,2,URBANO(A)
9,20,7,IZTAPALAPA,2259,2,URBANO(A)
9,20,7,IZTAPALAPA,2260,2,URBANO(A)
9,20,7,IZTAPALAPA,2261,2,URBANO(A)
9,20,7,IZTAPALAPA,2262,2,URBANO(A)
9,18,7,IZTAPALAPA,2263,2,URBANO(A)
9,20,7,IZTAPALAPA,2264,2,URBANO(A)
9,18,7,IZTAPALAPA,2265,2,URBANO(A)
9,18,7,IZTAPALAPA,2266,2,URBANO(A)
9,18,7,IZTAPALAPA,2267,2,URBANO(A)
9,18,7,IZTAPALAPA,2268,2,URBANO(A)
9,18,7,IZTAPALAPA,2269,2,URBANO(A)
9,18,7,IZTAPALAPA,2270,2,URBANO(A)
9,18,7,IZTAPALAPA,2271,2,URBANO(A)
9,20,7,IZTAPALAPA,2272,2,URBANO(A)
9,4,7,IZTAPALAPA,2273,2,URBANO(A)
9,4,7,IZTAPALAPA,2274,2,URBANO(A)
9,20,7,IZTAPALAPA,2275,2,URBANO(A)
9,20,7,IZTAPALAPA,2276,2,URBANO(A)
9,20,7,IZTAPALAPA,2277,2,URBANO(A)
9,4,7,IZTAPALAPA,2278,2,URBANO(A)
9,20,7,IZTAPALAPA,2279,2,URBANO(A)
9,20,7,IZTAPALAPA,2280,2,URBANO(A)
9,20,7,IZTAPALAPA,2281,2,URBANO(A)
9,20,7,IZTAPALAPA,2282,2,URBANO(A)
9,20,7,IZTAPALAPA,2283,2,URBANO(A)
9,20,7,IZTAPALAPA,2284,2,URBANO(A)
9,20,7,IZTAPALAPA,2285,2,URBANO(A)
9,20,7,IZTAPALAPA,2286,2,URBANO(A)
9,20,7,IZTAPALAPA,2287,2,URBANO(A)
9,20,7,IZTAPALAPA,2288,2,URBANO(A)
9,20,7,IZTAPALAPA,2289,2,URBANO(A)
9,20,7,IZTAPALAPA,2290,2,URBANO(A)
9,20,7,IZTAPALAPA,2291,2,URBANO(A)
9,20,7,IZTAPALAPA,2292,2,URBANO(A)
9,20,7,IZTAPALAPA,2293,2,URBANO(A)
9,20,7,IZTAPALAPA,2294,2,URBANO(A)
9,20,7,IZTAPALAPA,2295,2,URBANO(A)
9,20,7,IZTAPALAPA,2296,2,URBANO(A)
9,20,7,IZTAPALAPA,2297,2,URBANO(A)
9,20,7,IZTAPALAPA,2298,2,URBANO(A)
9,4,7,IZTAPALAPA,2299,2,URBANO(A)
9,4,7,IZTAPALAPA,2300,2,URBANO(A)
9,4,7,IZTAPALAPA,2301,2,URBANO(A)
9,18,7,IZTAPALAPA,2302,2,URBANO(A)
9,18,7,IZTAPALAPA,2303,2,URBANO(A)
9,18,7,IZTAPALAPA,2304,2,URBANO(A)
9,18,7,IZTAPALAPA,2305,2,URBANO(A)
9,18,7,IZTAPALAPA,2306,2,URBANO(A)
9,4,7,IZTAPALAPA,2307,2,URBANO(A)
9,4,7,IZTAPALAPA,2308,2,URBANO(A)
9,4,7,IZTAPALAPA,2309,2,URBANO(A)
9,4,7,IZTAPALAPA,2310,2,URBANO(A)
9,4,7,IZTAPALAPA,2311,2,URBANO(A)
9,20,7,IZTAPALAPA,2312,2,URBANO(A)
9,4,7,IZTAPALAPA,2313,2,URBANO(A)
9,4,7,IZTAPALAPA,2314,2,URBANO(A)
9,20,7,IZTAPALAPA,2315,2,URBANO(A)
9,20,7,IZTAPALAPA,2316,2,URBANO(A)
9,20,7,IZTAPALAPA,2317,2,URBANO(A)
9,20,7,IZTAPALAPA,2318,2,URBANO(A)
9,20,7,IZTAPALAPA,2319,2,URBANO(A)
9,20,7,IZTAPALAPA,2320,2,URBANO(A)
9,20,7,IZTAPALAPA,2321,2,URBANO(A)
9,20,7,IZTAPALAPA,2322,2,URBANO(A)
9,20,7,IZTAPALAPA,2323,2,URBANO(A)
9,20,7,IZTAPALAPA,2324,2,URBANO(A)
9,20,7,IZTAPALAPA,2325,2,URBANO(A)
9,4,7,IZTAPALAPA,2326,2,URBANO(A)
9,20,7,IZTAPALAPA,2327,2,URBANO(A)
9,20,7,IZTAPALAPA,2328,2,URBANO(A)
9,20,7,IZTAPALAPA,2329,2,URBANO(A)
9,20,7,IZTAPALAPA,2330,2,URBANO(A)
9,20,7,IZTAPALAPA,2331,2,URBANO(A)
9,20,7,IZTAPALAPA,2332,2,URBANO(A)
9,20,7,IZTAPALAPA,2333,2,URBANO(A)
9,20,7,IZTAPALAPA,2334,2,URBANO(A)
9,20,7,IZTAPALAPA,2335,2,URBANO(A)
9,20,7,IZTAPALAPA,2336,2,URBANO(A)
9,20,7,IZTAPALAPA,2337,2,URBANO(A)
9,20,7,IZTAPALAPA,2338,2,URBANO(A)
9,20,7,IZTAPALAPA,2339,2,URBANO(A)
9,19,7,IZTAPALAPA,2340,2,URBANO(A)
9,18,7,IZTAPALAPA,2341,2,URBANO(A)
9,19,7,IZTAPALAPA,2342,2,URBANO(A)
9,19,7,IZTAPALAPA,2343,2,URBANO(A)
9,19,7,IZTAPALAPA,2344,2,URBANO(A)
9,19,7,IZTAPALAPA,2345,2,URBANO(A)
9,19,7,IZTAPALAPA,2346,2,URBANO(A)
9,19,7,IZTAPALAPA,2347,2,URBANO(A)
9,18,7,IZTAPALAPA,2348,2,URBANO(A)
9,18,7,IZTAPALAPA,2349,2,URBANO(A)
9,18,7,IZTAPALAPA,2350,2,URBANO(A)
9,18,7,IZTAPALAPA,2351,2,URBANO(A)
9,18,7,IZTAPALAPA,2352,2,URBANO(A)
9,19,7,IZTAPALAPA,2353,2,URBANO(A)
9,19,7,IZTAPALAPA,2354,2,URBANO(A)
9,19,7,IZTAPALAPA,2355,2,URBANO(A)
9,19,7,IZTAPALAPA,2356,2,URBANO(A)
9,19,7,IZTAPALAPA,2357,2,URBANO(A)
9,19,7,IZTAPALAPA,2358,2,URBANO(A)
9,18,7,IZTAPALAPA,2359,2,URBANO(A)
9,18,7,IZTAPALAPA,2360,2,URBANO(A)
9,18,7,IZTAPALAPA,2361,2,URBANO(A)
9,18,7,IZTAPALAPA,2362,2,URBANO(A)
9,18,7,IZTAPALAPA,2363,2,URBANO(A)
9,18,7,IZTAPALAPA,2364,2,URBANO(A)
9,18,7,IZTAPALAPA,2365,2,URBANO(A)
9,18,7,IZTAPALAPA,2366,2,URBANO(A)
9,18,7,IZTAPALAPA,2367,2,URBANO(A)
9,18,7,IZTAPALAPA,2368,2,URBANO(A)
9,18,7,IZTAPALAPA,2369,2,URBANO(A)
9,18,7,IZTAPALAPA,2370,2,URBANO(A)
9,18,7,IZTAPALAPA,2371,2,URBANO(A)
9,18,7,IZTAPALAPA,2372,2,URBANO(A)
9,18,7,IZTAPALAPA,2373,2,URBANO(A)
9,18,7,IZTAPALAPA,2374,2,URBANO(A)
9,18,7,IZTAPALAPA,2375,2,URBANO(A)
9,18,7,IZTAPALAPA,2376,2,URBANO(A)
9,18,7,IZTAPALAPA,2377,2,URBANO(A)
9,18,7,IZTAPALAPA,2378,2,URBANO(A)
9,18,7,IZTAPALAPA,2379,2,URBANO(A)
9,18,7,IZTAPALAPA,2380,2,URBANO(A)
9,18,7,IZTAPALAPA,2381,2,URBANO(A)
9,18,7,IZTAPALAPA,2382,2,URBANO(A)
9,18,7,IZTAPALAPA,2383,2,URBANO(A)
9,18,7,IZTAPALAPA,2384,2,URBANO(A)
9,18,7,IZTAPALAPA,2385,2,URBANO(A)
9,19,7,IZTAPALAPA,2386,2,URBANO(A)
9,19,7,IZTAPALAPA,2387,2,URBANO(A)
9,19,7,IZTAPALAPA,2388,2,URBANO(A)
9,19,7,IZTAPALAPA,2389,2,URBANO(A)
9,19,7,IZTAPALAPA,2390,2,URBANO(A)
9,19,7,IZTAPALAPA,2391,2,URBANO(A)
9,19,7,IZTAPALAPA,2392,2,URBANO(A)
9,19,7,IZTAPALAPA,2393,2,URBANO(A)
9,19,7,IZTAPALAPA,2394,2,URBANO(A)
9,19,7,IZTAPALAPA,2395,2,URBANO(A)
9,19,7,IZTAPALAPA,2396,2,URBANO(A)
9,19,7,IZTAPALAPA,2397,2,URBANO(A)
9,19,7,IZTAPALAPA,2398,2,URBANO(A)
9,19,7,IZTAPALAPA,2399,2,URBANO(A)
9,19,7,IZTAPALAPA,2400,2,URBANO(A)
9,19,7,IZTAPALAPA,2401,2,URBANO(A)
9,19,7,IZTAPALAPA,2402,2,URBANO(A)
9,19,7,IZTAPALAPA,2403,2,URBANO(A)
9,19,7,IZTAPALAPA,2404,2,URBANO(A)
9,19,7,IZTAPALAPA,2405,2,URBANO(A)
9,19,7,IZTAPALAPA,2406,2,URBANO(A)
9,19,7,IZTAPALAPA,2407,2,URBANO(A)
9,19,7,IZTAPALAPA,2408,2,URBANO(A)
9,19,7,IZTAPALAPA,2409,2,URBANO(A)
9,19,7,IZTAPALAPA,2410,2,URBANO(A)
9,19,7,IZTAPALAPA,2411,2,URBANO(A)
9,19,7,IZTAPALAPA,2412,2,URBANO(A)
9,19,7,IZTAPALAPA,2413,2,URBANO(A)
9,19,7,IZTAPALAPA,2414,2,URBANO(A)
9,19,7,IZTAPALAPA,2415,2,URBANO(A)
9,19,7,IZTAPALAPA,2416,2,URBANO(A)
9,19,7,IZTAPALAPA,2417,2,URBANO(A)
9,19,7,IZTAPALAPA,2418,2,URBANO(A)
9,19,7,IZTAPALAPA,2419,2,URBANO(A)
9,19,7,IZTAPALAPA,2420,2,URBANO(A)
9,19,7,IZTAPALAPA,2421,2,URBANO(A)
9,19,7,IZTAPALAPA,2422,2,URBANO(A)
9,19,7,IZTAPALAPA,2423,2,URBANO(A)
9,19,7,IZTAPALAPA,2424,2,URBANO(A)
9,19,7,IZTAPALAPA,2425,2,URBANO(A)
9,19,7,IZTAPALAPA,2426,2,URBANO(A)
9,19,7,IZTAPALAPA,2427,2,URBANO(A)
9,19,7,IZTAPALAPA,2428,2,URBANO(A)
9,19,7,IZTAPALAPA,2429,2,URBANO(A)
9,19,7,IZTAPALAPA,2430,2,URBANO(A)
9,19,7,IZTAPALAPA,2431,2,URBANO(A)
9,19,7,IZTAPALAPA,2432,2,URBANO(A)
9,19,7,IZTAPALAPA,2433,2,URBANO(A)
9,19,7,IZTAPALAPA,2434,2,URBANO(A)
9,19,7,IZTAPALAPA,2435,2,URBANO(A)
9,19,7,IZTAPALAPA,2436,2,URBANO(A)
9,19,7,IZTAPALAPA,2437,2,URBANO(A)
9,19,7,IZTAPALAPA,2438,2,URBANO(A)
9,19,7,IZTAPALAPA,2439,2,URBANO(A)
9,19,7,IZTAPALAPA,2440,2,URBANO(A)
9,19,7,IZTAPALAPA,2441,2,URBANO(A)
9,19,7,IZTAPALAPA,2442,2,URBANO(A)
9,19,7,IZTAPALAPA,2443,2,URBANO(A)
9,19,7,IZTAPALAPA,2444,2,URBANO(A)
9,19,7,IZTAPALAPA,2445,2,URBANO(A)
9,19,7,IZTAPALAPA,2446,2,URBANO(A)
9,19,7,IZTAPALAPA,2447,2,URBANO(A)
9,19,7,IZTAPALAPA,2448,2,URBANO(A)
9,19,7,IZTAPALAPA,2449,2,URBANO(A)
9,19,7,IZTAPALAPA,2450,2,URBANO(A)
9,19,7,IZTAPALAPA,2451,2,URBANO(A)
9,19,7,IZTAPALAPA,2452,2,URBANO(A)
9,19,7,IZTAPALAPA,2453,2,URBANO(A)
9,19,7,IZTAPALAPA,2454,2,URBANO(A)
9,19,7,IZTAPALAPA,2455,2,URBANO(A)
9,19,7,IZTAPALAPA,2456,2,URBANO(A)
9,19,7,IZTAPALAPA,2457,2,URBANO(A)
9,19,7,IZTAPALAPA,2458,2,URBANO(A)
9,19,7,IZTAPALAPA,2459,2,URBANO(A)
9,19,7,IZTAPALAPA,2460,2,URBANO(A)
9,19,7,IZTAPALAPA,2461,2,URBANO(A)
9,19,7,IZTAPALAPA,2462,2,URBANO(A)
9,19,7,IZTAPALAPA,2463,2,URBANO(A)
9,19,7,IZTAPALAPA,2464,2,URBANO(A)
9,19,7,IZTAPALAPA,2465,2,URBANO(A)
9,19,7,IZTAPALAPA,2466,2,URBANO(A)
9,19,7,IZTAPALAPA,2467,2,URBANO(A)
9,19,7,IZTAPALAPA,2468,2,URBANO(A)
9,19,7,IZTAPALAPA,2469,2,URBANO(A)
9,19,7,IZTAPALAPA,2470,2,URBANO(A)
9,19,7,IZTAPALAPA,2471,2,URBANO(A)
9,19,7,IZTAPALAPA,2472,2,URBANO(A)
9,19,7,IZTAPALAPA,2473,2,URBANO(A)
9,19,7,IZTAPALAPA,2474,2,URBANO(A)
9,19,7,IZTAPALAPA,2475,2,URBANO(A)
9,19,7,IZTAPALAPA,2476,2,URBANO(A)
9,19,7,IZTAPALAPA,2477,2,URBANO(A)
9,19,7,IZTAPALAPA,2478,2,URBANO(A)
9,19,7,IZTAPALAPA,2479,2,URBANO(A)
9,19,7,IZTAPALAPA,2480,2,URBANO(A)
9,19,7,IZTAPALAPA,2481,2,URBANO(A)
9,19,7,IZTAPALAPA,2482,2,URBANO(A)
9,19,7,IZTAPALAPA,2483,2,URBANO(A)
9,19,7,IZTAPALAPA,2484,2,URBANO(A)
9,19,7,IZTAPALAPA,2485,2,URBANO(A)
9,19,7,IZTAPALAPA,2486,2,URBANO(A)
9,19,7,IZTAPALAPA,2487,2,URBANO(A)
9,19,7,IZTAPALAPA,2488,2,URBANO(A)
9,19,7,IZTAPALAPA,2489,2,URBANO(A)
9,19,7,IZTAPALAPA,2490,2,URBANO(A)
9,19,7,IZTAPALAPA,2491,2,URBANO(A)
9,19,7,IZTAPALAPA,2492,2,URBANO(A)
9,19,7,IZTAPALAPA,2493,2,URBANO(A)
9,19,7,IZTAPALAPA,2494,2,URBANO(A)
9,19,7,IZTAPALAPA,2495,2,URBANO(A)
9,19,7,IZTAPALAPA,2496,2,URBANO(A)
9,19,7,IZTAPALAPA,2497,2,URBANO(A)
9,19,7,IZTAPALAPA,2498,2,URBANO(A)
9,19,7,IZTAPALAPA,2499,2,URBANO(A)
9,19,7,IZTAPALAPA,2500,2,URBANO(A)
9,18,7,IZTAPALAPA,2501,2,URBANO(A)
9,18,7,IZTAPALAPA,2502,2,URBANO(A)
9,18,7,IZTAPALAPA,2503,2,URBANO(A)
9,18,7,IZTAPALAPA,2504,2,URBANO(A)
9,18,7,IZTAPALAPA,2505,2,URBANO(A)
9,18,7,IZTAPALAPA,2506,2,URBANO(A)
9,18,7,IZTAPALAPA,2507,2,URBANO(A)
9,18,7,IZTAPALAPA,2508,2,URBANO(A)
9,18,7,IZTAPALAPA,2509,2,URBANO(A)
9,18,7,IZTAPALAPA,2510,2,URBANO(A)
9,18,7,IZTAPALAPA,2511,2,URBANO(A)
9,18,7,IZTAPALAPA,2512,2,URBANO(A)
9,18,7,IZTAPALAPA,2513,2,URBANO(A)
9,18,7,IZTAPALAPA,2514,2,URBANO(A)
9,18,7,IZTAPALAPA,2515,2,URBANO(A)
9,18,7,IZTAPALAPA,2516,2,URBANO(A)
9,18,7,IZTAPALAPA,2517,2,URBANO(A)
9,18,7,IZTAPALAPA,2518,2,URBANO(A)
9,18,7,IZTAPALAPA,2519,2,URBANO(A)
9,18,7,IZTAPALAPA,2520,2,URBANO(A)
9,4,7,IZTAPALAPA,2521,2,URBANO(A)
9,4,7,IZTAPALAPA,2522,2,URBANO(A)
9,4,7,IZTAPALAPA,2523,2,URBANO(A)
9,4,7,IZTAPALAPA,2524,2,URBANO(A)
9,18,7,IZTAPALAPA,2525,2,URBANO(A)
9,18,7,IZTAPALAPA,2526,2,URBANO(A)
9,18,7,IZTAPALAPA,2527,2,URBANO(A)
9,18,7,IZTAPALAPA,2528,2,URBANO(A)
9,18,7,IZTAPALAPA,2529,2,URBANO(A)
9,18,7,IZTAPALAPA,2530,2,URBANO(A)
9,18,7,IZTAPALAPA,2531,2,URBANO(A)
9,18,7,IZTAPALAPA,2532,2,URBANO(A)
9,18,7,IZTAPALAPA,2533,2,URBANO(A)
9,18,7,IZTAPALAPA,2534,2,URBANO(A)
9,18,7,IZTAPALAPA,2535,2,URBANO(A)
9,18,7,IZTAPALAPA,2536,2,URBANO(A)
9,18,7,IZTAPALAPA,2537,2,URBANO(A)
9,18,7,IZTAPALAPA,2538,2,URBANO(A)
9,18,7,IZTAPALAPA,2539,2,URBANO(A)
9,18,7,IZTAPALAPA,2540,2,URBANO(A)
9,18,7,IZTAPALAPA,2541,2,URBANO(A)
9,18,7,IZTAPALAPA,2542,2,URBANO(A)
9,18,7,IZTAPALAPA,2543,2,URBANO(A)
9,18,7,IZTAPALAPA,2544,2,URBANO(A)
9,18,7,IZTAPALAPA,2545,2,URBANO(A)
9,18,7,IZTAPALAPA,2546,2,URBANO(A)
9,18,7,IZTAPALAPA,2547,2,URBANO(A)
9,18,7,IZTAPALAPA,2548,2,URBANO(A)
9,18,7,IZTAPALAPA,2549,2,URBANO(A)
9,4,7,IZTAPALAPA,2550,2,URBANO(A)
9,4,7,IZTAPALAPA,2551,2,URBANO(A)
9,20,7,IZTAPALAPA,2552,2,URBANO(A)
9,20,7,IZTAPALAPA,2553,2,URBANO(A)
9,20,7,IZTAPALAPA,2554,2,URBANO(A)
9,20,7,IZTAPALAPA,2555,2,URBANO(A)
9,20,7,IZTAPALAPA,2556,2,URBANO(A)
9,20,7,IZTAPALAPA,2557,2,URBANO(A)
9,20,7,IZTAPALAPA,2558,2,URBANO(A)
9,20,7,IZTAPALAPA,2559,2,URBANO(A)
9,22,7,IZTAPALAPA,2560,2,URBANO(A)
9,22,7,IZTAPALAPA,2561,2,URBANO(A)
9,20,7,IZTAPALAPA,2562,2,URBANO(A)
9,20,7,IZTAPALAPA,2563,2,URBANO(A)
9,22,7,IZTAPALAPA,2564,2,URBANO(A)
9,22,7,IZTAPALAPA,2565,2,URBANO(A)
9,22,7,IZTAPALAPA,2566,2,URBANO(A)
9,22,7,IZTAPALAPA,2567,2,URBANO(A)
9,22,7,IZTAPALAPA,2568,2,URBANO(A)
9,22,7,IZTAPALAPA,2569,2,URBANO(A)
9,20,7,IZTAPALAPA,2570,2,URBANO(A)
9,20,7,IZTAPALAPA,2571,2,URBANO(A)
9,22,7,IZTAPALAPA,2572,2,URBANO(A)
9,22,7,IZTAPALAPA,2573,2,URBANO(A)
9,22,7,IZTAPALAPA,2574,2,URBANO(A)
9,22,7,IZTAPALAPA,2575,2,URBANO(A)
9,22,7,IZTAPALAPA,2576,2,URBANO(A)
9,22,7,IZTAPALAPA,2577,2,URBANO(A)
9,22,7,IZTAPALAPA,2578,2,URBANO(A)
9,22,7,IZTAPALAPA,2579,2,URBANO(A)
9,22,7,IZTAPALAPA,2580,2,URBANO(A)
9,20,7,IZTAPALAPA,2581,2,URBANO(A)
9,20,7,IZTAPALAPA,2582,2,URBANO(A)
9,20,7,IZTAPALAPA,2583,2,URBANO(A)
9,22,7,IZTAPALAPA,2584,2,URBANO(A)
9,22,7,IZTAPALAPA,2585,2,URBANO(A)
9,22,7,IZTAPALAPA,2586,2,URBANO(A)
9,22,7,IZTAPALAPA,2587,2,URBANO(A)
9,22,7,IZTAPALAPA,2588,2,URBANO(A)
9,22,7,IZTAPALAPA,2589,2,URBANO(A)
9,22,7,IZTAPALAPA,2590,2,URBANO(A)
9,22,7,IZTAPALAPA,2591,2,URBANO(A)
9,22,7,IZTAPALAPA,2592,2,URBANO(A)
9,22,7,IZTAPALAPA,2593,2,URBANO(A)
9,22,7,IZTAPALAPA,2594,2,URBANO(A)
9,22,7,IZTAPALAPA,2595,2,URBANO(A)
9,22,7,IZTAPALAPA,2596,2,URBANO(A)
9,22,7,IZTAPALAPA,2597,2,URBANO(A)
9,22,7,IZTAPALAPA,2598,2,URBANO(A)
9,22,7,IZTAPALAPA,2599,2,URBANO(A)
9,22,7,IZTAPALAPA,2600,2,URBANO(A)
9,22,7,IZTAPALAPA,2601,2,URBANO(A)
9,22,7,IZTAPALAPA,2602,2,URBANO(A)
9,22,7,IZTAPALAPA,2603,2,URBANO(A)
9,22,7,IZTAPALAPA,2604,2,URBANO(A)
9,22,7,IZTAPALAPA,2605,2,URBANO(A)
9,22,7,IZTAPALAPA,2606,2,URBANO(A)
9,22,7,IZTAPALAPA,2607,2,URBANO(A)
9,22,7,IZTAPALAPA,2608,2,URBANO(A)
9,22,7,IZTAPALAPA,2609,2,URBANO(A)
9,22,7,IZTAPALAPA,2610,2,URBANO(A)
9,22,7,IZTAPALAPA,2611,2,URBANO(A)
9,22,7,IZTAPALAPA,2612,2,URBANO(A)
9,22,7,IZTAPALAPA,2613,2,URBANO(A)
9,22,7,IZTAPALAPA,2614,2,URBANO(A)
9,22,7,IZTAPALAPA,2615,2,URBANO(A)
9,20,7,IZTAPALAPA,2616,2,URBANO(A)
9,20,7,IZTAPALAPA,2617,2,URBANO(A)
9,20,7,IZTAPALAPA,2618,2,URBANO(A)
9,22,7,IZTAPALAPA,2619,2,URBANO(A)
9,22,7,IZTAPALAPA,2620,2,URBANO(A)
9,20,7,IZTAPALAPA,2621,2,URBANO(A)
9,20,7,IZTAPALAPA,2622,2,URBANO(A)
9,20,7,IZTAPALAPA,2623,2,URBANO(A)
9,4,7,IZTAPALAPA,2624,2,URBANO(A)
9,4,7,IZTAPALAPA,2625,2,URBANO(A)
9,4,7,IZTAPALAPA,2626,2,URBANO(A)
9,4,7,IZTAPALAPA,2627,2,URBANO(A)
9,4,7,IZTAPALAPA,2628,2,URBANO(A)
9,4,7,IZTAPALAPA,2629,2,URBANO(A)
9,4,7,IZTAPALAPA,2630,2,URBANO(A)
9,4,7,IZTAPALAPA,2631,2,URBANO(A)
9,4,7,IZTAPALAPA,2632,2,URBANO(A)
9,4,7,IZTAPALAPA,2633,2,URBANO(A)
9,18,7,IZTAPALAPA,2634,2,URBANO(A)
9,18,7,IZTAPALAPA,2635,2,URBANO(A)
9,18,7,IZTAPALAPA,2636,2,URBANO(A)
9,18,7,IZTAPALAPA,2637,2,URBANO(A)
9,18,7,IZTAPALAPA,2638,2,URBANO(A)
9,18,7,IZTAPALAPA,2639,2,URBANO(A)
9,18,7,IZTAPALAPA,2640,2,URBANO(A)
9,18,7,IZTAPALAPA,2641,2,URBANO(A)
9,18,7,IZTAPALAPA,2642,2,URBANO(A)
9,18,7,IZTAPALAPA,2643,2,URBANO(A)
9,18,7,IZTAPALAPA,2644,2,URBANO(A)
9,18,7,IZTAPALAPA,2645,2,URBANO(A)
9,18,7,IZTAPALAPA,2646,2,URBANO(A)
9,18,7,IZTAPALAPA,2647,2,URBANO(A)
9,18,7,IZTAPALAPA,2648,2,URBANO(A)
9,18,7,IZTAPALAPA,2649,2,URBANO(A)
9,18,7,IZTAPALAPA,2650,2,URBANO(A)
9,18,7,IZTAPALAPA,2651,2,URBANO(A)
9,18,7,IZTAPALAPA,2652,2,URBANO(A)
9,18,7,IZTAPALAPA,2653,2,URBANO(A)
9,18,7,IZTAPALAPA,2654,2,URBANO(A)
9,18,7,IZTAPALAPA,2655,2,URBANO(A)
9,18,7,IZTAPALAPA,2656,2,URBANO(A)
9,18,7,IZTAPALAPA,2657,2,URBANO(A)
9,18,7,IZTAPALAPA,2658,2,URBANO(A)
9,18,7,IZTAPALAPA,2659,2,URBANO(A)
9,18,7,IZTAPALAPA,2660,2,URBANO(A)
9,18,7,IZTAPALAPA,2661,2,URBANO(A)
9,18,7,IZTAPALAPA,2663,2,URBANO(A)
9,18,7,IZTAPALAPA,2664,2,URBANO(A)
9,18,7,IZTAPALAPA,2665,2,URBANO(A)
9,18,7,IZTAPALAPA,2666,2,URBANO(A)
9,18,7,IZTAPALAPA,2667,2,URBANO(A)
9,18,7,IZTAPALAPA,2668,2,URBANO(A)
9,18,7,IZTAPALAPA,2669,2,URBANO(A)
9,18,7,IZTAPALAPA,2670,2,URBANO(A)
9,18,7,IZTAPALAPA,2671,2,URBANO(A)
9,4,7,IZTAPALAPA,2672,2,URBANO(A)
9,4,7,IZTAPALAPA,2673,2,URBANO(A)
9,4,7,IZTAPALAPA,2674,2,URBANO(A)
9,4,7,IZTAPALAPA,2675,2,URBANO(A)
9,4,7,IZTAPALAPA,2676,2,URBANO(A)
9,4,7,IZTAPALAPA,2677,2,URBANO(A)
9,4,7,IZTAPALAPA,2678,2,URBANO(A)
9,4,7,IZTAPALAPA,2679,2,URBANO(A)
9,4,7,IZTAPALAPA,2680,2,URBANO(A)
9,4,7,IZTAPALAPA,2681,2,URBANO(A)
9,22,7,IZTAPALAPA,2682,2,URBANO(A)
9,22,7,IZTAPALAPA,2683,2,URBANO(A)
9,22,7,IZTAPALAPA,2684,2,URBANO(A)
9,22,7,IZTAPALAPA,2685,2,URBANO(A)
9,20,7,IZTAPALAPA,2686,2,URBANO(A)
9,22,7,IZTAPALAPA,2687,2,URBANO(A)
9,22,7,IZTAPALAPA,2688,2,URBANO(A)
9,22,7,IZTAPALAPA,2689,2,URBANO(A)
9,22,7,IZTAPALAPA,2690,2,URBANO(A)
9,22,7,IZTAPALAPA,2691,2,URBANO(A)
9,22,7,IZTAPALAPA,2692,2,URBANO(A)
9,22,7,IZTAPALAPA,2693,2,URBANO(A)
9,22,7,IZTAPALAPA,2694,2,URBANO(A)
9,22,7,IZTAPALAPA,2695,2,URBANO(A)
9,22,7,IZTAPALAPA,2696,2,URBANO(A)
9,22,7,IZTAPALAPA,2697,2,URBANO(A)
9,22,7,IZTAPALAPA,2698,2,URBANO(A)
9,22,7,IZTAPALAPA,2699,2,URBANO(A)
9,22,7,IZTAPALAPA,2700,2,URBANO(A)
9,22,7,IZTAPALAPA,2701,2,URBANO(A)
9,22,7,IZTAPALAPA,2702,2,URBANO(A)
9,22,7,IZTAPALAPA,2703,2,URBANO(A)
9,22,7,IZTAPALAPA,2704,2,URBANO(A)
9,22,7,IZTAPALAPA,2705,2,URBANO(A)
9,22,7,IZTAPALAPA,2706,2,URBANO(A)
9,22,7,IZTAPALAPA,2707,2,URBANO(A)
9,22,7,IZTAPALAPA,2708,2,URBANO(A)
9,22,7,IZTAPALAPA,2709,2,URBANO(A)
9,22,7,IZTAPALAPA,2710,2,URBANO(A)
9,22,7,IZTAPALAPA,2711,2,URBANO(A)
9,22,7,IZTAPALAPA,2712,2,URBANO(A)
9,22,7,IZTAPALAPA,2713,2,URBANO(A)
9,22,7,IZTAPALAPA,2714,2,URBANO(A)
9,22,7,IZTAPALAPA,2715,2,URBANO(A)
9,22,7,IZTAPALAPA,2716,2,URBANO(A)
9,22,7,IZTAPALAPA,2717,2,URBANO(A)
9,22,7,IZTAPALAPA,2718,2,URBANO(A)
9,22,7,IZTAPALAPA,2719,2,URBANO(A)
9,22,7,IZTAPALAPA,2720,2,URBANO(A)
9,22,7,IZTAPALAPA,2721,2,URBANO(A)
9,22,7,IZTAPALAPA,2722,2,URBANO(A)
9,4,7,IZTAPALAPA,2723,2,URBANO(A)
9,4,7,IZTAPALAPA,2724,2,URBANO(A)
9,4,7,IZTAPALAPA,2725,2,URBANO(A)
9,4,7,IZTAPALAPA,2726,2,URBANO(A)
9,4,7,IZTAPALAPA,2727,2,URBANO(A)
9,4,7,IZTAPALAPA,2728,2,URBANO(A)
9,4,7,IZTAPALAPA,2729,2,URBANO(A)
9,4,7,IZTAPALAPA,2730,2,URBANO(A)
9,4,7,IZTAPALAPA,2731,2,URBANO(A)
9,4,7,IZTAPALAPA,2732,2,URBANO(A)
9,18,7,IZTAPALAPA,2733,2,URBANO(A)
9,18,7,IZTAPALAPA,2734,2,URBANO(A)
9,18,7,IZTAPALAPA,2735,2,URBANO(A)
9,18,7,IZTAPALAPA,2736,2,URBANO(A)
9,18,7,IZTAPALAPA,2737,2,URBANO(A)
9,18,7,IZTAPALAPA,2739,2,URBANO(A)
9,18,7,IZTAPALAPA,2740,2,URBANO(A)
9,18,7,IZTAPALAPA,2741,2,URBANO(A)
9,18,7,IZTAPALAPA,2742,2,URBANO(A)
9,18,7,IZTAPALAPA,2743,2,URBANO(A)
9,18,7,IZTAPALAPA,2744,2,URBANO(A)
9,18,7,IZTAPALAPA,2745,2,URBANO(A)
9,18,7,IZTAPALAPA,2746,2,URBANO(A)
9,18,7,IZTAPALAPA,2747,2,URBANO(A)
9,18,7,IZTAPALAPA,2748,2,URBANO(A)
9,18,7,IZTAPALAPA,2749,2,URBANO(A)
9,18,7,IZTAPALAPA,2750,2,URBANO(A)
9,18,7,IZTAPALAPA,2751,2,URBANO(A)
9,18,7,IZTAPALAPA,2752,2,URBANO(A)
9,18,7,IZTAPALAPA,2753,2,URBANO(A)
9,18,7,IZTAPALAPA,2754,2,URBANO(A)
9,18,7,IZTAPALAPA,2755,2,URBANO(A)
9,4,7,IZTAPALAPA,2756,2,URBANO(A)
9,18,7,IZTAPALAPA,2757,2,URBANO(A)
9,4,7,IZTAPALAPA,2758,2,URBANO(A)
9,4,7,IZTAPALAPA,2759,2,URBANO(A)
9,4,7,IZTAPALAPA,2760,2,URBANO(A)
9,4,7,IZTAPALAPA,2761,2,URBANO(A)
9,4,7,IZTAPALAPA,2762,2,URBANO(A)
9,4,7,IZTAPALAPA,2763,2,URBANO(A)
9,4,7,IZTAPALAPA,2764,2,URBANO(A)
9,4,7,IZTAPALAPA,2765,2,URBANO(A)
9,4,7,IZTAPALAPA,2766,2,URBANO(A)
9,4,7,IZTAPALAPA,2767,2,URBANO(A)
9,4,7,IZTAPALAPA,2768,2,URBANO(A)
9,4,7,IZTAPALAPA,2769,2,URBANO(A)
9,4,7,IZTAPALAPA,2770,2,URBANO(A)
9,4,7,IZTAPALAPA,2771,2,URBANO(A)
9,4,7,IZTAPALAPA,2772,2,URBANO(A)
9,4,7,IZTAPALAPA,2773,2,URBANO(A)
9,4,7,IZTAPALAPA,2774,2,URBANO(A)
9,4,7,IZTAPALAPA,2775,2,URBANO(A)
9,4,7,IZTAPALAPA,2776,2,URBANO(A)
9,22,7,IZTAPALAPA,2777,2,URBANO(A)
9,22,7,IZTAPALAPA,2778,2,URBANO(A)
9,22,7,IZTAPALAPA,2779,2,URBANO(A)
9,22,7,IZTAPALAPA,2780,2,URBANO(A)
9,22,7,IZTAPALAPA,2781,2,URBANO(A)
9,22,7,IZTAPALAPA,2782,2,URBANO(A)
9,22,7,IZTAPALAPA,2783,2,URBANO(A)
9,22,7,IZTAPALAPA,2784,2,URBANO(A)
9,22,7,IZTAPALAPA,2785,2,URBANO(A)
9,22,7,IZTAPALAPA,2786,2,URBANO(A)
9,22,7,IZTAPALAPA,2787,2,URBANO(A)
9,22,7,IZTAPALAPA,2788,2,URBANO(A)
9,22,7,IZTAPALAPA,2789,2,URBANO(A)
9,22,7,IZTAPALAPA,2790,2,URBANO(A)
9,22,7,IZTAPALAPA,2791,2,URBANO(A)
9,22,7,IZTAPALAPA,2792,2,URBANO(A)
9,22,7,IZTAPALAPA,2793,2,URBANO(A)
9,22,7,IZTAPALAPA,2794,2,URBANO(A)
9,22,7,IZTAPALAPA,2795,2,URBANO(A)
9,22,7,IZTAPALAPA,2796,2,URBANO(A)
9,22,7,IZTAPALAPA,2797,2,URBANO(A)
9,22,7,IZTAPALAPA,2798,2,URBANO(A)
9,22,7,IZTAPALAPA,2799,2,URBANO(A)
9,22,7,IZTAPALAPA,2800,2,URBANO(A)
9,22,7,IZTAPALAPA,2801,2,URBANO(A)
9,22,7,IZTAPALAPA,2802,2,URBANO(A)
9,22,7,IZTAPALAPA,2803,2,URBANO(A)
9,22,7,IZTAPALAPA,2804,2,URBANO(A)
9,22,7,IZTAPALAPA,2805,2,URBANO(A)
9,22,7,IZTAPALAPA,2806,2,URBANO(A)
9,22,7,IZTAPALAPA,2807,2,URBANO(A)
9,22,7,IZTAPALAPA,2808,2,URBANO(A)
9,22,7,IZTAPALAPA,2809,2,URBANO(A)
9,22,7,IZTAPALAPA,2810,2,URBANO(A)
9,22,7,IZTAPALAPA,2811,2,URBANO(A)
9,22,7,IZTAPALAPA,2812,2,URBANO(A)
9,22,7,IZTAPALAPA,2813,2,URBANO(A)
9,22,7,IZTAPALAPA,2814,2,URBANO(A)
9,22,7,IZTAPALAPA,2815,2,URBANO(A)
9,22,7,IZTAPALAPA,2816,2,URBANO(A)
9,22,7,IZTAPALAPA,2817,2,URBANO(A)
9,22,7,IZTAPALAPA,2818,2,URBANO(A)
9,22,7,IZTAPALAPA,2819,2,URBANO(A)
9,22,7,IZTAPALAPA,2820,2,URBANO(A)
9,22,7,IZTAPALAPA,2821,2,URBANO(A)
9,22,7,IZTAPALAPA,2822,2,URBANO(A)
9,22,7,IZTAPALAPA,2823,2,URBANO(A)
9,4,7,IZTAPALAPA,2824,2,URBANO(A)
9,4,7,IZTAPALAPA,2825,2,URBANO(A)
9,4,7,IZTAPALAPA,2826,2,URBANO(A)
9,4,7,IZTAPALAPA,2827,2,URBANO(A)
9,4,7,IZTAPALAPA,2828,2,URBANO(A)
9,4,7,IZTAPALAPA,2829,2,URBANO(A)
9,4,7,IZTAPALAPA,2830,2,URBANO(A)
9,4,7,IZTAPALAPA,2831,2,URBANO(A)
9,4,7,IZTAPALAPA,2832,2,URBANO(A)
9,4,7,IZTAPALAPA,2833,2,URBANO(A)
9,4,7,IZTAPALAPA,2834,2,URBANO(A)
9,4,7,IZTAPALAPA,2835,2,URBANO(A)
9,4,7,IZTAPALAPA,2836,2,URBANO(A)
9,4,7,IZTAPALAPA,2837,2,URBANO(A)
9,4,7,IZTAPALAPA,2838,2,URBANO(A)
9,18,7,IZTAPALAPA,2839,2,URBANO(A)
9,18,7,IZTAPALAPA,2840,2,URBANO(A)
9,18,7,IZTAPALAPA,2841,2,URBANO(A)
9,18,7,IZTAPALAPA,2842,2,URBANO(A)
9,18,7,IZTAPALAPA,2843,2,URBANO(A)
9,18,7,IZTAPALAPA,2844,2,URBANO(A)
9,18,7,IZTAPALAPA,2845,2,URBANO(A)
9,18,7,IZTAPALAPA,2846,2,URBANO(A)
9,18,7,IZTAPALAPA,2847,2,URBANO(A)
9,4,7,IZTAPALAPA,2848,2,URBANO(A)
9,4,7,IZTAPALAPA,2849,2,URBANO(A)
9,4,7,IZTAPALAPA,2850,2,URBANO(A)
9,4,7,IZTAPALAPA,2851,2,URBANO(A)
9,4,7,IZTAPALAPA,2852,2,URBANO(A)
9,4,7,IZTAPALAPA,2853,2,URBANO(A)
9,4,7,IZTAPALAPA,2854,2,URBANO(A)
9,4,7,IZTAPALAPA,2855,2,URBANO(A)
9,4,7,IZTAPALAPA,2856,2,URBANO(A)
9,4,7,IZTAPALAPA,2857,2,URBANO(A)
9,22,7,IZTAPALAPA,2858,2,URBANO(A)
9,22,7,IZTAPALAPA,2859,2,URBANO(A)
9,22,7,IZTAPALAPA,2860,2,URBANO(A)
9,22,7,IZTAPALAPA,2861,2,URBANO(A)
9,22,7,IZTAPALAPA,2862,2,URBANO(A)
9,22,7,IZTAPALAPA,2863,2,URBANO(A)
9,22,7,IZTAPALAPA,2865,2,URBANO(A)
9,22,7,IZTAPALAPA,2867,2,URBANO(A)
9,4,7,IZTAPALAPA,2868,2,URBANO(A)
9,4,7,IZTAPALAPA,2869,2,URBANO(A)
9,4,7,IZTAPALAPA,2870,2,URBANO(A)
9,4,7,IZTAPALAPA,2871,2,URBANO(A)
9,4,7,IZTAPALAPA,2872,2,URBANO(A)
9,4,7,IZTAPALAPA,2873,2,URBANO(A)
9,4,7,IZTAPALAPA,2874,2,URBANO(A)
9,4,7,IZTAPALAPA,2875,2,URBANO(A)
9,4,7,IZTAPALAPA,2876,2,URBANO(A)
9,4,7,IZTAPALAPA,2877,2,URBANO(A)
9,4,7,IZTAPALAPA,2878,2,URBANO(A)
9,4,7,IZTAPALAPA,2879,2,URBANO(A)
9,4,7,IZTAPALAPA,2880,2,URBANO(A)
9,4,7,IZTAPALAPA,2881,2,URBANO(A)
9,18,7,IZTAPALAPA,2882,2,URBANO(A)
9,18,7,IZTAPALAPA,2883,2,URBANO(A)
9,18,7,IZTAPALAPA,2884,2,URBANO(A)
9,18,7,IZTAPALAPA,2885,2,URBANO(A)
9,18,7,IZTAPALAPA,2886,2,URBANO(A)
9,4,7,IZTAPALAPA,2887,2,URBANO(A)
9,4,7,IZTAPALAPA,2888,2,URBANO(A)
9,4,7,IZTAPALAPA,2889,2,URBANO(A)
9,4,7,IZTAPALAPA,2890,2,URBANO(A)
9,4,7,IZTAPALAPA,2891,2,URBANO(A)
9,4,7,IZTAPALAPA,2892,2,URBANO(A)
9,4,7,IZTAPALAPA,2893,2,URBANO(A)
9,4,7,IZTAPALAPA,2894,2,URBANO(A)
9,4,7,IZTAPALAPA,2895,2,URBANO(A)
9,4,7,IZTAPALAPA,2896,2,URBANO(A)
9,4,7,IZTAPALAPA,2897,2,URBANO(A)
9,4,7,IZTAPALAPA,2898,2,URBANO(A)
9,4,7,IZTAPALAPA,2900,2,URBANO(A)
9,4,7,IZTAPALAPA,2901,2,URBANO(A)
9,4,7,IZTAPALAPA,2902,2,URBANO(A)
9,4,7,IZTAPALAPA,2903,2,URBANO(A)
9,4,7,IZTAPALAPA,2904,2,URBANO(A)
9,4,7,IZTAPALAPA,2905,2,URBANO(A)
9,4,7,IZTAPALAPA,2906,2,URBANO(A)
9,4,7,IZTAPALAPA,2907,2,URBANO(A)
9,4,7,IZTAPALAPA,2908,2,URBANO(A)
9,4,7,IZTAPALAPA,2909,2,URBANO(A)
9,4,7,IZTAPALAPA,2910,2,URBANO(A)
9,4,7,IZTAPALAPA,2911,2,URBANO(A)
9,4,7,IZTAPALAPA,2912,2,URBANO(A)
9,4,7,IZTAPALAPA,2913,2,URBANO(A)
9,4,7,IZTAPALAPA,2914,2,URBANO(A)
9,4,7,IZTAPALAPA,2915,2,URBANO(A)
9,4,7,IZTAPALAPA,2916,2,URBANO(A)
9,4,7,IZTAPALAPA,2917,2,URBANO(A)
9,4,7,IZTAPALAPA,2918,2,URBANO(A)
9,4,7,IZTAPALAPA,2919,2,URBANO(A)
9,4,7,IZTAPALAPA,2920,2,URBANO(A)
9,4,7,IZTAPALAPA,2921,2,URBANO(A)
9,4,7,IZTAPALAPA,2922,2,URBANO(A)
9,4,7,IZTAPALAPA,2923,2,URBANO(A)
9,4,7,IZTAPALAPA,2924,2,URBANO(A)
9,4,7,IZTAPALAPA,2925,2,URBANO(A)
9,4,7,IZTAPALAPA,2926,2,URBANO(A)
9,4,7,IZTAPALAPA,2927,2,URBANO(A)
9,4,7,IZTAPALAPA,2928,2,URBANO(A)
9,4,7,IZTAPALAPA,2929,2,URBANO(A)
9,4,7,IZTAPALAPA,2930,2,URBANO(A)
9,4,7,IZTAPALAPA,2931,2,URBANO(A)
9,4,7,IZTAPALAPA,2932,2,URBANO(A)
9,4,7,IZTAPALAPA,2933,2,URBANO(A)
9,4,7,IZTAPALAPA,2934,2,URBANO(A)
9,4,7,IZTAPALAPA,2935,2,URBANO(A)
9,4,7,IZTAPALAPA,2936,2,URBANO(A)
9,4,7,IZTAPALAPA,2937,2,URBANO(A)
9,4,7,IZTAPALAPA,2938,2,URBANO(A)
9,4,7,IZTAPALAPA,2939,2,URBANO(A)
9,4,7,IZTAPALAPA,2940,2,URBANO(A)
9,4,7,IZTAPALAPA,2941,2,URBANO(A)
9,4,7,IZTAPALAPA,2942,2,URBANO(A)
9,4,7,IZTAPALAPA,2943,2,URBANO(A)
9,4,7,IZTAPALAPA,2944,2,URBANO(A)
9,4,7,IZTAPALAPA,2945,2,URBANO(A)
9,4,7,IZTAPALAPA,2946,2,URBANO(A)
9,4,7,IZTAPALAPA,2947,2,URBANO(A)
9,4,7,IZTAPALAPA,2948,2,URBANO(A)
9,4,7,IZTAPALAPA,2949,2,URBANO(A)
9,4,7,IZTAPALAPA,2950,2,URBANO(A)
9,4,7,IZTAPALAPA,2951,2,URBANO(A)
9,4,7,IZTAPALAPA,2952,2,URBANO(A)
9,4,7,IZTAPALAPA,2953,2,URBANO(A)
9,4,7,IZTAPALAPA,2954,2,URBANO(A)
9,4,7,IZTAPALAPA,2955,2,URBANO(A)
9,4,7,IZTAPALAPA,2956,2,URBANO(A)
9,4,7,IZTAPALAPA,2957,2,URBANO(A)
9,4,7,IZTAPALAPA,2958,2,URBANO(A)
9,4,7,IZTAPALAPA,2959,2,URBANO(A)
9,4,7,IZTAPALAPA,2960,2,URBANO(A)
9,4,7,IZTAPALAPA,2961,2,URBANO(A)
9,4,7,IZTAPALAPA,2962,2,URBANO(A)
9,18,7,IZTAPALAPA,2963,2,URBANO(A)
9,22,7,IZTAPALAPA,2964,2,URBANO(A)
9,22,7,IZTAPALAPA,2965,2,URBANO(A)
9,4,7,IZTAPALAPA,2966,2,URBANO(A)
9,4,7,IZTAPALAPA,2967,2,URBANO(A)
9,18,7,IZTAPALAPA,2968,2,URBANO(A)
9,18,7,IZTAPALAPA,2969,2,URBANO(A)
9,18,7,IZTAPALAPA,2970,2,URBANO(A)
9,18,7,IZTAPALAPA,2971,2,URBANO(A)
9,6,8,LA MAGDALENA CONTRERAS,2972,2,URBANO(A)
9,6,8,LA MAGDALENA CONTRERAS,2973,2,URBANO(A)
9,6,8,LA MAGDALENA CONTRERAS,2974,2,URBANO(A)
9,6,8,LA MAGDALENA CONTRERAS,2975,2,URBANO(A)
9,6,8,LA MAGDALENA CONTRERAS,2976,2,URBANO(A)
9,6,8,LA MAGDALENA CONTRERAS,2977,2,URBANO(A)
9,6,8,LA MAGDALENA CONTRERAS,2978,2,URBANO(A)
9,6,8,LA MAGDALENA CONTRERAS,2979,2,URBANO(A)
9,6,8,LA MAGDALENA CONTRERAS,2980,2,URBANO(A)
9,6,8,LA MAGDALENA CONTRERAS,2981,2,URBANO(A)
9,6,8,LA MAGDALENA CONTRERAS,2982,2,URBANO(A)
9,6,8,LA MAGDALENA CONTRERAS,2983,2,URBANO(A)
9,6,8,LA MAGDALENA CONTRERAS,2984,2,URBANO(A)
9,6,8,LA MAGDALENA CONTRERAS,2985,2,URBANO(A)
9,6,8,LA MAGDALENA CONTRERAS,2986,2,URBANO(A)
9,6,8,LA MAGDALENA CONTRERAS,2987,2,URBANO(A)
9,6,8,LA MAGDALENA CONTRERAS,2988,2,URBANO(A)
9,6,8,LA MAGDALENA CONTRERAS,2989,2,URBANO(A)
9,6,8,LA MAGDALENA CONTRERAS,2990,2,URBANO(A)
9,6,8,LA MAGDALENA CONTRERAS,2991,2,URBANO(A)
9,6,8,LA MAGDALENA CONTRERAS,2992,2,URBANO(A)
9,6,8,LA MAGDALENA CONTRERAS,2993,2,URBANO(A)
9,6,8,LA MAGDALENA CONTRERAS,2994,2,URBANO(A)
9,6,8,LA MAGDALENA CONTRERAS,2995,2,URBANO(A)
9,6,8,LA MAGDALENA CONTRERAS,2996,2,URBANO(A)
9,6,8,LA MAGDALENA CONTRERAS,2997,2,URBANO(A)
9,6,8,LA MAGDALENA CONTRERAS,2998,2,URBANO(A)
9,6,8,LA MAGDALENA CONTRERAS,2999,2,URBANO(A)
9,6,8,LA MAGDALENA CONTRERAS,3000,2,URBANO(A)
9,6,8,LA MAGDALENA CONTRERAS,3001,2,URBANO(A)
9,6,8,LA MAGDALENA CONTRERAS,3002,2,URBANO(A)
9,6,8,LA MAGDALENA CONTRERAS,3003,2,URBANO(A)
9,6,8,LA MAGDALENA CONTRERAS,3004,2,URBANO(A)
9,6,8,LA MAGDALENA CONTRERAS,3005,2,URBANO(A)
9,6,8,LA MAGDALENA CONTRERAS,3006,2,URBANO(A)
9,6,8,LA MAGDALENA CONTRERAS,3007,2,URBANO(A)
9,6,8,LA MAGDALENA CONTRERAS,3008,2,URBANO(A)
9,6,8,LA MAGDALENA CONTRERAS,3009,2,URBANO(A)
9,6,8,LA MAGDALENA CONTRERAS,3010,2,URBANO(A)
9,6,8,LA MAGDALENA CONTRERAS,3011,2,URBANO(A)
9,6,8,LA MAGDALENA CONTRERAS,3012,2,URBANO(A)
9,6,8,LA MAGDALENA CONTRERAS,3013,2,URBANO(A)
9,6,8,LA MAGDALENA CONTRERAS,3014,2,URBANO(A)
9,6,8,LA MAGDALENA CONTRERAS,3015,2,URBANO(A)
9,6,8,LA MAGDALENA CONTRERAS,3016,2,URBANO(A)
9,6,8,LA MAGDALENA CONTRERAS,3017,2,URBANO(A)
9,6,8,LA MAGDALENA CONTRERAS,3018,2,URBANO(A)
9,6,8,LA MAGDALENA CONTRERAS,3019,2,URBANO(A)
9,6,8,LA MAGDALENA CONTRERAS,3020,2,URBANO(A)
9,6,8,LA MAGDALENA CONTRERAS,3021,2,URBANO(A)
9,6,8,LA MAGDALENA CONTRERAS,3022,2,URBANO(A)
9,6,8,LA MAGDALENA CONTRERAS,3023,2,URBANO(A)
9,6,8,LA MAGDALENA CONTRERAS,3024,2,URBANO(A)
9,6,8,LA MAGDALENA CONTRERAS,3025,2,URBANO(A)
9,6,8,LA MAGDALENA CONTRERAS,3026,2,URBANO(A)
9,6,8,LA MAGDALENA CONTRERAS,3027,2,URBANO(A)
9,6,8,LA MAGDALENA CONTRERAS,3028,2,URBANO(A)
9,6,8,LA MAGDALENA CONTRERAS,3029,2,URBANO(A)
9,6,8,LA MAGDALENA CONTRERAS,3030,2,URBANO(A)
9,6,8,LA MAGDALENA CONTRERAS,3031,2,URBANO(A)
9,6,8,LA MAGDALENA CONTRERAS,3032,2,URBANO(A)
9,6,8,LA MAGDALENA CONTRERAS,3033,2,URBANO(A)
9,6,8,LA MAGDALENA CONTRERAS,3034,2,URBANO(A)
9,6,8,LA MAGDALENA CONTRERAS,3035,2,URBANO(A)
9,6,8,LA MAGDALENA CONTRERAS,3036,2,URBANO(A)
9,6,8,LA MAGDALENA CONTRERAS,3037,2,URBANO(A)
9,6,8,LA MAGDALENA CONTRERAS,3038,2,URBANO(A)
9,6,8,LA MAGDALENA CONTRERAS,3039,2,URBANO(A)
9,6,8,LA MAGDALENA CONTRERAS,3040,2,URBANO(A)
9,6,8,LA MAGDALENA CONTRERAS,3041,2,URBANO(A)
9,6,8,LA MAGDALENA CONTRERAS,3042,2,URBANO(A)
9,6,8,LA MAGDALENA CONTRERAS,3043,2,URBANO(A)
9,6,8,LA MAGDALENA CONTRERAS,3044,2,URBANO(A)
9,6,8,LA MAGDALENA CONTRERAS,3045,2,URBANO(A)
9,6,8,LA MAGDALENA CONTRERAS,3046,2,URBANO(A)
9,6,8,LA MAGDALENA CONTRERAS,3047,2,URBANO(A)
9,6,8,LA MAGDALENA CONTRERAS,3048,2,URBANO(A)
9,6,8,LA MAGDALENA CONTRERAS,3049,2,URBANO(A)
9,6,8,LA MAGDALENA CONTRERAS,3050,2,URBANO(A)
9,6,8,LA MAGDALENA CONTRERAS,3051,2,URBANO(A)
9,6,8,LA MAGDALENA CONTRERAS,3052,2,URBANO(A)
9,6,8,LA MAGDALENA CONTRERAS,3053,2,URBANO(A)
9,6,8,LA MAGDALENA CONTRERAS,3054,2,URBANO(A)
9,6,8,LA MAGDALENA CONTRERAS,3055,2,URBANO(A)
9,6,8,LA MAGDALENA CONTRERAS,3056,2,URBANO(A)
9,6,8,LA MAGDALENA CONTRERAS,3057,2,URBANO(A)
9,6,8,LA MAGDALENA CONTRERAS,3058,2,URBANO(A)
9,6,8,LA MAGDALENA CONTRERAS,3059,2,URBANO(A)
9,6,8,LA MAGDALENA CONTRERAS,3060,2,URBANO(A)
9,6,8,LA MAGDALENA CONTRERAS,3061,2,URBANO(A)
9,6,8,LA MAGDALENA CONTRERAS,3062,2,URBANO(A)
9,6,8,LA MAGDALENA CONTRERAS,3063,2,URBANO(A)
9,6,8,LA MAGDALENA CONTRERAS,3064,2,URBANO(A)
9,6,8,LA MAGDALENA CONTRERAS,3065,2,URBANO(A)
9,6,8,LA MAGDALENA CONTRERAS,3066,2,URBANO(A)
9,6,8,LA MAGDALENA CONTRERAS,3067,2,URBANO(A)
9,6,8,LA MAGDALENA CONTRERAS,3068,2,URBANO(A)
9,6,8,LA MAGDALENA CONTRERAS,3069,2,URBANO(A)
9,6,8,LA MAGDALENA CONTRERAS,3070,2,URBANO(A)
9,6,8,LA MAGDALENA CONTRERAS,3071,2,URBANO(A)
9,6,8,LA MAGDALENA CONTRERAS,3072,2,URBANO(A)
9,6,8,LA MAGDALENA CONTRERAS,3073,2,URBANO(A)
9,6,8,LA MAGDALENA CONTRERAS,3074,2,URBANO(A)
9,6,8,LA MAGDALENA CONTRERAS,3075,2,URBANO(A)
9,6,8,LA MAGDALENA CONTRERAS,3076,2,URBANO(A)
9,6,8,LA MAGDALENA CONTRERAS,3077,2,URBANO(A)
9,6,8,LA MAGDALENA CONTRERAS,3078,2,URBANO(A)
9,6,8,LA MAGDALENA CONTRERAS,3079,2,URBANO(A)
9,6,8,LA MAGDALENA CONTRERAS,3080,2,URBANO(A)
9,6,8,LA MAGDALENA CONTRERAS,3081,2,URBANO(A)
9,6,8,LA MAGDALENA CONTRERAS,3082,2,URBANO(A)
9,6,8,LA MAGDALENA CONTRERAS,3083,2,URBANO(A)
9,6,8,LA MAGDALENA CONTRERAS,3084,2,URBANO(A)
9,6,8,LA MAGDALENA CONTRERAS,3085,2,URBANO(A)
9,6,8,LA MAGDALENA CONTRERAS,3086,2,URBANO(A)
9,6,8,LA MAGDALENA CONTRERAS,3087,2,URBANO(A)
9,6,8,LA MAGDALENA CONTRERAS,3088,2,URBANO(A)
9,6,8,LA MAGDALENA CONTRERAS,3089,2,URBANO(A)
9,6,8,LA MAGDALENA CONTRERAS,3090,3,MIXTO(A)
9,6,8,LA MAGDALENA CONTRERAS,3091,2,URBANO(A)
9,6,8,LA MAGDALENA CONTRERAS,3092,2,URBANO(A)
9,6,8,LA MAGDALENA CONTRERAS,3093,2,URBANO(A)
9,6,8,LA MAGDALENA CONTRERAS,3094,2,URBANO(A)
9,6,8,LA MAGDALENA CONTRERAS,3095,2,URBANO(A)
9,6,8,LA MAGDALENA CONTRERAS,3097,2,URBANO(A)
9,6,8,LA MAGDALENA CONTRERAS,3098,2,URBANO(A)
9,6,8,LA MAGDALENA CONTRERAS,3099,2,URBANO(A)
9,6,8,LA MAGDALENA CONTRERAS,3100,2,URBANO(A)
9,6,8,LA MAGDALENA CONTRERAS,3101,2,URBANO(A)
9,6,8,LA MAGDALENA CONTRERAS,3102,2,URBANO(A)
9,6,8,LA MAGDALENA CONTRERAS,3103,2,URBANO(A)
9,6,8,LA MAGDALENA CONTRERAS,3104,2,URBANO(A)
9,6,8,LA MAGDALENA CONTRERAS,3105,2,URBANO(A)
9,6,8,LA MAGDALENA CONTRERAS,3106,2,URBANO(A)
9,6,8,LA MAGDALENA CONTRERAS,3107,2,URBANO(A)
9,6,8,LA MAGDALENA CONTRERAS,3108,2,URBANO(A)
9,6,8,LA MAGDALENA CONTRERAS,3109,2,URBANO(A)
9,6,8,LA MAGDALENA CONTRERAS,3110,2,URBANO(A)
9,6,8,LA MAGDALENA CONTRERAS,3111,2,URBANO(A)
9,6,8,LA MAGDALENA CONTRERAS,3112,2,URBANO(A)
9,6,8,LA MAGDALENA CONTRERAS,3113,2,URBANO(A)
9,6,8,LA MAGDALENA CONTRERAS,3114,2,URBANO(A)
9,6,8,LA MAGDALENA CONTRERAS,3115,2,URBANO(A)
9,6,8,LA MAGDALENA CONTRERAS,3116,2,URBANO(A)
9,6,8,LA MAGDALENA CONTRERAS,3117,2,URBANO(A)
9,6,8,LA MAGDALENA CONTRERAS,3118,2,URBANO(A)
9,21,9,MILPA ALTA,3119,2,URBANO(A)
9,21,9,MILPA ALTA,3120,2,URBANO(A)
9,21,9,MILPA ALTA,3121,2,URBANO(A)
9,21,9,MILPA ALTA,3122,2,URBANO(A)
9,21,9,MILPA ALTA,3123,2,URBANO(A)
9,21,9,MILPA ALTA,3124,2,URBANO(A)
9,21,9,MILPA ALTA,3126,3,MIXTO(A)
9,21,9,MILPA ALTA,3127,3,MIXTO(A)
9,21,9,MILPA ALTA,3128,2,URBANO(A)
9,21,9,MILPA ALTA,3129,3,MIXTO(A)
9,21,9,MILPA ALTA,3130,3,MIXTO(A)
9,21,9,MILPA ALTA,3131,2,URBANO(A)
9,21,9,MILPA ALTA,3132,2,URBANO(A)
9,21,9,MILPA ALTA,3133,2,URBANO(A)
9,21,9,MILPA ALTA,3134,2,URBANO(A)
9,21,9,MILPA ALTA,3135,2,URBANO(A)
9,21,9,MILPA ALTA,3136,2,URBANO(A)
9,21,9,MILPA ALTA,3137,3,MIXTO(A)
9,21,9,MILPA ALTA,3138,2,URBANO(A)
9,21,9,MILPA ALTA,3139,2,URBANO(A)
9,21,9,MILPA ALTA,3140,2,URBANO(A)
9,21,9,MILPA ALTA,3141,3,MIXTO(A)
9,21,9,MILPA ALTA,3142,2,URBANO(A)
9,21,9,MILPA ALTA,3143,2,URBANO(A)
9,21,9,MILPA ALTA,3144,3,MIXTO(A)
9,21,9,MILPA ALTA,3145,3,MIXTO(A)
9,21,9,MILPA ALTA,3146,2,URBANO(A)
9,21,9,MILPA ALTA,3147,2,URBANO(A)
9,21,9,MILPA ALTA,3148,3,MIXTO(A)
9,21,9,MILPA ALTA,3149,2,URBANO(A)
9,21,9,MILPA ALTA,3150,3,MIXTO(A)
9,21,9,MILPA ALTA,3151,3,MIXTO(A)
9,21,9,MILPA ALTA,3152,2,URBANO(A)
9,21,9,MILPA ALTA,3153,3,MIXTO(A)
9,21,9,MILPA ALTA,3154,2,URBANO(A)
9,21,9,MILPA ALTA,3155,3,MIXTO(A)
9,21,9,MILPA ALTA,3156,3,MIXTO(A)
9,21,9,MILPA ALTA,3157,3,MIXTO(A)
9,21,9,MILPA ALTA,3158,2,URBANO(A)
9,21,9,MILPA ALTA,3159,2,URBANO(A)
9,21,9,MILPA ALTA,3160,3,MIXTO(A)
9,21,9,MILPA ALTA,3161,2,URBANO(A)
9,21,9,MILPA ALTA,3162,2,URBANO(A)
9,16,10,ALVARO OBREGON,3163,2,URBANO(A)
9,16,10,ALVARO OBREGON,3164,2,URBANO(A)
9,16,10,ALVARO OBREGON,3165,2,URBANO(A)
9,16,10,ALVARO OBREGON,3166,2,URBANO(A)
9,16,10,ALVARO OBREGON,3167,2,URBANO(A)
9,16,10,ALVARO OBREGON,3168,2,URBANO(A)
9,16,10,ALVARO OBREGON,3169,2,URBANO(A)
9,16,10,ALVARO OBREGON,3170,2,URBANO(A)
9,16,10,ALVARO OBREGON,3171,2,URBANO(A)
9,16,10,ALVARO OBREGON,3172,2,URBANO(A)
9,16,10,ALVARO OBREGON,3173,2,URBANO(A)
9,16,10,ALVARO OBREGON,3174,2,URBANO(A)
9,16,10,ALVARO OBREGON,3175,2,URBANO(A)
9,16,10,ALVARO OBREGON,3176,2,URBANO(A)
9,16,10,ALVARO OBREGON,3177,2,URBANO(A)
9,16,10,ALVARO OBREGON,3178,2,URBANO(A)
9,16,10,ALVARO OBREGON,3179,2,URBANO(A)
9,16,10,ALVARO OBREGON,3180,2,URBANO(A)
9,16,10,ALVARO OBREGON,3181,2,URBANO(A)
9,16,10,ALVARO OBREGON,3182,2,URBANO(A)
9,16,10,ALVARO OBREGON,3183,2,URBANO(A)
9,16,10,ALVARO OBREGON,3184,2,URBANO(A)
9,16,10,ALVARO OBREGON,3185,2,URBANO(A)
9,16,10,ALVARO OBREGON,3186,2,URBANO(A)
9,16,10,ALVARO OBREGON,3187,2,URBANO(A)
9,16,10,ALVARO OBREGON,3188,2,URBANO(A)
9,16,10,ALVARO OBREGON,3189,2,URBANO(A)
9,16,10,ALVARO OBREGON,3190,2,URBANO(A)
9,16,10,ALVARO OBREGON,3191,2,URBANO(A)
9,16,10,ALVARO OBREGON,3192,2,URBANO(A)
9,16,10,ALVARO OBREGON,3193,2,URBANO(A)
9,16,10,ALVARO OBREGON,3194,2,URBANO(A)
9,16,10,ALVARO OBREGON,3195,2,URBANO(A)
9,16,10,ALVARO OBREGON,3196,2,URBANO(A)
9,16,10,ALVARO OBREGON,3197,2,URBANO(A)
9,16,10,ALVARO OBREGON,3198,2,URBANO(A)
9,16,10,ALVARO OBREGON,3199,2,URBANO(A)
9,16,10,ALVARO OBREGON,3200,2,URBANO(A)
9,16,10,ALVARO OBREGON,3201,2,URBANO(A)
9,16,10,ALVARO OBREGON,3202,2,URBANO(A)
9,16,10,ALVARO OBREGON,3203,2,URBANO(A)
9,16,10,ALVARO OBREGON,3204,2,URBANO(A)
9,16,10,ALVARO OBREGON,3205,2,URBANO(A)
9,16,10,ALVARO OBREGON,3206,2,URBANO(A)
9,16,10,ALVARO OBREGON,3207,2,URBANO(A)
9,16,10,ALVARO OBREGON,3208,2,URBANO(A)
9,16,10,ALVARO OBREGON,3209,2,URBANO(A)
9,16,10,ALVARO OBREGON,3210,2,URBANO(A)
9,16,10,ALVARO OBREGON,3211,2,URBANO(A)
9,16,10,ALVARO OBREGON,3212,2,URBANO(A)
9,16,10,ALVARO OBREGON,3213,2,URBANO(A)
9,16,10,ALVARO OBREGON,3214,2,URBANO(A)
9,16,10,ALVARO OBREGON,3215,2,URBANO(A)
9,16,10,ALVARO OBREGON,3216,2,URBANO(A)
9,6,10,ALVARO OBREGON,3217,2,URBANO(A)
9,6,10,ALVARO OBREGON,3218,2,URBANO(A)
9,6,10,ALVARO OBREGON,3219,2,URBANO(A)
9,6,10,ALVARO OBREGON,3220,2,URBANO(A)
9,6,10,ALVARO OBREGON,3221,2,URBANO(A)
9,6,10,ALVARO OBREGON,3222,2,URBANO(A)
9,6,10,ALVARO OBREGON,3223,2,URBANO(A)
9,6,10,ALVARO OBREGON,3224,2,URBANO(A)
9,6,10,ALVARO OBREGON,3225,2,URBANO(A)
9,6,10,ALVARO OBREGON,3226,2,URBANO(A)
9,6,10,ALVARO OBREGON,3227,2,URBANO(A)
9,6,10,ALVARO OBREGON,3228,2,URBANO(A)
9,6,10,ALVARO OBREGON,3229,2,URBANO(A)
9,6,10,ALVARO OBREGON,3230,2,URBANO(A)
9,6,10,ALVARO OBREGON,3231,2,URBANO(A)
9,6,10,ALVARO OBREGON,3232,2,URBANO(A)
9,6,10,ALVARO OBREGON,3233,2,URBANO(A)
9,6,10,ALVARO OBREGON,3234,2,URBANO(A)
9,16,10,ALVARO OBREGON,3235,2,URBANO(A)
9,16,10,ALVARO OBREGON,3236,2,URBANO(A)
9,16,10,ALVARO OBREGON,3237,2,URBANO(A)
9,16,10,ALVARO OBREGON,3238,2,URBANO(A)
9,16,10,ALVARO OBREGON,3239,2,URBANO(A)
9,16,10,ALVARO OBREGON,3240,2,URBANO(A)
9,16,10,ALVARO OBREGON,3241,2,URBANO(A)
9,16,10,ALVARO OBREGON,3242,2,URBANO(A)
9,16,10,ALVARO OBREGON,3243,2,URBANO(A)
9,16,10,ALVARO OBREGON,3244,2,URBANO(A)
9,16,10,ALVARO OBREGON,3245,2,URBANO(A)
9,16,10,ALVARO OBREGON,3246,2,URBANO(A)
9,16,10,ALVARO OBREGON,3247,2,URBANO(A)
9,16,10,ALVARO OBREGON,3248,2,URBANO(A)
9,16,10,ALVARO OBREGON,3249,2,URBANO(A)
9,16,10,ALVARO OBREGON,3250,2,URBANO(A)
9,16,10,ALVARO OBREGON,3251,2,URBANO(A)
9,16,10,ALVARO OBREGON,3252,2,URBANO(A)
9,16,10,ALVARO OBREGON,3253,2,URBANO(A)
9,16,10,ALVARO OBREGON,3254,2,URBANO(A)
9,16,10,ALVARO OBREGON,3255,2,URBANO(A)
9,16,10,ALVARO OBREGON,3256,2,URBANO(A)
9,16,10,ALVARO OBREGON,3257,2,URBANO(A)
9,16,10,ALVARO OBREGON,3258,2,URBANO(A)
9,16,10,ALVARO OBREGON,3259,2,URBANO(A)
9,16,10,ALVARO OBREGON,3260,2,URBANO(A)
9,16,10,ALVARO OBREGON,3261,2,URBANO(A)
9,16,10,ALVARO OBREGON,3262,2,URBANO(A)
9,16,10,ALVARO OBREGON,3263,2,URBANO(A)
9,16,10,ALVARO OBREGON,3264,2,URBANO(A)
9,16,10,ALVARO OBREGON,3265,2,URBANO(A)
9,16,10,ALVARO OBREGON,3266,2,URBANO(A)
9,16,10,ALVARO OBREGON,3267,2,URBANO(A)
9,16,10,ALVARO OBREGON,3268,2,URBANO(A)
9,16,10,ALVARO OBREGON,3269,2,URBANO(A)
9,16,10,ALVARO OBREGON,3270,2,URBANO(A)
9,16,10,ALVARO OBREGON,3271,2,URBANO(A)
9,16,10,ALVARO OBREGON,3272,2,URBANO(A)
9,16,10,ALVARO OBREGON,3273,2,URBANO(A)
9,16,10,ALVARO OBREGON,3274,2,URBANO(A)
9,16,10,ALVARO OBREGON,3275,2,URBANO(A)
9,16,10,ALVARO OBREGON,3276,2,URBANO(A)
9,16,10,ALVARO OBREGON,3277,2,URBANO(A)
9,16,10,ALVARO OBREGON,3278,2,URBANO(A)
9,16,10,ALVARO OBREGON,3279,2,URBANO(A)
9,16,10,ALVARO OBREGON,3280,2,URBANO(A)
9,16,10,ALVARO OBREGON,3281,2,URBANO(A)
9,16,10,ALVARO OBREGON,3282,2,URBANO(A)
9,16,10,ALVARO OBREGON,3283,2,URBANO(A)
9,16,10,ALVARO OBREGON,3284,2,URBANO(A)
9,16,10,ALVARO OBREGON,3285,2,URBANO(A)
9,16,10,ALVARO OBREGON,3286,2,URBANO(A)
9,16,10,ALVARO OBREGON,3287,2,URBANO(A)
9,16,10,ALVARO OBREGON,3288,2,URBANO(A)
9,16,10,ALVARO OBREGON,3289,2,URBANO(A)
9,16,10,ALVARO OBREGON,3290,2,URBANO(A)
9,16,10,ALVARO OBREGON,3291,2,URBANO(A)
9,16,10,ALVARO OBREGON,3292,2,URBANO(A)
9,16,10,ALVARO OBREGON,3293,2,URBANO(A)
9,16,10,ALVARO OBREGON,3294,2,URBANO(A)
9,16,10,ALVARO OBREGON,3296,2,URBANO(A)
9,16,10,ALVARO OBREGON,3297,2,URBANO(A)
9,16,10,ALVARO OBREGON,3298,2,URBANO(A)
9,16,10,ALVARO OBREGON,3299,2,URBANO(A)
9,16,10,ALVARO OBREGON,3300,2,URBANO(A)
9,16,10,ALVARO OBREGON,3301,2,URBANO(A)
9,16,10,ALVARO OBREGON,3302,2,URBANO(A)
9,16,10,ALVARO OBREGON,3303,2,URBANO(A)
9,16,10,ALVARO OBREGON,3304,2,URBANO(A)
9,16,10,ALVARO OBREGON,3305,2,URBANO(A)
9,16,10,ALVARO OBREGON,3306,2,URBANO(A)
9,16,10,ALVARO OBREGON,3307,2,URBANO(A)
9,16,10,ALVARO OBREGON,3308,2,URBANO(A)
9,16,10,ALVARO OBREGON,3309,2,URBANO(A)
9,16,10,ALVARO OBREGON,3310,2,URBANO(A)
9,16,10,ALVARO OBREGON,3311,2,URBANO(A)
9,16,10,ALVARO OBREGON,3312,2,URBANO(A)
9,16,10,ALVARO OBREGON,3313,2,URBANO(A)
9,16,10,ALVARO OBREGON,3314,2,URBANO(A)
9,16,10,ALVARO OBREGON,3315,2,URBANO(A)
9,16,10,ALVARO OBREGON,3316,2,URBANO(A)
9,16,10,ALVARO OBREGON,3317,2,URBANO(A)
9,16,10,ALVARO OBREGON,3318,2,URBANO(A)
9,16,10,ALVARO OBREGON,3319,2,URBANO(A)
9,16,10,ALVARO OBREGON,3320,2,URBANO(A)
9,16,10,ALVARO OBREGON,3321,2,URBANO(A)
9,16,10,ALVARO OBREGON,3322,2,URBANO(A)
9,16,10,ALVARO OBREGON,3323,2,URBANO(A)
9,16,10,ALVARO OBREGON,3324,2,URBANO(A)
9,16,10,ALVARO OBREGON,3325,2,URBANO(A)
9,16,10,ALVARO OBREGON,3326,2,URBANO(A)
9,16,10,ALVARO OBREGON,3327,2,URBANO(A)
9,16,10,ALVARO OBREGON,3328,2,URBANO(A)
9,16,10,ALVARO OBREGON,3329,2,URBANO(A)
9,16,10,ALVARO OBREGON,3330,2,URBANO(A)
9,16,10,ALVARO OBREGON,3331,2,URBANO(A)
9,16,10,ALVARO OBREGON,3332,2,URBANO(A)
9,16,10,ALVARO OBREGON,3333,2,URBANO(A)
9,16,10,ALVARO OBREGON,3334,2,URBANO(A)
9,16,10,ALVARO OBREGON,3335,2,URBANO(A)
9,16,10,ALVARO OBREGON,3336,2,URBANO(A)
9,16,10,ALVARO OBREGON,3337,2,URBANO(A)
9,16,10,ALVARO OBREGON,3338,2,URBANO(A)
9,16,10,ALVARO OBREGON,3339,2,URBANO(A)
9,16,10,ALVARO OBREGON,3340,2,URBANO(A)
9,16,10,ALVARO OBREGON,3341,2,URBANO(A)
9,16,10,ALVARO OBREGON,3342,2,URBANO(A)
9,16,10,ALVARO OBREGON,3343,2,URBANO(A)
9,16,10,ALVARO OBREGON,3344,2,URBANO(A)
9,16,10,ALVARO OBREGON,3345,2,URBANO(A)
9,16,10,ALVARO OBREGON,3346,2,URBANO(A)
9,16,10,ALVARO OBREGON,3347,2,URBANO(A)
9,16,10,ALVARO OBREGON,3348,2,URBANO(A)
9,16,10,ALVARO OBREGON,3349,2,URBANO(A)
9,16,10,ALVARO OBREGON,3350,2,URBANO(A)
9,16,10,ALVARO OBREGON,3351,2,URBANO(A)
9,16,10,ALVARO OBREGON,3352,2,URBANO(A)
9,16,10,ALVARO OBREGON,3353,2,URBANO(A)
9,16,10,ALVARO OBREGON,3354,2,URBANO(A)
9,16,10,ALVARO OBREGON,3355,2,URBANO(A)
9,16,10,ALVARO OBREGON,3356,2,URBANO(A)
9,16,10,ALVARO OBREGON,3357,2,URBANO(A)
9,16,10,ALVARO OBREGON,3358,2,URBANO(A)
9,16,10,ALVARO OBREGON,3359,2,URBANO(A)
9,16,10,ALVARO OBREGON,3360,2,URBANO(A)
9,17,10,ALVARO OBREGON,3361,2,URBANO(A)
9,16,10,ALVARO OBREGON,3362,2,URBANO(A)
9,16,10,ALVARO OBREGON,3363,2,URBANO(A)
9,16,10,ALVARO OBREGON,3364,2,URBANO(A)
9,17,10,ALVARO OBREGON,3365,2,URBANO(A)
9,17,10,ALVARO OBREGON,3366,2,URBANO(A)
9,17,10,ALVARO OBREGON,3367,2,URBANO(A)
9,17,10,ALVARO OBREGON,3368,2,URBANO(A)
9,17,10,ALVARO OBREGON,3369,2,URBANO(A)
9,17,10,ALVARO OBREGON,3370,2,URBANO(A)
9,17,10,ALVARO OBREGON,3371,2,URBANO(A)
9,16,10,ALVARO OBREGON,3372,2,URBANO(A)
9,17,10,ALVARO OBREGON,3373,2,URBANO(A)
9,17,10,ALVARO OBREGON,3374,2,URBANO(A)
9,17,10,ALVARO OBREGON,3375,2,URBANO(A)
9,17,10,ALVARO OBREGON,3377,2,URBANO(A)
9,17,10,ALVARO OBREGON,3378,2,URBANO(A)
9,17,10,ALVARO OBREGON,3379,2,URBANO(A)
9,17,10,ALVARO OBREGON,3380,2,URBANO(A)
9,17,10,ALVARO OBREGON,3381,2,URBANO(A)
9,17,10,ALVARO OBREGON,3382,2,URBANO(A)
9,17,10,ALVARO OBREGON,3383,2,URBANO(A)
9,17,10,ALVARO OBREGON,3384,2,URBANO(A)
9,17,10,ALVARO OBREGON,3385,2,URBANO(A)
9,17,10,ALVARO OBREGON,3386,2,URBANO(A)
9,17,10,ALVARO OBREGON,3387,2,URBANO(A)
9,17,10,ALVARO OBREGON,3388,2,URBANO(A)
9,17,10,ALVARO OBREGON,3389,2,URBANO(A)
9,17,10,ALVARO OBREGON,3390,2,URBANO(A)
9,17,10,ALVARO OBREGON,3391,2,URBANO(A)
9,17,10,ALVARO OBREGON,3392,2,URBANO(A)
9,17,10,ALVARO OBREGON,3393,2,URBANO(A)
9,17,10,ALVARO OBREGON,3394,2,URBANO(A)
9,17,10,ALVARO OBREGON,3395,2,URBANO(A)
9,17,10,ALVARO OBREGON,3396,2,URBANO(A)
9,17,10,ALVARO OBREGON,3397,2,URBANO(A)
9,17,10,ALVARO OBREGON,3398,2,URBANO(A)
9,16,10,ALVARO OBREGON,3399,2,URBANO(A)
9,16,10,ALVARO OBREGON,3400,2,URBANO(A)
9,16,10,ALVARO OBREGON,3401,2,URBANO(A)
9,16,10,ALVARO OBREGON,3402,2,URBANO(A)
9,16,10,ALVARO OBREGON,3403,2,URBANO(A)
9,16,10,ALVARO OBREGON,3404,2,URBANO(A)
9,16,10,ALVARO OBREGON,3405,2,URBANO(A)
9,16,10,ALVARO OBREGON,3406,2,URBANO(A)
9,16,10,ALVARO OBREGON,3407,2,URBANO(A)
9,16,10,ALVARO OBREGON,3408,2,URBANO(A)
9,16,10,ALVARO OBREGON,3409,2,URBANO(A)
9,16,10,ALVARO OBREGON,3410,2,URBANO(A)
9,16,10,ALVARO OBREGON,3411,2,URBANO(A)
9,16,10,ALVARO OBREGON,3412,2,URBANO(A)
9,16,10,ALVARO OBREGON,3413,2,URBANO(A)
9,16,10,ALVARO OBREGON,3414,2,URBANO(A)
9,16,10,ALVARO OBREGON,3415,2,URBANO(A)
9,16,10,ALVARO OBREGON,3416,2,URBANO(A)
9,16,10,ALVARO OBREGON,3417,2,URBANO(A)
9,16,10,ALVARO OBREGON,3418,2,URBANO(A)
9,16,10,ALVARO OBREGON,3419,2,URBANO(A)
9,16,10,ALVARO OBREGON,3420,2,URBANO(A)
9,16,10,ALVARO OBREGON,3421,2,URBANO(A)
9,16,10,ALVARO OBREGON,3422,2,URBANO(A)
9,16,10,ALVARO OBREGON,3423,2,URBANO(A)
9,16,10,ALVARO OBREGON,3424,2,URBANO(A)
9,16,10,ALVARO OBREGON,3425,2,URBANO(A)
9,16,10,ALVARO OBREGON,3426,2,URBANO(A)
9,16,10,ALVARO OBREGON,3427,2,URBANO(A)
9,16,10,ALVARO OBREGON,3428,2,URBANO(A)
9,16,10,ALVARO OBREGON,3429,2,URBANO(A)
9,6,10,ALVARO OBREGON,3430,2,URBANO(A)
9,6,10,ALVARO OBREGON,3431,2,URBANO(A)
9,6,10,ALVARO OBREGON,3432,2,URBANO(A)
9,16,10,ALVARO OBREGON,3433,2,URBANO(A)
9,16,10,ALVARO OBREGON,3434,2,URBANO(A)
9,16,10,ALVARO OBREGON,3435,2,URBANO(A)
9,16,10,ALVARO OBREGON,3436,2,URBANO(A)
9,16,10,ALVARO OBREGON,3437,2,URBANO(A)
9,16,10,ALVARO OBREGON,3438,2,URBANO(A)
9,16,10,ALVARO OBREGON,3439,2,URBANO(A)
9,16,10,ALVARO OBREGON,3440,2,URBANO(A)
9,16,10,ALVARO OBREGON,3441,2,URBANO(A)
9,16,10,ALVARO OBREGON,3442,2,URBANO(A)
9,16,10,ALVARO OBREGON,3443,2,URBANO(A)
9,16,10,ALVARO OBREGON,3444,2,URBANO(A)
9,16,10,ALVARO OBREGON,3445,2,URBANO(A)
9,16,10,ALVARO OBREGON,3446,2,URBANO(A)
9,17,10,ALVARO OBREGON,3447,2,URBANO(A)
9,17,10,ALVARO OBREGON,3448,2,URBANO(A)
9,16,10,ALVARO OBREGON,3449,2,URBANO(A)
9,16,10,ALVARO OBREGON,3450,2,URBANO(A)
9,17,10,ALVARO OBREGON,3451,2,URBANO(A)
9,17,10,ALVARO OBREGON,3452,2,URBANO(A)
9,6,10,ALVARO OBREGON,3453,2,URBANO(A)
9,6,10,ALVARO OBREGON,3454,2,URBANO(A)
9,6,10,ALVARO OBREGON,3455,2,URBANO(A)
9,6,10,ALVARO OBREGON,3456,2,URBANO(A)
9,6,10,ALVARO OBREGON,3457,2,URBANO(A)
9,6,10,ALVARO OBREGON,3458,2,URBANO(A)
9,6,10,ALVARO OBREGON,3459,2,URBANO(A)
9,6,10,ALVARO OBREGON,3460,2,URBANO(A)
9,6,10,ALVARO OBREGON,3461,2,URBANO(A)
9,6,10,ALVARO OBREGON,3462,2,URBANO(A)
9,6,10,ALVARO OBREGON,3463,2,URBANO(A)
9,6,10,ALVARO OBREGON,3464,2,URBANO(A)
9,6,10,ALVARO OBREGON,3465,2,URBANO(A)
9,6,10,ALVARO OBREGON,3466,2,URBANO(A)
9,6,10,ALVARO OBREGON,3467,2,URBANO(A)
9,6,10,ALVARO OBREGON,3468,2,URBANO(A)
9,6,10,ALVARO OBREGON,3469,2,URBANO(A)
9,6,10,ALVARO OBREGON,3470,2,URBANO(A)
9,6,10,ALVARO OBREGON,3471,2,URBANO(A)
9,6,10,ALVARO OBREGON,3472,2,URBANO(A)
9,16,10,ALVARO OBREGON,3473,2,URBANO(A)
9,16,10,ALVARO OBREGON,3474,2,URBANO(A)
9,16,10,ALVARO OBREGON,3475,2,URBANO(A)
9,16,10,ALVARO OBREGON,3476,2,URBANO(A)
9,16,10,ALVARO OBREGON,3477,2,URBANO(A)
9,17,10,ALVARO OBREGON,3478,2,URBANO(A)
9,17,10,ALVARO OBREGON,3479,2,URBANO(A)
9,16,10,ALVARO OBREGON,3480,2,URBANO(A)
9,16,10,ALVARO OBREGON,3481,2,URBANO(A)
9,16,10,ALVARO OBREGON,3482,2,URBANO(A)
9,17,10,ALVARO OBREGON,3483,2,URBANO(A)
9,17,10,ALVARO OBREGON,3484,2,URBANO(A)
9,17,10,ALVARO OBREGON,3486,2,URBANO(A)
9,17,10,ALVARO OBREGON,3487,2,URBANO(A)
9,17,10,ALVARO OBREGON,3488,2,URBANO(A)
9,17,10,ALVARO OBREGON,3489,2,URBANO(A)
9,17,10,ALVARO OBREGON,3490,2,URBANO(A)
9,17,10,ALVARO OBREGON,3492,2,URBANO(A)
9,17,10,ALVARO OBREGON,3493,2,URBANO(A)
9,17,10,ALVARO OBREGON,3494,2,URBANO(A)
9,17,10,ALVARO OBREGON,3495,2,URBANO(A)
9,17,10,ALVARO OBREGON,3496,2,URBANO(A)
9,17,10,ALVARO OBREGON,3497,2,URBANO(A)
9,17,10,ALVARO OBREGON,3498,2,URBANO(A)
9,17,10,ALVARO OBREGON,3499,2,URBANO(A)
9,17,10,ALVARO OBREGON,3500,2,URBANO(A)
9,17,10,ALVARO OBREGON,3501,2,URBANO(A)
9,17,10,ALVARO OBREGON,3502,2,URBANO(A)
9,17,10,ALVARO OBREGON,3503,2,URBANO(A)
9,6,10,ALVARO OBREGON,3504,2,URBANO(A)
9,6,10,ALVARO OBREGON,3505,2,URBANO(A)
9,17,10,ALVARO OBREGON,3506,2,URBANO(A)
9,17,10,ALVARO OBREGON,3507,2,URBANO(A)
9,17,10,ALVARO OBREGON,3508,2,URBANO(A)
9,17,10,ALVARO OBREGON,3509,2,URBANO(A)
9,17,10,ALVARO OBREGON,3510,2,URBANO(A)
9,17,10,ALVARO OBREGON,3511,2,URBANO(A)
9,17,10,ALVARO OBREGON,3512,2,URBANO(A)
9,17,10,ALVARO OBREGON,3513,2,URBANO(A)
9,17,10,ALVARO OBREGON,3514,2,URBANO(A)
9,17,10,ALVARO OBREGON,3515,2,URBANO(A)
9,17,10,ALVARO OBREGON,3516,2,URBANO(A)
9,17,10,ALVARO OBREGON,3517,2,URBANO(A)
9,17,10,ALVARO OBREGON,3518,2,URBANO(A)
9,17,10,ALVARO OBREGON,3519,2,URBANO(A)
9,17,10,ALVARO OBREGON,3520,2,URBANO(A)
9,17,10,ALVARO OBREGON,3521,2,URBANO(A)
9,6,10,ALVARO OBREGON,3522,2,URBANO(A)
9,17,10,ALVARO OBREGON,3523,2,URBANO(A)
9,17,10,ALVARO OBREGON,3524,2,URBANO(A)
9,6,10,ALVARO OBREGON,3525,2,URBANO(A)
9,17,10,ALVARO OBREGON,3526,2,URBANO(A)
9,6,10,ALVARO OBREGON,3527,2,URBANO(A)
9,6,10,ALVARO OBREGON,3528,2,URBANO(A)
9,6,10,ALVARO OBREGON,3529,2,URBANO(A)
9,6,10,ALVARO OBREGON,3530,2,URBANO(A)
9,6,10,ALVARO OBREGON,3531,2,URBANO(A)
9,6,10,ALVARO OBREGON,3532,2,URBANO(A)
9,6,10,ALVARO OBREGON,3533,2,URBANO(A)
9,17,10,ALVARO OBREGON,3534,2,URBANO(A)
9,6,10,ALVARO OBREGON,3535,2,URBANO(A)
9,17,10,ALVARO OBREGON,3536,2,URBANO(A)
9,17,10,ALVARO OBREGON,3537,2,URBANO(A)
9,17,10,ALVARO OBREGON,3538,2,URBANO(A)
9,6,10,ALVARO OBREGON,3539,2,URBANO(A)
9,6,10,ALVARO OBREGON,3540,2,URBANO(A)
9,6,10,ALVARO OBREGON,3541,2,URBANO(A)
9,6,10,ALVARO OBREGON,3542,2,URBANO(A)
9,6,10,ALVARO OBREGON,3543,2,URBANO(A)
9,6,10,ALVARO OBREGON,3544,2,URBANO(A)
9,6,10,ALVARO OBREGON,3545,2,URBANO(A)
9,6,10,ALVARO OBREGON,3546,2,URBANO(A)
9,6,10,ALVARO OBREGON,3547,2,URBANO(A)
9,6,10,ALVARO OBREGON,3548,2,URBANO(A)
9,6,10,ALVARO OBREGON,3549,2,URBANO(A)
9,6,10,ALVARO OBREGON,3550,2,URBANO(A)
9,6,10,ALVARO OBREGON,3551,2,URBANO(A)
9,6,10,ALVARO OBREGON,3552,2,URBANO(A)
9,6,10,ALVARO OBREGON,3553,2,URBANO(A)
9,6,10,ALVARO OBREGON,3554,2,URBANO(A)
9,6,10,ALVARO OBREGON,3555,2,URBANO(A)
9,6,10,ALVARO OBREGON,3556,2,URBANO(A)
9,6,10,ALVARO OBREGON,3557,2,URBANO(A)
9,17,10,ALVARO OBREGON,3558,2,URBANO(A)
9,17,10,ALVARO OBREGON,3559,2,URBANO(A)
9,17,10,ALVARO OBREGON,3560,2,URBANO(A)
9,17,10,ALVARO OBREGON,3562,2,URBANO(A)
9,6,10,ALVARO OBREGON,3563,2,URBANO(A)
9,6,10,ALVARO OBREGON,3564,2,URBANO(A)
9,6,10,ALVARO OBREGON,3565,2,URBANO(A)
9,6,10,ALVARO OBREGON,3566,2,URBANO(A)
9,6,10,ALVARO OBREGON,3567,2,URBANO(A)
9,6,10,ALVARO OBREGON,3568,2,URBANO(A)
9,6,10,ALVARO OBREGON,3569,2,URBANO(A)
9,6,10,ALVARO OBREGON,3570,2,URBANO(A)
9,6,10,ALVARO OBREGON,3571,2,URBANO(A)
9,6,10,ALVARO OBREGON,3572,2,URBANO(A)
9,6,10,ALVARO OBREGON,3573,2,URBANO(A)
9,6,10,ALVARO OBREGON,3575,2,URBANO(A)
9,6,10,ALVARO OBREGON,3576,2,URBANO(A)
9,6,10,ALVARO OBREGON,3577,2,URBANO(A)
9,6,10,ALVARO OBREGON,3578,2,URBANO(A)
9,6,10,ALVARO OBREGON,3579,2,URBANO(A)
9,6,10,ALVARO OBREGON,3580,2,URBANO(A)
9,6,10,ALVARO OBREGON,3581,2,URBANO(A)
9,17,10,ALVARO OBREGON,3582,2,URBANO(A)
9,17,10,ALVARO OBREGON,3583,2,URBANO(A)
9,17,10,ALVARO OBREGON,3584,2,URBANO(A)
9,17,4,CUAJIMALPA DE MORELOS,3585,2,URBANO(A)
9,17,4,CUAJIMALPA DE MORELOS,3586,2,URBANO(A)
9,17,4,CUAJIMALPA DE MORELOS,3587,2,URBANO(A)
9,17,10,ALVARO OBREGON,3588,2,URBANO(A)
9,17,10,ALVARO OBREGON,3589,2,URBANO(A)
9,6,10,ALVARO OBREGON,3590,2,URBANO(A)
9,6,10,ALVARO OBREGON,3591,2,URBANO(A)
9,6,10,ALVARO OBREGON,3592,2,URBANO(A)
9,6,10,ALVARO OBREGON,3593,2,URBANO(A)
9,17,4,CUAJIMALPA DE MORELOS,3594,2,URBANO(A)
9,6,10,ALVARO OBREGON,3595,2,URBANO(A)
9,6,10,ALVARO OBREGON,3596,2,URBANO(A)
9,6,10,ALVARO OBREGON,3597,2,URBANO(A)
9,6,10,ALVARO OBREGON,3598,2,URBANO(A)
9,6,10,ALVARO OBREGON,3599,2,URBANO(A)
9,6,10,ALVARO OBREGON,3601,2,URBANO(A)
9,17,10,ALVARO OBREGON,3602,2,URBANO(A)
9,17,10,ALVARO OBREGON,3603,2,URBANO(A)
9,17,10,ALVARO OBREGON,3604,2,URBANO(A)
9,17,10,ALVARO OBREGON,3605,2,URBANO(A)
9,6,10,ALVARO OBREGON,3606,2,URBANO(A)
9,6,10,ALVARO OBREGON,3607,2,URBANO(A)
9,6,10,ALVARO OBREGON,3608,2,URBANO(A)
9,9,11,TLAHUAC,3609,2,URBANO(A)
9,9,11,TLAHUAC,3610,2,URBANO(A)
9,9,11,TLAHUAC,3611,2,URBANO(A)
9,9,11,TLAHUAC,3612,2,URBANO(A)
9,9,11,TLAHUAC,3613,2,URBANO(A)
9,9,11,TLAHUAC,3614,3,MIXTO(A)
9,9,11,TLAHUAC,3615,3,MIXTO(A)
9,9,11,TLAHUAC,3616,3,MIXTO(A)
9,9,11,TLAHUAC,3617,3,MIXTO(A)
9,9,11,TLAHUAC,3618,2,URBANO(A)
9,9,11,TLAHUAC,3619,2,URBANO(A)
9,9,11,TLAHUAC,3620,2,URBANO(A)
9,9,11,TLAHUAC,3621,2,URBANO(A)
9,9,11,TLAHUAC,3622,2,URBANO(A)
9,9,11,TLAHUAC,3623,3,MIXTO(A)
9,9,11,TLAHUAC,3624,2,URBANO(A)
9,9,11,TLAHUAC,3625,2,URBANO(A)
9,9,11,TLAHUAC,3626,2,URBANO(A)
9,9,11,TLAHUAC,3627,2,URBANO(A)
9,9,11,TLAHUAC,3629,2,URBANO(A)
9,9,11,TLAHUAC,3630,2,URBANO(A)
9,9,11,TLAHUAC,3631,2,URBANO(A)
9,9,11,TLAHUAC,3632,2,URBANO(A)
9,9,11,TLAHUAC,3633,2,URBANO(A)
9,9,11,TLAHUAC,3634,2,URBANO(A)
9,9,11,TLAHUAC,3635,2,URBANO(A)
9,9,11,TLAHUAC,3636,2,URBANO(A)
9,9,11,TLAHUAC,3637,2,URBANO(A)
9,9,11,TLAHUAC,3638,2,URBANO(A)
9,9,11,TLAHUAC,3639,2,URBANO(A)
9,9,11,TLAHUAC,3640,2,URBANO(A)
9,9,11,TLAHUAC,3641,2,URBANO(A)
9,9,11,TLAHUAC,3642,2,URBANO(A)
9,9,11,TLAHUAC,3643,2,URBANO(A)
9,9,11,TLAHUAC,3644,2,URBANO(A)
9,9,11,TLAHUAC,3645,2,URBANO(A)
9,9,11,TLAHUAC,3646,2,URBANO(A)
9,9,11,TLAHUAC,3647,2,URBANO(A)
9,9,11,TLAHUAC,3648,2,URBANO(A)
9,9,11,TLAHUAC,3649,2,URBANO(A)
9,9,11,TLAHUAC,3650,2,URBANO(A)
9,9,11,TLAHUAC,3651,2,URBANO(A)
9,9,11,TLAHUAC,3652,2,URBANO(A)
9,9,11,TLAHUAC,3653,2,URBANO(A)
9,9,11,TLAHUAC,3654,2,URBANO(A)
9,9,11,TLAHUAC,3655,2,URBANO(A)
9,9,11,TLAHUAC,3656,2,URBANO(A)
9,9,11,TLAHUAC,3657,2,URBANO(A)
9,9,11,TLAHUAC,3658,2,URBANO(A)
9,9,11,TLAHUAC,3659,2,URBANO(A)
9,9,11,TLAHUAC,3660,2,URBANO(A)
9,9,11,TLAHUAC,3661,2,URBANO(A)
9,9,11,TLAHUAC,3662,2,URBANO(A)
9,9,11,TLAHUAC,3664,2,URBANO(A)
9,9,11,TLAHUAC,3665,2,URBANO(A)
9,9,11,TLAHUAC,3666,2,URBANO(A)
9,9,11,TLAHUAC,3667,2,URBANO(A)
9,9,11,TLAHUAC,3668,2,URBANO(A)
9,9,11,TLAHUAC,3669,2,URBANO(A)
9,9,11,TLAHUAC,3670,3,MIXTO(A)
9,9,11,TLAHUAC,3671,2,URBANO(A)
9,9,11,TLAHUAC,3672,2,URBANO(A)
9,9,11,TLAHUAC,3673,2,URBANO(A)
9,9,11,TLAHUAC,3674,2,URBANO(A)
9,9,11,TLAHUAC,3675,2,URBANO(A)
9,9,11,TLAHUAC,3676,2,URBANO(A)
9,9,11,TLAHUAC,3677,2,URBANO(A)
9,9,11,TLAHUAC,3678,2,URBANO(A)
9,9,11,TLAHUAC,3679,2,URBANO(A)
9,9,11,TLAHUAC,3680,2,URBANO(A)
9,9,11,TLAHUAC,3681,2,URBANO(A)
9,9,11,TLAHUAC,3682,2,URBANO(A)
9,9,11,TLAHUAC,3683,2,URBANO(A)
9,9,11,TLAHUAC,3684,2,URBANO(A)
9,9,11,TLAHUAC,3685,2,URBANO(A)
9,9,11,TLAHUAC,3686,2,URBANO(A)
9,9,11,TLAHUAC,3687,2,URBANO(A)
9,9,11,TLAHUAC,3688,2,URBANO(A)
9,9,11,TLAHUAC,3689,2,URBANO(A)
9,9,11,TLAHUAC,3690,2,URBANO(A)
9,9,11,TLAHUAC,3692,2,URBANO(A)
9,9,11,TLAHUAC,3693,2,URBANO(A)
9,9,11,TLAHUAC,3694,2,URBANO(A)
9,9,11,TLAHUAC,3695,2,URBANO(A)
9,9,11,TLAHUAC,3696,2,URBANO(A)
9,9,11,TLAHUAC,3697,2,URBANO(A)
9,9,11,TLAHUAC,3698,2,URBANO(A)
9,9,11,TLAHUAC,3699,2,URBANO(A)
9,9,11,TLAHUAC,3700,2,URBANO(A)
9,9,11,TLAHUAC,3701,2,URBANO(A)
9,9,11,TLAHUAC,3702,3,MIXTO(A)
9,9,11,TLAHUAC,3703,2,URBANO(A)
9,9,11,TLAHUAC,3704,2,URBANO(A)
9,9,11,TLAHUAC,3705,2,URBANO(A)
9,9,11,TLAHUAC,3706,2,URBANO(A)
9,9,11,TLAHUAC,3707,2,URBANO(A)
9,9,11,TLAHUAC,3708,2,URBANO(A)
9,9,11,TLAHUAC,3709,2,URBANO(A)
9,9,11,TLAHUAC,3710,2,URBANO(A)
9,9,11,TLAHUAC,3711,2,URBANO(A)
9,9,11,TLAHUAC,3712,2,URBANO(A)
9,9,11,TLAHUAC,3713,2,URBANO(A)
9,9,11,TLAHUAC,3714,2,URBANO(A)
9,9,11,TLAHUAC,3715,2,URBANO(A)
9,9,11,TLAHUAC,3716,2,URBANO(A)
9,9,11,TLAHUAC,3717,2,URBANO(A)
9,9,11,TLAHUAC,3718,2,URBANO(A)
9,9,11,TLAHUAC,3719,2,URBANO(A)
9,9,11,TLAHUAC,3720,3,MIXTO(A)
9,9,11,TLAHUAC,3721,2,URBANO(A)
9,9,11,TLAHUAC,3722,2,URBANO(A)
9,9,11,TLAHUAC,3723,2,URBANO(A)
9,9,11,TLAHUAC,3724,2,URBANO(A)
9,9,11,TLAHUAC,3725,3,MIXTO(A)
9,9,11,TLAHUAC,3726,2,URBANO(A)
9,9,11,TLAHUAC,3727,2,URBANO(A)
9,9,11,TLAHUAC,3728,3,MIXTO(A)
9,9,11,TLAHUAC,3729,3,MIXTO(A)
9,9,11,TLAHUAC,3730,2,URBANO(A)
9,9,9,MILPA ALTA,3731,2,URBANO(A)
9,9,9,MILPA ALTA,3732,2,URBANO(A)
9,9,11,TLAHUAC,3733,2,URBANO(A)
9,9,11,TLAHUAC,3734,2,URBANO(A)
9,9,11,TLAHUAC,3735,2,URBANO(A)
9,9,11,TLAHUAC,3736,2,URBANO(A)
9,9,11,TLAHUAC,3737,2,URBANO(A)
9,9,11,TLAHUAC,3738,2,URBANO(A)
9,9,11,TLAHUAC,3739,2,URBANO(A)
9,9,11,TLAHUAC,3740,2,URBANO(A)
9,9,11,TLAHUAC,3741,2,URBANO(A)
9,14,12,TLALPAN,3742,2,URBANO(A)
9,14,12,TLALPAN,3743,2,URBANO(A)
9,14,12,TLALPAN,3744,2,URBANO(A)
9,14,12,TLALPAN,3745,2,URBANO(A)
9,14,12,TLALPAN,3746,2,URBANO(A)
9,14,12,TLALPAN,3747,2,URBANO(A)
9,14,12,TLALPAN,3748,2,URBANO(A)
9,14,12,TLALPAN,3749,2,URBANO(A)
9,14,12,TLALPAN,3750,2,URBANO(A)
9,14,12,TLALPAN,3751,2,URBANO(A)
9,14,12,TLALPAN,3752,2,URBANO(A)
9,14,12,TLALPAN,3753,2,URBANO(A)
9,14,12,TLALPAN,3754,2,URBANO(A)
9,14,12,TLALPAN,3755,2,URBANO(A)
9,14,12,TLALPAN,3756,2,URBANO(A)
9,14,12,TLALPAN,3757,2,URBANO(A)
9,14,12,TLALPAN,3758,2,URBANO(A)
9,14,12,TLALPAN,3759,2,URBANO(A)
9,14,12,TLALPAN,3760,2,URBANO(A)
9,14,12,TLALPAN,3761,2,URBANO(A)
9,14,12,TLALPAN,3762,2,URBANO(A)
9,14,12,TLALPAN,3763,2,URBANO(A)
9,14,12,TLALPAN,3764,2,URBANO(A)
9,14,12,TLALPAN,3765,2,URBANO(A)
9,14,12,TLALPAN,3766,2,URBANO(A)
9,14,12,TLALPAN,3767,2,URBANO(A)
9,14,12,TLALPAN,3769,2,URBANO(A)
9,14,12,TLALPAN,3770,2,URBANO(A)
9,14,12,TLALPAN,3771,2,URBANO(A)
9,14,12,TLALPAN,3772,2,URBANO(A)
9,14,12,TLALPAN,3773,2,URBANO(A)
9,14,12,TLALPAN,3774,2,URBANO(A)
9,14,12,TLALPAN,3775,2,URBANO(A)
9,14,12,TLALPAN,3776,2,URBANO(A)
9,14,12,TLALPAN,3777,2,URBANO(A)
9,14,12,TLALPAN,3778,2,URBANO(A)
9,14,12,TLALPAN,3779,2,URBANO(A)
9,14,12,TLALPAN,3780,2,URBANO(A)
9,14,12,TLALPAN,3781,2,URBANO(A)
9,14,12,TLALPAN,3782,2,URBANO(A)
9,14,12,TLALPAN,3783,2,URBANO(A)
9,14,12,TLALPAN,3784,2,URBANO(A)
9,14,12,TLALPAN,3785,2,URBANO(A)
9,14,12,TLALPAN,3786,2,URBANO(A)
9,14,12,TLALPAN,3787,2,URBANO(A)
9,14,12,TLALPAN,3788,2,URBANO(A)
9,14,12,TLALPAN,3789,2,URBANO(A)
9,14,12,TLALPAN,3790,2,URBANO(A)
9,14,12,TLALPAN,3791,2,URBANO(A)
9,14,12,TLALPAN,3792,2,URBANO(A)
9,14,12,TLALPAN,3793,2,URBANO(A)
9,14,12,TLALPAN,3794,2,URBANO(A)
9,14,12,TLALPAN,3795,2,URBANO(A)
9,14,12,TLALPAN,3796,2,URBANO(A)
9,14,12,TLALPAN,3797,2,URBANO(A)
9,14,12,TLALPAN,3798,2,URBANO(A)
9,14,12,TLALPAN,3799,2,URBANO(A)
9,14,12,TLALPAN,3800,2,URBANO(A)
9,14,12,TLALPAN,3801,2,URBANO(A)
9,14,12,TLALPAN,3802,2,URBANO(A)
9,14,12,TLALPAN,3803,2,URBANO(A)
9,14,12,TLALPAN,3804,2,URBANO(A)
9,14,12,TLALPAN,3805,2,URBANO(A)
9,14,12,TLALPAN,3806,2,URBANO(A)
9,14,12,TLALPAN,3807,2,URBANO(A)
9,14,12,TLALPAN,3808,2,URBANO(A)
9,14,12,TLALPAN,3809,2,URBANO(A)
9,14,12,TLALPAN,3810,2,URBANO(A)
9,14,12,TLALPAN,3811,2,URBANO(A)
9,14,12,TLALPAN,3812,2,URBANO(A)
9,14,12,TLALPAN,3813,2,URBANO(A)
9,14,12,TLALPAN,3814,2,URBANO(A)
9,14,12,TLALPAN,3815,2,URBANO(A)
9,14,12,TLALPAN,3816,2,URBANO(A)
9,14,12,TLALPAN,3817,2,URBANO(A)
9,14,12,TLALPAN,3818,2,URBANO(A)
9,14,12,TLALPAN,3819,2,URBANO(A)
9,14,12,TLALPAN,3820,2,URBANO(A)
9,14,12,TLALPAN,3821,2,URBANO(A)
9,14,12,TLALPAN,3822,2,URBANO(A)
9,14,12,TLALPAN,3823,2,URBANO(A)
9,14,12,TLALPAN,3824,2,URBANO(A)
9,14,12,TLALPAN,3825,2,URBANO(A)
9,14,12,TLALPAN,3826,2,URBANO(A)
9,14,12,TLALPAN,3827,2,URBANO(A)
9,14,12,TLALPAN,3828,2,URBANO(A)
9,14,12,TLALPAN,3829,2,URBANO(A)
9,14,12,TLALPAN,3830,2,URBANO(A)
9,14,12,TLALPAN,3831,2,URBANO(A)
9,14,12,TLALPAN,3832,2,URBANO(A)
9,14,12,TLALPAN,3833,2,URBANO(A)
9,14,12,TLALPAN,3834,2,URBANO(A)
9,14,12,TLALPAN,3835,2,URBANO(A)
9,14,12,TLALPAN,3836,2,URBANO(A)
9,14,12,TLALPAN,3837,2,URBANO(A)
9,14,12,TLALPAN,3838,2,URBANO(A)
9,14,12,TLALPAN,3839,2,URBANO(A)
9,14,12,TLALPAN,3840,2,URBANO(A)
9,14,12,TLALPAN,3841,2,URBANO(A)
9,14,12,TLALPAN,3842,2,URBANO(A)
9,14,12,TLALPAN,3843,2,URBANO(A)
9,14,12,TLALPAN,3844,2,URBANO(A)
9,14,12,TLALPAN,3845,2,URBANO(A)
9,14,12,TLALPAN,3846,2,URBANO(A)
9,14,12,TLALPAN,3847,2,URBANO(A)
9,14,12,TLALPAN,3848,2,URBANO(A)
9,14,12,TLALPAN,3849,2,URBANO(A)
9,14,12,TLALPAN,3850,2,URBANO(A)
9,14,12,TLALPAN,3851,2,URBANO(A)
9,14,12,TLALPAN,3852,2,URBANO(A)
9,14,12,TLALPAN,3853,2,URBANO(A)
9,14,12,TLALPAN,3854,2,URBANO(A)
9,14,12,TLALPAN,3855,2,URBANO(A)
9,14,12,TLALPAN,3856,2,URBANO(A)
9,14,12,TLALPAN,3857,2,URBANO(A)
9,14,12,TLALPAN,3858,2,URBANO(A)
9,14,12,TLALPAN,3859,2,URBANO(A)
9,14,12,TLALPAN,3860,2,URBANO(A)
9,14,12,TLALPAN,3861,2,URBANO(A)
9,14,12,TLALPAN,3862,2,URBANO(A)
9,14,12,TLALPAN,3863,2,URBANO(A)
9,14,12,TLALPAN,3864,2,URBANO(A)
9,14,12,TLALPAN,3865,2,URBANO(A)
9,14,12,TLALPAN,3866,2,URBANO(A)
9,14,12,TLALPAN,3867,2,URBANO(A)
9,14,12,TLALPAN,3868,2,URBANO(A)
9,14,12,TLALPAN,3869,2,URBANO(A)
9,14,12,TLALPAN,3870,2,URBANO(A)
9,14,12,TLALPAN,3871,2,URBANO(A)
9,14,12,TLALPAN,3872,2,URBANO(A)
9,14,12,TLALPAN,3873,2,URBANO(A)
9,14,12,TLALPAN,3874,2,URBANO(A)
9,14,12,TLALPAN,3875,2,URBANO(A)
9,14,12,TLALPAN,3876,2,URBANO(A)
9,14,12,TLALPAN,3877,2,URBANO(A)
9,14,12,TLALPAN,3878,2,URBANO(A)
9,14,12,TLALPAN,3879,2,URBANO(A)
9,14,12,TLALPAN,3880,2,URBANO(A)
9,14,12,TLALPAN,3881,2,URBANO(A)
9,14,12,TLALPAN,3882,2,URBANO(A)
9,14,12,TLALPAN,3883,2,URBANO(A)
9,14,12,TLALPAN,3884,2,URBANO(A)
9,14,12,TLALPAN,3885,2,URBANO(A)
9,14,12,TLALPAN,3886,2,URBANO(A)
9,14,12,TLALPAN,3887,2,URBANO(A)
9,14,12,TLALPAN,3888,2,URBANO(A)
9,14,12,TLALPAN,3889,2,URBANO(A)
9,14,12,TLALPAN,3890,2,URBANO(A)
9,14,12,TLALPAN,3891,2,URBANO(A)
9,14,12,TLALPAN,3892,2,URBANO(A)
9,14,12,TLALPAN,3893,2,URBANO(A)
9,5,12,TLALPAN,3894,2,URBANO(A)
9,5,12,TLALPAN,3895,2,URBANO(A)
9,5,12,TLALPAN,3896,2,URBANO(A)
9,5,12,TLALPAN,3897,2,URBANO(A)
9,5,12,TLALPAN,3898,2,URBANO(A)
9,5,12,TLALPAN,3899,2,URBANO(A)
9,5,12,TLALPAN,3900,2,URBANO(A)
9,5,12,TLALPAN,3901,2,URBANO(A)
9,5,12,TLALPAN,3902,2,URBANO(A)
9,5,12,TLALPAN,3903,2,URBANO(A)
9,5,12,TLALPAN,3904,2,URBANO(A)
9,14,12,TLALPAN,3905,2,URBANO(A)
9,14,12,TLALPAN,3906,2,URBANO(A)
9,14,12,TLALPAN,3907,2,URBANO(A)
9,14,12,TLALPAN,3908,2,URBANO(A)
9,5,12,TLALPAN,3909,2,URBANO(A)
9,5,12,TLALPAN,3910,2,URBANO(A)
9,5,12,TLALPAN,3911,2,URBANO(A)
9,5,12,TLALPAN,3912,2,URBANO(A)
9,5,12,TLALPAN,3913,2,URBANO(A)
9,5,12,TLALPAN,3914,2,URBANO(A)
9,5,12,TLALPAN,3915,2,URBANO(A)
9,14,12,TLALPAN,3916,2,URBANO(A)
9,14,12,TLALPAN,3917,2,URBANO(A)
9,14,12,TLALPAN,3918,2,URBANO(A)
9,14,12,TLALPAN,3919,2,URBANO(A)
9,14,12,TLALPAN,3920,2,URBANO(A)
9,14,12,TLALPAN,3921,2,URBANO(A)
9,14,12,TLALPAN,3922,2,URBANO(A)
9,14,12,TLALPAN,3923,2,URBANO(A)
9,14,12,TLALPAN,3924,2,URBANO(A)
9,14,12,TLALPAN,3925,2,URBANO(A)
9,14,12,TLALPAN,3926,2,URBANO(A)
9,14,12,TLALPAN,3927,2,URBANO(A)
9,14,12,TLALPAN,3928,2,URBANO(A)
9,14,12,TLALPAN,3929,2,URBANO(A)
9,5,12,TLALPAN,3930,2,URBANO(A)
9,14,12,TLALPAN,3931,2,URBANO(A)
9,14,12,TLALPAN,3932,2,URBANO(A)
9,5,12,TLALPAN,3933,2,URBANO(A)
9,5,12,TLALPAN,3934,2,URBANO(A)
9,14,12,TLALPAN,3935,2,URBANO(A)
9,14,12,TLALPAN,3936,2,URBANO(A)
9,5,12,TLALPAN,3937,2,URBANO(A)
9,5,12,TLALPAN,3938,2,URBANO(A)
9,5,12,TLALPAN,3939,2,URBANO(A)
9,5,12,TLALPAN,3940,2,URBANO(A)
9,5,12,TLALPAN,3941,2,URBANO(A)
9,5,12,TLALPAN,3942,2,URBANO(A)
9,5,12,TLALPAN,3943,2,URBANO(A)
9,5,12,TLALPAN,3944,2,URBANO(A)
9,5,12,TLALPAN,3945,2,URBANO(A)
9,5,12,TLALPAN,3946,2,URBANO(A)
9,5,12,TLALPAN,3947,2,URBANO(A)
9,5,12,TLALPAN,3948,2,URBANO(A)
9,5,12,TLALPAN,3950,2,URBANO(A)
9,5,12,TLALPAN,3951,2,URBANO(A)
9,5,12,TLALPAN,3952,2,URBANO(A)
9,5,12,TLALPAN,3953,2,URBANO(A)
9,5,12,TLALPAN,3954,2,URBANO(A)
9,5,12,TLALPAN,3956,2,URBANO(A)
9,5,12,TLALPAN,3957,2,URBANO(A)
9,5,12,TLALPAN,3958,2,URBANO(A)
9,5,12,TLALPAN,3959,2,URBANO(A)
9,5,12,TLALPAN,3960,2,URBANO(A)
9,5,12,TLALPAN,3961,2,URBANO(A)
9,5,12,TLALPAN,3963,2,URBANO(A)
9,5,12,TLALPAN,3964,2,URBANO(A)
9,5,12,TLALPAN,3965,2,URBANO(A)
9,5,12,TLALPAN,3966,2,URBANO(A)
9,5,12,TLALPAN,3967,2,URBANO(A)
9,5,12,TLALPAN,3968,2,URBANO(A)
9,5,12,TLALPAN,3969,2,URBANO(A)
9,5,12,TLALPAN,3970,2,URBANO(A)
9,5,12,TLALPAN,3971,2,URBANO(A)
9,5,12,TLALPAN,3972,2,URBANO(A)
9,5,12,TLALPAN,3973,2,URBANO(A)
9,5,12,TLALPAN,3974,2,URBANO(A)
9,5,12,TLALPAN,3975,2,URBANO(A)
9,5,12,TLALPAN,3976,3,MIXTO(A)
9,5,12,TLALPAN,3977,2,URBANO(A)
9,5,12,TLALPAN,3978,2,URBANO(A)
9,5,12,TLALPAN,3979,2,URBANO(A)
9,5,12,TLALPAN,3980,2,URBANO(A)
9,5,12,TLALPAN,3982,2,URBANO(A)
9,5,12,TLALPAN,3983,2,URBANO(A)
9,5,12,TLALPAN,3984,3,MIXTO(A)
9,5,12,TLALPAN,3985,3,MIXTO(A)
9,5,12,TLALPAN,3986,2,URBANO(A)
9,5,12,TLALPAN,3987,3,MIXTO(A)
9,5,12,TLALPAN,3988,2,URBANO(A)
9,5,12,TLALPAN,3989,2,URBANO(A)
9,5,12,TLALPAN,3990,2,URBANO(A)
9,5,12,TLALPAN,3991,3,MIXTO(A)
9,5,12,TLALPAN,3992,2,URBANO(A)
9,5,12,TLALPAN,3993,3,MIXTO(A)
9,5,12,TLALPAN,3994,4,RURAL
9,5,12,TLALPAN,3995,2,URBANO(A)
9,5,12,TLALPAN,3996,2,URBANO(A)
9,5,12,TLALPAN,3997,2,URBANO(A)
9,5,12,TLALPAN,3998,2,URBANO(A)
9,5,12,TLALPAN,3999,2,URBANO(A)
9,5,12,TLALPAN,4000,2,URBANO(A)
9,5,12,TLALPAN,4001,2,URBANO(A)
9,5,12,TLALPAN,4002,2,URBANO(A)
9,14,12,TLALPAN,4003,2,URBANO(A)
9,14,12,TLALPAN,4004,2,URBANO(A)
9,14,12,TLALPAN,4005,2,URBANO(A)
9,14,12,TLALPAN,4006,2,URBANO(A)
9,14,12,TLALPAN,4007,2,URBANO(A)
9,14,12,TLALPAN,4008,2,URBANO(A)
9,14,12,TLALPAN,4009,2,URBANO(A)
9,14,12,TLALPAN,4010,2,URBANO(A)
9,14,12,TLALPAN,4011,2,URBANO(A)
9,14,12,TLALPAN,4012,2,URBANO(A)
9,14,12,TLALPAN,4013,2,URBANO(A)
9,14,12,TLALPAN,4014,2,URBANO(A)
9,14,12,TLALPAN,4015,2,URBANO(A)
9,14,12,TLALPAN,4016,2,URBANO(A)
9,14,12,TLALPAN,4017,2,URBANO(A)
9,14,12,TLALPAN,4018,2,URBANO(A)
9,14,12,TLALPAN,4019,2,URBANO(A)
9,14,12,TLALPAN,4020,2,URBANO(A)
9,14,12,TLALPAN,4021,2,URBANO(A)
9,14,12,TLALPAN,4022,2,URBANO(A)
9,14,12,TLALPAN,4023,2,URBANO(A)
9,14,12,TLALPAN,4024,2,URBANO(A)
9,14,12,TLALPAN,4025,2,URBANO(A)
9,14,12,TLALPAN,4026,2,URBANO(A)
9,14,12,TLALPAN,4027,2,URBANO(A)
9,14,12,TLALPAN,4028,2,URBANO(A)
9,14,12,TLALPAN,4029,2,URBANO(A)
9,14,12,TLALPAN,4030,2,URBANO(A)
9,14,12,TLALPAN,4031,2,URBANO(A)
9,14,12,TLALPAN,4032,2,URBANO(A)
9,14,12,TLALPAN,4033,2,URBANO(A)
9,14,12,TLALPAN,4034,2,URBANO(A)
9,14,12,TLALPAN,4035,2,URBANO(A)
9,14,12,TLALPAN,4036,2,URBANO(A)
9,14,12,TLALPAN,4037,2,URBANO(A)
9,14,12,TLALPAN,4038,2,URBANO(A)
9,14,12,TLALPAN,4039,2,URBANO(A)
9,14,12,TLALPAN,4040,2,URBANO(A)
9,14,12,TLALPAN,4041,2,URBANO(A)
9,14,12,TLALPAN,4042,2,URBANO(A)
9,14,12,TLALPAN,4043,2,URBANO(A)
9,14,12,TLALPAN,4044,2,URBANO(A)
9,14,12,TLALPAN,4045,2,URBANO(A)
9,14,12,TLALPAN,4046,2,URBANO(A)
9,14,12,TLALPAN,4047,2,URBANO(A)
9,14,12,TLALPAN,4048,2,URBANO(A)
9,14,12,TLALPAN,4049,2,URBANO(A)
9,14,12,TLALPAN,4050,2,URBANO(A)
9,14,12,TLALPAN,4051,2,URBANO(A)
9,14,12,TLALPAN,4052,2,URBANO(A)
9,14,12,TLALPAN,4053,2,URBANO(A)
9,14,12,TLALPAN,4054,2,URBANO(A)
9,14,12,TLALPAN,4055,2,URBANO(A)
9,14,12,TLALPAN,4056,2,URBANO(A)
9,14,12,TLALPAN,4057,2,URBANO(A)
9,14,12,TLALPAN,4058,2,URBANO(A)
9,14,12,TLALPAN,4059,2,URBANO(A)
9,14,12,TLALPAN,4060,2,URBANO(A)
9,14,12,TLALPAN,4061,2,URBANO(A)
9,14,12,TLALPAN,4062,2,URBANO(A)
9,14,12,TLALPAN,4063,2,URBANO(A)
9,14,12,TLALPAN,4064,2,URBANO(A)
9,14,12,TLALPAN,4065,2,URBANO(A)
9,14,12,TLALPAN,4066,2,URBANO(A)
9,14,12,TLALPAN,4067,2,URBANO(A)
9,14,12,TLALPAN,4068,2,URBANO(A)
9,14,12,TLALPAN,4069,2,URBANO(A)
9,14,12,TLALPAN,4070,2,URBANO(A)
9,14,12,TLALPAN,4071,2,URBANO(A)
9,14,12,TLALPAN,4072,2,URBANO(A)
9,14,12,TLALPAN,4073,2,URBANO(A)
9,14,12,TLALPAN,4074,2,URBANO(A)
9,14,12,TLALPAN,4075,2,URBANO(A)
9,14,12,TLALPAN,4076,2,URBANO(A)
9,14,12,TLALPAN,4077,2,URBANO(A)
9,14,12,TLALPAN,4078,2,URBANO(A)
9,14,12,TLALPAN,4079,2,URBANO(A)
9,14,12,TLALPAN,4080,2,URBANO(A)
9,14,12,TLALPAN,4081,2,URBANO(A)
9,14,12,TLALPAN,4082,2,URBANO(A)
9,5,12,TLALPAN,4083,2,URBANO(A)
9,5,12,TLALPAN,4084,2,URBANO(A)
9,5,12,TLALPAN,4085,2,URBANO(A)
9,14,12,TLALPAN,4086,2,URBANO(A)
9,5,12,TLALPAN,4087,2,URBANO(A)
9,5,12,TLALPAN,4088,2,URBANO(A)
9,5,12,TLALPAN,4089,2,URBANO(A)
9,5,12,TLALPAN,4090,2,URBANO(A)
9,5,12,TLALPAN,4091,2,URBANO(A)
9,14,12,TLALPAN,4092,2,URBANO(A)
9,14,12,TLALPAN,4093,2,URBANO(A)
9,14,12,TLALPAN,4094,2,URBANO(A)
9,5,13,XOCHIMILCO,4095,2,URBANO(A)
9,5,13,XOCHIMILCO,4096,2,URBANO(A)
9,5,13,XOCHIMILCO,4097,2,URBANO(A)
9,5,13,XOCHIMILCO,4098,2,URBANO(A)
9,5,13,XOCHIMILCO,4099,2,URBANO(A)
9,5,13,XOCHIMILCO,4100,2,URBANO(A)
9,5,13,XOCHIMILCO,4101,2,URBANO(A)
9,5,13,XOCHIMILCO,4102,2,URBANO(A)
9,5,13,XOCHIMILCO,4103,2,URBANO(A)
9,5,13,XOCHIMILCO,4104,2,URBANO(A)
9,5,13,XOCHIMILCO,4105,2,URBANO(A)
9,21,13,XOCHIMILCO,4107,2,URBANO(A)
9,21,13,XOCHIMILCO,4108,3,MIXTO(A)
9,21,13,XOCHIMILCO,4109,2,URBANO(A)
9,21,13,XOCHIMILCO,4110,2,URBANO(A)
9,5,13,XOCHIMILCO,4111,2,URBANO(A)
9,5,13,XOCHIMILCO,4112,2,URBANO(A)
9,5,13,XOCHIMILCO,4113,2,URBANO(A)
9,5,13,XOCHIMILCO,4114,2,URBANO(A)
9,5,13,XOCHIMILCO,4115,2,URBANO(A)
9,5,13,XOCHIMILCO,4116,2,URBANO(A)
9,5,13,XOCHIMILCO,4117,2,URBANO(A)
9,5,13,XOCHIMILCO,4118,2,URBANO(A)
9,5,13,XOCHIMILCO,4119,2,URBANO(A)
9,5,13,XOCHIMILCO,4120,2,URBANO(A)
9,5,13,XOCHIMILCO,4121,2,URBANO(A)
9,5,13,XOCHIMILCO,4122,2,URBANO(A)
9,5,13,XOCHIMILCO,4123,2,URBANO(A)
9,5,13,XOCHIMILCO,4124,2,URBANO(A)
9,5,13,XOCHIMILCO,4125,2,URBANO(A)
9,5,13,XOCHIMILCO,4126,2,URBANO(A)
9,5,13,XOCHIMILCO,4127,2,URBANO(A)
9,5,13,XOCHIMILCO,4128,2,URBANO(A)
9,5,13,XOCHIMILCO,4129,2,URBANO(A)
9,5,13,XOCHIMILCO,4130,2,URBANO(A)
9,5,13,XOCHIMILCO,4131,2,URBANO(A)
9,5,13,XOCHIMILCO,4132,2,URBANO(A)
9,5,13,XOCHIMILCO,4133,2,URBANO(A)
9,5,13,XOCHIMILCO,4134,2,URBANO(A)
9,5,13,XOCHIMILCO,4135,2,URBANO(A)
9,5,13,XOCHIMILCO,4136,2,URBANO(A)
9,5,13,XOCHIMILCO,4137,2,URBANO(A)
9,5,13,XOCHIMILCO,4138,2,URBANO(A)
9,5,13,XOCHIMILCO,4139,2,URBANO(A)
9,5,13,XOCHIMILCO,4140,2,URBANO(A)
9,21,13,XOCHIMILCO,4141,2,URBANO(A)
9,21,13,XOCHIMILCO,4142,2,URBANO(A)
9,21,13,XOCHIMILCO,4143,3,MIXTO(A)
9,21,13,XOCHIMILCO,4144,2,URBANO(A)
9,21,13,XOCHIMILCO,4145,3,MIXTO(A)
9,21,13,XOCHIMILCO,4146,3,MIXTO(A)
9,21,13,XOCHIMILCO,4147,2,URBANO(A)
9,21,13,XOCHIMILCO,4148,2,URBANO(A)
9,21,13,XOCHIMILCO,4149,2,URBANO(A)
9,21,13,XOCHIMILCO,4150,2,URBANO(A)
9,21,13,XOCHIMILCO,4151,2,URBANO(A)
9,21,13,XOCHIMILCO,4152,2,URBANO(A)
9,9,11,TLAHUAC,4153,2,URBANO(A)
9,9,11,TLAHUAC,4154,2,URBANO(A)
9,9,11,TLAHUAC,4155,2,URBANO(A)
9,9,11,TLAHUAC,4156,2,URBANO(A)
9,21,13,XOCHIMILCO,4157,2,URBANO(A)
9,21,13,XOCHIMILCO,4158,2,URBANO(A)
9,21,13,XOCHIMILCO,4159,2,URBANO(A)
9,21,13,XOCHIMILCO,4160,2,URBANO(A)
9,21,13,XOCHIMILCO,4161,2,URBANO(A)
9,21,13,XOCHIMILCO,4162,2,URBANO(A)
9,21,13,XOCHIMILCO,4163,2,URBANO(A)
9,21,13,XOCHIMILCO,4164,2,URBANO(A)
9,21,13,XOCHIMILCO,4165,2,URBANO(A)
9,21,13,XOCHIMILCO,4166,2,URBANO(A)
9,21,13,XOCHIMILCO,4167,2,URBANO(A)
9,21,13,XOCHIMILCO,4168,2,URBANO(A)
9,21,13,XOCHIMILCO,4169,2,URBANO(A)
9,21,13,XOCHIMILCO,4170,3,MIXTO(A)
9,21,13,XOCHIMILCO,4171,2,URBANO(A)
9,21,13,XOCHIMILCO,4172,2,URBANO(A)
9,21,13,XOCHIMILCO,4173,2,URBANO(A)
9,21,13,XOCHIMILCO,4174,2,URBANO(A)
9,21,13,XOCHIMILCO,4175,2,URBANO(A)
9,21,13,XOCHIMILCO,4176,2,URBANO(A)
9,21,13,XOCHIMILCO,4177,2,URBANO(A)
9,21,13,XOCHIMILCO,4178,2,URBANO(A)
9,21,13,XOCHIMILCO,4179,3,MIXTO(A)
9,21,13,XOCHIMILCO,4180,2,URBANO(A)
9,21,13,XOCHIMILCO,4181,2,URBANO(A)
9,21,13,XOCHIMILCO,4182,2,URBANO(A)
9,21,13,XOCHIMILCO,4183,2,URBANO(A)
9,21,13,XOCHIMILCO,4184,2,URBANO(A)
9,21,13,XOCHIMILCO,4185,2,URBANO(A)
9,21,13,XOCHIMILCO,4186,2,URBANO(A)
9,5,13,XOCHIMILCO,4187,2,URBANO(A)
9,5,13,XOCHIMILCO,4188,2,URBANO(A)
9,5,13,XOCHIMILCO,4189,2,URBANO(A)
9,5,13,XOCHIMILCO,4190,2,URBANO(A)
9,5,13,XOCHIMILCO,4191,2,URBANO(A)
9,5,13,XOCHIMILCO,4192,2,URBANO(A)
9,5,13,XOCHIMILCO,4193,2,URBANO(A)
9,5,13,XOCHIMILCO,4194,2,URBANO(A)
9,5,13,XOCHIMILCO,4195,2,URBANO(A)
9,5,13,XOCHIMILCO,4196,2,URBANO(A)
9,5,13,XOCHIMILCO,4197,2,URBANO(A)
9,5,13,XOCHIMILCO,4198,2,URBANO(A)
9,5,13,XOCHIMILCO,4199,2,URBANO(A)
9,5,13,XOCHIMILCO,4200,2,URBANO(A)
9,5,13,XOCHIMILCO,4201,2,URBANO(A)
9,5,13,XOCHIMILCO,4202,2,URBANO(A)
9,5,13,XOCHIMILCO,4203,2,URBANO(A)
9,5,13,XOCHIMILCO,4204,2,URBANO(A)
9,5,13,XOCHIMILCO,4205,2,URBANO(A)
9,5,13,XOCHIMILCO,4206,2,URBANO(A)
9,5,13,XOCHIMILCO,4207,2,URBANO(A)
9,5,13,XOCHIMILCO,4208,2,URBANO(A)
9,5,13,XOCHIMILCO,4209,2,URBANO(A)
9,5,13,XOCHIMILCO,4210,2,URBANO(A)
9,5,13,XOCHIMILCO,4211,2,URBANO(A)
9,21,13,XOCHIMILCO,4212,2,URBANO(A)
9,21,13,XOCHIMILCO,4213,2,URBANO(A)
9,21,13,XOCHIMILCO,4214,2,URBANO(A)
9,21,13,XOCHIMILCO,4215,2,URBANO(A)
9,21,13,XOCHIMILCO,4216,2,URBANO(A)
9,21,13,XOCHIMILCO,4217,2,URBANO(A)
9,21,13,XOCHIMILCO,4218,2,URBANO(A)
9,21,13,XOCHIMILCO,4219,2,URBANO(A)
9,21,13,XOCHIMILCO,4220,2,URBANO(A)
9,21,13,XOCHIMILCO,4221,2,URBANO(A)
9,21,13,XOCHIMILCO,4222,2,URBANO(A)
9,21,13,XOCHIMILCO,4223,2,URBANO(A)
9,21,13,XOCHIMILCO,4224,3,MIXTO(A)
9,21,13,XOCHIMILCO,4225,3,MIXTO(A)
9,21,13,XOCHIMILCO,4226,2,URBANO(A)
9,21,13,XOCHIMILCO,4227,2,URBANO(A)
9,21,13,XOCHIMILCO,4228,2,URBANO(A)
9,21,13,XOCHIMILCO,4229,2,URBANO(A)
9,21,13,XOCHIMILCO,4230,2,URBANO(A)
9,21,13,XOCHIMILCO,4231,2,URBANO(A)
9,5,13,XOCHIMILCO,4232,2,URBANO(A)
9,5,13,XOCHIMILCO,4233,2,URBANO(A)
9,5,13,XOCHIMILCO,4234,2,URBANO(A)
9,5,13,XOCHIMILCO,4235,2,URBANO(A)
9,5,13,XOCHIMILCO,4236,2,URBANO(A)
9,5,13,XOCHIMILCO,4237,2,URBANO(A)
9,5,13,XOCHIMILCO,4238,2,URBANO(A)
9,5,13,XOCHIMILCO,4239,2,URBANO(A)
9,5,13,XOCHIMILCO,4240,2,URBANO(A)
9,21,13,XOCHIMILCO,4241,2,URBANO(A)
9,21,13,XOCHIMILCO,4242,2,URBANO(A)
9,21,13,XOCHIMILCO,4243,2,URBANO(A)
9,21,13,XOCHIMILCO,4244,2,URBANO(A)
9,21,13,XOCHIMILCO,4245,2,URBANO(A)
9,21,13,XOCHIMILCO,4247,2,URBANO(A)
9,21,13,XOCHIMILCO,4248,2,URBANO(A)
9,21,13,XOCHIMILCO,4249,2,URBANO(A)
9,5,13,XOCHIMILCO,4250,2,URBANO(A)
9,21,13,XOCHIMILCO,4251,3,MIXTO(A)
9,21,13,XOCHIMILCO,4252,2,URBANO(A)
9,21,13,XOCHIMILCO,4253,2,URBANO(A)
9,21,13,XOCHIMILCO,4254,2,URBANO(A)
9,21,13,XOCHIMILCO,4255,2,URBANO(A)
9,21,13,XOCHIMILCO,4256,2,URBANO(A)
9,21,13,XOCHIMILCO,4257,2,URBANO(A)
9,21,13,XOCHIMILCO,4258,2,URBANO(A)
9,21,13,XOCHIMILCO,4259,2,URBANO(A)
9,21,13,XOCHIMILCO,4260,3,MIXTO(A)
9,21,13,XOCHIMILCO,4261,2,URBANO(A)
9,21,13,XOCHIMILCO,4262,3,MIXTO(A)
9,21,13,XOCHIMILCO,4263,3,MIXTO(A)
9,21,13,XOCHIMILCO,4264,3,MIXTO(A)
9,21,13,XOCHIMILCO,4265,3,MIXTO(A)
9,21,13,XOCHIMILCO,4266,3,MIXTO(A)
9,5,13,XOCHIMILCO,4267,2,URBANO(A)
9,5,13,XOCHIMILCO,4268,2,URBANO(A)
9,15,14,BENITO JUAREZ,4269,2,URBANO(A)
9,15,14,BENITO JUAREZ,4270,2,URBANO(A)
9,15,14,BENITO JUAREZ,4271,2,URBANO(A)
9,15,14,BENITO JUAREZ,4272,2,URBANO(A)
9,15,14,BENITO JUAREZ,4273,2,URBANO(A)
9,15,14,BENITO JUAREZ,4274,2,URBANO(A)
9,15,14,BENITO JUAREZ,4275,2,URBANO(A)
9,15,14,BENITO JUAREZ,4276,2,URBANO(A)
9,15,14,BENITO JUAREZ,4277,2,URBANO(A)
9,15,14,BENITO JUAREZ,4278,2,URBANO(A)
9,15,14,BENITO JUAREZ,4279,2,URBANO(A)
9,15,14,BENITO JUAREZ,4280,2,URBANO(A)
9,15,14,BENITO JUAREZ,4281,2,URBANO(A)
9,15,14,BENITO JUAREZ,4282,2,URBANO(A)
9,15,14,BENITO JUAREZ,4283,2,URBANO(A)
9,15,14,BENITO JUAREZ,4284,2,URBANO(A)
9,15,14,BENITO JUAREZ,4285,2,URBANO(A)
9,15,14,BENITO JUAREZ,4286,2,URBANO(A)
9,15,14,BENITO JUAREZ,4287,2,URBANO(A)
9,15,14,BENITO JUAREZ,4288,2,URBANO(A)
9,15,14,BENITO JUAREZ,4289,2,URBANO(A)
9,15,14,BENITO JUAREZ,4290,2,URBANO(A)
9,15,14,BENITO JUAREZ,4291,2,URBANO(A)
9,15,14,BENITO JUAREZ,4292,2,URBANO(A)
9,15,14,BENITO JUAREZ,4293,2,URBANO(A)
9,15,14,BENITO JUAREZ,4294,2,URBANO(A)
9,15,14,BENITO JUAREZ,4295,2,URBANO(A)
9,15,14,BENITO JUAREZ,4296,2,URBANO(A)
9,15,14,BENITO JUAREZ,4297,2,URBANO(A)
9,15,14,BENITO JUAREZ,4298,2,URBANO(A)
9,15,14,BENITO JUAREZ,4299,2,URBANO(A)
9,15,14,BENITO JUAREZ,4300,2,URBANO(A)
9,15,14,BENITO JUAREZ,4301,2,URBANO(A)
9,15,14,BENITO JUAREZ,4302,2,URBANO(A)
9,15,14,BENITO JUAREZ,4303,2,URBANO(A)
9,15,14,BENITO JUAREZ,4304,2,URBANO(A)
9,15,14,BENITO JUAREZ,4305,2,URBANO(A)
9,15,14,BENITO JUAREZ,4306,2,URBANO(A)
9,15,14,BENITO JUAREZ,4307,2,URBANO(A)
9,15,14,BENITO JUAREZ,4308,2,URBANO(A)
9,15,14,BENITO JUAREZ,4309,2,URBANO(A)
9,15,14,BENITO JUAREZ,4310,2,URBANO(A)
9,15,14,BENITO JUAREZ,4311,2,URBANO(A)
9,15,14,BENITO JUAREZ,4312,2,URBANO(A)
9,15,14,BENITO JUAREZ,4313,2,URBANO(A)
9,15,14,BENITO JUAREZ,4314,2,URBANO(A)
9,15,14,BENITO JUAREZ,4315,2,URBANO(A)
9,15,14,BENITO JUAREZ,4316,2,URBANO(A)
9,15,14,BENITO JUAREZ,4317,2,URBANO(A)
9,15,14,BENITO JUAREZ,4318,2,URBANO(A)
9,15,14,BENITO JUAREZ,4319,2,URBANO(A)
9,15,14,BENITO JUAREZ,4320,2,URBANO(A)
9,15,14,BENITO JUAREZ,4321,2,URBANO(A)
9,15,14,BENITO JUAREZ,4322,2,URBANO(A)
9,15,14,BENITO JUAREZ,4323,2,URBANO(A)
9,15,14,BENITO JUAREZ,4324,2,URBANO(A)
9,15,14,BENITO JUAREZ,4325,2,URBANO(A)
9,15,14,BENITO JUAREZ,4326,2,URBANO(A)
9,15,14,BENITO JUAREZ,4327,2,URBANO(A)
9,15,14,BENITO JUAREZ,4328,2,URBANO(A)
9,15,14,BENITO JUAREZ,4329,2,URBANO(A)
9,15,14,BENITO JUAREZ,4330,2,URBANO(A)
9,15,14,BENITO JUAREZ,4331,2,URBANO(A)
9,15,14,BENITO JUAREZ,4332,2,URBANO(A)
9,15,14,BENITO JUAREZ,4333,2,URBANO(A)
9,15,14,BENITO JUAREZ,4334,2,URBANO(A)
9,15,14,BENITO JUAREZ,4335,2,URBANO(A)
9,15,14,BENITO JUAREZ,4336,2,URBANO(A)
9,15,14,BENITO JUAREZ,4337,2,URBANO(A)
9,15,14,BENITO JUAREZ,4338,2,URBANO(A)
9,15,14,BENITO JUAREZ,4339,2,URBANO(A)
9,15,14,BENITO JUAREZ,4340,2,URBANO(A)
9,15,14,BENITO JUAREZ,4341,2,URBANO(A)
9,15,14,BENITO JUAREZ,4342,2,URBANO(A)
9,15,14,BENITO JUAREZ,4343,2,URBANO(A)
9,15,14,BENITO JUAREZ,4344,2,URBANO(A)
9,15,14,BENITO JUAREZ,4345,2,URBANO(A)
9,15,14,BENITO JUAREZ,4346,2,URBANO(A)
9,15,14,BENITO JUAREZ,4347,2,URBANO(A)
9,15,14,BENITO JUAREZ,4348,2,URBANO(A)
9,15,14,BENITO JUAREZ,4349,2,URBANO(A)
9,15,14,BENITO JUAREZ,4350,2,URBANO(A)
9,15,14,BENITO JUAREZ,4351,2,URBANO(A)
9,15,14,BENITO JUAREZ,4352,2,URBANO(A)
9,15,14,BENITO JUAREZ,4353,2,URBANO(A)
9,15,14,BENITO JUAREZ,4354,2,URBANO(A)
9,15,14,BENITO JUAREZ,4355,2,URBANO(A)
9,15,14,BENITO JUAREZ,4356,2,URBANO(A)
9,15,14,BENITO JUAREZ,4357,2,URBANO(A)
9,15,14,BENITO JUAREZ,4358,2,URBANO(A)
9,15,14,BENITO JUAREZ,4359,2,URBANO(A)
9,15,14,BENITO JUAREZ,4360,2,URBANO(A)
9,15,14,BENITO JUAREZ,4361,2,URBANO(A)
9,15,14,BENITO JUAREZ,4362,2,URBANO(A)
9,15,14,BENITO JUAREZ,4363,2,URBANO(A)
9,15,14,BENITO JUAREZ,4364,2,URBANO(A)
9,15,14,BENITO JUAREZ,4365,2,URBANO(A)
9,15,14,BENITO JUAREZ,4366,2,URBANO(A)
9,15,14,BENITO JUAREZ,4367,2,URBANO(A)
9,15,14,BENITO JUAREZ,4368,2,URBANO(A)
9,15,14,BENITO JUAREZ,4369,2,URBANO(A)
9,15,14,BENITO JUAREZ,4370,2,URBANO(A)
9,15,14,BENITO JUAREZ,4371,2,URBANO(A)
9,15,14,BENITO JUAREZ,4372,2,URBANO(A)
9,15,14,BENITO JUAREZ,4373,2,URBANO(A)
9,15,14,BENITO JUAREZ,4374,2,URBANO(A)
9,15,14,BENITO JUAREZ,4375,2,URBANO(A)
9,15,14,BENITO JUAREZ,4376,2,URBANO(A)
9,15,14,BENITO JUAREZ,4377,2,URBANO(A)
9,15,14,BENITO JUAREZ,4378,2,URBANO(A)
9,15,14,BENITO JUAREZ,4379,2,URBANO(A)
9,15,14,BENITO JUAREZ,4380,2,URBANO(A)
9,15,14,BENITO JUAREZ,4381,2,URBANO(A)
9,15,14,BENITO JUAREZ,4382,2,URBANO(A)
9,15,14,BENITO JUAREZ,4383,2,URBANO(A)
9,15,14,BENITO JUAREZ,4384,2,URBANO(A)
9,15,14,BENITO JUAREZ,4385,2,URBANO(A)
9,15,14,BENITO JUAREZ,4386,2,URBANO(A)
9,15,14,BENITO JUAREZ,4387,2,URBANO(A)
9,15,14,BENITO JUAREZ,4388,2,URBANO(A)
9,15,14,BENITO JUAREZ,4389,2,URBANO(A)
9,15,14,BENITO JUAREZ,4390,2,URBANO(A)
9,15,14,BENITO JUAREZ,4391,2,URBANO(A)
9,15,14,BENITO JUAREZ,4392,2,URBANO(A)
9,15,14,BENITO JUAREZ,4393,2,URBANO(A)
9,15,14,BENITO JUAREZ,4394,2,URBANO(A)
9,15,14,BENITO JUAREZ,4395,2,URBANO(A)
9,15,14,BENITO JUAREZ,4396,2,URBANO(A)
9,15,14,BENITO JUAREZ,4397,2,URBANO(A)
9,15,14,BENITO JUAREZ,4398,2,URBANO(A)
9,15,14,BENITO JUAREZ,4399,2,URBANO(A)
9,15,14,BENITO JUAREZ,4400,2,URBANO(A)
9,15,14,BENITO JUAREZ,4401,2,URBANO(A)
9,15,14,BENITO JUAREZ,4402,2,URBANO(A)
9,15,14,BENITO JUAREZ,4403,2,URBANO(A)
9,15,14,BENITO JUAREZ,4404,2,URBANO(A)
9,15,14,BENITO JUAREZ,4405,2,URBANO(A)
9,15,14,BENITO JUAREZ,4406,2,URBANO(A)
9,15,14,BENITO JUAREZ,4407,2,URBANO(A)
9,15,14,BENITO JUAREZ,4408,2,URBANO(A)
9,15,14,BENITO JUAREZ,4409,2,URBANO(A)
9,15,14,BENITO JUAREZ,4410,2,URBANO(A)
9,15,14,BENITO JUAREZ,4411,2,URBANO(A)
9,15,14,BENITO JUAREZ,4412,2,URBANO(A)
9,15,14,BENITO JUAREZ,4413,2,URBANO(A)
9,15,14,BENITO JUAREZ,4414,2,URBANO(A)
9,15,14,BENITO JUAREZ,4415,2,URBANO(A)
9,15,14,BENITO JUAREZ,4416,2,URBANO(A)
9,15,14,BENITO JUAREZ,4417,2,URBANO(A)
9,15,14,BENITO JUAREZ,4418,2,URBANO(A)
9,15,14,BENITO JUAREZ,4419,2,URBANO(A)
9,15,14,BENITO JUAREZ,4420,2,URBANO(A)
9,15,14,BENITO JUAREZ,4421,2,URBANO(A)
9,15,14,BENITO JUAREZ,4422,2,URBANO(A)
9,15,14,BENITO JUAREZ,4423,2,URBANO(A)
9,15,14,BENITO JUAREZ,4424,2,URBANO(A)
9,15,14,BENITO JUAREZ,4425,2,URBANO(A)
9,15,14,BENITO JUAREZ,4426,2,URBANO(A)
9,15,14,BENITO JUAREZ,4427,2,URBANO(A)
9,15,14,BENITO JUAREZ,4428,2,URBANO(A)
9,15,14,BENITO JUAREZ,4429,2,URBANO(A)
9,15,14,BENITO JUAREZ,4430,2,URBANO(A)
9,15,14,BENITO JUAREZ,4431,2,URBANO(A)
9,15,14,BENITO JUAREZ,4432,2,URBANO(A)
9,15,14,BENITO JUAREZ,4433,2,URBANO(A)
9,15,14,BENITO JUAREZ,4434,2,URBANO(A)
9,15,14,BENITO JUAREZ,4435,2,URBANO(A)
9,15,14,BENITO JUAREZ,4436,2,URBANO(A)
9,15,14,BENITO JUAREZ,4437,2,URBANO(A)
9,15,14,BENITO JUAREZ,4438,2,URBANO(A)
9,15,14,BENITO JUAREZ,4439,2,URBANO(A)
9,15,14,BENITO JUAREZ,4440,2,URBANO(A)
9,15,14,BENITO JUAREZ,4441,2,URBANO(A)
9,15,14,BENITO JUAREZ,4442,2,URBANO(A)
9,15,14,BENITO JUAREZ,4443,2,URBANO(A)
9,15,14,BENITO JUAREZ,4444,2,URBANO(A)
9,15,14,BENITO JUAREZ,4445,2,URBANO(A)
9,15,14,BENITO JUAREZ,4446,2,URBANO(A)
9,15,14,BENITO JUAREZ,4447,2,URBANO(A)
9,15,14,BENITO JUAREZ,4448,2,URBANO(A)
9,15,14,BENITO JUAREZ,4449,2,URBANO(A)
9,15,14,BENITO JUAREZ,4450,2,URBANO(A)
9,15,14,BENITO JUAREZ,4451,2,URBANO(A)
9,15,14,BENITO JUAREZ,4452,2,URBANO(A)
9,15,14,BENITO JUAREZ,4453,2,URBANO(A)
9,15,14,BENITO JUAREZ,4454,2,URBANO(A)
9,15,14,BENITO JUAREZ,4455,2,URBANO(A)
9,15,14,BENITO JUAREZ,4456,2,URBANO(A)
9,15,14,BENITO JUAREZ,4457,2,URBANO(A)
9,15,14,BENITO JUAREZ,4458,2,URBANO(A)
9,15,14,BENITO JUAREZ,4459,2,URBANO(A)
9,15,14,BENITO JUAREZ,4460,2,URBANO(A)
9,15,14,BENITO JUAREZ,4461,2,URBANO(A)
9,15,14,BENITO JUAREZ,4462,2,URBANO(A)
9,15,14,BENITO JUAREZ,4463,2,URBANO(A)
9,15,14,BENITO JUAREZ,4464,2,URBANO(A)
9,15,14,BENITO JUAREZ,4465,2,URBANO(A)
9,15,14,BENITO JUAREZ,4466,2,URBANO(A)
9,15,14,BENITO JUAREZ,4467,2,URBANO(A)
9,15,14,BENITO JUAREZ,4468,2,URBANO(A)
9,15,14,BENITO JUAREZ,4469,2,URBANO(A)
9,15,14,BENITO JUAREZ,4470,2,URBANO(A)
9,15,14,BENITO JUAREZ,4471,2,URBANO(A)
9,15,14,BENITO JUAREZ,4472,2,URBANO(A)
9,15,14,BENITO JUAREZ,4473,2,URBANO(A)
9,15,14,BENITO JUAREZ,4474,2,URBANO(A)
9,15,14,BENITO JUAREZ,4475,2,URBANO(A)
9,15,14,BENITO JUAREZ,4476,2,URBANO(A)
9,15,14,BENITO JUAREZ,4477,2,URBANO(A)
9,15,14,BENITO JUAREZ,4478,2,URBANO(A)
9,15,14,BENITO JUAREZ,4479,2,URBANO(A)
9,15,14,BENITO JUAREZ,4480,2,URBANO(A)
9,15,14,BENITO JUAREZ,4481,2,URBANO(A)
9,15,14,BENITO JUAREZ,4482,2,URBANO(A)
9,15,14,BENITO JUAREZ,4483,2,URBANO(A)
9,15,14,BENITO JUAREZ,4484,2,URBANO(A)
9,15,14,BENITO JUAREZ,4485,2,URBANO(A)
9,15,14,BENITO JUAREZ,4486,2,URBANO(A)
9,15,14,BENITO JUAREZ,4487,2,URBANO(A)
9,15,14,BENITO JUAREZ,4488,2,URBANO(A)
9,15,14,BENITO JUAREZ,4489,2,URBANO(A)
9,15,14,BENITO JUAREZ,4490,2,URBANO(A)
9,15,14,BENITO JUAREZ,4491,2,URBANO(A)
9,15,14,BENITO JUAREZ,4492,2,URBANO(A)
9,15,14,BENITO JUAREZ,4493,2,URBANO(A)
9,15,14,BENITO JUAREZ,4494,2,URBANO(A)
9,15,14,BENITO JUAREZ,4495,2,URBANO(A)
9,15,14,BENITO JUAREZ,4496,2,URBANO(A)
9,15,14,BENITO JUAREZ,4497,2,URBANO(A)
9,15,14,BENITO JUAREZ,4498,2,URBANO(A)
9,15,14,BENITO JUAREZ,4499,2,URBANO(A)
9,15,14,BENITO JUAREZ,4500,2,URBANO(A)
9,15,14,BENITO JUAREZ,4501,2,URBANO(A)
9,15,14,BENITO JUAREZ,4502,2,URBANO(A)
9,15,14,BENITO JUAREZ,4503,2,URBANO(A)
9,15,14,BENITO JUAREZ,4504,2,URBANO(A)
9,15,14,BENITO JUAREZ,4505,2,URBANO(A)
9,15,14,BENITO JUAREZ,4506,2,URBANO(A)
9,15,14,BENITO JUAREZ,4507,2,URBANO(A)
9,15,14,BENITO JUAREZ,4508,2,URBANO(A)
9,15,14,BENITO JUAREZ,4509,2,URBANO(A)
9,15,14,BENITO JUAREZ,4510,2,URBANO(A)
9,15,14,BENITO JUAREZ,4511,2,URBANO(A)
9,15,14,BENITO JUAREZ,4512,2,URBANO(A)
9,15,14,BENITO JUAREZ,4513,2,URBANO(A)
9,15,14,BENITO JUAREZ,4514,2,URBANO(A)
9,15,14,BENITO JUAREZ,4515,2,URBANO(A)
9,15,14,BENITO JUAREZ,4516,2,URBANO(A)
9,15,14,BENITO JUAREZ,4517,2,URBANO(A)
9,15,14,BENITO JUAREZ,4518,2,URBANO(A)
9,15,14,BENITO JUAREZ,4519,2,URBANO(A)
9,15,14,BENITO JUAREZ,4520,2,URBANO(A)
9,15,14,BENITO JUAREZ,4521,2,URBANO(A)
9,15,14,BENITO JUAREZ,4522,2,URBANO(A)
9,12,15,CUAUHTEMOC,4523,2,URBANO(A)
9,12,15,CUAUHTEMOC,4524,2,URBANO(A)
9,12,15,CUAUHTEMOC,4525,2,URBANO(A)
9,12,15,CUAUHTEMOC,4526,2,URBANO(A)
9,12,15,CUAUHTEMOC,4527,2,URBANO(A)
9,12,15,CUAUHTEMOC,4528,2,URBANO(A)
9,12,15,CUAUHTEMOC,4529,2,URBANO(A)
9,12,15,CUAUHTEMOC,4530,2,URBANO(A)
9,12,15,CUAUHTEMOC,4531,2,URBANO(A)
9,12,15,CUAUHTEMOC,4532,2,URBANO(A)
9,12,15,CUAUHTEMOC,4533,2,URBANO(A)
9,12,15,CUAUHTEMOC,4534,2,URBANO(A)
9,12,15,CUAUHTEMOC,4535,2,URBANO(A)
9,12,15,CUAUHTEMOC,4536,2,URBANO(A)
9,12,15,CUAUHTEMOC,4537,2,URBANO(A)
9,12,15,CUAUHTEMOC,4538,2,URBANO(A)
9,12,15,CUAUHTEMOC,4539,2,URBANO(A)
9,12,15,CUAUHTEMOC,4540,2,URBANO(A)
9,12,15,CUAUHTEMOC,4541,2,URBANO(A)
9,12,15,CUAUHTEMOC,4542,2,URBANO(A)
9,12,15,CUAUHTEMOC,4543,2,URBANO(A)
9,12,15,CUAUHTEMOC,4544,2,URBANO(A)
9,12,15,CUAUHTEMOC,4545,2,URBANO(A)
9,12,15,CUAUHTEMOC,4546,2,URBANO(A)
9,12,15,CUAUHTEMOC,4547,2,URBANO(A)
9,12,15,CUAUHTEMOC,4548,2,URBANO(A)
9,12,15,CUAUHTEMOC,4549,2,URBANO(A)
9,12,15,CUAUHTEMOC,4550,2,URBANO(A)
9,12,15,CUAUHTEMOC,4551,2,URBANO(A)
9,12,15,CUAUHTEMOC,4552,2,URBANO(A)
9,12,15,CUAUHTEMOC,4553,2,URBANO(A)
9,12,15,CUAUHTEMOC,4554,2,URBANO(A)
9,12,15,CUAUHTEMOC,4555,2,URBANO(A)
9,12,15,CUAUHTEMOC,4556,2,URBANO(A)
9,12,15,CUAUHTEMOC,4557,2,URBANO(A)
9,12,15,CUAUHTEMOC,4558,2,URBANO(A)
9,12,15,CUAUHTEMOC,4559,2,URBANO(A)
9,12,15,CUAUHTEMOC,4560,2,URBANO(A)
9,12,15,CUAUHTEMOC,4561,2,URBANO(A)
9,12,15,CUAUHTEMOC,4562,2,URBANO(A)
9,12,15,CUAUHTEMOC,4563,2,URBANO(A)
9,12,15,CUAUHTEMOC,4564,2,URBANO(A)
9,12,15,CUAUHTEMOC,4565,2,URBANO(A)
9,12,15,CUAUHTEMOC,4566,2,URBANO(A)
9,12,15,CUAUHTEMOC,4567,2,URBANO(A)
9,12,15,CUAUHTEMOC,4568,2,URBANO(A)
9,12,15,CUAUHTEMOC,4569,2,URBANO(A)
9,12,15,CUAUHTEMOC,4570,2,URBANO(A)
9,12,15,CUAUHTEMOC,4571,2,URBANO(A)
9,12,15,CUAUHTEMOC,4572,2,URBANO(A)
9,12,15,CUAUHTEMOC,4573,2,URBANO(A)
9,12,15,CUAUHTEMOC,4574,2,URBANO(A)
9,12,15,CUAUHTEMOC,4575,2,URBANO(A)
9,12,15,CUAUHTEMOC,4576,2,URBANO(A)
9,12,15,CUAUHTEMOC,4577,2,URBANO(A)
9,12,15,CUAUHTEMOC,4578,2,URBANO(A)
9,12,15,CUAUHTEMOC,4579,2,URBANO(A)
9,12,15,CUAUHTEMOC,4580,2,URBANO(A)
9,12,15,CUAUHTEMOC,4581,2,URBANO(A)
9,12,15,CUAUHTEMOC,4582,2,URBANO(A)
9,12,15,CUAUHTEMOC,4583,2,URBANO(A)
9,12,15,CUAUHTEMOC,4584,2,URBANO(A)
9,12,15,CUAUHTEMOC,4585,2,URBANO(A)
9,2,15,CUAUHTEMOC,4586,2,URBANO(A)
9,2,15,CUAUHTEMOC,4587,2,URBANO(A)
9,2,15,CUAUHTEMOC,4588,2,URBANO(A)
9,2,15,CUAUHTEMOC,4589,2,URBANO(A)
9,2,15,CUAUHTEMOC,4590,2,URBANO(A)
9,2,15,CUAUHTEMOC,4591,2,URBANO(A)
9,2,15,CUAUHTEMOC,4592,2,URBANO(A)
9,2,15,CUAUHTEMOC,4593,2,URBANO(A)
9,2,15,CUAUHTEMOC,4594,2,URBANO(A)
9,2,15,CUAUHTEMOC,4595,2,URBANO(A)
9,2,15,CUAUHTEMOC,4596,2,URBANO(A)
9,2,15,CUAUHTEMOC,4597,2,URBANO(A)
9,2,15,CUAUHTEMOC,4598,2,URBANO(A)
9,2,15,CUAUHTEMOC,4599,2,URBANO(A)
9,2,15,CUAUHTEMOC,4600,2,URBANO(A)
9,2,15,CUAUHTEMOC,4601,2,URBANO(A)
9,2,15,CUAUHTEMOC,4602,2,URBANO(A)
9,2,15,CUAUHTEMOC,4603,2,URBANO(A)
9,2,15,CUAUHTEMOC,4604,2,URBANO(A)
9,2,15,CUAUHTEMOC,4605,2,URBANO(A)
9,2,15,CUAUHTEMOC,4606,2,URBANO(A)
9,12,15,CUAUHTEMOC,4607,2,URBANO(A)
9,12,15,CUAUHTEMOC,4608,2,URBANO(A)
9,12,15,CUAUHTEMOC,4609,2,URBANO(A)
9,12,15,CUAUHTEMOC,4610,2,URBANO(A)
9,12,15,CUAUHTEMOC,4611,2,URBANO(A)
9,12,15,CUAUHTEMOC,4612,2,URBANO(A)
9,12,15,CUAUHTEMOC,4613,2,URBANO(A)
9,12,15,CUAUHTEMOC,4614,2,URBANO(A)
9,12,15,CUAUHTEMOC,4615,2,URBANO(A)
9,12,15,CUAUHTEMOC,4616,2,URBANO(A)
9,12,15,CUAUHTEMOC,4617,2,URBANO(A)
9,12,15,CUAUHTEMOC,4618,2,URBANO(A)
9,12,15,CUAUHTEMOC,4619,2,URBANO(A)
9,12,15,CUAUHTEMOC,4620,2,URBANO(A)
9,12,15,CUAUHTEMOC,4621,2,URBANO(A)
9,12,15,CUAUHTEMOC,4622,2,URBANO(A)
9,12,15,CUAUHTEMOC,4623,2,URBANO(A)
9,12,15,CUAUHTEMOC,4624,2,URBANO(A)
9,12,15,CUAUHTEMOC,4625,2,URBANO(A)
9,12,15,CUAUHTEMOC,4626,2,URBANO(A)
9,12,15,CUAUHTEMOC,4627,2,URBANO(A)
9,12,15,CUAUHTEMOC,4628,2,URBANO(A)
9,12,15,CUAUHTEMOC,4629,2,URBANO(A)
9,12,15,CUAUHTEMOC,4630,2,URBANO(A)
9,12,15,CUAUHTEMOC,4631,2,URBANO(A)
9,12,15,CUAUHTEMOC,4632,2,URBANO(A)
9,12,15,CUAUHTEMOC,4633,2,URBANO(A)
9,12,15,CUAUHTEMOC,4634,2,URBANO(A)
9,12,15,CUAUHTEMOC,4635,2,URBANO(A)
9,12,15,CUAUHTEMOC,4636,2,URBANO(A)
9,12,15,CUAUHTEMOC,4637,2,URBANO(A)
9,12,15,CUAUHTEMOC,4638,2,URBANO(A)
9,12,15,CUAUHTEMOC,4639,2,URBANO(A)
9,12,15,CUAUHTEMOC,4640,2,URBANO(A)
9,12,15,CUAUHTEMOC,4641,2,URBANO(A)
9,12,15,CUAUHTEMOC,4642,2,URBANO(A)
9,12,15,CUAUHTEMOC,4643,2,URBANO(A)
9,12,15,CUAUHTEMOC,4644,2,URBANO(A)
9,12,15,CUAUHTEMOC,4645,2,URBANO(A)
9,2,15,CUAUHTEMOC,4646,2,URBANO(A)
9,2,15,CUAUHTEMOC,4647,2,URBANO(A)
9,12,15,CUAUHTEMOC,4648,2,URBANO(A)
9,2,15,CUAUHTEMOC,4649,2,URBANO(A)
9,2,15,CUAUHTEMOC,4650,2,URBANO(A)
9,2,15,CUAUHTEMOC,4651,2,URBANO(A)
9,12,15,CUAUHTEMOC,4652,2,URBANO(A)
9,12,15,CUAUHTEMOC,4653,2,URBANO(A)
9,2,15,CUAUHTEMOC,4654,2,URBANO(A)
9,2,15,CUAUHTEMOC,4655,2,URBANO(A)
9,2,15,CUAUHTEMOC,4656,2,URBANO(A)
9,2,15,CUAUHTEMOC,4657,2,URBANO(A)
9,2,15,CUAUHTEMOC,4658,2,URBANO(A)
9,2,15,CUAUHTEMOC,4659,2,URBANO(A)
9,2,15,CUAUHTEMOC,4660,2,URBANO(A)
9,2,15,CUAUHTEMOC,4661,2,URBANO(A)
9,2,15,CUAUHTEMOC,4662,2,URBANO(A)
9,2,15,CUAUHTEMOC,4663,2,URBANO(A)
9,2,15,CUAUHTEMOC,4664,2,URBANO(A)
9,2,15,CUAUHTEMOC,4665,2,URBANO(A)
9,2,15,CUAUHTEMOC,4666,2,URBANO(A)
9,2,15,CUAUHTEMOC,4667,2,URBANO(A)
9,2,15,CUAUHTEMOC,4668,2,URBANO(A)
9,2,15,CUAUHTEMOC,4669,2,URBANO(A)
9,2,15,CUAUHTEMOC,4670,2,URBANO(A)
9,2,15,CUAUHTEMOC,4671,2,URBANO(A)
9,2,15,CUAUHTEMOC,4672,2,URBANO(A)
9,2,15,CUAUHTEMOC,4673,2,URBANO(A)
9,2,15,CUAUHTEMOC,4674,2,URBANO(A)
9,2,15,CUAUHTEMOC,4675,2,URBANO(A)
9,2,15,CUAUHTEMOC,4676,2,URBANO(A)
9,2,15,CUAUHTEMOC,4677,2,URBANO(A)
9,2,15,CUAUHTEMOC,4678,2,URBANO(A)
9,2,15,CUAUHTEMOC,4679,2,URBANO(A)
9,2,15,CUAUHTEMOC,4680,2,URBANO(A)
9,2,15,CUAUHTEMOC,4681,2,URBANO(A)
9,2,15,CUAUHTEMOC,4682,2,URBANO(A)
9,2,15,CUAUHTEMOC,4683,2,URBANO(A)
9,12,15,CUAUHTEMOC,4684,2,URBANO(A)
9,12,15,CUAUHTEMOC,4685,2,URBANO(A)
9,12,15,CUAUHTEMOC,4686,2,URBANO(A)
9,12,15,CUAUHTEMOC,4687,2,URBANO(A)
9,12,15,CUAUHTEMOC,4688,2,URBANO(A)
9,12,15,CUAUHTEMOC,4689,2,URBANO(A)
9,2,15,CUAUHTEMOC,4690,2,URBANO(A)
9,2,15,CUAUHTEMOC,4691,2,URBANO(A)
9,2,15,CUAUHTEMOC,4692,2,URBANO(A)
9,2,15,CUAUHTEMOC,4693,2,URBANO(A)
9,2,15,CUAUHTEMOC,4694,2,URBANO(A)
9,2,15,CUAUHTEMOC,4695,2,URBANO(A)
9,12,15,CUAUHTEMOC,4696,2,URBANO(A)
9,12,15,CUAUHTEMOC,4697,2,URBANO(A)
9,12,15,CUAUHTEMOC,4698,2,URBANO(A)
9,12,15,CUAUHTEMOC,4699,2,URBANO(A)
9,12,15,CUAUHTEMOC,4700,2,URBANO(A)
9,12,15,CUAUHTEMOC,4701,2,URBANO(A)
9,12,15,CUAUHTEMOC,4702,2,URBANO(A)
9,12,15,CUAUHTEMOC,4703,2,URBANO(A)
9,12,15,CUAUHTEMOC,4704,2,URBANO(A)
9,12,15,CUAUHTEMOC,4705,2,URBANO(A)
9,2,15,CUAUHTEMOC,4706,2,URBANO(A)
9,12,15,CUAUHTEMOC,4707,2,URBANO(A)
9,12,15,CUAUHTEMOC,4708,2,URBANO(A)
9,12,15,CUAUHTEMOC,4709,2,URBANO(A)
9,12,15,CUAUHTEMOC,4710,2,URBANO(A)
9,12,15,CUAUHTEMOC,4711,2,URBANO(A)
9,2,15,CUAUHTEMOC,4712,2,URBANO(A)
9,12,15,CUAUHTEMOC,4713,2,URBANO(A)
9,12,15,CUAUHTEMOC,4714,2,URBANO(A)
9,12,15,CUAUHTEMOC,4715,2,URBANO(A)
9,2,15,CUAUHTEMOC,4716,2,URBANO(A)
9,12,15,CUAUHTEMOC,4717,2,URBANO(A)
9,2,15,CUAUHTEMOC,4718,2,URBANO(A)
9,2,15,CUAUHTEMOC,4719,2,URBANO(A)
9,12,15,CUAUHTEMOC,4720,2,URBANO(A)
9,2,15,CUAUHTEMOC,4721,2,URBANO(A)
9,12,15,CUAUHTEMOC,4722,2,URBANO(A)
9,12,15,CUAUHTEMOC,4723,2,URBANO(A)
9,2,15,CUAUHTEMOC,4724,2,URBANO(A)
9,2,15,CUAUHTEMOC,4725,2,URBANO(A)
9,2,15,CUAUHTEMOC,4726,2,URBANO(A)
9,2,15,CUAUHTEMOC,4727,2,URBANO(A)
9,2,15,CUAUHTEMOC,4728,2,URBANO(A)
9,2,15,CUAUHTEMOC,4729,2,URBANO(A)
9,2,15,CUAUHTEMOC,4730,2,URBANO(A)
9,2,15,CUAUHTEMOC,4731,2,URBANO(A)
9,12,15,CUAUHTEMOC,4732,2,URBANO(A)
9,2,15,CUAUHTEMOC,4733,2,URBANO(A)
9,2,15,CUAUHTEMOC,4734,2,URBANO(A)
9,12,15,CUAUHTEMOC,4735,2,URBANO(A)
9,12,15,CUAUHTEMOC,4736,2,URBANO(A)
9,12,15,CUAUHTEMOC,4737,2,URBANO(A)
9,12,15,CUAUHTEMOC,4738,2,URBANO(A)
9,12,15,CUAUHTEMOC,4739,2,URBANO(A)
9,12,15,CUAUHTEMOC,4740,2,URBANO(A)
9,12,15,CUAUHTEMOC,4741,2,URBANO(A)
9,12,15,CUAUHTEMOC,4742,2,URBANO(A)
9,12,15,CUAUHTEMOC,4743,2,URBANO(A)
9,12,15,CUAUHTEMOC,4744,2,URBANO(A)
9,12,15,CUAUHTEMOC,4745,2,URBANO(A)
9,12,15,CUAUHTEMOC,4746,2,URBANO(A)
9,12,15,CUAUHTEMOC,4747,2,URBANO(A)
9,12,15,CUAUHTEMOC,4748,2,URBANO(A)
9,12,15,CUAUHTEMOC,4749,2,URBANO(A)
9,12,15,CUAUHTEMOC,4750,2,URBANO(A)
9,12,15,CUAUHTEMOC,4751,2,URBANO(A)
9,12,15,CUAUHTEMOC,4752,2,URBANO(A)
9,12,15,CUAUHTEMOC,4753,2,URBANO(A)
9,12,15,CUAUHTEMOC,4754,2,URBANO(A)
9,12,15,CUAUHTEMOC,4755,2,URBANO(A)
9,12,15,CUAUHTEMOC,4756,2,URBANO(A)
9,12,15,CUAUHTEMOC,4757,2,URBANO(A)
9,12,15,CUAUHTEMOC,4758,2,URBANO(A)
9,2,15,CUAUHTEMOC,4759,2,URBANO(A)
9,12,15,CUAUHTEMOC,4760,2,URBANO(A)
9,12,15,CUAUHTEMOC,4761,2,URBANO(A)
9,12,15,CUAUHTEMOC,4762,2,URBANO(A)
9,12,15,CUAUHTEMOC,4763,2,URBANO(A)
9,12,15,CUAUHTEMOC,4764,2,URBANO(A)
9,12,15,CUAUHTEMOC,4765,2,URBANO(A)
9,12,15,CUAUHTEMOC,4766,2,URBANO(A)
9,12,15,CUAUHTEMOC,4767,2,URBANO(A)
9,12,15,CUAUHTEMOC,4768,2,URBANO(A)
9,12,15,CUAUHTEMOC,4769,2,URBANO(A)
9,12,15,CUAUHTEMOC,4770,2,URBANO(A)
9,12,15,CUAUHTEMOC,4771,2,URBANO(A)
9,12,15,CUAUHTEMOC,4772,2,URBANO(A)
9,12,15,CUAUHTEMOC,4773,2,URBANO(A)
9,12,15,CUAUHTEMOC,4774,2,URBANO(A)
9,12,15,CUAUHTEMOC,4775,2,URBANO(A)
9,12,15,CUAUHTEMOC,4776,2,URBANO(A)
9,12,15,CUAUHTEMOC,4777,2,URBANO(A)
9,12,15,CUAUHTEMOC,4778,2,URBANO(A)
9,12,15,CUAUHTEMOC,4779,2,URBANO(A)
9,12,15,CUAUHTEMOC,4780,2,URBANO(A)
9,12,15,CUAUHTEMOC,4781,2,URBANO(A)
9,12,15,CUAUHTEMOC,4782,2,URBANO(A)
9,12,15,CUAUHTEMOC,4783,2,URBANO(A)
9,12,15,CUAUHTEMOC,4784,2,URBANO(A)
9,12,15,CUAUHTEMOC,4785,2,URBANO(A)
9,12,15,CUAUHTEMOC,4786,2,URBANO(A)
9,12,15,CUAUHTEMOC,4787,2,URBANO(A)
9,12,15,CUAUHTEMOC,4788,2,URBANO(A)
9,12,15,CUAUHTEMOC,4789,2,URBANO(A)
9,12,15,CUAUHTEMOC,4790,2,URBANO(A)
9,12,15,CUAUHTEMOC,4791,2,URBANO(A)
9,12,15,CUAUHTEMOC,4792,2,URBANO(A)
9,12,15,CUAUHTEMOC,4793,2,URBANO(A)
9,12,15,CUAUHTEMOC,4794,2,URBANO(A)
9,12,15,CUAUHTEMOC,4795,2,URBANO(A)
9,12,15,CUAUHTEMOC,4796,2,URBANO(A)
9,12,15,CUAUHTEMOC,4797,2,URBANO(A)
9,12,15,CUAUHTEMOC,4798,2,URBANO(A)
9,12,15,CUAUHTEMOC,4799,2,URBANO(A)
9,12,15,CUAUHTEMOC,4800,2,URBANO(A)
9,12,15,CUAUHTEMOC,4801,2,URBANO(A)
9,12,15,CUAUHTEMOC,4802,2,URBANO(A)
9,12,15,CUAUHTEMOC,4803,2,URBANO(A)
9,12,15,CUAUHTEMOC,4804,2,URBANO(A)
9,12,15,CUAUHTEMOC,4805,2,URBANO(A)
9,12,15,CUAUHTEMOC,4806,2,URBANO(A)
9,12,15,CUAUHTEMOC,4807,2,URBANO(A)
9,12,15,CUAUHTEMOC,4808,2,URBANO(A)
9,12,15,CUAUHTEMOC,4809,2,URBANO(A)
9,12,15,CUAUHTEMOC,4810,2,URBANO(A)
9,12,15,CUAUHTEMOC,4811,2,URBANO(A)
9,12,15,CUAUHTEMOC,4812,2,URBANO(A)
9,12,15,CUAUHTEMOC,4813,2,URBANO(A)
9,12,15,CUAUHTEMOC,4814,2,URBANO(A)
9,12,15,CUAUHTEMOC,4815,2,URBANO(A)
9,12,15,CUAUHTEMOC,4816,2,URBANO(A)
9,12,15,CUAUHTEMOC,4817,2,URBANO(A)
9,12,15,CUAUHTEMOC,4818,2,URBANO(A)
9,12,15,CUAUHTEMOC,4819,2,URBANO(A)
9,12,15,CUAUHTEMOC,4820,2,URBANO(A)
9,2,15,CUAUHTEMOC,4821,2,URBANO(A)
9,2,15,CUAUHTEMOC,4822,2,URBANO(A)
9,2,15,CUAUHTEMOC,4823,2,URBANO(A)
9,2,15,CUAUHTEMOC,4824,2,URBANO(A)
9,2,15,CUAUHTEMOC,4825,2,URBANO(A)
9,2,15,CUAUHTEMOC,4826,2,URBANO(A)
9,2,15,CUAUHTEMOC,4827,2,URBANO(A)
9,2,15,CUAUHTEMOC,4828,2,URBANO(A)
9,2,15,CUAUHTEMOC,4829,2,URBANO(A)
9,2,15,CUAUHTEMOC,4830,2,URBANO(A)
9,12,15,CUAUHTEMOC,4831,2,URBANO(A)
9,12,15,CUAUHTEMOC,4832,2,URBANO(A)
9,12,15,CUAUHTEMOC,4833,2,URBANO(A)
9,12,15,CUAUHTEMOC,4834,2,URBANO(A)
9,12,15,CUAUHTEMOC,4835,2,URBANO(A)
9,12,15,CUAUHTEMOC,4836,2,URBANO(A)
9,12,15,CUAUHTEMOC,4837,2,URBANO(A)
9,12,15,CUAUHTEMOC,4838,2,URBANO(A)
9,12,15,CUAUHTEMOC,4839,2,URBANO(A)
9,12,15,CUAUHTEMOC,4840,2,URBANO(A)
9,12,15,CUAUHTEMOC,4841,2,URBANO(A)
9,12,15,CUAUHTEMOC,4842,2,URBANO(A)
9,12,15,CUAUHTEMOC,4843,2,URBANO(A)
9,12,15,CUAUHTEMOC,4844,2,URBANO(A)
9,12,15,CUAUHTEMOC,4845,2,URBANO(A)
9,12,15,CUAUHTEMOC,4846,2,URBANO(A)
9,12,15,CUAUHTEMOC,4847,2,URBANO(A)
9,12,15,CUAUHTEMOC,4848,2,URBANO(A)
9,12,15,CUAUHTEMOC,4849,2,URBANO(A)
9,12,15,CUAUHTEMOC,4850,2,URBANO(A)
9,12,15,CUAUHTEMOC,4851,2,URBANO(A)
9,12,15,CUAUHTEMOC,4852,2,URBANO(A)
9,12,15,CUAUHTEMOC,4853,2,URBANO(A)
9,12,15,CUAUHTEMOC,4854,2,URBANO(A)
9,12,15,CUAUHTEMOC,4855,2,URBANO(A)
9,12,15,CUAUHTEMOC,4856,2,URBANO(A)
9,12,15,CUAUHTEMOC,4857,2,URBANO(A)
9,12,15,CUAUHTEMOC,4858,2,URBANO(A)
9,12,15,CUAUHTEMOC,4859,2,URBANO(A)
9,12,15,CUAUHTEMOC,4860,2,URBANO(A)
9,12,15,CUAUHTEMOC,4861,2,URBANO(A)
9,12,15,CUAUHTEMOC,4862,2,URBANO(A)
9,12,15,CUAUHTEMOC,4863,2,URBANO(A)
9,12,15,CUAUHTEMOC,4864,2,URBANO(A)
9,12,15,CUAUHTEMOC,4865,2,URBANO(A)
9,12,15,CUAUHTEMOC,4866,2,URBANO(A)
9,12,15,CUAUHTEMOC,4867,2,URBANO(A)
9,12,15,CUAUHTEMOC,4868,2,URBANO(A)
9,12,15,CUAUHTEMOC,4869,2,URBANO(A)
9,12,15,CUAUHTEMOC,4870,2,URBANO(A)
9,12,15,CUAUHTEMOC,4871,2,URBANO(A)
9,12,15,CUAUHTEMOC,4872,2,URBANO(A)
9,12,15,CUAUHTEMOC,4873,2,URBANO(A)
9,12,15,CUAUHTEMOC,4874,2,URBANO(A)
9,12,15,CUAUHTEMOC,4875,2,URBANO(A)
9,12,15,CUAUHTEMOC,4876,2,URBANO(A)
9,12,15,CUAUHTEMOC,4877,2,URBANO(A)
9,12,15,CUAUHTEMOC,4878,2,URBANO(A)
9,12,15,CUAUHTEMOC,4879,2,URBANO(A)
9,12,15,CUAUHTEMOC,4880,2,URBANO(A)
9,12,15,CUAUHTEMOC,4881,2,URBANO(A)
9,12,15,CUAUHTEMOC,4882,2,URBANO(A)
9,12,15,CUAUHTEMOC,4883,2,URBANO(A)
9,12,15,CUAUHTEMOC,4884,2,URBANO(A)
9,12,15,CUAUHTEMOC,4885,2,URBANO(A)
9,12,15,CUAUHTEMOC,4886,2,URBANO(A)
9,12,15,CUAUHTEMOC,4887,2,URBANO(A)
9,12,15,CUAUHTEMOC,4888,2,URBANO(A)
9,12,15,CUAUHTEMOC,4889,2,URBANO(A)
9,12,15,CUAUHTEMOC,4890,2,URBANO(A)
9,12,15,CUAUHTEMOC,4891,2,URBANO(A)
9,12,15,CUAUHTEMOC,4892,2,URBANO(A)
9,12,15,CUAUHTEMOC,4893,2,URBANO(A)
9,12,15,CUAUHTEMOC,4894,2,URBANO(A)
9,12,15,CUAUHTEMOC,4895,2,URBANO(A)
9,12,15,CUAUHTEMOC,4896,2,URBANO(A)
9,12,15,CUAUHTEMOC,4897,2,URBANO(A)
9,12,15,CUAUHTEMOC,4898,2,URBANO(A)
9,12,15,CUAUHTEMOC,4899,2,URBANO(A)
9,12,15,CUAUHTEMOC,4900,2,URBANO(A)
9,12,15,CUAUHTEMOC,4901,2,URBANO(A)
9,12,15,CUAUHTEMOC,4902,2,URBANO(A)
9,12,15,CUAUHTEMOC,4903,2,URBANO(A)
9,12,15,CUAUHTEMOC,4904,2,URBANO(A)
9,12,15,CUAUHTEMOC,4905,2,URBANO(A)
9,12,15,CUAUHTEMOC,4906,2,URBANO(A)
9,12,15,CUAUHTEMOC,4907,2,URBANO(A)
9,12,15,CUAUHTEMOC,4908,2,URBANO(A)
9,12,15,CUAUHTEMOC,4909,2,URBANO(A)
9,12,15,CUAUHTEMOC,4910,2,URBANO(A)
9,12,15,CUAUHTEMOC,4911,2,URBANO(A)
9,10,16,MIGUEL HIDALGO,4913,2,URBANO(A)
9,10,16,MIGUEL HIDALGO,4914,2,URBANO(A)
9,10,16,MIGUEL HIDALGO,4915,2,URBANO(A)
9,10,16,MIGUEL HIDALGO,4916,2,URBANO(A)
9,10,16,MIGUEL HIDALGO,4917,2,URBANO(A)
9,10,16,MIGUEL HIDALGO,4918,2,URBANO(A)
9,10,16,MIGUEL HIDALGO,4919,2,URBANO(A)
9,10,16,MIGUEL HIDALGO,4920,2,URBANO(A)
9,10,16,MIGUEL HIDALGO,4921,2,URBANO(A)
9,10,16,MIGUEL HIDALGO,4922,2,URBANO(A)
9,10,16,MIGUEL HIDALGO,4923,2,URBANO(A)
9,10,16,MIGUEL HIDALGO,4924,2,URBANO(A)
9,10,16,MIGUEL HIDALGO,4925,2,URBANO(A)
9,10,16,MIGUEL HIDALGO,4926,2,URBANO(A)
9,10,16,MIGUEL HIDALGO,4927,2,URBANO(A)
9,10,16,MIGUEL HIDALGO,4928,2,URBANO(A)
9,10,16,MIGUEL HIDALGO,4929,2,URBANO(A)
9,10,16,MIGUEL HIDALGO,4930,2,URBANO(A)
9,10,16,MIGUEL HIDALGO,4931,2,URBANO(A)
9,10,16,MIGUEL HIDALGO,4932,2,URBANO(A)
9,10,16,MIGUEL HIDALGO,4933,2,URBANO(A)
9,10,16,MIGUEL HIDALGO,4934,2,URBANO(A)
9,10,16,MIGUEL HIDALGO,4935,2,URBANO(A)
9,10,16,MIGUEL HIDALGO,4936,2,URBANO(A)
9,10,16,MIGUEL HIDALGO,4937,2,URBANO(A)
9,10,16,MIGUEL HIDALGO,4938,2,URBANO(A)
9,10,16,MIGUEL HIDALGO,4939,2,URBANO(A)
9,10,16,MIGUEL HIDALGO,4940,2,URBANO(A)
9,10,16,MIGUEL HIDALGO,4941,2,URBANO(A)
9,10,16,MIGUEL HIDALGO,4942,2,URBANO(A)
9,10,16,MIGUEL HIDALGO,4943,2,URBANO(A)
9,10,16,MIGUEL HIDALGO,4944,2,URBANO(A)
9,10,16,MIGUEL HIDALGO,4945,2,URBANO(A)
9,10,16,MIGUEL HIDALGO,4946,2,URBANO(A)
9,10,16,MIGUEL HIDALGO,4947,2,URBANO(A)
9,10,16,MIGUEL HIDALGO,4948,2,URBANO(A)
9,10,16,MIGUEL HIDALGO,4949,2,URBANO(A)
9,10,16,MIGUEL HIDALGO,4950,2,URBANO(A)
9,10,16,MIGUEL HIDALGO,4951,2,URBANO(A)
9,10,16,MIGUEL HIDALGO,4952,2,URBANO(A)
9,10,16,MIGUEL HIDALGO,4953,2,URBANO(A)
9,10,16,MIGUEL HIDALGO,4954,2,URBANO(A)
9,10,16,MIGUEL HIDALGO,4955,2,URBANO(A)
9,10,16,MIGUEL HIDALGO,4956,2,URBANO(A)
9,10,16,MIGUEL HIDALGO,4957,2,URBANO(A)
9,10,16,MIGUEL HIDALGO,4958,2,URBANO(A)
9,10,16,MIGUEL HIDALGO,4959,2,URBANO(A)
9,10,16,MIGUEL HIDALGO,4960,2,URBANO(A)
9,10,16,MIGUEL HIDALGO,4961,2,URBANO(A)
9,10,16,MIGUEL HIDALGO,4962,2,URBANO(A)
9,10,16,MIGUEL HIDALGO,4963,2,URBANO(A)
9,10,16,MIGUEL HIDALGO,4964,2,URBANO(A)
9,10,16,MIGUEL HIDALGO,4965,2,URBANO(A)
9,10,16,MIGUEL HIDALGO,4966,2,URBANO(A)
9,10,16,MIGUEL HIDALGO,4967,2,URBANO(A)
9,10,16,MIGUEL HIDALGO,4968,2,URBANO(A)
9,10,16,MIGUEL HIDALGO,4969,2,URBANO(A)
9,10,16,MIGUEL HIDALGO,4970,2,URBANO(A)
9,10,16,MIGUEL HIDALGO,4971,2,URBANO(A)
9,10,16,MIGUEL HIDALGO,4972,2,URBANO(A)
9,10,16,MIGUEL HIDALGO,4973,2,URBANO(A)
9,10,16,MIGUEL HIDALGO,4974,2,URBANO(A)
9,10,16,MIGUEL HIDALGO,4975,2,URBANO(A)
9,10,16,MIGUEL HIDALGO,4976,2,URBANO(A)
9,10,16,MIGUEL HIDALGO,4977,2,URBANO(A)
9,10,16,MIGUEL HIDALGO,4978,2,URBANO(A)
9,10,16,MIGUEL HIDALGO,4979,2,URBANO(A)
9,10,16,MIGUEL HIDALGO,4980,2,URBANO(A)
9,10,16,MIGUEL HIDALGO,4982,2,URBANO(A)
9,10,16,MIGUEL HIDALGO,4983,2,URBANO(A)
9,10,16,MIGUEL HIDALGO,4984,2,URBANO(A)
9,10,16,MIGUEL HIDALGO,4985,2,URBANO(A)
9,10,16,MIGUEL HIDALGO,4986,2,URBANO(A)
9,10,16,MIGUEL HIDALGO,4987,2,URBANO(A)
9,10,16,MIGUEL HIDALGO,4989,2,URBANO(A)
9,10,16,MIGUEL HIDALGO,4992,2,URBANO(A)
9,10,16,MIGUEL HIDALGO,4993,2,URBANO(A)
9,10,16,MIGUEL HIDALGO,4994,2,URBANO(A)
9,10,16,MIGUEL HIDALGO,4995,2,URBANO(A)
9,10,16,MIGUEL HIDALGO,4996,2,URBANO(A)
9,10,16,MIGUEL HIDALGO,4997,2,URBANO(A)
9,10,16,MIGUEL HIDALGO,4998,2,URBANO(A)
9,10,16,MIGUEL HIDALGO,4999,2,URBANO(A)
9,10,16,MIGUEL HIDALGO,5000,2,URBANO(A)
9,10,16,MIGUEL HIDALGO,5001,2,URBANO(A)
9,10,16,MIGUEL HIDALGO,5002,2,URBANO(A)
9,10,16,MIGUEL HIDALGO,5003,2,URBANO(A)
9,10,16,MIGUEL HIDALGO,5004,2,URBANO(A)
9,10,16,MIGUEL HIDALGO,5005,2,URBANO(A)
9,10,16,MIGUEL HIDALGO,5006,2,URBANO(A)
9,10,16,MIGUEL HIDALGO,5007,2,URBANO(A)
9,10,16,MIGUEL HIDALGO,5008,2,URBANO(A)
9,10,16,MIGUEL HIDALGO,5009,2,URBANO(A)
9,10,16,MIGUEL HIDALGO,5010,2,URBANO(A)
9,10,16,MIGUEL HIDALGO,5012,2,URBANO(A)
9,10,16,MIGUEL HIDALGO,5013,2,URBANO(A)
9,10,16,MIGUEL HIDALGO,5014,2,URBANO(A)
9,10,16,MIGUEL HIDALGO,5015,2,URBANO(A)
9,10,16,MIGUEL HIDALGO,5016,2,URBANO(A)
9,10,16,MIGUEL HIDALGO,5017,2,URBANO(A)
9,10,16,MIGUEL HIDALGO,5018,2,URBANO(A)
9,10,16,MIGUEL HIDALGO,5019,2,URBANO(A)
9,10,16,MIGUEL HIDALGO,5020,2,URBANO(A)
9,10,16,MIGUEL HIDALGO,5021,2,URBANO(A)
9,10,16,MIGUEL HIDALGO,5022,2,URBANO(A)
9,10,16,MIGUEL HIDALGO,5023,2,URBANO(A)
9,10,16,MIGUEL HIDALGO,5024,2,URBANO(A)
9,10,16,MIGUEL HIDALGO,5025,2,URBANO(A)
9,10,16,MIGUEL HIDALGO,5026,2,URBANO(A)
9,10,16,MIGUEL HIDALGO,5027,2,URBANO(A)
9,10,16,MIGUEL HIDALGO,5028,2,URBANO(A)
9,10,16,MIGUEL HIDALGO,5029,2,URBANO(A)
9,10,16,MIGUEL HIDALGO,5030,2,URBANO(A)
9,10,16,MIGUEL HIDALGO,5031,2,URBANO(A)
9,10,16,MIGUEL HIDALGO,5032,2,URBANO(A)
9,10,16,MIGUEL HIDALGO,5033,2,URBANO(A)
9,10,16,MIGUEL HIDALGO,5034,2,URBANO(A)
9,10,16,MIGUEL HIDALGO,5035,2,URBANO(A)
9,10,16,MIGUEL HIDALGO,5036,2,URBANO(A)
9,10,16,MIGUEL HIDALGO,5037,2,URBANO(A)
9,10,16,MIGUEL HIDALGO,5038,2,URBANO(A)
9,10,16,MIGUEL HIDALGO,5039,2,URBANO(A)
9,10,16,MIGUEL HIDALGO,5040,2,URBANO(A)
9,10,16,MIGUEL HIDALGO,5041,2,URBANO(A)
9,10,16,MIGUEL HIDALGO,5042,2,URBANO(A)
9,10,16,MIGUEL HIDALGO,5043,2,URBANO(A)
9,10,16,MIGUEL HIDALGO,5044,2,URBANO(A)
9,10,16,MIGUEL HIDALGO,5045,2,URBANO(A)
9,10,16,MIGUEL HIDALGO,5046,2,URBANO(A)
9,10,16,MIGUEL HIDALGO,5047,2,URBANO(A)
9,10,16,MIGUEL HIDALGO,5048,2,URBANO(A)
9,10,16,MIGUEL HIDALGO,5049,2,URBANO(A)
9,10,16,MIGUEL HIDALGO,5050,2,URBANO(A)
9,10,16,MIGUEL HIDALGO,5051,2,URBANO(A)
9,10,16,MIGUEL HIDALGO,5052,2,URBANO(A)
9,10,16,MIGUEL HIDALGO,5053,2,URBANO(A)
9,10,16,MIGUEL HIDALGO,5054,2,URBANO(A)
9,10,16,MIGUEL HIDALGO,5055,2,URBANO(A)
9,10,16,MIGUEL HIDALGO,5056,2,URBANO(A)
9,10,16,MIGUEL HIDALGO,5057,2,URBANO(A)
9,10,16,MIGUEL HIDALGO,5058,2,URBANO(A)
9,10,16,MIGUEL HIDALGO,5059,2,URBANO(A)
9,10,16,MIGUEL HIDALGO,5060,2,URBANO(A)
9,10,16,MIGUEL HIDALGO,5061,2,URBANO(A)
9,10,16,MIGUEL HIDALGO,5062,2,URBANO(A)
9,10,16,MIGUEL HIDALGO,5063,2,URBANO(A)
9,10,16,MIGUEL HIDALGO,5064,2,URBANO(A)
9,10,16,MIGUEL HIDALGO,5065,2,URBANO(A)
9,10,16,MIGUEL HIDALGO,5066,2,URBANO(A)
9,10,16,MIGUEL HIDALGO,5067,2,URBANO(A)
9,10,16,MIGUEL HIDALGO,5068,2,URBANO(A)
9,10,16,MIGUEL HIDALGO,5069,2,URBANO(A)
9,10,16,MIGUEL HIDALGO,5070,2,URBANO(A)
9,10,16,MIGUEL HIDALGO,5071,2,URBANO(A)
9,10,16,MIGUEL HIDALGO,5072,2,URBANO(A)
9,10,16,MIGUEL HIDALGO,5073,2,URBANO(A)
9,10,16,MIGUEL HIDALGO,5074,2,URBANO(A)
9,10,16,MIGUEL HIDALGO,5075,2,URBANO(A)
9,10,16,MIGUEL HIDALGO,5076,2,URBANO(A)
9,10,16,MIGUEL HIDALGO,5077,2,URBANO(A)
9,10,16,MIGUEL HIDALGO,5078,2,URBANO(A)
9,10,16,MIGUEL HIDALGO,5079,2,URBANO(A)
9,10,16,MIGUEL HIDALGO,5080,2,URBANO(A)
9,10,16,MIGUEL HIDALGO,5081,2,URBANO(A)
9,10,16,MIGUEL HIDALGO,5082,2,URBANO(A)
9,10,16,MIGUEL HIDALGO,5083,2,URBANO(A)
9,10,16,MIGUEL HIDALGO,5084,2,URBANO(A)
9,10,16,MIGUEL HIDALGO,5085,2,URBANO(A)
9,10,16,MIGUEL HIDALGO,5086,2,URBANO(A)
9,10,16,MIGUEL HIDALGO,5087,2,URBANO(A)
9,10,16,MIGUEL HIDALGO,5088,2,URBANO(A)
9,10,16,MIGUEL HIDALGO,5089,2,URBANO(A)
9,10,16,MIGUEL HIDALGO,5090,2,URBANO(A)
9,10,16,MIGUEL HIDALGO,5098,2,URBANO(A)
9,10,16,MIGUEL HIDALGO,5099,2,URBANO(A)
9,10,16,MIGUEL HIDALGO,5100,2,URBANO(A)
9,10,16,MIGUEL HIDALGO,5101,2,URBANO(A)
9,10,16,MIGUEL HIDALGO,5102,2,URBANO(A)
9,10,16,MIGUEL HIDALGO,5103,2,URBANO(A)
9,10,16,MIGUEL HIDALGO,5105,2,URBANO(A)
9,10,16,MIGUEL HIDALGO,5106,2,URBANO(A)
9,10,16,MIGUEL HIDALGO,5107,2,URBANO(A)
9,10,16,MIGUEL HIDALGO,5108,2,URBANO(A)
9,10,16,MIGUEL HIDALGO,5109,2,URBANO(A)
9,10,16,MIGUEL HIDALGO,5110,2,URBANO(A)
9,10,16,MIGUEL HIDALGO,5111,2,URBANO(A)
9,10,16,MIGUEL HIDALGO,5112,2,URBANO(A)
9,10,16,MIGUEL HIDALGO,5113,2,URBANO(A)
9,10,16,MIGUEL HIDALGO,5114,2,URBANO(A)
9,10,16,MIGUEL HIDALGO,5115,2,URBANO(A)
9,10,16,MIGUEL HIDALGO,5116,2,URBANO(A)
9,10,16,MIGUEL HIDALGO,5117,2,URBANO(A)
9,10,16,MIGUEL HIDALGO,5118,2,URBANO(A)
9,10,16,MIGUEL HIDALGO,5119,2,URBANO(A)
9,10,16,MIGUEL HIDALGO,5120,2,URBANO(A)
9,10,16,MIGUEL HIDALGO,5121,2,URBANO(A)
9,10,16,MIGUEL HIDALGO,5122,2,URBANO(A)
9,10,16,MIGUEL HIDALGO,5123,2,URBANO(A)
9,10,16,MIGUEL HIDALGO,5124,2,URBANO(A)
9,10,16,MIGUEL HIDALGO,5125,2,URBANO(A)
9,10,16,MIGUEL HIDALGO,5126,2,URBANO(A)
9,10,16,MIGUEL HIDALGO,5127,2,URBANO(A)
9,10,16,MIGUEL HIDALGO,5128,2,URBANO(A)
9,10,16,MIGUEL HIDALGO,5129,2,URBANO(A)
9,10,16,MIGUEL HIDALGO,5130,2,URBANO(A)
9,10,16,MIGUEL HIDALGO,5131,2,URBANO(A)
9,10,16,MIGUEL HIDALGO,5132,2,URBANO(A)
9,10,16,MIGUEL HIDALGO,5133,2,URBANO(A)
9,10,16,MIGUEL HIDALGO,5134,2,URBANO(A)
9,10,16,MIGUEL HIDALGO,5135,2,URBANO(A)
9,10,16,MIGUEL HIDALGO,5136,2,URBANO(A)
9,10,16,MIGUEL HIDALGO,5137,2,URBANO(A)
9,10,16,MIGUEL HIDALGO,5138,2,URBANO(A)
9,10,16,MIGUEL HIDALGO,5139,2,URBANO(A)
9,10,16,MIGUEL HIDALGO,5140,2,URBANO(A)
9,10,16,MIGUEL HIDALGO,5141,2,URBANO(A)
9,10,16,MIGUEL HIDALGO,5142,2,URBANO(A)
9,10,16,MIGUEL HIDALGO,5143,2,URBANO(A)
9,10,16,MIGUEL HIDALGO,5144,2,URBANO(A)
9,10,16,MIGUEL HIDALGO,5145,2,URBANO(A)
9,10,16,MIGUEL HIDALGO,5146,2,URBANO(A)
9,10,16,MIGUEL HIDALGO,5147,2,URBANO(A)
9,10,16,MIGUEL HIDALGO,5148,2,URBANO(A)
9,10,16,MIGUEL HIDALGO,5149,2,URBANO(A)
9,10,16,MIGUEL HIDALGO,5150,2,URBANO(A)
9,10,16,MIGUEL HIDALGO,5151,2,URBANO(A)
9,10,16,MIGUEL HIDALGO,5152,2,URBANO(A)
9,10,16,MIGUEL HIDALGO,5153,2,URBANO(A)
9,10,16,MIGUEL HIDALGO,5154,2,URBANO(A)
9,10,16,MIGUEL HIDALGO,5155,2,URBANO(A)
9,10,16,MIGUEL HIDALGO,5156,2,URBANO(A)
9,10,16,MIGUEL HIDALGO,5157,2,URBANO(A)
9,10,16,MIGUEL HIDALGO,5158,2,URBANO(A)
9,10,16,MIGUEL HIDALGO,5159,2,URBANO(A)
9,10,16,MIGUEL HIDALGO,5160,2,URBANO(A)
9,10,16,MIGUEL HIDALGO,5161,2,URBANO(A)
9,10,16,MIGUEL HIDALGO,5162,2,URBANO(A)
9,10,16,MIGUEL HIDALGO,5163,2,URBANO(A)
9,10,16,MIGUEL HIDALGO,5164,2,URBANO(A)
9,10,16,MIGUEL HIDALGO,5165,2,URBANO(A)
9,10,16,MIGUEL HIDALGO,5166,2,URBANO(A)
9,10,16,MIGUEL HIDALGO,5167,2,URBANO(A)
9,10,16,MIGUEL HIDALGO,5168,2,URBANO(A)
9,10,16,MIGUEL HIDALGO,5169,2,URBANO(A)
9,10,16,MIGUEL HIDALGO,5170,2,URBANO(A)
9,10,16,MIGUEL HIDALGO,5171,2,URBANO(A)
9,10,16,MIGUEL HIDALGO,5172,2,URBANO(A)
9,10,16,MIGUEL HIDALGO,5173,2,URBANO(A)
9,10,16,MIGUEL HIDALGO,5174,2,URBANO(A)
9,10,16,MIGUEL HIDALGO,5175,2,URBANO(A)
9,10,16,MIGUEL HIDALGO,5176,2,URBANO(A)
9,10,16,MIGUEL HIDALGO,5177,2,URBANO(A)
9,10,16,MIGUEL HIDALGO,5178,2,URBANO(A)
9,10,16,MIGUEL HIDALGO,5179,2,URBANO(A)
9,10,16,MIGUEL HIDALGO,5180,2,URBANO(A)
9,10,16,MIGUEL HIDALGO,5181,2,URBANO(A)
9,10,16,MIGUEL HIDALGO,5182,2,URBANO(A)
9,11,17,VENUSTIANO CARRANZA,5183,2,URBANO(A)
9,11,17,VENUSTIANO CARRANZA,5184,2,URBANO(A)
9,11,17,VENUSTIANO CARRANZA,5185,2,URBANO(A)
9,11,17,VENUSTIANO CARRANZA,5186,2,URBANO(A)
9,11,17,VENUSTIANO CARRANZA,5187,2,URBANO(A)
9,11,17,VENUSTIANO CARRANZA,5188,2,URBANO(A)
9,11,17,VENUSTIANO CARRANZA,5189,2,URBANO(A)
9,11,17,VENUSTIANO CARRANZA,5190,2,URBANO(A)
9,11,17,VENUSTIANO CARRANZA,5191,2,URBANO(A)
9,11,17,VENUSTIANO CARRANZA,5192,2,URBANO(A)
9,11,17,VENUSTIANO CARRANZA,5193,2,URBANO(A)
9,11,17,VENUSTIANO CARRANZA,5194,2,URBANO(A)
9,11,17,VENUSTIANO CARRANZA,5195,2,URBANO(A)
9,11,17,VENUSTIANO CARRANZA,5196,2,URBANO(A)
9,11,17,VENUSTIANO CARRANZA,5197,2,URBANO(A)
9,11,17,VENUSTIANO CARRANZA,5198,2,URBANO(A)
9,11,17,VENUSTIANO CARRANZA,5199,2,URBANO(A)
9,11,17,VENUSTIANO CARRANZA,5200,2,URBANO(A)
9,11,17,VENUSTIANO CARRANZA,5201,2,URBANO(A)
9,11,17,VENUSTIANO CARRANZA,5202,2,URBANO(A)
9,11,17,VENUSTIANO CARRANZA,5203,2,URBANO(A)
9,11,17,VENUSTIANO CARRANZA,5204,2,URBANO(A)
9,11,17,VENUSTIANO CARRANZA,5205,2,URBANO(A)
9,11,17,VENUSTIANO CARRANZA,5206,2,URBANO(A)
9,11,17,VENUSTIANO CARRANZA,5207,2,URBANO(A)
9,11,17,VENUSTIANO CARRANZA,5208,2,URBANO(A)
9,11,17,VENUSTIANO CARRANZA,5209,2,URBANO(A)
9,11,17,VENUSTIANO CARRANZA,5210,2,URBANO(A)
9,11,17,VENUSTIANO CARRANZA,5211,2,URBANO(A)
9,11,17,VENUSTIANO CARRANZA,5212,2,URBANO(A)
9,11,17,VENUSTIANO CARRANZA,5213,2,URBANO(A)
9,11,17,VENUSTIANO CARRANZA,5214,2,URBANO(A)
9,11,17,VENUSTIANO CARRANZA,5215,2,URBANO(A)
9,11,17,VENUSTIANO CARRANZA,5216,2,URBANO(A)
9,11,17,VENUSTIANO CARRANZA,5217,2,URBANO(A)
9,11,17,VENUSTIANO CARRANZA,5218,2,URBANO(A)
9,11,17,VENUSTIANO CARRANZA,5219,2,URBANO(A)
9,11,17,VENUSTIANO CARRANZA,5220,2,URBANO(A)
9,11,17,VENUSTIANO CARRANZA,5221,2,URBANO(A)
9,11,17,VENUSTIANO CARRANZA,5222,2,URBANO(A)
9,11,17,VENUSTIANO CARRANZA,5223,2,URBANO(A)
9,11,17,VENUSTIANO CARRANZA,5224,2,URBANO(A)
9,11,17,VENUSTIANO CARRANZA,5225,2,URBANO(A)
9,11,17,VENUSTIANO CARRANZA,5226,2,URBANO(A)
9,11,17,VENUSTIANO CARRANZA,5227,2,URBANO(A)
9,11,17,VENUSTIANO CARRANZA,5228,2,URBANO(A)
9,11,17,VENUSTIANO CARRANZA,5229,2,URBANO(A)
9,11,17,VENUSTIANO CARRANZA,5230,2,URBANO(A)
9,11,17,VENUSTIANO CARRANZA,5231,2,URBANO(A)
9,11,17,VENUSTIANO CARRANZA,5232,2,URBANO(A)
9,11,17,VENUSTIANO CARRANZA,5233,2,URBANO(A)
9,11,17,VENUSTIANO CARRANZA,5234,2,URBANO(A)
9,11,17,VENUSTIANO CARRANZA,5235,2,URBANO(A)
9,11,17,VENUSTIANO CARRANZA,5236,2,URBANO(A)
9,11,17,VENUSTIANO CARRANZA,5237,2,URBANO(A)
9,11,17,VENUSTIANO CARRANZA,5238,2,URBANO(A)
9,11,17,VENUSTIANO CARRANZA,5239,2,URBANO(A)
9,11,17,VENUSTIANO CARRANZA,5240,2,URBANO(A)
9,11,17,VENUSTIANO CARRANZA,5241,2,URBANO(A)
9,11,17,VENUSTIANO CARRANZA,5242,2,URBANO(A)
9,11,17,VENUSTIANO CARRANZA,5243,2,URBANO(A)
9,11,17,VENUSTIANO CARRANZA,5244,2,URBANO(A)
9,11,17,VENUSTIANO CARRANZA,5245,2,URBANO(A)
9,11,17,VENUSTIANO CARRANZA,5246,2,URBANO(A)
9,11,17,VENUSTIANO CARRANZA,5247,2,URBANO(A)
9,11,17,VENUSTIANO CARRANZA,5248,2,URBANO(A)
9,11,17,VENUSTIANO CARRANZA,5249,2,URBANO(A)
9,11,17,VENUSTIANO CARRANZA,5250,2,URBANO(A)
9,11,17,VENUSTIANO CARRANZA,5251,2,URBANO(A)
9,11,17,VENUSTIANO CARRANZA,5252,2,URBANO(A)
9,11,17,VENUSTIANO CARRANZA,5253,2,URBANO(A)
9,11,17,VENUSTIANO CARRANZA,5254,2,URBANO(A)
9,11,17,VENUSTIANO CARRANZA,5255,2,URBANO(A)
9,11,17,VENUSTIANO CARRANZA,5256,2,URBANO(A)
9,11,17,VENUSTIANO CARRANZA,5257,2,URBANO(A)
9,11,17,VENUSTIANO CARRANZA,5258,2,URBANO(A)
9,11,17,VENUSTIANO CARRANZA,5259,2,URBANO(A)
9,11,17,VENUSTIANO CARRANZA,5260,2,URBANO(A)
9,11,17,VENUSTIANO CARRANZA,5261,2,URBANO(A)
9,11,17,VENUSTIANO CARRANZA,5262,2,URBANO(A)
9,11,17,VENUSTIANO CARRANZA,5263,2,URBANO(A)
9,11,17,VENUSTIANO CARRANZA,5264,2,URBANO(A)
9,11,17,VENUSTIANO CARRANZA,5265,2,URBANO(A)
9,11,17,VENUSTIANO CARRANZA,5266,2,URBANO(A)
9,11,17,VENUSTIANO CARRANZA,5267,2,URBANO(A)
9,11,17,VENUSTIANO CARRANZA,5268,2,URBANO(A)
9,11,17,VENUSTIANO CARRANZA,5269,2,URBANO(A)
9,11,17,VENUSTIANO CARRANZA,5270,2,URBANO(A)
9,11,17,VENUSTIANO CARRANZA,5271,2,URBANO(A)
9,11,17,VENUSTIANO CARRANZA,5272,2,URBANO(A)
9,11,17,VENUSTIANO CARRANZA,5273,2,URBANO(A)
9,11,17,VENUSTIANO CARRANZA,5274,2,URBANO(A)
9,11,17,VENUSTIANO CARRANZA,5275,2,URBANO(A)
9,11,17,VENUSTIANO CARRANZA,5276,2,URBANO(A)
9,11,17,VENUSTIANO CARRANZA,5277,2,URBANO(A)
9,11,17,VENUSTIANO CARRANZA,5278,2,URBANO(A)
9,11,17,VENUSTIANO CARRANZA,5279,2,URBANO(A)
9,11,17,VENUSTIANO CARRANZA,5280,2,URBANO(A)
9,11,17,VENUSTIANO CARRANZA,5281,2,URBANO(A)
9,11,17,VENUSTIANO CARRANZA,5282,2,URBANO(A)
9,11,17,VENUSTIANO CARRANZA,5283,2,URBANO(A)
9,11,17,VENUSTIANO CARRANZA,5284,2,URBANO(A)
9,11,17,VENUSTIANO CARRANZA,5285,2,URBANO(A)
9,11,17,VENUSTIANO CARRANZA,5286,2,URBANO(A)
9,11,17,VENUSTIANO CARRANZA,5287,2,URBANO(A)
9,11,17,VENUSTIANO CARRANZA,5288,2,URBANO(A)
9,11,17,VENUSTIANO CARRANZA,5289,2,URBANO(A)
9,11,17,VENUSTIANO CARRANZA,5290,2,URBANO(A)
9,11,17,VENUSTIANO CARRANZA,5291,2,URBANO(A)
9,11,17,VENUSTIANO CARRANZA,5292,2,URBANO(A)
9,11,17,VENUSTIANO CARRANZA,5293,2,URBANO(A)
9,11,17,VENUSTIANO CARRANZA,5294,2,URBANO(A)
9,11,17,VENUSTIANO CARRANZA,5295,2,URBANO(A)
9,11,17,VENUSTIANO CARRANZA,5296,2,URBANO(A)
9,11,17,VENUSTIANO CARRANZA,5297,2,URBANO(A)
9,11,17,VENUSTIANO CARRANZA,5298,2,URBANO(A)
9,11,17,VENUSTIANO CARRANZA,5299,2,URBANO(A)
9,11,17,VENUSTIANO CARRANZA,5300,2,URBANO(A)
9,11,17,VENUSTIANO CARRANZA,5301,2,URBANO(A)
9,11,17,VENUSTIANO CARRANZA,5302,2,URBANO(A)
9,11,17,VENUSTIANO CARRANZA,5303,2,URBANO(A)
9,11,17,VENUSTIANO CARRANZA,5304,2,URBANO(A)
9,11,17,VENUSTIANO CARRANZA,5305,2,URBANO(A)
9,11,17,VENUSTIANO CARRANZA,5306,2,URBANO(A)
9,11,17,VENUSTIANO CARRANZA,5307,2,URBANO(A)
9,11,17,VENUSTIANO CARRANZA,5308,2,URBANO(A)
9,11,17,VENUSTIANO CARRANZA,5309,2,URBANO(A)
9,11,17,VENUSTIANO CARRANZA,5310,2,URBANO(A)
9,11,17,VENUSTIANO CARRANZA,5311,2,URBANO(A)
9,11,17,VENUSTIANO CARRANZA,5312,2,URBANO(A)
9,11,17,VENUSTIANO CARRANZA,5313,2,URBANO(A)
9,11,17,VENUSTIANO CARRANZA,5314,2,URBANO(A)
9,11,17,VENUSTIANO CARRANZA,5315,2,URBANO(A)
9,11,17,VENUSTIANO CARRANZA,5316,2,URBANO(A)
9,11,17,VENUSTIANO CARRANZA,5317,2,URBANO(A)
9,11,17,VENUSTIANO CARRANZA,5318,2,URBANO(A)
9,11,17,VENUSTIANO CARRANZA,5319,2,URBANO(A)
9,11,17,VENUSTIANO CARRANZA,5320,2,URBANO(A)
9,11,17,VENUSTIANO CARRANZA,5321,2,URBANO(A)
9,11,17,VENUSTIANO CARRANZA,5322,2,URBANO(A)
9,11,17,VENUSTIANO CARRANZA,5323,2,URBANO(A)
9,11,17,VENUSTIANO CARRANZA,5324,2,URBANO(A)
9,11,17,VENUSTIANO CARRANZA,5325,2,URBANO(A)
9,11,17,VENUSTIANO CARRANZA,5326,2,URBANO(A)
9,11,17,VENUSTIANO CARRANZA,5327,2,URBANO(A)
9,11,17,VENUSTIANO CARRANZA,5328,2,URBANO(A)
9,11,17,VENUSTIANO CARRANZA,5329,2,URBANO(A)
9,11,17,VENUSTIANO CARRANZA,5330,2,URBANO(A)
9,11,17,VENUSTIANO CARRANZA,5331,2,URBANO(A)
9,11,17,VENUSTIANO CARRANZA,5332,2,URBANO(A)
9,11,17,VENUSTIANO CARRANZA,5333,2,URBANO(A)
9,11,17,VENUSTIANO CARRANZA,5334,2,URBANO(A)
9,11,17,VENUSTIANO CARRANZA,5335,2,URBANO(A)
9,11,17,VENUSTIANO CARRANZA,5336,2,URBANO(A)
9,11,17,VENUSTIANO CARRANZA,5337,2,URBANO(A)
9,11,17,VENUSTIANO CARRANZA,5338,2,URBANO(A)
9,11,17,VENUSTIANO CARRANZA,5339,2,URBANO(A)
9,11,17,VENUSTIANO CARRANZA,5340,2,URBANO(A)
9,11,17,VENUSTIANO CARRANZA,5341,2,URBANO(A)
9,11,17,VENUSTIANO CARRANZA,5342,2,URBANO(A)
9,11,17,VENUSTIANO CARRANZA,5343,2,URBANO(A)
9,11,17,VENUSTIANO CARRANZA,5344,2,URBANO(A)
9,11,17,VENUSTIANO CARRANZA,5345,2,URBANO(A)
9,11,17,VENUSTIANO CARRANZA,5346,2,URBANO(A)
9,11,17,VENUSTIANO CARRANZA,5347,2,URBANO(A)
9,11,17,VENUSTIANO CARRANZA,5348,2,URBANO(A)
9,11,17,VENUSTIANO CARRANZA,5349,2,URBANO(A)
9,11,17,VENUSTIANO CARRANZA,5350,2,URBANO(A)
9,11,17,VENUSTIANO CARRANZA,5351,2,URBANO(A)
9,11,17,VENUSTIANO CARRANZA,5352,2,URBANO(A)
9,11,17,VENUSTIANO CARRANZA,5353,2,URBANO(A)
9,11,17,VENUSTIANO CARRANZA,5354,2,URBANO(A)
9,11,17,VENUSTIANO CARRANZA,5355,2,URBANO(A)
9,11,17,VENUSTIANO CARRANZA,5356,2,URBANO(A)
9,11,17,VENUSTIANO CARRANZA,5357,2,URBANO(A)
9,11,17,VENUSTIANO CARRANZA,5358,2,URBANO(A)
9,11,17,VENUSTIANO CARRANZA,5359,2,URBANO(A)
9,11,17,VENUSTIANO CARRANZA,5360,2,URBANO(A)
9,11,17,VENUSTIANO CARRANZA,5361,2,URBANO(A)
9,11,17,VENUSTIANO CARRANZA,5362,2,URBANO(A)
9,11,17,VENUSTIANO CARRANZA,5363,2,URBANO(A)
9,11,17,VENUSTIANO CARRANZA,5364,2,URBANO(A)
9,11,17,VENUSTIANO CARRANZA,5365,2,URBANO(A)
9,11,17,VENUSTIANO CARRANZA,5366,2,URBANO(A)
9,11,17,VENUSTIANO CARRANZA,5367,2,URBANO(A)
9,11,17,VENUSTIANO CARRANZA,5368,2,URBANO(A)
9,11,17,VENUSTIANO CARRANZA,5369,2,URBANO(A)
9,11,17,VENUSTIANO CARRANZA,5370,2,URBANO(A)
9,11,17,VENUSTIANO CARRANZA,5371,2,URBANO(A)
9,11,17,VENUSTIANO CARRANZA,5372,2,URBANO(A)
9,11,17,VENUSTIANO CARRANZA,5373,2,URBANO(A)
9,11,17,VENUSTIANO CARRANZA,5374,2,URBANO(A)
9,11,17,VENUSTIANO CARRANZA,5375,2,URBANO(A)
9,11,17,VENUSTIANO CARRANZA,5376,2,URBANO(A)
9,11,17,VENUSTIANO CARRANZA,5377,2,URBANO(A)
9,11,17,VENUSTIANO CARRANZA,5378,2,URBANO(A)
9,11,17,VENUSTIANO CARRANZA,5379,2,URBANO(A)
9,11,17,VENUSTIANO CARRANZA,5380,2,URBANO(A)
9,11,17,VENUSTIANO CARRANZA,5381,2,URBANO(A)
9,11,17,VENUSTIANO CARRANZA,5382,2,URBANO(A)
9,11,17,VENUSTIANO CARRANZA,5383,2,URBANO(A)
9,11,17,VENUSTIANO CARRANZA,5384,2,URBANO(A)
9,11,17,VENUSTIANO CARRANZA,5385,2,URBANO(A)
9,11,17,VENUSTIANO CARRANZA,5386,2,URBANO(A)
9,11,17,VENUSTIANO CARRANZA,5387,2,URBANO(A)
9,11,17,VENUSTIANO CARRANZA,5388,2,URBANO(A)
9,11,17,VENUSTIANO CARRANZA,5389,2,URBANO(A)
9,11,17,VENUSTIANO CARRANZA,5390,2,URBANO(A)
9,11,17,VENUSTIANO CARRANZA,5391,2,URBANO(A)
9,11,17,VENUSTIANO CARRANZA,5392,2,URBANO(A)
9,11,17,VENUSTIANO CARRANZA,5393,2,URBANO(A)
9,11,17,VENUSTIANO CARRANZA,5394,2,URBANO(A)
9,11,17,VENUSTIANO CARRANZA,5395,2,URBANO(A)
9,11,17,VENUSTIANO CARRANZA,5396,2,URBANO(A)
9,11,17,VENUSTIANO CARRANZA,5397,2,URBANO(A)
9,11,17,VENUSTIANO CARRANZA,5398,2,URBANO(A)
9,11,17,VENUSTIANO CARRANZA,5399,2,URBANO(A)
9,11,17,VENUSTIANO CARRANZA,5400,2,URBANO(A)
9,11,17,VENUSTIANO CARRANZA,5401,2,URBANO(A)
9,11,17,VENUSTIANO CARRANZA,5402,2,URBANO(A)
9,11,17,VENUSTIANO CARRANZA,5403,2,URBANO(A)
9,11,17,VENUSTIANO CARRANZA,5404,2,URBANO(A)
9,11,17,VENUSTIANO CARRANZA,5405,2,URBANO(A)
9,11,17,VENUSTIANO CARRANZA,5406,2,URBANO(A)
9,11,17,VENUSTIANO CARRANZA,5407,2,URBANO(A)
9,11,17,VENUSTIANO CARRANZA,5408,2,URBANO(A)
9,11,17,VENUSTIANO CARRANZA,5409,2,URBANO(A)
9,11,17,VENUSTIANO CARRANZA,5410,2,URBANO(A)
9,11,17,VENUSTIANO CARRANZA,5411,2,URBANO(A)
9,11,17,VENUSTIANO CARRANZA,5412,2,URBANO(A)
9,11,17,VENUSTIANO CARRANZA,5413,2,URBANO(A)
9,11,17,VENUSTIANO CARRANZA,5414,2,URBANO(A)
9,11,17,VENUSTIANO CARRANZA,5415,2,URBANO(A)
9,11,17,VENUSTIANO CARRANZA,5416,2,URBANO(A)
9,11,17,VENUSTIANO CARRANZA,5417,2,URBANO(A)
9,11,17,VENUSTIANO CARRANZA,5418,2,URBANO(A)
9,11,17,VENUSTIANO CARRANZA,5419,2,URBANO(A)
9,11,17,VENUSTIANO CARRANZA,5420,2,URBANO(A)
9,11,17,VENUSTIANO CARRANZA,5421,2,URBANO(A)
9,11,17,VENUSTIANO CARRANZA,5422,2,URBANO(A)
9,11,17,VENUSTIANO CARRANZA,5423,2,URBANO(A)
9,11,17,VENUSTIANO CARRANZA,5424,2,URBANO(A)
9,11,17,VENUSTIANO CARRANZA,5425,2,URBANO(A)
9,11,17,VENUSTIANO CARRANZA,5426,2,URBANO(A)
9,11,17,VENUSTIANO CARRANZA,5427,2,URBANO(A)
9,11,17,VENUSTIANO CARRANZA,5428,2,URBANO(A)
9,11,17,VENUSTIANO CARRANZA,5429,2,URBANO(A)
9,11,17,VENUSTIANO CARRANZA,5430,2,URBANO(A)
9,11,17,VENUSTIANO CARRANZA,5431,2,URBANO(A)
9,11,17,VENUSTIANO CARRANZA,5432,2,URBANO(A)
9,11,17,VENUSTIANO CARRANZA,5433,2,URBANO(A)
9,11,17,VENUSTIANO CARRANZA,5434,2,URBANO(A)
9,11,17,VENUSTIANO CARRANZA,5435,2,URBANO(A)
9,11,17,VENUSTIANO CARRANZA,5436,2,URBANO(A)
9,11,17,VENUSTIANO CARRANZA,5437,2,URBANO(A)
9,11,17,VENUSTIANO CARRANZA,5438,2,URBANO(A)
9,11,17,VENUSTIANO CARRANZA,5439,2,URBANO(A)
9,11,17,VENUSTIANO CARRANZA,5440,2,URBANO(A)
9,11,17,VENUSTIANO CARRANZA,5441,2,URBANO(A)
9,11,17,VENUSTIANO CARRANZA,5442,2,URBANO(A)
9,11,17,VENUSTIANO CARRANZA,5443,2,URBANO(A)
9,11,17,VENUSTIANO CARRANZA,5444,2,URBANO(A)
9,11,17,VENUSTIANO CARRANZA,5445,2,URBANO(A)
9,11,17,VENUSTIANO CARRANZA,5446,2,URBANO(A)
9,11,17,VENUSTIANO CARRANZA,5447,2,URBANO(A)
9,11,17,VENUSTIANO CARRANZA,5448,2,URBANO(A)
9,11,17,VENUSTIANO CARRANZA,5449,2,URBANO(A)
9,11,17,VENUSTIANO CARRANZA,5450,2,URBANO(A)
9,11,17,VENUSTIANO CARRANZA,5451,2,URBANO(A)
9,11,17,VENUSTIANO CARRANZA,5452,2,URBANO(A)
9,11,17,VENUSTIANO CARRANZA,5453,2,URBANO(A)
9,11,17,VENUSTIANO CARRANZA,5454,2,URBANO(A)
9,11,17,VENUSTIANO CARRANZA,5455,2,URBANO(A)
9,11,17,VENUSTIANO CARRANZA,5456,2,URBANO(A)
9,11,17,VENUSTIANO CARRANZA,5457,2,URBANO(A)
9,11,17,VENUSTIANO CARRANZA,5458,2,URBANO(A)
9,11,17,VENUSTIANO CARRANZA,5459,2,URBANO(A)
9,11,17,VENUSTIANO CARRANZA,5460,2,URBANO(A)
9,11,17,VENUSTIANO CARRANZA,5461,2,URBANO(A)
9,11,17,VENUSTIANO CARRANZA,5462,2,URBANO(A)
9,11,17,VENUSTIANO CARRANZA,5463,2,URBANO(A)
9,11,17,VENUSTIANO CARRANZA,5464,2,URBANO(A)
9,11,17,VENUSTIANO CARRANZA,5465,2,URBANO(A)
9,11,17,VENUSTIANO CARRANZA,5466,2,URBANO(A)
9,11,17,VENUSTIANO CARRANZA,5467,2,URBANO(A)
9,11,17,VENUSTIANO CARRANZA,5468,2,URBANO(A)
9,11,17,VENUSTIANO CARRANZA,5469,2,URBANO(A)
9,11,17,VENUSTIANO CARRANZA,5470,2,URBANO(A)
9,11,17,VENUSTIANO CARRANZA,5471,2,URBANO(A)
9,11,17,VENUSTIANO CARRANZA,5472,2,URBANO(A)
9,11,17,VENUSTIANO CARRANZA,5473,2,URBANO(A)
9,11,17,VENUSTIANO CARRANZA,5474,2,URBANO(A)
9,11,17,VENUSTIANO CARRANZA,5475,2,URBANO(A)
9,11,17,VENUSTIANO CARRANZA,5476,2,URBANO(A)
9,11,17,VENUSTIANO CARRANZA,5477,2,URBANO(A)
9,11,17,VENUSTIANO CARRANZA,5478,2,URBANO(A)
9,11,17,VENUSTIANO CARRANZA,5479,2,URBANO(A)
9,11,17,VENUSTIANO CARRANZA,5480,2,URBANO(A)
9,11,17,VENUSTIANO CARRANZA,5481,2,URBANO(A)
9,11,17,VENUSTIANO CARRANZA,5482,2,URBANO(A)
9,11,17,VENUSTIANO CARRANZA,5483,2,URBANO(A)
9,11,17,VENUSTIANO CARRANZA,5484,2,URBANO(A)
9,11,17,VENUSTIANO CARRANZA,5485,2,URBANO(A)
9,11,17,VENUSTIANO CARRANZA,5486,2,URBANO(A)
9,11,17,VENUSTIANO CARRANZA,5487,2,URBANO(A)
9,11,17,VENUSTIANO CARRANZA,5488,2,URBANO(A)
9,11,17,VENUSTIANO CARRANZA,5489,2,URBANO(A)
9,11,17,VENUSTIANO CARRANZA,5490,2,URBANO(A)
9,11,17,VENUSTIANO CARRANZA,5491,2,URBANO(A)
9,11,17,VENUSTIANO CARRANZA,5492,2,URBANO(A)
9,11,17,VENUSTIANO CARRANZA,5493,2,URBANO(A)
9,11,17,VENUSTIANO CARRANZA,5494,2,URBANO(A)
9,11,17,VENUSTIANO CARRANZA,5495,2,URBANO(A)
9,11,17,VENUSTIANO CARRANZA,5496,2,URBANO(A)
9,11,17,VENUSTIANO CARRANZA,5497,2,URBANO(A)
9,11,17,VENUSTIANO CARRANZA,5498,2,URBANO(A)
9,11,17,VENUSTIANO CARRANZA,5499,2,URBANO(A)
9,11,17,VENUSTIANO CARRANZA,5500,2,URBANO(A)
9,11,17,VENUSTIANO CARRANZA,5502,2,URBANO(A)
9,11,17,VENUSTIANO CARRANZA,5503,2,URBANO(A)
9,11,17,VENUSTIANO CARRANZA,5504,2,URBANO(A)
9,11,17,VENUSTIANO CARRANZA,5505,2,URBANO(A)
9,11,17,VENUSTIANO CARRANZA,5506,2,URBANO(A)
9,11,17,VENUSTIANO CARRANZA,5507,2,URBANO(A)
9,11,17,VENUSTIANO CARRANZA,5508,2,URBANO(A)
9,11,17,VENUSTIANO CARRANZA,5509,2,URBANO(A)
9,11,17,VENUSTIANO CARRANZA,5510,2,URBANO(A)
9,11,17,VENUSTIANO CARRANZA,5511,2,URBANO(A)
9,3,2,AZCAPOTZALCO,5512,2,URBANO(A)
9,3,2,AZCAPOTZALCO,5513,2,URBANO(A)
9,3,2,AZCAPOTZALCO,5514,2,URBANO(A)
9,8,3,COYOACAN,5515,2,URBANO(A)
9,18,7,IZTAPALAPA,5516,2,URBANO(A)
9,20,7,IZTAPALAPA,5517,2,URBANO(A)
9,14,12,TLALPAN,5518,2,URBANO(A)
9,14,12,TLALPAN,5519,2,URBANO(A)
9,11,17,VENUSTIANO CARRANZA,5520,2,URBANO(A)
9,11,17,VENUSTIANO CARRANZA,5521,2,URBANO(A)
9,11,17,VENUSTIANO CARRANZA,5522,2,URBANO(A)
9,11,17,VENUSTIANO CARRANZA,5523,2,URBANO(A)
9,11,17,VENUSTIANO CARRANZA,5524,2,URBANO(A)
9,11,17,VENUSTIANO CARRANZA,5525,2,URBANO(A)
9,11,17,VENUSTIANO CARRANZA,5526,2,URBANO(A)
9,11,17,VENUSTIANO CARRANZA,5527,2,URBANO(A)
9,17,4,CUAJIMALPA DE MORELOS,5536,3,MIXTO(A)
9,7,5,GUSTAVO A. MADERO,5537,2,URBANO(A)
9,7,5,GUSTAVO A. MADERO,5538,2,URBANO(A)
9,7,5,GUSTAVO A. MADERO,5539,2,URBANO(A)
9,7,5,GUSTAVO A. MADERO,5540,2,URBANO(A)
9,7,5,GUSTAVO A. MADERO,5541,2,URBANO(A)
9,7,5,GUSTAVO A. MADERO,5542,2,URBANO(A)
9,7,5,GUSTAVO A. MADERO,5543,2,URBANO(A)
9,5,12,TLALPAN,5544,2,URBANO(A)
9,5,13,XOCHIMILCO,5545,3,MIXTO(A)
9,16,10,ALVARO OBREGON,5546,2,URBANO(A)
9,5,13,XOCHIMILCO,5547,2,URBANO(A)
9,9,11,TLAHUAC,5548,2,URBANO(A)
9,9,11,TLAHUAC,5549,2,URBANO(A)
9,9,11,TLAHUAC,5550,2,URBANO(A)
9,9,11,TLAHUAC,5551,2,URBANO(A)
9,9,11,TLAHUAC,5553,2,URBANO(A)
9,9,11,TLAHUAC,5554,2,URBANO(A)
9,9,11,TLAHUAC,5555,2,URBANO(A)
9,9,11,TLAHUAC,5556,2,URBANO(A)
9,6,8,LA MAGDALENA CONTRERAS,5557,2,URBANO(A)
9,6,8,LA MAGDALENA CONTRERAS,5558,2,URBANO(A)
9,6,8,LA MAGDALENA CONTRERAS,5559,3,MIXTO(A)
9,6,10,ALVARO OBREGON,5560,2,URBANO(A)
9,6,10,ALVARO OBREGON,5561,2,URBANO(A)
9,1,5,GUSTAVO A. MADERO,5562,2,URBANO(A)
9,1,5,GUSTAVO A. MADERO,5563,2,URBANO(A)
9,18,7,IZTAPALAPA,5564,2,URBANO(A)
9,18,7,IZTAPALAPA,5565,2,URBANO(A)
9,5,12,TLALPAN,5566,2,URBANO(A)
9,5,12,TLALPAN,5567,2,URBANO(A)
9,5,12,TLALPAN,5568,2,URBANO(A)
9,5,12,TLALPAN,5569,2,URBANO(A)
9,5,12,TLALPAN,5570,2,URBANO(A)
9,5,12,TLALPAN,5571,2,URBANO(A)
9,7,5,GUSTAVO A. MADERO,5572,2,URBANO(A)
9,7,5,GUSTAVO A. MADERO,5573,2,URBANO(A)
9,7,5,GUSTAVO A. MADERO,5574,2,URBANO(A)
9,7,5,GUSTAVO A. MADERO,5575,2,URBANO(A)
9,7,5,GUSTAVO A. MADERO,5576,2,URBANO(A)
9,10,16,MIGUEL HIDALGO,5577,2,URBANO(A)
9,10,16,MIGUEL HIDALGO,5578,2,URBANO(A)
9,10,16,MIGUEL HIDALGO,5579,2,URBANO(A)
9,17,10,ALVARO OBREGON,5580,2,URBANO(A)
9,17,10,ALVARO OBREGON,5581,2,URBANO(A)
9,20,7,IZTAPALAPA,5582,2,URBANO(A)
9,20,7,IZTAPALAPA,5583,2,URBANO(A)
9,21,9,MILPA ALTA,5584,2,URBANO(A)
9,21,9,MILPA ALTA,5585,2,URBANO(A)
9,1,5,GUSTAVO A. MADERO,5586,2,URBANO(A)
9,1,5,GUSTAVO A. MADERO,5587,2,URBANO(A)
9,1,5,GUSTAVO A. MADERO,5588,2,URBANO(A)
9,7,5,GUSTAVO A. MADERO,5589,2,URBANO(A)
9,7,5,GUSTAVO A. MADERO,5590,2,URBANO(A)
9,7,5,GUSTAVO A. MADERO,5591,2,URBANO(A)
9,4,7,IZTAPALAPA,5592,2,URBANO(A)
9,4,7,IZTAPALAPA,5593,2,URBANO(A)
9,4,7,IZTAPALAPA,5594,2,URBANO(A)
9,5,12,TLALPAN,5595,2,URBANO(A)
9,5,12,TLALPAN,5596,2,URBANO(A)
9,5,12,TLALPAN,5597,2,URBANO(A)
9,5,12,TLALPAN,5598,3,MIXTO(A)
9,9,11,TLAHUAC,5599,2,URBANO(A)
9,9,11,TLAHUAC,5600,2,URBANO(A)
9,9,11,TLAHUAC,5601,2,URBANO(A)
9,9,11,TLAHUAC,5602,2,URBANO(A)
9,9,11,TLAHUAC,5603,2,URBANO(A)
9,9,11,TLAHUAC,5604,2,URBANO(A)
9,17,10,ALVARO OBREGON,5605,2,URBANO(A)
9,17,10,ALVARO OBREGON,5606,2,URBANO(A)
9,17,10,ALVARO OBREGON,5607,2,URBANO(A)
9,21,13,XOCHIMILCO,5608,2,URBANO(A)
9,21,13,XOCHIMILCO,5609,2,URBANO(A)
9,21,13,XOCHIMILCO,5610,2,URBANO(A)
9,21,13,XOCHIMILCO,5611,2,URBANO(A)
9,21,13,XOCHIMILCO,5612,2,URBANO(A)
9,22,7,IZTAPALAPA,5613,2,URBANO(A)
9,22,7,IZTAPALAPA,5614,2,URBANO(A)
9,22,7,IZTAPALAPA,5615,2,URBANO(A)
9,22,7,IZTAPALAPA,5616,2,URBANO(A)
9,22,7,IZTAPALAPA,5617,2,URBANO(A)
9,5,13,XOCHIMILCO,5618,2,URBANO(A)
9,5,13,XOCHIMILCO,5619,2,URBANO(A)
9,5,13,XOCHIMILCO,5620,2,URBANO(A)
9,6,10,ALVARO OBREGON,5621,2,URBANO(A)
9,6,10,ALVARO OBREGON,5622,2,URBANO(A)
9,9,11,TLAHUAC,5623,2,URBANO(A)
9,9,11,TLAHUAC,5624,2,URBANO(A)
9,9,11,TLAHUAC,5625,2,URBANO(A)
9,22,7,IZTAPALAPA,5626,2,URBANO(A)
9,22,7,IZTAPALAPA,5627,2,URBANO(A)
9,22,7,IZTAPALAPA,5628,2,URBANO(A)
9,22,7,IZTAPALAPA,5629,2,URBANO(A)
9,22,7,IZTAPALAPA,5630,2,URBANO(A)
9,9,11,TLAHUAC,5631,2,URBANO(A)
9,9,11,TLAHUAC,5632,2,URBANO(A)
9,9,11,TLAHUAC,5633,2,URBANO(A)
9,9,11,TLAHUAC,5634,2,URBANO(A)
9,16,10,ALVARO OBREGON,5635,2,URBANO(A)
9,16,10,ALVARO OBREGON,5636,2,URBANO(A)
9,16,10,ALVARO OBREGON,5637,2,URBANO(A)
9,16,10,ALVARO OBREGON,5638,2,URBANO(A)
9,16,10,ALVARO OBREGON,5639,2,URBANO(A)
9,18,7,IZTAPALAPA,5640,2,URBANO(A)
9,18,7,IZTAPALAPA,5641,2,URBANO(A)
9,18,7,IZTAPALAPA,5642,2,URBANO(A)
9,18,7,IZTAPALAPA,5643,2,URBANO(A)
