ENTIDAD,DISTRITO,MUNICIPIO,NOMBRE_MUNICIPIO,SECCION,TIPO_SECCION,TIPO_NOMBRE
21,7,1,ACAJETE,1,3,MIXTO(A)
21,7,1,ACAJETE,2,2,URBANO(A)
21,7,1,ACAJETE,3,2,URBANO(A)
21,7,1,ACAJETE,4,3,MIXTO(A)
21,7,1,ACAJETE,5,3,MIXTO(A)
21,7,1,ACAJETE,6,3,MIXTO(A)
21,7,1,ACAJETE,7,2,URBANO(A)
21,7,1,ACAJETE,8,2,URBANO(A)
21,7,1,ACAJETE,9,3,MIXTO(A)
21,7,1,ACAJETE,10,2,URBANO(A)
21,7,1,ACAJETE,11,2,URBANO(A)
21,7,1,ACAJETE,12,2,URBANO(A)
21,7,1,ACAJETE,13,2,URBANO(A)
21,7,1,ACAJETE,14,2,URBANO(A)
21,7,1,ACAJETE,16,2,URBANO(A)
21,7,1,ACAJETE,17,2,URBANO(A)
21,7,1,ACAJETE,18,2,URBANO(A)
21,7,1,ACAJETE,19,2,URBANO(A)
21,3,2,ACATENO,20,3,MIXTO(A)
21,3,2,ACATENO,21,3,MIXTO(A)
21,3,2,ACATENO,22,4,RURAL
21,3,2,ACATENO,23,4,RURAL
21,3,2,ACATENO,24,4,RURAL
21,3,2,ACATENO,25,4,RURAL
21,3,2,ACATENO,26,4,RURAL
21,3,2,ACATENO,27,4,RURAL
21,14,3,ACATLAN,28,2,URBANO(A)
21,14,3,ACATLAN,29,2,URBANO(A)
21,14,3,ACATLAN,30,2,URBANO(A)
21,14,3,ACATLAN,31,2,URBANO(A)
21,14,3,ACATLAN,32,3,MIXTO(A)
21,14,3,ACATLAN,33,2,URBANO(A)
21,14,3,ACATLAN,35,2,URBANO(A)
21,14,3,ACATLAN,36,4,RURAL
21,14,3,ACATLAN,37,4,RURAL
21,14,3,ACATLAN,38,4,RURAL
21,14,3,ACATLAN,39,4,RURAL
21,14,3,ACATLAN,40,3,MIXTO(A)
21,14,3,ACATLAN,41,4,RURAL
21,14,3,ACATLAN,42,4,RURAL
21,14,3,ACATLAN,43,4,RURAL
21,14,3,ACATLAN,44,4,RURAL
21,8,4,ACATZINGO,45,2,URBANO(A)
21,8,4,ACATZINGO,46,2,URBANO(A)
21,8,4,ACATZINGO,47,2,URBANO(A)
21,8,4,ACATZINGO,48,3,MIXTO(A)
21,8,4,ACATZINGO,49,2,URBANO(A)
21,8,4,ACATZINGO,51,2,URBANO(A)
21,8,4,ACATZINGO,52,2,URBANO(A)
21,8,4,ACATZINGO,53,2,URBANO(A)
21,8,4,ACATZINGO,54,2,URBANO(A)
21,8,4,ACATZINGO,55,2,URBANO(A)
21,8,4,ACATZINGO,56,4,RURAL
21,8,4,ACATZINGO,57,3,MIXTO(A)
21,8,4,ACATZINGO,58,3,MIXTO(A)
21,8,4,ACATZINGO,59,4,RURAL
21,8,4,ACATZINGO,60,4,RURAL
21,13,5,ACTEOPAN,61,2,URBANO(A)
21,13,5,ACTEOPAN,62,2,URBANO(A)
21,13,5,ACTEOPAN,63,4,RURAL
21,2,6,AHUACATLAN,64,3,MIXTO(A)
21,2,6,AHUACATLAN,65,3,MIXTO(A)
21,2,6,AHUACATLAN,66,4,RURAL
21,2,6,AHUACATLAN,67,4,RURAL
21,2,6,AHUACATLAN,68,4,RURAL
21,2,6,AHUACATLAN,69,4,RURAL
21,2,6,AHUACATLAN,70,4,RURAL
21,14,7,AHUATLAN,71,3,MIXTO(A)
21,14,7,AHUATLAN,72,3,MIXTO(A)
21,14,7,AHUATLAN,73,4,RURAL
21,14,7,AHUATLAN,74,4,RURAL
21,2,8,AHUAZOTEPEC,75,3,MIXTO(A)
21,2,8,AHUAZOTEPEC,76,3,MIXTO(A)
21,2,8,AHUAZOTEPEC,77,3,MIXTO(A)
21,2,8,AHUAZOTEPEC,78,4,RURAL
21,14,9,AHUEHUETITLA,79,3,MIXTO(A)
21,16,10,AJALPAN,80,2,URBANO(A)
21,16,10,AJALPAN,81,2,URBANO(A)
21,16,10,AJALPAN,82,2,URBANO(A)
21,16,10,AJALPAN,83,2,URBANO(A)
21,16,10,AJALPAN,84,2,URBANO(A)
21,16,10,AJALPAN,85,2,URBANO(A)
21,16,10,AJALPAN,86,3,MIXTO(A)
21,16,10,AJALPAN,87,4,RURAL
21,16,10,AJALPAN,88,4,RURAL
21,16,10,AJALPAN,89,4,RURAL
21,16,10,AJALPAN,90,4,RURAL
21,16,10,AJALPAN,91,4,RURAL
21,16,10,AJALPAN,92,4,RURAL
21,16,10,AJALPAN,93,4,RURAL
21,16,10,AJALPAN,94,4,RURAL
21,16,10,AJALPAN,95,4,RURAL
21,16,10,AJALPAN,97,4,RURAL
21,16,10,AJALPAN,98,4,RURAL
21,16,10,AJALPAN,99,4,RURAL
21,16,10,AJALPAN,100,4,RURAL
21,16,10,AJALPAN,101,4,RURAL
21,14,11,ALBINO ZERTUCHE,102,3,MIXTO(A)
21,8,12,ALJOJUCA,103,2,URBANO(A)
21,8,12,ALJOJUCA,104,3,MIXTO(A)
21,8,12,ALJOJUCA,105,3,MIXTO(A)
21,8,12,ALJOJUCA,106,4,RURAL
21,16,13,ALTEPEXI,107,3,MIXTO(A)
21,16,13,ALTEPEXI,108,2,URBANO(A)
21,16,13,ALTEPEXI,109,2,URBANO(A)
21,16,13,ALTEPEXI,110,2,URBANO(A)
21,16,13,ALTEPEXI,111,2,URBANO(A)
21,16,13,ALTEPEXI,112,2,URBANO(A)
21,2,14,AMIXTLAN,113,3,MIXTO(A)
21,2,14,AMIXTLAN,114,2,URBANO(A)
21,2,14,AMIXTLAN,115,4,RURAL
21,7,15,AMOZOC,116,2,URBANO(A)
21,7,15,AMOZOC,117,3,MIXTO(A)
21,7,15,AMOZOC,118,2,URBANO(A)
21,7,15,AMOZOC,119,2,URBANO(A)
21,7,15,AMOZOC,120,2,URBANO(A)
21,7,15,AMOZOC,121,3,MIXTO(A)
21,7,15,AMOZOC,122,2,URBANO(A)
21,7,15,AMOZOC,123,2,URBANO(A)
21,7,15,AMOZOC,124,2,URBANO(A)
21,7,15,AMOZOC,125,2,URBANO(A)
21,7,15,AMOZOC,126,2,URBANO(A)
21,7,15,AMOZOC,127,2,URBANO(A)
21,7,15,AMOZOC,128,2,URBANO(A)
21,7,15,AMOZOC,130,3,MIXTO(A)
21,7,15,AMOZOC,131,2,URBANO(A)
21,7,15,AMOZOC,133,4,RURAL
21,2,16,AQUIXTLA,134,3,MIXTO(A)
21,2,16,AQUIXTLA,135,4,RURAL
21,2,16,AQUIXTLA,136,4,RURAL
21,2,16,AQUIXTLA,137,4,RURAL
21,2,16,AQUIXTLA,138,4,RURAL
21,3,17,ATEMPAN,139,3,MIXTO(A)
21,3,17,ATEMPAN,140,3,MIXTO(A)
21,3,17,ATEMPAN,141,4,RURAL
21,3,17,ATEMPAN,142,4,RURAL
21,3,17,ATEMPAN,143,4,RURAL
21,3,17,ATEMPAN,144,4,RURAL
21,3,17,ATEMPAN,146,4,RURAL
21,3,17,ATEMPAN,147,4,RURAL
21,16,18,ATEXCAL,148,3,MIXTO(A)
21,16,18,ATEXCAL,149,4,RURAL
21,16,18,ATEXCAL,150,4,RURAL
21,16,18,ATEXCAL,151,4,RURAL
21,16,18,ATEXCAL,152,4,RURAL
21,16,18,ATEXCAL,153,4,RURAL
21,13,19,ATLIXCO,154,2,URBANO(A)
21,13,19,ATLIXCO,155,2,URBANO(A)
21,13,19,ATLIXCO,156,2,URBANO(A)
21,13,19,ATLIXCO,157,2,URBANO(A)
21,13,19,ATLIXCO,158,3,MIXTO(A)
21,13,19,ATLIXCO,159,3,MIXTO(A)
21,13,19,ATLIXCO,160,2,URBANO(A)
21,13,19,ATLIXCO,161,2,URBANO(A)
21,13,19,ATLIXCO,162,2,URBANO(A)
21,13,19,ATLIXCO,164,2,URBANO(A)
21,13,19,ATLIXCO,165,2,URBANO(A)
21,13,19,ATLIXCO,166,2,URBANO(A)
21,13,19,ATLIXCO,167,2,URBANO(A)
21,13,19,ATLIXCO,168,2,URBANO(A)
21,13,19,ATLIXCO,169,2,URBANO(A)
21,13,19,ATLIXCO,170,2,URBANO(A)
21,13,19,ATLIXCO,171,2,URBANO(A)
21,13,19,ATLIXCO,172,2,URBANO(A)
21,13,19,ATLIXCO,173,2,URBANO(A)
21,13,19,ATLIXCO,174,3,MIXTO(A)
21,13,19,ATLIXCO,175,2,URBANO(A)
21,13,19,ATLIXCO,176,2,URBANO(A)
21,13,19,ATLIXCO,177,2,URBANO(A)
21,13,19,ATLIXCO,178,2,URBANO(A)
21,13,19,ATLIXCO,179,2,URBANO(A)
21,13,19,ATLIXCO,180,2,URBANO(A)
21,13,19,ATLIXCO,181,2,URBANO(A)
21,13,19,ATLIXCO,182,2,URBANO(A)
21,13,19,ATLIXCO,183,2,URBANO(A)
21,13,19,ATLIXCO,184,2,URBANO(A)
21,13,19,ATLIXCO,185,2,URBANO(A)
21,13,19,ATLIXCO,186,2,URBANO(A)
21,13,19,ATLIXCO,187,2,URBANO(A)
21,13,19,ATLIXCO,188,2,URBANO(A)
21,13,19,ATLIXCO,189,2,URBANO(A)
21,13,19,ATLIXCO,190,2,URBANO(A)
21,13,19,ATLIXCO,191,2,URBANO(A)
21,13,19,ATLIXCO,192,2,URBANO(A)
21,13,19,ATLIXCO,193,2,URBANO(A)
21,13,19,ATLIXCO,194,2,URBANO(A)
21,13,19,ATLIXCO,195,3,MIXTO(A)
21,13,19,ATLIXCO,196,2,URBANO(A)
21,13,19,ATLIXCO,197,2,URBANO(A)
21,13,19,ATLIXCO,198,2,URBANO(A)
21,13,19,ATLIXCO,199,2,URBANO(A)
21,13,19,ATLIXCO,200,2,URBANO(A)
21,13,19,ATLIXCO,201,2,URBANO(A)
21,13,19,ATLIXCO,202,3,MIXTO(A)
21,13,19,ATLIXCO,203,3,MIXTO(A)
21,13,19,ATLIXCO,204,3,MIXTO(A)
21,13,19,ATLIXCO,205,2,URBANO(A)
21,13,19,ATLIXCO,206,2,URBANO(A)
21,13,19,ATLIXCO,207,3,MIXTO(A)
21,13,19,ATLIXCO,208,4,RURAL
21,13,19,ATLIXCO,209,4,RURAL
21,13,19,ATLIXCO,210,4,RURAL
21,13,19,ATLIXCO,211,2,URBANO(A)
21,13,19,ATLIXCO,212,3,MIXTO(A)
21,13,19,ATLIXCO,213,2,URBANO(A)
21,13,19,ATLIXCO,214,4,RURAL
21,13,19,ATLIXCO,215,4,RURAL
21,13,19,ATLIXCO,216,4,RURAL
21,13,19,ATLIXCO,217,4,RURAL
21,13,19,ATLIXCO,218,4,RURAL
21,13,19,ATLIXCO,219,4,RURAL
21,13,19,ATLIXCO,220,4,RURAL
21,13,19,ATLIXCO,221,4,RURAL
21,7,20,ATOYATEMPAN,222,3,MIXTO(A)
21,7,20,ATOYATEMPAN,223,3,MIXTO(A)
21,14,21,ATZALA,224,3,MIXTO(A)
21,13,22,ATZITZIHUACAN,225,3,MIXTO(A)
21,13,22,ATZITZIHUACAN,226,2,URBANO(A)
21,13,22,ATZITZIHUACAN,227,3,MIXTO(A)
21,13,22,ATZITZIHUACAN,228,2,URBANO(A)
21,13,22,ATZITZIHUACAN,229,3,MIXTO(A)
21,13,22,ATZITZIHUACAN,230,4,RURAL
21,13,22,ATZITZIHUACAN,231,4,RURAL
21,13,22,ATZITZIHUACAN,232,4,RURAL
21,13,22,ATZITZIHUACAN,233,4,RURAL
21,8,23,ATZITZINTLA,234,3,MIXTO(A)
21,8,23,ATZITZINTLA,235,3,MIXTO(A)
21,8,23,ATZITZINTLA,236,4,RURAL
21,8,23,ATZITZINTLA,237,4,RURAL
21,8,23,ATZITZINTLA,238,4,RURAL
21,14,24,AXUTLA,239,3,MIXTO(A)
21,14,24,AXUTLA,240,4,RURAL
21,3,25,AYOTOXCO DE GUERRERO,241,3,MIXTO(A)
21,3,25,AYOTOXCO DE GUERRERO,242,3,MIXTO(A)
21,3,25,AYOTOXCO DE GUERRERO,243,4,RURAL
21,3,25,AYOTOXCO DE GUERRERO,244,4,RURAL
21,13,26,CALPAN,245,2,URBANO(A)
21,13,26,CALPAN,246,2,URBANO(A)
21,13,26,CALPAN,247,2,URBANO(A)
21,13,26,CALPAN,248,3,MIXTO(A)
21,13,26,CALPAN,249,2,URBANO(A)
21,13,26,CALPAN,250,2,URBANO(A)
21,13,26,CALPAN,251,2,URBANO(A)
21,13,26,CALPAN,252,2,URBANO(A)
21,16,27,CALTEPEC,253,3,MIXTO(A)
21,16,27,CALTEPEC,254,4,RURAL
21,16,27,CALTEPEC,255,4,RURAL
21,16,27,CALTEPEC,256,4,RURAL
21,16,27,CALTEPEC,257,4,RURAL
21,16,27,CALTEPEC,258,4,RURAL
21,2,28,CAMOCUAUTLA,260,3,MIXTO(A)
21,2,28,CAMOCUAUTLA,261,4,RURAL
21,15,29,CAÑADA MORELOS,262,2,URBANO(A)
21,15,29,CAÑADA MORELOS,263,2,URBANO(A)
21,15,29,CAÑADA MORELOS,264,4,RURAL
21,15,29,CAÑADA MORELOS,265,4,RURAL
21,15,29,CAÑADA MORELOS,266,4,RURAL
21,15,29,CAÑADA MORELOS,267,4,RURAL
21,15,29,CAÑADA MORELOS,268,4,RURAL
21,15,29,CAÑADA MORELOS,269,4,RURAL
21,15,29,CAÑADA MORELOS,270,3,MIXTO(A)
21,2,30,CAXHUACAN,271,3,MIXTO(A)
21,2,30,CAXHUACAN,272,2,URBANO(A)
21,2,31,COATEPEC,273,2,URBANO(A)
21,14,32,COATZINGO,274,2,URBANO(A)
21,14,32,COATZINGO,275,2,URBANO(A)
21,14,32,COATZINGO,276,4,RURAL
21,14,33,COHETZALA,277,3,MIXTO(A)
21,14,33,COHETZALA,278,4,RURAL
21,13,34,COHUECAN,279,2,URBANO(A)
21,13,34,COHUECAN,280,4,RURAL
21,13,34,COHUECAN,281,4,RURAL
21,13,35,CORONANGO,282,2,URBANO(A)
21,13,35,CORONANGO,283,2,URBANO(A)
21,13,35,CORONANGO,284,2,URBANO(A)
21,13,35,CORONANGO,285,2,URBANO(A)
21,13,35,CORONANGO,286,2,URBANO(A)
21,13,35,CORONANGO,287,2,URBANO(A)
21,13,35,CORONANGO,288,2,URBANO(A)
21,13,35,CORONANGO,289,2,URBANO(A)
21,13,35,CORONANGO,290,2,URBANO(A)
21,13,35,CORONANGO,292,2,URBANO(A)
21,13,35,CORONANGO,293,2,URBANO(A)
21,16,36,COXCATLAN,294,2,URBANO(A)
21,16,36,COXCATLAN,295,2,URBANO(A)
21,16,36,COXCATLAN,296,2,URBANO(A)
21,16,36,COXCATLAN,297,3,MIXTO(A)
21,16,36,COXCATLAN,298,4,RURAL
21,16,36,COXCATLAN,299,4,RURAL
21,16,36,COXCATLAN,300,2,URBANO(A)
21,16,36,COXCATLAN,301,2,URBANO(A)
21,16,36,COXCATLAN,302,4,RURAL
21,16,36,COXCATLAN,303,4,RURAL
21,16,36,COXCATLAN,304,4,RURAL
21,16,36,COXCATLAN,305,3,MIXTO(A)
21,16,37,COYOMEAPAN,306,3,MIXTO(A)
21,16,37,COYOMEAPAN,307,3,MIXTO(A)
21,16,37,COYOMEAPAN,308,4,RURAL
21,16,37,COYOMEAPAN,309,4,RURAL
21,16,37,COYOMEAPAN,310,4,RURAL
21,16,37,COYOMEAPAN,311,4,RURAL
21,16,37,COYOMEAPAN,312,4,RURAL
21,16,37,COYOMEAPAN,313,4,RURAL
21,16,38,COYOTEPEC,314,2,URBANO(A)
21,16,38,COYOTEPEC,315,4,RURAL
21,16,38,COYOTEPEC,316,4,RURAL
21,7,39,CUAPIAXTLA DE MADERO,318,3,MIXTO(A)
21,2,40,CUAUTEMPAN,319,3,MIXTO(A)
21,2,40,CUAUTEMPAN,320,3,MIXTO(A)
21,2,40,CUAUTEMPAN,321,4,RURAL
21,2,40,CUAUTEMPAN,322,4,RURAL
21,10,42,CUAUTLANCINGO,326,2,URBANO(A)
21,10,42,CUAUTLANCINGO,327,2,URBANO(A)
21,10,42,CUAUTLANCINGO,328,2,URBANO(A)
21,10,42,CUAUTLANCINGO,329,2,URBANO(A)
21,10,42,CUAUTLANCINGO,331,2,URBANO(A)
21,10,42,CUAUTLANCINGO,332,2,URBANO(A)
21,10,42,CUAUTLANCINGO,333,2,URBANO(A)
21,10,42,CUAUTLANCINGO,334,2,URBANO(A)
21,10,42,CUAUTLANCINGO,335,2,URBANO(A)
21,10,42,CUAUTLANCINGO,336,2,URBANO(A)
21,10,42,CUAUTLANCINGO,337,2,URBANO(A)
21,10,42,CUAUTLANCINGO,338,2,URBANO(A)
21,14,43,CUAYUCA DE ANDRADE,340,3,MIXTO(A)
21,14,43,CUAYUCA DE ANDRADE,341,4,RURAL
21,14,43,CUAYUCA DE ANDRADE,342,4,RURAL
21,14,43,CUAYUCA DE ANDRADE,343,4,RURAL
21,3,44,CUETZALAN DEL PROGRESO,344,2,URBANO(A)
21,3,44,CUETZALAN DEL PROGRESO,345,2,URBANO(A)
21,3,44,CUETZALAN DEL PROGRESO,346,3,MIXTO(A)
21,3,44,CUETZALAN DEL PROGRESO,347,2,URBANO(A)
21,3,44,CUETZALAN DEL PROGRESO,348,4,RURAL
21,3,44,CUETZALAN DEL PROGRESO,349,4,RURAL
21,3,44,CUETZALAN DEL PROGRESO,350,4,RURAL
21,3,44,CUETZALAN DEL PROGRESO,351,4,RURAL
21,3,44,CUETZALAN DEL PROGRESO,352,4,RURAL
21,3,44,CUETZALAN DEL PROGRESO,353,4,RURAL
21,3,44,CUETZALAN DEL PROGRESO,354,4,RURAL
21,3,44,CUETZALAN DEL PROGRESO,355,4,RURAL
21,3,44,CUETZALAN DEL PROGRESO,356,4,RURAL
21,3,44,CUETZALAN DEL PROGRESO,357,4,RURAL
21,3,44,CUETZALAN DEL PROGRESO,358,4,RURAL
21,3,44,CUETZALAN DEL PROGRESO,359,4,RURAL
21,3,44,CUETZALAN DEL PROGRESO,360,4,RURAL
21,3,44,CUETZALAN DEL PROGRESO,361,4,RURAL
21,3,44,CUETZALAN DEL PROGRESO,362,4,RURAL
21,3,44,CUETZALAN DEL PROGRESO,363,4,RURAL
21,4,45,CUYOACO,364,3,MIXTO(A)
21,4,45,CUYOACO,365,3,MIXTO(A)
21,4,45,CUYOACO,366,4,RURAL
21,4,45,CUYOACO,367,3,MIXTO(A)
21,4,45,CUYOACO,368,4,RURAL
21,4,45,CUYOACO,369,2,URBANO(A)
21,4,45,CUYOACO,370,3,MIXTO(A)
21,8,46,CHALCHICOMULA DE SESMA,371,2,URBANO(A)
21,8,46,CHALCHICOMULA DE SESMA,372,3,MIXTO(A)
21,8,46,CHALCHICOMULA DE SESMA,373,2,URBANO(A)
21,8,46,CHALCHICOMULA DE SESMA,374,2,URBANO(A)
21,8,46,CHALCHICOMULA DE SESMA,375,2,URBANO(A)
21,8,46,CHALCHICOMULA DE SESMA,376,2,URBANO(A)
21,8,46,CHALCHICOMULA DE SESMA,377,2,URBANO(A)
21,8,46,CHALCHICOMULA DE SESMA,378,3,MIXTO(A)
21,8,46,CHALCHICOMULA DE SESMA,379,3,MIXTO(A)
21,8,46,CHALCHICOMULA DE SESMA,380,2,URBANO(A)
21,8,46,CHALCHICOMULA DE SESMA,381,4,RURAL
21,8,46,CHALCHICOMULA DE SESMA,382,4,RURAL
21,8,46,CHALCHICOMULA DE SESMA,383,4,RURAL
21,8,46,CHALCHICOMULA DE SESMA,384,4,RURAL
21,8,46,CHALCHICOMULA DE SESMA,385,4,RURAL
21,8,46,CHALCHICOMULA DE SESMA,386,3,MIXTO(A)
21,8,46,CHALCHICOMULA DE SESMA,387,4,RURAL
21,8,46,CHALCHICOMULA DE SESMA,388,4,RURAL
21,8,46,CHALCHICOMULA DE SESMA,389,4,RURAL
21,8,46,CHALCHICOMULA DE SESMA,390,4,RURAL
21,8,46,CHALCHICOMULA DE SESMA,391,4,RURAL
21,8,46,CHALCHICOMULA DE SESMA,392,4,RURAL
21,8,46,CHALCHICOMULA DE SESMA,393,4,RURAL
21,8,46,CHALCHICOMULA DE SESMA,394,4,RURAL
21,15,47,CHAPULCO,395,3,MIXTO(A)
21,15,47,CHAPULCO,396,2,URBANO(A)
21,15,47,CHAPULCO,397,4,RURAL
21,14,48,CHIAUTLA,398,2,URBANO(A)
21,14,48,CHIAUTLA,399,3,MIXTO(A)
21,14,48,CHIAUTLA,400,2,URBANO(A)
21,14,48,CHIAUTLA,401,3,MIXTO(A)
21,14,48,CHIAUTLA,402,2,URBANO(A)
21,14,48,CHIAUTLA,403,3,MIXTO(A)
21,14,48,CHIAUTLA,404,3,MIXTO(A)
21,14,48,CHIAUTLA,405,3,MIXTO(A)
21,14,48,CHIAUTLA,406,4,RURAL
21,14,48,CHIAUTLA,407,4,RURAL
21,14,48,CHIAUTLA,408,4,RURAL
21,14,48,CHIAUTLA,409,4,RURAL
21,14,48,CHIAUTLA,410,4,RURAL
21,14,48,CHIAUTLA,411,4,RURAL
21,14,48,CHIAUTLA,412,4,RURAL
21,14,48,CHIAUTLA,413,4,RURAL
21,14,48,CHIAUTLA,414,4,RURAL
21,5,49,CHIAUTZINGO,415,3,MIXTO(A)
21,5,49,CHIAUTZINGO,416,2,URBANO(A)
21,5,49,CHIAUTZINGO,417,2,URBANO(A)
21,5,49,CHIAUTZINGO,418,2,URBANO(A)
21,5,49,CHIAUTZINGO,419,4,RURAL
21,5,49,CHIAUTZINGO,420,4,RURAL
21,5,49,CHIAUTZINGO,421,2,URBANO(A)
21,5,49,CHIAUTZINGO,422,2,URBANO(A)
21,1,50,CHICONCUAUTLA,423,3,MIXTO(A)
21,1,50,CHICONCUAUTLA,424,4,RURAL
21,1,50,CHICONCUAUTLA,425,4,RURAL
21,1,50,CHICONCUAUTLA,426,4,RURAL
21,1,50,CHICONCUAUTLA,427,4,RURAL
21,1,50,CHICONCUAUTLA,428,4,RURAL
21,1,50,CHICONCUAUTLA,429,4,RURAL
21,4,51,CHICHIQUILA,430,3,MIXTO(A)
21,4,51,CHICHIQUILA,431,4,RURAL
21,4,51,CHICHIQUILA,432,4,RURAL
21,4,51,CHICHIQUILA,433,4,RURAL
21,4,51,CHICHIQUILA,434,4,RURAL
21,4,51,CHICHIQUILA,435,4,RURAL
21,4,51,CHICHIQUILA,436,4,RURAL
21,4,51,CHICHIQUILA,437,4,RURAL
21,4,51,CHICHIQUILA,438,4,RURAL
21,14,52,CHIETLA,439,2,URBANO(A)
21,14,52,CHIETLA,440,2,URBANO(A)
21,14,52,CHIETLA,441,2,URBANO(A)
21,14,52,CHIETLA,442,4,RURAL
21,14,52,CHIETLA,443,4,RURAL
21,14,52,CHIETLA,444,3,MIXTO(A)
21,14,52,CHIETLA,445,2,URBANO(A)
21,14,52,CHIETLA,446,2,URBANO(A)
21,14,52,CHIETLA,447,2,URBANO(A)
21,14,52,CHIETLA,448,2,URBANO(A)
21,14,52,CHIETLA,449,2,URBANO(A)
21,14,52,CHIETLA,450,2,URBANO(A)
21,14,52,CHIETLA,451,4,RURAL
21,14,52,CHIETLA,452,2,URBANO(A)
21,14,52,CHIETLA,453,2,URBANO(A)
21,14,52,CHIETLA,454,4,RURAL
21,14,52,CHIETLA,455,4,RURAL
21,14,52,CHIETLA,456,3,MIXTO(A)
21,14,52,CHIETLA,457,4,RURAL
21,14,52,CHIETLA,458,4,RURAL
21,14,53,CHIGMECATITLAN,459,2,URBANO(A)
21,14,53,CHIGMECATITLAN,460,2,URBANO(A)
21,2,54,CHIGNAHUAPAN,461,2,URBANO(A)
21,2,54,CHIGNAHUAPAN,462,2,URBANO(A)
21,2,54,CHIGNAHUAPAN,463,3,MIXTO(A)
21,2,54,CHIGNAHUAPAN,464,2,URBANO(A)
21,2,54,CHIGNAHUAPAN,465,2,URBANO(A)
21,2,54,CHIGNAHUAPAN,466,3,MIXTO(A)
21,2,54,CHIGNAHUAPAN,467,2,URBANO(A)
21,2,54,CHIGNAHUAPAN,469,4,RURAL
21,2,54,CHIGNAHUAPAN,470,4,RURAL
21,2,54,CHIGNAHUAPAN,471,4,RURAL
21,2,54,CHIGNAHUAPAN,472,4,RURAL
21,2,54,CHIGNAHUAPAN,473,4,RURAL
21,2,54,CHIGNAHUAPAN,474,4,RURAL
21,2,54,CHIGNAHUAPAN,475,4,RURAL
21,2,54,CHIGNAHUAPAN,476,3,MIXTO(A)
21,2,54,CHIGNAHUAPAN,477,4,RURAL
21,2,54,CHIGNAHUAPAN,478,4,RURAL
21,2,54,CHIGNAHUAPAN,479,4,RURAL
21,2,54,CHIGNAHUAPAN,480,4,RURAL
21,2,54,CHIGNAHUAPAN,481,4,RURAL
21,2,54,CHIGNAHUAPAN,482,4,RURAL
21,2,54,CHIGNAHUAPAN,483,3,MIXTO(A)
21,2,54,CHIGNAHUAPAN,484,3,MIXTO(A)
21,2,54,CHIGNAHUAPAN,485,4,RURAL
21,2,54,CHIGNAHUAPAN,486,4,RURAL
21,2,54,CHIGNAHUAPAN,487,4,RURAL
21,2,54,CHIGNAHUAPAN,488,4,RURAL
21,4,55,CHIGNAUTLA,489,3,MIXTO(A)
21,4,55,CHIGNAUTLA,490,4,RURAL
21,4,55,CHIGNAUTLA,491,3,MIXTO(A)
21,4,55,CHIGNAUTLA,495,4,RURAL
21,14,56,CHILA,496,3,MIXTO(A)
21,14,56,CHILA,497,3,MIXTO(A)
21,14,56,CHILA,498,4,RURAL
21,14,56,CHILA,499,4,RURAL
21,14,57,CHILA DE LA SAL,500,3,MIXTO(A)
21,14,57,CHILA DE LA SAL,501,4,RURAL
21,1,58,HONEY,502,3,MIXTO(A)
21,1,58,HONEY,503,4,RURAL
21,1,58,HONEY,504,4,RURAL
21,4,59,CHILCHOTLA,505,2,URBANO(A)
21,4,59,CHILCHOTLA,506,3,MIXTO(A)
21,4,59,CHILCHOTLA,507,4,RURAL
21,4,59,CHILCHOTLA,508,4,RURAL
21,4,59,CHILCHOTLA,509,4,RURAL
21,4,59,CHILCHOTLA,510,4,RURAL
21,4,59,CHILCHOTLA,511,4,RURAL
21,14,60,CHINANTLA,512,3,MIXTO(A)
21,14,60,CHINANTLA,513,4,RURAL
21,14,60,CHINANTLA,514,4,RURAL
21,5,61,DOMINGO ARENAS,515,2,URBANO(A)
21,5,61,DOMINGO ARENAS,516,3,MIXTO(A)
21,5,61,DOMINGO ARENAS,517,2,URBANO(A)
21,16,62,ELOXOCHITLAN,518,4,RURAL
21,16,62,ELOXOCHITLAN,520,4,RURAL
21,16,62,ELOXOCHITLAN,521,4,RURAL
21,16,62,ELOXOCHITLAN,522,4,RURAL
21,16,62,ELOXOCHITLAN,523,4,RURAL
21,14,63,EPATLAN,524,2,URBANO(A)
21,14,63,EPATLAN,525,4,RURAL
21,8,64,ESPERANZA,526,2,URBANO(A)
21,8,64,ESPERANZA,527,3,MIXTO(A)
21,8,64,ESPERANZA,528,2,URBANO(A)
21,8,64,ESPERANZA,529,2,URBANO(A)
21,8,64,ESPERANZA,530,4,RURAL
21,8,64,ESPERANZA,531,4,RURAL
21,8,64,ESPERANZA,532,4,RURAL
21,8,64,ESPERANZA,533,4,RURAL
21,8,64,ESPERANZA,534,4,RURAL
21,1,65,FRANCISCO Z. MENA,535,3,MIXTO(A)
21,1,65,FRANCISCO Z. MENA,536,3,MIXTO(A)
21,1,65,FRANCISCO Z. MENA,537,4,RURAL
21,1,65,FRANCISCO Z. MENA,538,4,RURAL
21,1,65,FRANCISCO Z. MENA,539,4,RURAL
21,1,65,FRANCISCO Z. MENA,540,4,RURAL
21,1,65,FRANCISCO Z. MENA,541,4,RURAL
21,1,65,FRANCISCO Z. MENA,542,4,RURAL
21,1,65,FRANCISCO Z. MENA,543,4,RURAL
21,8,66,GENERAL FELIPE ANGELES,544,2,URBANO(A)
21,8,66,GENERAL FELIPE ANGELES,545,3,MIXTO(A)
21,8,66,GENERAL FELIPE ANGELES,546,2,URBANO(A)
21,8,66,GENERAL FELIPE ANGELES,547,2,URBANO(A)
21,8,66,GENERAL FELIPE ANGELES,548,2,URBANO(A)
21,8,66,GENERAL FELIPE ANGELES,549,2,URBANO(A)
21,8,66,GENERAL FELIPE ANGELES,550,3,MIXTO(A)
21,14,67,GUADALUPE,551,2,URBANO(A)
21,14,67,GUADALUPE,552,4,RURAL
21,14,67,GUADALUPE,553,4,RURAL
21,14,67,GUADALUPE,554,4,RURAL
21,4,68,GUADALUPE VICTORIA,555,2,URBANO(A)
21,4,68,GUADALUPE VICTORIA,556,3,MIXTO(A)
21,4,68,GUADALUPE VICTORIA,557,2,URBANO(A)
21,4,68,GUADALUPE VICTORIA,558,3,MIXTO(A)
21,4,68,GUADALUPE VICTORIA,559,4,RURAL
21,4,68,GUADALUPE VICTORIA,560,4,RURAL
21,4,68,GUADALUPE VICTORIA,561,4,RURAL
21,4,68,GUADALUPE VICTORIA,562,4,RURAL
21,4,68,GUADALUPE VICTORIA,563,4,RURAL
21,4,68,GUADALUPE VICTORIA,564,4,RURAL
21,2,69,HERMENEGILDO GALEANA,565,3,MIXTO(A)
21,2,69,HERMENEGILDO GALEANA,566,4,RURAL
21,2,69,HERMENEGILDO GALEANA,567,4,RURAL
21,2,69,HERMENEGILDO GALEANA,568,4,RURAL
21,13,70,HUAQUECHULA,569,3,MIXTO(A)
21,13,70,HUAQUECHULA,570,3,MIXTO(A)
21,13,70,HUAQUECHULA,571,3,MIXTO(A)
21,13,70,HUAQUECHULA,572,2,URBANO(A)
21,13,70,HUAQUECHULA,573,3,MIXTO(A)
21,13,70,HUAQUECHULA,574,4,RURAL
21,13,70,HUAQUECHULA,575,4,RURAL
21,13,70,HUAQUECHULA,576,4,RURAL
21,13,70,HUAQUECHULA,577,4,RURAL
21,13,70,HUAQUECHULA,578,4,RURAL
21,13,70,HUAQUECHULA,579,3,MIXTO(A)
21,13,70,HUAQUECHULA,580,3,MIXTO(A)
21,13,70,HUAQUECHULA,581,4,RURAL
21,13,70,HUAQUECHULA,582,2,URBANO(A)
21,13,70,HUAQUECHULA,583,3,MIXTO(A)
21,13,70,HUAQUECHULA,584,4,RURAL
21,13,70,HUAQUECHULA,585,2,URBANO(A)
21,13,70,HUAQUECHULA,586,4,RURAL
21,13,70,HUAQUECHULA,587,4,RURAL
21,14,71,HUATLATLAUCA,588,3,MIXTO(A)
21,14,71,HUATLATLAUCA,589,3,MIXTO(A)
21,14,71,HUATLATLAUCA,590,4,RURAL
21,14,71,HUATLATLAUCA,591,4,RURAL
21,14,71,HUATLATLAUCA,592,4,RURAL
21,14,71,HUATLATLAUCA,593,4,RURAL
21,1,72,HUAUCHINANGO,594,2,URBANO(A)
21,1,72,HUAUCHINANGO,595,2,URBANO(A)
21,1,72,HUAUCHINANGO,596,3,MIXTO(A)
21,1,72,HUAUCHINANGO,597,2,URBANO(A)
21,1,72,HUAUCHINANGO,598,2,URBANO(A)
21,1,72,HUAUCHINANGO,599,2,URBANO(A)
21,1,72,HUAUCHINANGO,600,2,URBANO(A)
21,1,72,HUAUCHINANGO,601,2,URBANO(A)
21,1,72,HUAUCHINANGO,602,2,URBANO(A)
21,1,72,HUAUCHINANGO,603,2,URBANO(A)
21,1,72,HUAUCHINANGO,604,2,URBANO(A)
21,1,72,HUAUCHINANGO,605,2,URBANO(A)
21,1,72,HUAUCHINANGO,606,2,URBANO(A)
21,1,72,HUAUCHINANGO,607,2,URBANO(A)
21,1,72,HUAUCHINANGO,608,2,URBANO(A)
21,1,72,HUAUCHINANGO,609,2,URBANO(A)
21,1,72,HUAUCHINANGO,610,2,URBANO(A)
21,1,72,HUAUCHINANGO,611,2,URBANO(A)
21,1,72,HUAUCHINANGO,612,3,MIXTO(A)
21,1,72,HUAUCHINANGO,613,4,RURAL
21,1,72,HUAUCHINANGO,614,4,RURAL
21,1,72,HUAUCHINANGO,615,2,URBANO(A)
21,1,72,HUAUCHINANGO,616,2,URBANO(A)
21,1,72,HUAUCHINANGO,617,2,URBANO(A)
21,1,72,HUAUCHINANGO,618,4,RURAL
21,1,72,HUAUCHINANGO,619,4,RURAL
21,1,72,HUAUCHINANGO,620,4,RURAL
21,1,72,HUAUCHINANGO,621,4,RURAL
21,1,72,HUAUCHINANGO,622,4,RURAL
21,1,72,HUAUCHINANGO,623,2,URBANO(A)
21,1,72,HUAUCHINANGO,624,4,RURAL
21,1,72,HUAUCHINANGO,625,4,RURAL
21,1,72,HUAUCHINANGO,626,4,RURAL
21,1,72,HUAUCHINANGO,627,4,RURAL
21,1,72,HUAUCHINANGO,628,4,RURAL
21,1,72,HUAUCHINANGO,629,4,RURAL
21,1,72,HUAUCHINANGO,630,4,RURAL
21,2,73,HUEHUETLA,631,3,MIXTO(A)
21,2,73,HUEHUETLA,632,3,MIXTO(A)
21,2,73,HUEHUETLA,633,4,RURAL
21,2,73,HUEHUETLA,634,4,RURAL
21,2,73,HUEHUETLA,635,2,URBANO(A)
21,2,73,HUEHUETLA,636,3,MIXTO(A)
21,2,73,HUEHUETLA,637,4,RURAL
21,2,73,HUEHUETLA,638,4,RURAL
21,2,73,HUEHUETLA,639,4,RURAL
21,14,74,HUEHUETLAN EL CHICO,640,3,MIXTO(A)
21,14,74,HUEHUETLAN EL CHICO,641,3,MIXTO(A)
21,14,74,HUEHUETLAN EL CHICO,642,2,URBANO(A)
21,14,74,HUEHUETLAN EL CHICO,643,3,MIXTO(A)
21,14,74,HUEHUETLAN EL CHICO,644,4,RURAL
21,14,74,HUEHUETLAN EL CHICO,645,4,RURAL
21,14,75,HUEHUETLAN EL GRANDE,646,3,MIXTO(A)
21,14,75,HUEHUETLAN EL GRANDE,647,3,MIXTO(A)
21,14,75,HUEHUETLAN EL GRANDE,648,4,RURAL
21,14,75,HUEHUETLAN EL GRANDE,649,4,RURAL
21,14,75,HUEHUETLAN EL GRANDE,650,4,RURAL
21,5,76,HUEJOTZINGO,651,2,URBANO(A)
21,5,76,HUEJOTZINGO,652,2,URBANO(A)
21,5,76,HUEJOTZINGO,654,2,URBANO(A)
21,5,76,HUEJOTZINGO,655,2,URBANO(A)
21,5,76,HUEJOTZINGO,656,3,MIXTO(A)
21,5,76,HUEJOTZINGO,657,2,URBANO(A)
21,5,76,HUEJOTZINGO,658,2,URBANO(A)
21,5,76,HUEJOTZINGO,659,2,URBANO(A)
21,5,76,HUEJOTZINGO,660,2,URBANO(A)
21,5,76,HUEJOTZINGO,661,2,URBANO(A)
21,5,76,HUEJOTZINGO,662,2,URBANO(A)
21,5,76,HUEJOTZINGO,663,3,MIXTO(A)
21,5,76,HUEJOTZINGO,664,2,URBANO(A)
21,5,76,HUEJOTZINGO,665,2,URBANO(A)
21,5,76,HUEJOTZINGO,666,4,RURAL
21,5,76,HUEJOTZINGO,667,4,RURAL
21,5,76,HUEJOTZINGO,668,4,RURAL
21,5,76,HUEJOTZINGO,669,4,RURAL
21,5,76,HUEJOTZINGO,670,2,URBANO(A)
21,5,76,HUEJOTZINGO,671,4,RURAL
21,5,76,HUEJOTZINGO,672,4,RURAL
21,3,77,HUEYAPAN,673,4,RURAL
21,3,77,HUEYAPAN,674,2,URBANO(A)
21,3,77,HUEYAPAN,675,4,RURAL
21,3,77,HUEYAPAN,676,4,RURAL
21,3,77,HUEYAPAN,677,4,RURAL
21,3,78,HUEYTAMALCO,678,2,URBANO(A)
21,3,78,HUEYTAMALCO,679,2,URBANO(A)
21,3,78,HUEYTAMALCO,680,4,RURAL
21,3,78,HUEYTAMALCO,681,4,RURAL
21,3,78,HUEYTAMALCO,682,4,RURAL
21,3,78,HUEYTAMALCO,683,4,RURAL
21,3,78,HUEYTAMALCO,684,4,RURAL
21,3,78,HUEYTAMALCO,685,4,RURAL
21,3,78,HUEYTAMALCO,686,4,RURAL
21,3,78,HUEYTAMALCO,687,4,RURAL
21,3,78,HUEYTAMALCO,688,4,RURAL
21,3,78,HUEYTAMALCO,689,4,RURAL
21,3,78,HUEYTAMALCO,690,4,RURAL
21,3,78,HUEYTAMALCO,691,4,RURAL
21,3,78,HUEYTAMALCO,692,4,RURAL
21,2,79,HUEYTLALPAN,693,3,MIXTO(A)
21,2,79,HUEYTLALPAN,694,3,MIXTO(A)
21,2,79,HUEYTLALPAN,695,4,RURAL
21,2,80,HUITZILAN DE SERDAN,696,3,MIXTO(A)
21,2,80,HUITZILAN DE SERDAN,697,3,MIXTO(A)
21,2,80,HUITZILAN DE SERDAN,698,4,RURAL
21,2,80,HUITZILAN DE SERDAN,699,3,MIXTO(A)
21,2,80,HUITZILAN DE SERDAN,700,3,MIXTO(A)
21,16,81,HUITZILTEPEC,701,3,MIXTO(A)
21,16,81,HUITZILTEPEC,702,3,MIXTO(A)
21,16,81,HUITZILTEPEC,703,4,RURAL
21,2,82,ATLEQUIZAYAN,704,2,URBANO(A)
21,2,82,ATLEQUIZAYAN,705,4,RURAL
21,14,83,IXCAMILPA DE GUERRERO,706,3,MIXTO(A)
21,14,83,IXCAMILPA DE GUERRERO,707,4,RURAL
21,14,83,IXCAMILPA DE GUERRERO,708,4,RURAL
21,16,84,IXCAQUIXTLA,709,3,MIXTO(A)
21,16,84,IXCAQUIXTLA,710,3,MIXTO(A)
21,16,84,IXCAQUIXTLA,711,4,RURAL
21,2,85,IXTACAMAXTITLAN,712,3,MIXTO(A)
21,2,85,IXTACAMAXTITLAN,713,4,RURAL
21,2,85,IXTACAMAXTITLAN,714,4,RURAL
21,2,85,IXTACAMAXTITLAN,715,4,RURAL
21,2,85,IXTACAMAXTITLAN,716,4,RURAL
21,2,85,IXTACAMAXTITLAN,717,4,RURAL
21,2,85,IXTACAMAXTITLAN,718,4,RURAL
21,2,85,IXTACAMAXTITLAN,719,4,RURAL
21,2,85,IXTACAMAXTITLAN,720,4,RURAL
21,2,85,IXTACAMAXTITLAN,721,4,RURAL
21,2,85,IXTACAMAXTITLAN,722,4,RURAL
21,2,85,IXTACAMAXTITLAN,723,4,RURAL
21,2,85,IXTACAMAXTITLAN,724,4,RURAL
21,2,85,IXTACAMAXTITLAN,725,4,RURAL
21,2,85,IXTACAMAXTITLAN,726,4,RURAL
21,2,86,IXTEPEC,727,3,MIXTO(A)
21,2,86,IXTEPEC,728,2,URBANO(A)
21,2,86,IXTEPEC,729,4,RURAL
21,14,87,IZUCAR DE MATAMOROS,730,2,URBANO(A)
21,14,87,IZUCAR DE MATAMOROS,731,2,URBANO(A)
21,14,87,IZUCAR DE MATAMOROS,732,2,URBANO(A)
21,14,87,IZUCAR DE MATAMOROS,733,2,URBANO(A)
21,14,87,IZUCAR DE MATAMOROS,734,2,URBANO(A)
21,14,87,IZUCAR DE MATAMOROS,735,2,URBANO(A)
21,14,87,IZUCAR DE MATAMOROS,736,2,URBANO(A)
21,14,87,IZUCAR DE MATAMOROS,737,2,URBANO(A)
21,14,87,IZUCAR DE MATAMOROS,738,2,URBANO(A)
21,14,87,IZUCAR DE MATAMOROS,739,2,URBANO(A)
21,14,87,IZUCAR DE MATAMOROS,740,2,URBANO(A)
21,14,87,IZUCAR DE MATAMOROS,741,2,URBANO(A)
21,14,87,IZUCAR DE MATAMOROS,742,2,URBANO(A)
21,14,87,IZUCAR DE MATAMOROS,743,2,URBANO(A)
21,14,87,IZUCAR DE MATAMOROS,744,2,URBANO(A)
21,14,87,IZUCAR DE MATAMOROS,745,2,URBANO(A)
21,14,87,IZUCAR DE MATAMOROS,746,2,URBANO(A)
21,14,87,IZUCAR DE MATAMOROS,747,2,URBANO(A)
21,14,87,IZUCAR DE MATAMOROS,748,2,URBANO(A)
21,14,87,IZUCAR DE MATAMOROS,749,3,MIXTO(A)
21,14,87,IZUCAR DE MATAMOROS,750,4,RURAL
21,14,87,IZUCAR DE MATAMOROS,751,4,RURAL
21,14,87,IZUCAR DE MATAMOROS,752,3,MIXTO(A)
21,14,87,IZUCAR DE MATAMOROS,753,3,MIXTO(A)
21,14,87,IZUCAR DE MATAMOROS,754,3,MIXTO(A)
21,14,87,IZUCAR DE MATAMOROS,755,3,MIXTO(A)
21,14,87,IZUCAR DE MATAMOROS,756,2,URBANO(A)
21,14,87,IZUCAR DE MATAMOROS,757,3,MIXTO(A)
21,14,87,IZUCAR DE MATAMOROS,758,3,MIXTO(A)
21,14,87,IZUCAR DE MATAMOROS,759,2,URBANO(A)
21,14,87,IZUCAR DE MATAMOROS,760,4,RURAL
21,14,87,IZUCAR DE MATAMOROS,761,4,RURAL
21,14,87,IZUCAR DE MATAMOROS,762,3,MIXTO(A)
21,14,87,IZUCAR DE MATAMOROS,763,4,RURAL
21,1,88,JALPAN,764,3,MIXTO(A)
21,1,88,JALPAN,765,4,RURAL
21,1,88,JALPAN,766,4,RURAL
21,1,88,JALPAN,767,4,RURAL
21,1,88,JALPAN,768,4,RURAL
21,1,88,JALPAN,769,4,RURAL
21,14,89,JOLALPAN,770,3,MIXTO(A)
21,14,89,JOLALPAN,771,3,MIXTO(A)
21,14,89,JOLALPAN,772,3,MIXTO(A)
21,14,89,JOLALPAN,773,4,RURAL
21,14,89,JOLALPAN,774,4,RURAL
21,14,89,JOLALPAN,775,4,RURAL
21,3,90,JONOTLA,776,3,MIXTO(A)
21,3,90,JONOTLA,777,4,RURAL
21,3,90,JONOTLA,778,4,RURAL
21,1,91,JOPALA,779,3,MIXTO(A)
21,1,91,JOPALA,780,2,URBANO(A)
21,1,91,JOPALA,781,2,URBANO(A)
21,1,91,JOPALA,782,4,RURAL
21,1,91,JOPALA,783,4,RURAL
21,1,91,JOPALA,784,4,RURAL
21,1,91,JOPALA,785,4,RURAL
21,13,92,JUAN C. BONILLA,786,2,URBANO(A)
21,13,92,JUAN C. BONILLA,787,2,URBANO(A)
21,13,92,JUAN C. BONILLA,788,2,URBANO(A)
21,13,92,JUAN C. BONILLA,789,2,URBANO(A)
21,13,92,JUAN C. BONILLA,790,2,URBANO(A)
21,13,92,JUAN C. BONILLA,791,2,URBANO(A)
21,1,93,JUAN GALINDO,792,2,URBANO(A)
21,1,93,JUAN GALINDO,793,2,URBANO(A)
21,1,93,JUAN GALINDO,794,2,URBANO(A)
21,1,93,JUAN GALINDO,795,2,URBANO(A)
21,1,93,JUAN GALINDO,796,4,RURAL
21,16,94,JUAN N. MENDEZ,797,2,URBANO(A)
21,16,94,JUAN N. MENDEZ,798,3,MIXTO(A)
21,16,94,JUAN N. MENDEZ,799,4,RURAL
21,16,94,JUAN N. MENDEZ,800,4,RURAL
21,4,95,LAFRAGUA,801,2,URBANO(A)
21,4,95,LAFRAGUA,802,2,URBANO(A)
21,4,95,LAFRAGUA,803,4,RURAL
21,4,95,LAFRAGUA,804,4,RURAL
21,4,95,LAFRAGUA,805,4,RURAL
21,4,95,LAFRAGUA,806,4,RURAL
21,4,95,LAFRAGUA,807,3,MIXTO(A)
21,4,95,LAFRAGUA,808,4,RURAL
21,4,96,LIBRES,809,3,MIXTO(A)
21,4,96,LIBRES,810,2,URBANO(A)
21,4,96,LIBRES,811,2,URBANO(A)
21,4,96,LIBRES,812,2,URBANO(A)
21,4,96,LIBRES,813,3,MIXTO(A)
21,4,96,LIBRES,814,4,RURAL
21,4,96,LIBRES,815,4,RURAL
21,4,96,LIBRES,816,4,RURAL
21,4,96,LIBRES,817,4,RURAL
21,4,96,LIBRES,818,4,RURAL
21,4,96,LIBRES,819,4,RURAL
21,14,97,LA MAGDALENA TLATLAUQUITEPEC,820,2,URBANO(A)
21,4,98,MAZAPILTEPEC DE JUAREZ,821,3,MIXTO(A)
21,4,98,MAZAPILTEPEC DE JUAREZ,822,3,MIXTO(A)
21,7,99,MIXTLA,823,3,MIXTO(A)
21,7,99,MIXTLA,824,2,URBANO(A)
21,16,100,MOLCAXAC,825,3,MIXTO(A)
21,16,100,MOLCAXAC,826,4,RURAL
21,16,100,MOLCAXAC,827,4,RURAL
21,16,100,MOLCAXAC,828,4,RURAL
21,16,100,MOLCAXAC,829,4,RURAL
21,1,101,NAUPAN,830,3,MIXTO(A)
21,1,101,NAUPAN,831,4,RURAL
21,1,101,NAUPAN,832,4,RURAL
21,1,101,NAUPAN,833,4,RURAL
21,1,101,NAUPAN,834,4,RURAL
21,3,102,NAUZONTLA,835,3,MIXTO(A)
21,3,102,NAUZONTLA,836,4,RURAL
21,3,102,NAUZONTLA,837,4,RURAL
21,13,103,NEALTICAN,838,2,URBANO(A)
21,13,103,NEALTICAN,839,2,URBANO(A)
21,13,103,NEALTICAN,840,2,URBANO(A)
21,13,103,NEALTICAN,841,2,URBANO(A)
21,15,104,NICOLAS BRAVO,842,2,URBANO(A)
21,15,104,NICOLAS BRAVO,843,3,MIXTO(A)
21,15,104,NICOLAS BRAVO,844,2,URBANO(A)
21,15,104,NICOLAS BRAVO,845,4,RURAL
21,4,105,NOPALUCAN,846,2,URBANO(A)
21,4,105,NOPALUCAN,847,3,MIXTO(A)
21,4,105,NOPALUCAN,848,3,MIXTO(A)
21,4,105,NOPALUCAN,850,3,MIXTO(A)
21,4,105,NOPALUCAN,851,2,URBANO(A)
21,4,105,NOPALUCAN,853,3,MIXTO(A)
21,4,106,OCOTEPEC,854,3,MIXTO(A)
21,4,106,OCOTEPEC,855,3,MIXTO(A)
21,4,106,OCOTEPEC,856,4,RURAL
21,14,107,OCOYUCAN,857,3,MIXTO(A)
21,14,107,OCOYUCAN,859,2,URBANO(A)
21,14,107,OCOYUCAN,860,4,RURAL
21,14,107,OCOYUCAN,861,2,URBANO(A)
21,14,107,OCOYUCAN,862,3,MIXTO(A)
21,14,107,OCOYUCAN,863,4,RURAL
21,14,107,OCOYUCAN,864,2,URBANO(A)
21,14,107,OCOYUCAN,865,2,URBANO(A)
21,14,107,OCOYUCAN,866,4,RURAL
21,2,108,OLINTLA,867,3,MIXTO(A)
21,2,108,OLINTLA,868,3,MIXTO(A)
21,2,108,OLINTLA,869,4,RURAL
21,2,108,OLINTLA,870,4,RURAL
21,2,108,OLINTLA,871,3,MIXTO(A)
21,2,108,OLINTLA,872,2,URBANO(A)
21,2,108,OLINTLA,873,4,RURAL
21,2,108,OLINTLA,874,4,RURAL
21,4,109,ORIENTAL,875,3,MIXTO(A)
21,4,109,ORIENTAL,876,4,RURAL
21,4,109,ORIENTAL,877,2,URBANO(A)
21,4,109,ORIENTAL,878,2,URBANO(A)
21,4,109,ORIENTAL,879,3,MIXTO(A)
21,4,109,ORIENTAL,880,2,URBANO(A)
21,4,109,ORIENTAL,881,4,RURAL
21,4,109,ORIENTAL,882,4,RURAL
21,1,110,PAHUATLAN,883,3,MIXTO(A)
21,1,110,PAHUATLAN,884,2,URBANO(A)
21,1,110,PAHUATLAN,885,2,URBANO(A)
21,1,110,PAHUATLAN,886,4,RURAL
21,1,110,PAHUATLAN,887,4,RURAL
21,1,110,PAHUATLAN,888,4,RURAL
21,1,110,PAHUATLAN,889,4,RURAL
21,1,110,PAHUATLAN,890,4,RURAL
21,1,110,PAHUATLAN,891,4,RURAL
21,1,110,PAHUATLAN,892,4,RURAL
21,1,110,PAHUATLAN,893,4,RURAL
21,1,110,PAHUATLAN,894,4,RURAL
21,1,110,PAHUATLAN,895,4,RURAL
21,1,110,PAHUATLAN,896,4,RURAL
21,8,111,PALMAR DE BRAVO,897,3,MIXTO(A)
21,8,111,PALMAR DE BRAVO,898,3,MIXTO(A)
21,8,111,PALMAR DE BRAVO,899,4,RURAL
21,8,111,PALMAR DE BRAVO,900,4,RURAL
21,8,111,PALMAR DE BRAVO,901,2,URBANO(A)
21,8,111,PALMAR DE BRAVO,902,3,MIXTO(A)
21,8,111,PALMAR DE BRAVO,903,4,RURAL
21,8,111,PALMAR DE BRAVO,904,3,MIXTO(A)
21,8,111,PALMAR DE BRAVO,905,3,MIXTO(A)
21,8,111,PALMAR DE BRAVO,906,4,RURAL
21,8,111,PALMAR DE BRAVO,907,4,RURAL
21,8,111,PALMAR DE BRAVO,908,3,MIXTO(A)
21,8,111,PALMAR DE BRAVO,909,3,MIXTO(A)
21,8,111,PALMAR DE BRAVO,910,3,MIXTO(A)
21,8,111,PALMAR DE BRAVO,911,2,URBANO(A)
21,1,112,PANTEPEC,912,2,URBANO(A)
21,1,112,PANTEPEC,913,3,MIXTO(A)
21,1,112,PANTEPEC,914,4,RURAL
21,1,112,PANTEPEC,915,4,RURAL
21,1,112,PANTEPEC,916,4,RURAL
21,1,112,PANTEPEC,917,4,RURAL
21,1,112,PANTEPEC,918,2,URBANO(A)
21,1,112,PANTEPEC,919,3,MIXTO(A)
21,1,112,PANTEPEC,920,4,RURAL
21,1,112,PANTEPEC,921,4,RURAL
21,14,113,PETLALCINGO,922,3,MIXTO(A)
21,14,113,PETLALCINGO,923,3,MIXTO(A)
21,14,113,PETLALCINGO,924,4,RURAL
21,14,113,PETLALCINGO,925,4,RURAL
21,14,113,PETLALCINGO,926,4,RURAL
21,14,113,PETLALCINGO,927,4,RURAL
21,14,114,PIAXTLA,928,3,MIXTO(A)
21,14,114,PIAXTLA,929,4,RURAL
21,14,114,PIAXTLA,930,4,RURAL
21,14,114,PIAXTLA,931,4,RURAL
21,14,114,PIAXTLA,932,4,RURAL
21,12,115,PUEBLA,933,2,URBANO(A)
21,12,115,PUEBLA,934,2,URBANO(A)
21,9,115,PUEBLA,935,2,URBANO(A)
21,9,115,PUEBLA,936,2,URBANO(A)
21,9,115,PUEBLA,937,2,URBANO(A)
21,9,115,PUEBLA,938,2,URBANO(A)
21,9,115,PUEBLA,939,2,URBANO(A)
21,9,115,PUEBLA,940,2,URBANO(A)
21,9,115,PUEBLA,941,2,URBANO(A)
21,9,115,PUEBLA,942,2,URBANO(A)
21,9,115,PUEBLA,943,2,URBANO(A)
21,9,115,PUEBLA,944,2,URBANO(A)
21,9,115,PUEBLA,945,2,URBANO(A)
21,9,115,PUEBLA,946,2,URBANO(A)
21,9,115,PUEBLA,947,2,URBANO(A)
21,9,115,PUEBLA,948,2,URBANO(A)
21,9,115,PUEBLA,949,2,URBANO(A)
21,9,115,PUEBLA,950,2,URBANO(A)
21,9,115,PUEBLA,951,2,URBANO(A)
21,9,115,PUEBLA,952,2,URBANO(A)
21,9,115,PUEBLA,953,2,URBANO(A)
21,9,115,PUEBLA,954,2,URBANO(A)
21,9,115,PUEBLA,955,2,URBANO(A)
21,9,115,PUEBLA,956,2,URBANO(A)
21,9,115,PUEBLA,957,2,URBANO(A)
21,9,115,PUEBLA,958,2,URBANO(A)
21,9,115,PUEBLA,959,2,URBANO(A)
21,9,115,PUEBLA,960,2,URBANO(A)
21,9,115,PUEBLA,961,2,URBANO(A)
21,9,115,PUEBLA,962,2,URBANO(A)
21,9,115,PUEBLA,963,2,URBANO(A)
21,9,115,PUEBLA,964,2,URBANO(A)
21,9,115,PUEBLA,965,2,URBANO(A)
21,9,115,PUEBLA,966,2,URBANO(A)
21,9,115,PUEBLA,967,2,URBANO(A)
21,12,115,PUEBLA,968,2,URBANO(A)
21,9,115,PUEBLA,969,2,URBANO(A)
21,9,115,PUEBLA,970,2,URBANO(A)
21,9,115,PUEBLA,971,2,URBANO(A)
21,9,115,PUEBLA,972,2,URBANO(A)
21,9,115,PUEBLA,973,2,URBANO(A)
21,9,115,PUEBLA,974,2,URBANO(A)
21,9,115,PUEBLA,975,2,URBANO(A)
21,9,115,PUEBLA,976,2,URBANO(A)
21,9,115,PUEBLA,977,2,URBANO(A)
21,9,115,PUEBLA,978,2,URBANO(A)
21,9,115,PUEBLA,979,2,URBANO(A)
21,9,115,PUEBLA,980,2,URBANO(A)
21,9,115,PUEBLA,981,2,URBANO(A)
21,9,115,PUEBLA,982,2,URBANO(A)
21,9,115,PUEBLA,983,2,URBANO(A)
21,9,115,PUEBLA,984,2,URBANO(A)
21,9,115,PUEBLA,985,2,URBANO(A)
21,9,115,PUEBLA,986,2,URBANO(A)
21,9,115,PUEBLA,987,2,URBANO(A)
21,9,115,PUEBLA,988,2,URBANO(A)
21,9,115,PUEBLA,989,2,URBANO(A)
21,9,115,PUEBLA,990,2,URBANO(A)
21,9,115,PUEBLA,991,2,URBANO(A)
21,9,115,PUEBLA,992,2,URBANO(A)
21,9,115,PUEBLA,993,2,URBANO(A)
21,9,115,PUEBLA,994,2,URBANO(A)
21,9,115,PUEBLA,995,2,URBANO(A)
21,9,115,PUEBLA,996,2,URBANO(A)
21,9,115,PUEBLA,997,2,URBANO(A)
21,9,115,PUEBLA,998,2,URBANO(A)
21,9,115,PUEBLA,999,2,URBANO(A)
21,9,115,PUEBLA,1000,2,URBANO(A)
21,9,115,PUEBLA,1001,2,URBANO(A)
21,9,115,PUEBLA,1002,2,URBANO(A)
21,9,115,PUEBLA,1003,2,URBANO(A)
21,9,115,PUEBLA,1004,2,URBANO(A)
21,9,115,PUEBLA,1005,2,URBANO(A)
21,9,115,PUEBLA,1006,2,URBANO(A)
21,9,115,PUEBLA,1007,2,URBANO(A)
21,9,115,PUEBLA,1008,2,URBANO(A)
21,9,115,PUEBLA,1009,2,URBANO(A)
21,9,115,PUEBLA,1010,2,URBANO(A)
21,9,115,PUEBLA,1011,2,URBANO(A)
21,9,115,PUEBLA,1012,2,URBANO(A)
21,9,115,PUEBLA,1013,2,URBANO(A)
21,9,115,PUEBLA,1014,2,URBANO(A)
21,9,115,PUEBLA,1015,2,URBANO(A)
21,9,115,PUEBLA,1016,2,URBANO(A)
21,9,115,PUEBLA,1017,2,URBANO(A)
21,9,115,PUEBLA,1018,2,URBANO(A)
21,9,115,PUEBLA,1019,2,URBANO(A)
21,9,115,PUEBLA,1020,2,URBANO(A)
21,9,115,PUEBLA,1021,2,URBANO(A)
21,9,115,PUEBLA,1022,2,URBANO(A)
21,9,115,PUEBLA,1023,2,URBANO(A)
21,9,115,PUEBLA,1024,2,URBANO(A)
21,9,115,PUEBLA,1025,2,URBANO(A)
21,9,115,PUEBLA,1026,2,URBANO(A)
21,9,115,PUEBLA,1027,2,URBANO(A)
21,9,115,PUEBLA,1028,2,URBANO(A)
21,9,115,PUEBLA,1029,2,URBANO(A)
21,9,115,PUEBLA,1030,2,URBANO(A)
21,9,115,PUEBLA,1031,2,URBANO(A)
21,9,115,PUEBLA,1032,2,URBANO(A)
21,9,115,PUEBLA,1033,2,URBANO(A)
21,9,115,PUEBLA,1034,2,URBANO(A)
21,9,115,PUEBLA,1035,2,URBANO(A)
21,9,115,PUEBLA,1036,2,URBANO(A)
21,9,115,PUEBLA,1037,2,URBANO(A)
21,9,115,PUEBLA,1038,2,URBANO(A)
21,9,115,PUEBLA,1039,2,URBANO(A)
21,9,115,PUEBLA,1040,2,URBANO(A)
21,9,115,PUEBLA,1041,2,URBANO(A)
21,9,115,PUEBLA,1042,2,URBANO(A)
21,9,115,PUEBLA,1043,2,URBANO(A)
21,9,115,PUEBLA,1044,2,URBANO(A)
21,9,115,PUEBLA,1045,2,URBANO(A)
21,9,115,PUEBLA,1046,2,URBANO(A)
21,9,115,PUEBLA,1047,2,URBANO(A)
21,9,115,PUEBLA,1048,2,URBANO(A)
21,9,115,PUEBLA,1049,2,URBANO(A)
21,9,115,PUEBLA,1050,2,URBANO(A)
21,9,115,PUEBLA,1051,2,URBANO(A)
21,9,115,PUEBLA,1052,2,URBANO(A)
21,9,115,PUEBLA,1053,2,URBANO(A)
21,9,115,PUEBLA,1054,2,URBANO(A)
21,9,115,PUEBLA,1055,2,URBANO(A)
21,9,115,PUEBLA,1056,2,URBANO(A)
21,9,115,PUEBLA,1057,2,URBANO(A)
21,9,115,PUEBLA,1058,2,URBANO(A)
21,9,115,PUEBLA,1059,2,URBANO(A)
21,9,115,PUEBLA,1060,2,URBANO(A)
21,9,115,PUEBLA,1061,2,URBANO(A)
21,9,115,PUEBLA,1062,2,URBANO(A)
21,9,115,PUEBLA,1063,2,URBANO(A)
21,9,115,PUEBLA,1064,2,URBANO(A)
21,9,115,PUEBLA,1066,2,URBANO(A)
21,9,115,PUEBLA,1067,2,URBANO(A)
21,9,115,PUEBLA,1068,2,URBANO(A)
21,9,115,PUEBLA,1069,2,URBANO(A)
21,9,115,PUEBLA,1070,2,URBANO(A)
21,9,115,PUEBLA,1071,2,URBANO(A)
21,9,115,PUEBLA,1072,2,URBANO(A)
21,9,115,PUEBLA,1073,2,URBANO(A)
21,9,115,PUEBLA,1074,2,URBANO(A)
21,9,115,PUEBLA,1075,2,URBANO(A)
21,9,115,PUEBLA,1077,2,URBANO(A)
21,9,115,PUEBLA,1078,2,URBANO(A)
21,9,115,PUEBLA,1079,2,URBANO(A)
21,12,115,PUEBLA,1080,2,URBANO(A)
21,12,115,PUEBLA,1081,2,URBANO(A)
21,12,115,PUEBLA,1082,2,URBANO(A)
21,9,115,PUEBLA,1083,2,URBANO(A)
21,9,115,PUEBLA,1084,2,URBANO(A)
21,9,115,PUEBLA,1085,2,URBANO(A)
21,9,115,PUEBLA,1086,2,URBANO(A)
21,9,115,PUEBLA,1087,2,URBANO(A)
21,9,115,PUEBLA,1088,2,URBANO(A)
21,9,115,PUEBLA,1089,2,URBANO(A)
21,9,115,PUEBLA,1090,2,URBANO(A)
21,9,115,PUEBLA,1091,2,URBANO(A)
21,9,115,PUEBLA,1092,2,URBANO(A)
21,9,115,PUEBLA,1093,2,URBANO(A)
21,9,115,PUEBLA,1094,2,URBANO(A)
21,9,115,PUEBLA,1095,2,URBANO(A)
21,9,115,PUEBLA,1096,2,URBANO(A)
21,9,115,PUEBLA,1097,2,URBANO(A)
21,9,115,PUEBLA,1098,2,URBANO(A)
21,9,115,PUEBLA,1099,2,URBANO(A)
21,9,115,PUEBLA,1100,2,URBANO(A)
21,9,115,PUEBLA,1101,2,URBANO(A)
21,9,115,PUEBLA,1102,2,URBANO(A)
21,9,115,PUEBLA,1103,2,URBANO(A)
21,9,115,PUEBLA,1104,2,URBANO(A)
21,9,115,PUEBLA,1105,2,URBANO(A)
21,9,115,PUEBLA,1106,2,URBANO(A)
21,12,115,PUEBLA,1107,2,URBANO(A)
21,12,115,PUEBLA,1108,2,URBANO(A)
21,12,115,PUEBLA,1109,2,URBANO(A)
21,12,115,PUEBLA,1110,2,URBANO(A)
21,12,115,PUEBLA,1111,2,URBANO(A)
21,12,115,PUEBLA,1112,2,URBANO(A)
21,12,115,PUEBLA,1113,2,URBANO(A)
21,9,115,PUEBLA,1114,2,URBANO(A)
21,12,115,PUEBLA,1115,2,URBANO(A)
21,12,115,PUEBLA,1116,2,URBANO(A)
21,9,115,PUEBLA,1117,2,URBANO(A)
21,9,115,PUEBLA,1118,2,URBANO(A)
21,9,115,PUEBLA,1119,2,URBANO(A)
21,9,115,PUEBLA,1120,2,URBANO(A)
21,9,115,PUEBLA,1121,2,URBANO(A)
21,9,115,PUEBLA,1122,2,URBANO(A)
21,9,115,PUEBLA,1123,2,URBANO(A)
21,9,115,PUEBLA,1124,2,URBANO(A)
21,9,115,PUEBLA,1125,2,URBANO(A)
21,9,115,PUEBLA,1126,2,URBANO(A)
21,9,115,PUEBLA,1128,2,URBANO(A)
21,9,115,PUEBLA,1129,2,URBANO(A)
21,9,115,PUEBLA,1130,2,URBANO(A)
21,9,115,PUEBLA,1131,2,URBANO(A)
21,9,115,PUEBLA,1132,2,URBANO(A)
21,9,115,PUEBLA,1133,2,URBANO(A)
21,9,115,PUEBLA,1134,2,URBANO(A)
21,9,115,PUEBLA,1135,2,URBANO(A)
21,9,115,PUEBLA,1136,2,URBANO(A)
21,9,115,PUEBLA,1137,2,URBANO(A)
21,9,115,PUEBLA,1138,2,URBANO(A)
21,9,115,PUEBLA,1139,2,URBANO(A)
21,9,115,PUEBLA,1140,2,URBANO(A)
21,12,115,PUEBLA,1141,2,URBANO(A)
21,12,115,PUEBLA,1142,2,URBANO(A)
21,12,115,PUEBLA,1143,2,URBANO(A)
21,12,115,PUEBLA,1144,2,URBANO(A)
21,9,115,PUEBLA,1145,2,URBANO(A)
21,12,115,PUEBLA,1146,2,URBANO(A)
21,9,115,PUEBLA,1147,2,URBANO(A)
21,9,115,PUEBLA,1148,2,URBANO(A)
21,9,115,PUEBLA,1149,2,URBANO(A)
21,9,115,PUEBLA,1150,2,URBANO(A)
21,9,115,PUEBLA,1151,2,URBANO(A)
21,9,115,PUEBLA,1152,2,URBANO(A)
21,9,115,PUEBLA,1153,2,URBANO(A)
21,9,115,PUEBLA,1154,2,URBANO(A)
21,9,115,PUEBLA,1155,2,URBANO(A)
21,9,115,PUEBLA,1156,2,URBANO(A)
21,9,115,PUEBLA,1157,2,URBANO(A)
21,9,115,PUEBLA,1158,2,URBANO(A)
21,9,115,PUEBLA,1159,2,URBANO(A)
21,9,115,PUEBLA,1160,2,URBANO(A)
21,12,115,PUEBLA,1161,2,URBANO(A)
21,12,115,PUEBLA,1162,2,URBANO(A)
21,11,115,PUEBLA,1163,2,URBANO(A)
21,9,115,PUEBLA,1164,2,URBANO(A)
21,11,115,PUEBLA,1165,2,URBANO(A)
21,11,115,PUEBLA,1166,2,URBANO(A)
21,11,115,PUEBLA,1167,2,URBANO(A)
21,11,115,PUEBLA,1168,2,URBANO(A)
21,11,115,PUEBLA,1169,2,URBANO(A)
21,11,115,PUEBLA,1170,2,URBANO(A)
21,11,115,PUEBLA,1171,2,URBANO(A)
21,11,115,PUEBLA,1172,2,URBANO(A)
21,11,115,PUEBLA,1173,2,URBANO(A)
21,11,115,PUEBLA,1174,2,URBANO(A)
21,11,115,PUEBLA,1175,2,URBANO(A)
21,11,115,PUEBLA,1176,2,URBANO(A)
21,11,115,PUEBLA,1177,2,URBANO(A)
21,11,115,PUEBLA,1178,2,URBANO(A)
21,11,115,PUEBLA,1179,2,URBANO(A)
21,11,115,PUEBLA,1180,2,URBANO(A)
21,11,115,PUEBLA,1181,2,URBANO(A)
21,11,115,PUEBLA,1182,2,URBANO(A)
21,11,115,PUEBLA,1183,2,URBANO(A)
21,11,115,PUEBLA,1184,2,URBANO(A)
21,11,115,PUEBLA,1185,2,URBANO(A)
21,11,115,PUEBLA,1186,2,URBANO(A)
21,11,115,PUEBLA,1187,2,URBANO(A)
21,11,115,PUEBLA,1188,2,URBANO(A)
21,11,115,PUEBLA,1189,2,URBANO(A)
21,11,115,PUEBLA,1190,2,URBANO(A)
21,11,115,PUEBLA,1191,2,URBANO(A)
21,11,115,PUEBLA,1192,2,URBANO(A)
21,11,115,PUEBLA,1193,2,URBANO(A)
21,11,115,PUEBLA,1194,2,URBANO(A)
21,11,115,PUEBLA,1195,2,URBANO(A)
21,11,115,PUEBLA,1197,2,URBANO(A)
21,11,115,PUEBLA,1198,2,URBANO(A)
21,11,115,PUEBLA,1199,2,URBANO(A)
21,11,115,PUEBLA,1200,2,URBANO(A)
21,11,115,PUEBLA,1201,2,URBANO(A)
21,11,115,PUEBLA,1202,2,URBANO(A)
21,11,115,PUEBLA,1203,2,URBANO(A)
21,11,115,PUEBLA,1204,2,URBANO(A)
21,11,115,PUEBLA,1206,2,URBANO(A)
21,11,115,PUEBLA,1207,2,URBANO(A)
21,11,115,PUEBLA,1208,2,URBANO(A)
21,11,115,PUEBLA,1209,2,URBANO(A)
21,11,115,PUEBLA,1210,2,URBANO(A)
21,11,115,PUEBLA,1211,2,URBANO(A)
21,11,115,PUEBLA,1212,2,URBANO(A)
21,11,115,PUEBLA,1213,2,URBANO(A)
21,11,115,PUEBLA,1215,2,URBANO(A)
21,11,115,PUEBLA,1216,2,URBANO(A)
21,11,115,PUEBLA,1217,2,URBANO(A)
21,11,115,PUEBLA,1218,2,URBANO(A)
21,11,115,PUEBLA,1219,2,URBANO(A)
21,11,115,PUEBLA,1220,2,URBANO(A)
21,11,115,PUEBLA,1221,2,URBANO(A)
21,11,115,PUEBLA,1222,2,URBANO(A)
21,11,115,PUEBLA,1223,2,URBANO(A)
21,11,115,PUEBLA,1224,2,URBANO(A)
21,11,115,PUEBLA,1225,2,URBANO(A)
21,11,115,PUEBLA,1226,2,URBANO(A)
21,11,115,PUEBLA,1227,2,URBANO(A)
21,11,115,PUEBLA,1228,2,URBANO(A)
21,11,115,PUEBLA,1229,2,URBANO(A)
21,11,115,PUEBLA,1230,2,URBANO(A)
21,11,115,PUEBLA,1231,2,URBANO(A)
21,11,115,PUEBLA,1232,2,URBANO(A)
21,11,115,PUEBLA,1233,2,URBANO(A)
21,11,115,PUEBLA,1235,2,URBANO(A)
21,11,115,PUEBLA,1236,2,URBANO(A)
21,11,115,PUEBLA,1237,2,URBANO(A)
21,11,115,PUEBLA,1238,2,URBANO(A)
21,11,115,PUEBLA,1239,2,URBANO(A)
21,11,115,PUEBLA,1240,2,URBANO(A)
21,11,115,PUEBLA,1241,2,URBANO(A)
21,11,115,PUEBLA,1242,2,URBANO(A)
21,11,115,PUEBLA,1243,2,URBANO(A)
21,11,115,PUEBLA,1244,2,URBANO(A)
21,11,115,PUEBLA,1245,2,URBANO(A)
21,11,115,PUEBLA,1248,2,URBANO(A)
21,11,115,PUEBLA,1251,2,URBANO(A)
21,12,115,PUEBLA,1254,2,URBANO(A)
21,12,115,PUEBLA,1255,3,MIXTO(A)
21,12,115,PUEBLA,1256,4,RURAL
21,12,115,PUEBLA,1257,3,MIXTO(A)
21,12,115,PUEBLA,1258,2,URBANO(A)
21,12,115,PUEBLA,1259,3,MIXTO(A)
21,12,115,PUEBLA,1261,2,URBANO(A)
21,12,115,PUEBLA,1262,2,URBANO(A)
21,12,115,PUEBLA,1263,2,URBANO(A)
21,12,115,PUEBLA,1264,2,URBANO(A)
21,12,115,PUEBLA,1265,2,URBANO(A)
21,12,115,PUEBLA,1267,2,URBANO(A)
21,12,115,PUEBLA,1268,2,URBANO(A)
21,12,115,PUEBLA,1269,2,URBANO(A)
21,12,115,PUEBLA,1270,2,URBANO(A)
21,12,115,PUEBLA,1271,2,URBANO(A)
21,12,115,PUEBLA,1272,2,URBANO(A)
21,9,115,PUEBLA,1273,2,URBANO(A)
21,6,115,PUEBLA,1274,2,URBANO(A)
21,6,115,PUEBLA,1275,2,URBANO(A)
21,6,115,PUEBLA,1276,2,URBANO(A)
21,6,115,PUEBLA,1277,2,URBANO(A)
21,12,115,PUEBLA,1278,2,URBANO(A)
21,12,115,PUEBLA,1279,2,URBANO(A)
21,12,115,PUEBLA,1280,2,URBANO(A)
21,6,115,PUEBLA,1281,2,URBANO(A)
21,6,115,PUEBLA,1282,2,URBANO(A)
21,6,115,PUEBLA,1283,2,URBANO(A)
21,6,115,PUEBLA,1284,2,URBANO(A)
21,9,115,PUEBLA,1285,2,URBANO(A)
21,9,115,PUEBLA,1286,2,URBANO(A)
21,6,115,PUEBLA,1287,2,URBANO(A)
21,6,115,PUEBLA,1288,2,URBANO(A)
21,6,115,PUEBLA,1289,2,URBANO(A)
21,12,115,PUEBLA,1290,2,URBANO(A)
21,6,115,PUEBLA,1291,2,URBANO(A)
21,6,115,PUEBLA,1292,2,URBANO(A)
21,6,115,PUEBLA,1293,2,URBANO(A)
21,6,115,PUEBLA,1294,2,URBANO(A)
21,6,115,PUEBLA,1295,2,URBANO(A)
21,6,115,PUEBLA,1296,2,URBANO(A)
21,6,115,PUEBLA,1297,2,URBANO(A)
21,6,115,PUEBLA,1298,2,URBANO(A)
21,6,115,PUEBLA,1299,2,URBANO(A)
21,9,115,PUEBLA,1300,2,URBANO(A)
21,9,115,PUEBLA,1301,2,URBANO(A)
21,6,115,PUEBLA,1302,2,URBANO(A)
21,6,115,PUEBLA,1303,2,URBANO(A)
21,6,115,PUEBLA,1304,2,URBANO(A)
21,6,115,PUEBLA,1305,2,URBANO(A)
21,6,115,PUEBLA,1306,2,URBANO(A)
21,6,115,PUEBLA,1307,2,URBANO(A)
21,6,115,PUEBLA,1308,2,URBANO(A)
21,9,115,PUEBLA,1309,2,URBANO(A)
21,9,115,PUEBLA,1310,2,URBANO(A)
21,9,115,PUEBLA,1311,2,URBANO(A)
21,9,115,PUEBLA,1312,2,URBANO(A)
21,6,115,PUEBLA,1313,2,URBANO(A)
21,6,115,PUEBLA,1314,2,URBANO(A)
21,6,115,PUEBLA,1315,2,URBANO(A)
21,6,115,PUEBLA,1316,2,URBANO(A)
21,6,115,PUEBLA,1317,2,URBANO(A)
21,6,115,PUEBLA,1319,2,URBANO(A)
21,6,115,PUEBLA,1320,2,URBANO(A)
21,6,115,PUEBLA,1321,2,URBANO(A)
21,6,115,PUEBLA,1322,2,URBANO(A)
21,6,115,PUEBLA,1323,2,URBANO(A)
21,6,115,PUEBLA,1324,2,URBANO(A)
21,6,115,PUEBLA,1325,2,URBANO(A)
21,9,115,PUEBLA,1326,2,URBANO(A)
21,9,115,PUEBLA,1327,2,URBANO(A)
21,9,115,PUEBLA,1328,2,URBANO(A)
21,9,115,PUEBLA,1329,2,URBANO(A)
21,9,115,PUEBLA,1330,2,URBANO(A)
21,6,115,PUEBLA,1331,2,URBANO(A)
21,6,115,PUEBLA,1332,2,URBANO(A)
21,6,115,PUEBLA,1333,2,URBANO(A)
21,6,115,PUEBLA,1334,2,URBANO(A)
21,6,115,PUEBLA,1335,2,URBANO(A)
21,6,115,PUEBLA,1336,2,URBANO(A)
21,6,115,PUEBLA,1337,2,URBANO(A)
21,6,115,PUEBLA,1338,2,URBANO(A)
21,6,115,PUEBLA,1339,2,URBANO(A)
21,6,115,PUEBLA,1340,2,URBANO(A)
21,6,115,PUEBLA,1341,2,URBANO(A)
21,6,115,PUEBLA,1342,2,URBANO(A)
21,6,115,PUEBLA,1343,2,URBANO(A)
21,6,115,PUEBLA,1344,2,URBANO(A)
21,6,115,PUEBLA,1345,2,URBANO(A)
21,6,115,PUEBLA,1346,2,URBANO(A)
21,6,115,PUEBLA,1347,2,URBANO(A)
21,9,115,PUEBLA,1348,2,URBANO(A)
21,9,115,PUEBLA,1349,2,URBANO(A)
21,9,115,PUEBLA,1350,2,URBANO(A)
21,9,115,PUEBLA,1351,2,URBANO(A)
21,9,115,PUEBLA,1352,2,URBANO(A)
21,6,115,PUEBLA,1353,2,URBANO(A)
21,6,115,PUEBLA,1354,2,URBANO(A)
21,6,115,PUEBLA,1355,2,URBANO(A)
21,6,115,PUEBLA,1356,2,URBANO(A)
21,6,115,PUEBLA,1357,2,URBANO(A)
21,6,115,PUEBLA,1358,2,URBANO(A)
21,6,115,PUEBLA,1359,2,URBANO(A)
21,6,115,PUEBLA,1360,2,URBANO(A)
21,6,115,PUEBLA,1361,2,URBANO(A)
21,6,115,PUEBLA,1362,2,URBANO(A)
21,9,115,PUEBLA,1363,2,URBANO(A)
21,9,115,PUEBLA,1364,2,URBANO(A)
21,9,115,PUEBLA,1365,2,URBANO(A)
21,9,115,PUEBLA,1366,2,URBANO(A)
21,9,115,PUEBLA,1367,2,URBANO(A)
21,9,115,PUEBLA,1368,2,URBANO(A)
21,9,115,PUEBLA,1369,2,URBANO(A)
21,6,115,PUEBLA,1370,2,URBANO(A)
21,6,115,PUEBLA,1371,2,URBANO(A)
21,6,115,PUEBLA,1372,2,URBANO(A)
21,6,115,PUEBLA,1373,2,URBANO(A)
21,6,115,PUEBLA,1374,2,URBANO(A)
21,6,115,PUEBLA,1375,2,URBANO(A)
21,6,115,PUEBLA,1376,2,URBANO(A)
21,6,115,PUEBLA,1377,2,URBANO(A)
21,9,115,PUEBLA,1378,2,URBANO(A)
21,9,115,PUEBLA,1379,2,URBANO(A)
21,9,115,PUEBLA,1380,2,URBANO(A)
21,6,115,PUEBLA,1381,2,URBANO(A)
21,6,115,PUEBLA,1382,2,URBANO(A)
21,6,115,PUEBLA,1383,2,URBANO(A)
21,6,115,PUEBLA,1384,2,URBANO(A)
21,6,115,PUEBLA,1385,2,URBANO(A)
21,6,115,PUEBLA,1386,2,URBANO(A)
21,6,115,PUEBLA,1387,2,URBANO(A)
21,6,115,PUEBLA,1388,2,URBANO(A)
21,6,115,PUEBLA,1389,2,URBANO(A)
21,6,115,PUEBLA,1390,2,URBANO(A)
21,6,115,PUEBLA,1391,2,URBANO(A)
21,9,115,PUEBLA,1392,2,URBANO(A)
21,9,115,PUEBLA,1393,2,URBANO(A)
21,9,115,PUEBLA,1394,2,URBANO(A)
21,9,115,PUEBLA,1395,2,URBANO(A)
21,6,115,PUEBLA,1396,2,URBANO(A)
21,6,115,PUEBLA,1397,2,URBANO(A)
21,6,115,PUEBLA,1398,2,URBANO(A)
21,6,115,PUEBLA,1399,2,URBANO(A)
21,6,115,PUEBLA,1400,2,URBANO(A)
21,6,115,PUEBLA,1401,2,URBANO(A)
21,6,115,PUEBLA,1402,2,URBANO(A)
21,6,115,PUEBLA,1403,2,URBANO(A)
21,6,115,PUEBLA,1404,2,URBANO(A)
21,9,115,PUEBLA,1406,2,URBANO(A)
21,6,115,PUEBLA,1408,2,URBANO(A)
21,6,115,PUEBLA,1409,2,URBANO(A)
21,6,115,PUEBLA,1410,2,URBANO(A)
21,6,115,PUEBLA,1412,2,URBANO(A)
21,6,115,PUEBLA,1414,2,URBANO(A)
21,6,115,PUEBLA,1416,2,URBANO(A)
21,6,115,PUEBLA,1418,2,URBANO(A)
21,6,115,PUEBLA,1419,2,URBANO(A)
21,6,115,PUEBLA,1420,3,MIXTO(A)
21,6,115,PUEBLA,1421,2,URBANO(A)
21,6,115,PUEBLA,1422,2,URBANO(A)
21,12,115,PUEBLA,1423,2,URBANO(A)
21,12,115,PUEBLA,1424,2,URBANO(A)
21,12,115,PUEBLA,1425,2,URBANO(A)
21,12,115,PUEBLA,1426,2,URBANO(A)
21,12,115,PUEBLA,1427,2,URBANO(A)
21,12,115,PUEBLA,1428,2,URBANO(A)
21,12,115,PUEBLA,1429,2,URBANO(A)
21,12,115,PUEBLA,1430,2,URBANO(A)
21,12,115,PUEBLA,1431,2,URBANO(A)
21,12,115,PUEBLA,1432,2,URBANO(A)
21,12,115,PUEBLA,1433,2,URBANO(A)
21,12,115,PUEBLA,1434,2,URBANO(A)
21,12,115,PUEBLA,1435,2,URBANO(A)
21,12,115,PUEBLA,1436,2,URBANO(A)
21,12,115,PUEBLA,1437,2,URBANO(A)
21,12,115,PUEBLA,1438,2,URBANO(A)
21,12,115,PUEBLA,1439,2,URBANO(A)
21,12,115,PUEBLA,1440,2,URBANO(A)
21,12,115,PUEBLA,1441,2,URBANO(A)
21,12,115,PUEBLA,1442,2,URBANO(A)
21,12,115,PUEBLA,1443,2,URBANO(A)
21,12,115,PUEBLA,1444,2,URBANO(A)
21,12,115,PUEBLA,1445,2,URBANO(A)
21,12,115,PUEBLA,1446,2,URBANO(A)
21,12,115,PUEBLA,1447,2,URBANO(A)
21,12,115,PUEBLA,1448,2,URBANO(A)
21,12,115,PUEBLA,1449,2,URBANO(A)
21,12,115,PUEBLA,1450,2,URBANO(A)
21,12,115,PUEBLA,1451,2,URBANO(A)
21,12,115,PUEBLA,1452,2,URBANO(A)
21,12,115,PUEBLA,1453,2,URBANO(A)
21,12,115,PUEBLA,1454,2,URBANO(A)
21,12,115,PUEBLA,1455,2,URBANO(A)
21,12,115,PUEBLA,1456,2,URBANO(A)
21,12,115,PUEBLA,1457,2,URBANO(A)
21,12,115,PUEBLA,1458,2,URBANO(A)
21,12,115,PUEBLA,1459,2,URBANO(A)
21,12,115,PUEBLA,1460,2,URBANO(A)
21,12,115,PUEBLA,1461,2,URBANO(A)
21,12,115,PUEBLA,1462,2,URBANO(A)
21,12,115,PUEBLA,1463,2,URBANO(A)
21,12,115,PUEBLA,1464,2,URBANO(A)
21,12,115,PUEBLA,1465,2,URBANO(A)
21,12,115,PUEBLA,1466,2,URBANO(A)
21,12,115,PUEBLA,1467,2,URBANO(A)
21,12,115,PUEBLA,1468,2,URBANO(A)
21,12,115,PUEBLA,1469,2,URBANO(A)
21,12,115,PUEBLA,1470,2,URBANO(A)
21,12,115,PUEBLA,1471,2,URBANO(A)
21,12,115,PUEBLA,1472,2,URBANO(A)
21,12,115,PUEBLA,1473,2,URBANO(A)
21,12,115,PUEBLA,1474,2,URBANO(A)
21,12,115,PUEBLA,1475,2,URBANO(A)
21,12,115,PUEBLA,1476,2,URBANO(A)
21,12,115,PUEBLA,1477,2,URBANO(A)
21,12,115,PUEBLA,1478,2,URBANO(A)
21,12,115,PUEBLA,1479,2,URBANO(A)
21,12,115,PUEBLA,1480,2,URBANO(A)
21,12,115,PUEBLA,1481,2,URBANO(A)
21,12,115,PUEBLA,1482,2,URBANO(A)
21,12,115,PUEBLA,1483,2,URBANO(A)
21,12,115,PUEBLA,1484,2,URBANO(A)
21,12,115,PUEBLA,1485,2,URBANO(A)
21,12,115,PUEBLA,1486,2,URBANO(A)
21,12,115,PUEBLA,1487,2,URBANO(A)
21,12,115,PUEBLA,1488,2,URBANO(A)
21,12,115,PUEBLA,1489,2,URBANO(A)
21,12,115,PUEBLA,1490,2,URBANO(A)
21,12,115,PUEBLA,1491,2,URBANO(A)
21,12,115,PUEBLA,1492,2,URBANO(A)
21,12,115,PUEBLA,1494,2,URBANO(A)
21,12,115,PUEBLA,1495,2,URBANO(A)
21,12,115,PUEBLA,1496,2,URBANO(A)
21,12,115,PUEBLA,1497,2,URBANO(A)
21,12,115,PUEBLA,1498,2,URBANO(A)
21,12,115,PUEBLA,1499,2,URBANO(A)
21,12,115,PUEBLA,1500,2,URBANO(A)
21,12,115,PUEBLA,1501,2,URBANO(A)
21,12,115,PUEBLA,1502,2,URBANO(A)
21,12,115,PUEBLA,1503,2,URBANO(A)
21,12,115,PUEBLA,1504,2,URBANO(A)
21,12,115,PUEBLA,1505,2,URBANO(A)
21,12,115,PUEBLA,1506,2,URBANO(A)
21,12,115,PUEBLA,1507,2,URBANO(A)
21,12,115,PUEBLA,1508,2,URBANO(A)
21,12,115,PUEBLA,1509,2,URBANO(A)
21,12,115,PUEBLA,1510,2,URBANO(A)
21,12,115,PUEBLA,1511,2,URBANO(A)
21,12,115,PUEBLA,1512,2,URBANO(A)
21,12,115,PUEBLA,1513,2,URBANO(A)
21,12,115,PUEBLA,1514,2,URBANO(A)
21,12,115,PUEBLA,1515,2,URBANO(A)
21,12,115,PUEBLA,1516,2,URBANO(A)
21,12,115,PUEBLA,1517,2,URBANO(A)
21,12,115,PUEBLA,1518,2,URBANO(A)
21,12,115,PUEBLA,1519,2,URBANO(A)
21,12,115,PUEBLA,1520,2,URBANO(A)
21,12,115,PUEBLA,1521,2,URBANO(A)
21,12,115,PUEBLA,1522,2,URBANO(A)
21,12,115,PUEBLA,1523,2,URBANO(A)
21,12,115,PUEBLA,1524,2,URBANO(A)
21,12,115,PUEBLA,1525,2,URBANO(A)
21,12,115,PUEBLA,1526,2,URBANO(A)
21,12,115,PUEBLA,1527,2,URBANO(A)
21,12,115,PUEBLA,1528,2,URBANO(A)
21,12,115,PUEBLA,1529,2,URBANO(A)
21,12,115,PUEBLA,1530,2,URBANO(A)
21,12,115,PUEBLA,1531,2,URBANO(A)
21,12,115,PUEBLA,1532,2,URBANO(A)
21,12,115,PUEBLA,1533,2,URBANO(A)
21,12,115,PUEBLA,1534,2,URBANO(A)
21,11,115,PUEBLA,1535,2,URBANO(A)
21,11,115,PUEBLA,1536,2,URBANO(A)
21,12,115,PUEBLA,1537,2,URBANO(A)
21,12,115,PUEBLA,1538,2,URBANO(A)
21,12,115,PUEBLA,1539,2,URBANO(A)
21,12,115,PUEBLA,1540,2,URBANO(A)
21,12,115,PUEBLA,1541,2,URBANO(A)
21,6,115,PUEBLA,1542,2,URBANO(A)
21,6,115,PUEBLA,1543,2,URBANO(A)
21,6,115,PUEBLA,1544,2,URBANO(A)
21,6,115,PUEBLA,1545,2,URBANO(A)
21,6,115,PUEBLA,1546,2,URBANO(A)
21,6,115,PUEBLA,1547,2,URBANO(A)
21,6,115,PUEBLA,1548,2,URBANO(A)
21,12,115,PUEBLA,1549,2,URBANO(A)
21,12,115,PUEBLA,1550,2,URBANO(A)
21,12,115,PUEBLA,1551,2,URBANO(A)
21,12,115,PUEBLA,1553,2,URBANO(A)
21,12,115,PUEBLA,1554,2,URBANO(A)
21,12,115,PUEBLA,1555,2,URBANO(A)
21,12,115,PUEBLA,1556,2,URBANO(A)
21,12,115,PUEBLA,1557,2,URBANO(A)
21,11,115,PUEBLA,1558,2,URBANO(A)
21,11,115,PUEBLA,1559,2,URBANO(A)
21,12,115,PUEBLA,1561,2,URBANO(A)
21,12,115,PUEBLA,1563,2,URBANO(A)
21,12,115,PUEBLA,1564,2,URBANO(A)
21,12,115,PUEBLA,1565,2,URBANO(A)
21,12,115,PUEBLA,1566,2,URBANO(A)
21,12,115,PUEBLA,1567,2,URBANO(A)
21,12,115,PUEBLA,1568,2,URBANO(A)
21,12,115,PUEBLA,1569,2,URBANO(A)
21,6,115,PUEBLA,1570,2,URBANO(A)
21,6,115,PUEBLA,1571,2,URBANO(A)
21,6,115,PUEBLA,1572,2,URBANO(A)
21,6,115,PUEBLA,1573,2,URBANO(A)
21,6,115,PUEBLA,1574,2,URBANO(A)
21,6,115,PUEBLA,1575,2,URBANO(A)
21,6,115,PUEBLA,1576,2,URBANO(A)
21,6,115,PUEBLA,1577,2,URBANO(A)
21,6,115,PUEBLA,1578,2,URBANO(A)
21,6,115,PUEBLA,1579,2,URBANO(A)
21,6,115,PUEBLA,1580,2,URBANO(A)
21,12,115,PUEBLA,1581,2,URBANO(A)
21,12,115,PUEBLA,1582,2,URBANO(A)
21,12,115,PUEBLA,1583,2,URBANO(A)
21,6,115,PUEBLA,1584,2,URBANO(A)
21,6,115,PUEBLA,1585,2,URBANO(A)
21,12,115,PUEBLA,1588,2,URBANO(A)
21,12,115,PUEBLA,1590,2,URBANO(A)
21,12,115,PUEBLA,1591,2,URBANO(A)
21,12,115,PUEBLA,1592,2,URBANO(A)
21,12,115,PUEBLA,1594,2,URBANO(A)
21,6,115,PUEBLA,1597,2,URBANO(A)
21,12,115,PUEBLA,1598,2,URBANO(A)
21,12,115,PUEBLA,1599,2,URBANO(A)
21,12,115,PUEBLA,1600,2,URBANO(A)
21,6,115,PUEBLA,1601,2,URBANO(A)
21,12,115,PUEBLA,1602,4,RURAL
21,12,115,PUEBLA,1603,2,URBANO(A)
21,12,115,PUEBLA,1604,2,URBANO(A)
21,12,115,PUEBLA,1607,2,URBANO(A)
21,12,115,PUEBLA,1608,2,URBANO(A)
21,12,115,PUEBLA,1609,2,URBANO(A)
21,8,116,QUECHOLAC,1610,3,MIXTO(A)
21,8,116,QUECHOLAC,1611,3,MIXTO(A)
21,8,116,QUECHOLAC,1612,3,MIXTO(A)
21,8,116,QUECHOLAC,1613,2,URBANO(A)
21,8,116,QUECHOLAC,1614,3,MIXTO(A)
21,8,116,QUECHOLAC,1615,4,RURAL
21,8,116,QUECHOLAC,1616,3,MIXTO(A)
21,8,116,QUECHOLAC,1617,2,URBANO(A)
21,8,116,QUECHOLAC,1618,2,URBANO(A)
21,8,116,QUECHOLAC,1619,3,MIXTO(A)
21,8,116,QUECHOLAC,1620,2,URBANO(A)
21,8,116,QUECHOLAC,1621,2,URBANO(A)
21,8,116,QUECHOLAC,1622,2,URBANO(A)
21,8,116,QUECHOLAC,1623,2,URBANO(A)
21,8,116,QUECHOLAC,1624,3,MIXTO(A)
21,8,116,QUECHOLAC,1625,4,RURAL
21,4,117,QUIMIXTLAN,1626,3,MIXTO(A)
21,4,117,QUIMIXTLAN,1627,4,RURAL
21,4,117,QUIMIXTLAN,1628,4,RURAL
21,4,117,QUIMIXTLAN,1629,4,RURAL
21,4,117,QUIMIXTLAN,1630,4,RURAL
21,4,117,QUIMIXTLAN,1631,4,RURAL
21,4,117,QUIMIXTLAN,1632,4,RURAL
21,4,117,QUIMIXTLAN,1633,4,RURAL
21,4,117,QUIMIXTLAN,1634,4,RURAL
21,4,117,QUIMIXTLAN,1635,4,RURAL
21,4,118,RAFAEL LARA GRAJALES,1636,3,MIXTO(A)
21,4,118,RAFAEL LARA GRAJALES,1637,2,URBANO(A)
21,4,118,RAFAEL LARA GRAJALES,1638,2,URBANO(A)
21,4,118,RAFAEL LARA GRAJALES,1639,2,URBANO(A)
21,4,118,RAFAEL LARA GRAJALES,1640,3,MIXTO(A)
21,4,118,RAFAEL LARA GRAJALES,1641,2,URBANO(A)
21,4,118,RAFAEL LARA GRAJALES,1642,2,URBANO(A)
21,7,119,LOS REYES DE JUAREZ,1643,2,URBANO(A)
21,7,119,LOS REYES DE JUAREZ,1644,2,URBANO(A)
21,7,119,LOS REYES DE JUAREZ,1645,2,URBANO(A)
21,7,119,LOS REYES DE JUAREZ,1646,2,URBANO(A)
21,7,119,LOS REYES DE JUAREZ,1647,3,MIXTO(A)
21,7,119,LOS REYES DE JUAREZ,1648,2,URBANO(A)
21,7,119,LOS REYES DE JUAREZ,1649,3,MIXTO(A)
21,10,120,SAN ANDRES CHOLULA,1651,2,URBANO(A)
21,10,120,SAN ANDRES CHOLULA,1652,2,URBANO(A)
21,10,120,SAN ANDRES CHOLULA,1653,2,URBANO(A)
21,10,120,SAN ANDRES CHOLULA,1655,2,URBANO(A)
21,10,120,SAN ANDRES CHOLULA,1656,2,URBANO(A)
21,10,120,SAN ANDRES CHOLULA,1657,2,URBANO(A)
21,10,120,SAN ANDRES CHOLULA,1658,2,URBANO(A)
21,10,120,SAN ANDRES CHOLULA,1659,2,URBANO(A)
21,10,120,SAN ANDRES CHOLULA,1660,2,URBANO(A)
21,10,120,SAN ANDRES CHOLULA,1661,2,URBANO(A)
21,10,120,SAN ANDRES CHOLULA,1662,2,URBANO(A)
21,10,120,SAN ANDRES CHOLULA,1666,2,URBANO(A)
21,10,120,SAN ANDRES CHOLULA,1667,2,URBANO(A)
21,10,120,SAN ANDRES CHOLULA,1668,2,URBANO(A)
21,10,120,SAN ANDRES CHOLULA,1670,2,URBANO(A)
21,10,120,SAN ANDRES CHOLULA,1671,2,URBANO(A)
21,16,121,SAN ANTONIO CAÑADA,1672,4,RURAL
21,16,121,SAN ANTONIO CAÑADA,1673,4,RURAL
21,14,122,SAN DIEGO LA MESA TOCHIMILTZINGO,1674,3,MIXTO(A)
21,14,122,SAN DIEGO LA MESA TOCHIMILTZINGO,1675,4,RURAL
21,14,122,SAN DIEGO LA MESA TOCHIMILTZINGO,1676,4,RURAL
21,5,123,SAN FELIPE TEOTLALCINGO,1677,3,MIXTO(A)
21,5,123,SAN FELIPE TEOTLALCINGO,1678,2,URBANO(A)
21,5,123,SAN FELIPE TEOTLALCINGO,1679,3,MIXTO(A)
21,5,123,SAN FELIPE TEOTLALCINGO,1680,4,RURAL
21,5,123,SAN FELIPE TEOTLALCINGO,1681,4,RURAL
21,2,124,SAN FELIPE TEPATLAN,1682,3,MIXTO(A)
21,2,124,SAN FELIPE TEPATLAN,1683,4,RURAL
21,2,124,SAN FELIPE TEPATLAN,1684,4,RURAL
21,16,125,SAN GABRIEL CHILAC,1685,2,URBANO(A)
21,16,125,SAN GABRIEL CHILAC,1686,2,URBANO(A)
21,16,125,SAN GABRIEL CHILAC,1687,2,URBANO(A)
21,16,125,SAN GABRIEL CHILAC,1688,2,URBANO(A)
21,16,125,SAN GABRIEL CHILAC,1689,2,URBANO(A)
21,16,125,SAN GABRIEL CHILAC,1690,4,RURAL
21,10,126,SAN GREGORIO ATZOMPA,1691,2,URBANO(A)
21,10,126,SAN GREGORIO ATZOMPA,1692,2,URBANO(A)
21,10,126,SAN GREGORIO ATZOMPA,1693,2,URBANO(A)
21,10,126,SAN GREGORIO ATZOMPA,1694,2,URBANO(A)
21,10,127,SAN JERONIMO TECUANIPAN,1695,2,URBANO(A)
21,10,127,SAN JERONIMO TECUANIPAN,1696,4,RURAL
21,10,127,SAN JERONIMO TECUANIPAN,1697,2,URBANO(A)
21,14,128,SAN JERONIMO XAYACATLAN,1698,3,MIXTO(A)
21,14,128,SAN JERONIMO XAYACATLAN,1699,3,MIXTO(A)
21,14,128,SAN JERONIMO XAYACATLAN,1700,4,RURAL
21,14,128,SAN JERONIMO XAYACATLAN,1701,4,RURAL
21,4,129,SAN JOSE CHIAPA,1702,2,URBANO(A)
21,4,129,SAN JOSE CHIAPA,1703,2,URBANO(A)
21,4,129,SAN JOSE CHIAPA,1704,3,MIXTO(A)
21,4,129,SAN JOSE CHIAPA,1705,2,URBANO(A)
21,4,129,SAN JOSE CHIAPA,1706,4,RURAL
21,4,129,SAN JOSE CHIAPA,1707,4,RURAL
21,16,130,SAN JOSE MIAHUATLAN,1708,2,URBANO(A)
21,16,130,SAN JOSE MIAHUATLAN,1709,2,URBANO(A)
21,16,130,SAN JOSE MIAHUATLAN,1710,2,URBANO(A)
21,16,130,SAN JOSE MIAHUATLAN,1711,4,RURAL
21,16,130,SAN JOSE MIAHUATLAN,1712,4,RURAL
21,16,130,SAN JOSE MIAHUATLAN,1713,4,RURAL
21,16,130,SAN JOSE MIAHUATLAN,1714,4,RURAL
21,8,131,SAN JUAN ATENCO,1715,3,MIXTO(A)
21,8,131,SAN JUAN ATENCO,1716,3,MIXTO(A)
21,8,131,SAN JUAN ATENCO,1717,4,RURAL
21,8,131,SAN JUAN ATENCO,1718,4,RURAL
21,14,132,SAN JUAN ATZOMPA,1719,3,MIXTO(A)
21,5,133,SAN MARTIN TEXMELUCAN,1720,2,URBANO(A)
21,5,133,SAN MARTIN TEXMELUCAN,1721,2,URBANO(A)
21,5,133,SAN MARTIN TEXMELUCAN,1722,2,URBANO(A)
21,5,133,SAN MARTIN TEXMELUCAN,1723,2,URBANO(A)
21,5,133,SAN MARTIN TEXMELUCAN,1724,2,URBANO(A)
21,5,133,SAN MARTIN TEXMELUCAN,1725,2,URBANO(A)
21,5,133,SAN MARTIN TEXMELUCAN,1726,2,URBANO(A)
21,5,133,SAN MARTIN TEXMELUCAN,1727,2,URBANO(A)
21,5,133,SAN MARTIN TEXMELUCAN,1728,2,URBANO(A)
21,5,133,SAN MARTIN TEXMELUCAN,1729,2,URBANO(A)
21,5,133,SAN MARTIN TEXMELUCAN,1730,2,URBANO(A)
21,5,133,SAN MARTIN TEXMELUCAN,1731,2,URBANO(A)
21,5,133,SAN MARTIN TEXMELUCAN,1732,2,URBANO(A)
21,5,133,SAN MARTIN TEXMELUCAN,1733,2,URBANO(A)
21,5,133,SAN MARTIN TEXMELUCAN,1734,2,URBANO(A)
21,5,133,SAN MARTIN TEXMELUCAN,1735,2,URBANO(A)
21,5,133,SAN MARTIN TEXMELUCAN,1736,2,URBANO(A)
21,5,133,SAN MARTIN TEXMELUCAN,1737,2,URBANO(A)
21,5,133,SAN MARTIN TEXMELUCAN,1738,2,URBANO(A)
21,5,133,SAN MARTIN TEXMELUCAN,1739,2,URBANO(A)
21,5,133,SAN MARTIN TEXMELUCAN,1740,2,URBANO(A)
21,5,133,SAN MARTIN TEXMELUCAN,1741,2,URBANO(A)
21,5,133,SAN MARTIN TEXMELUCAN,1742,2,URBANO(A)
21,5,133,SAN MARTIN TEXMELUCAN,1743,2,URBANO(A)
21,5,133,SAN MARTIN TEXMELUCAN,1744,2,URBANO(A)
21,5,133,SAN MARTIN TEXMELUCAN,1745,2,URBANO(A)
21,5,133,SAN MARTIN TEXMELUCAN,1746,2,URBANO(A)
21,5,133,SAN MARTIN TEXMELUCAN,1747,2,URBANO(A)
21,5,133,SAN MARTIN TEXMELUCAN,1748,2,URBANO(A)
21,5,133,SAN MARTIN TEXMELUCAN,1749,2,URBANO(A)
21,5,133,SAN MARTIN TEXMELUCAN,1750,2,URBANO(A)
21,5,133,SAN MARTIN TEXMELUCAN,1751,2,URBANO(A)
21,5,133,SAN MARTIN TEXMELUCAN,1752,2,URBANO(A)
21,5,133,SAN MARTIN TEXMELUCAN,1753,2,URBANO(A)
21,5,133,SAN MARTIN TEXMELUCAN,1755,2,URBANO(A)
21,5,133,SAN MARTIN TEXMELUCAN,1757,2,URBANO(A)
21,5,133,SAN MARTIN TEXMELUCAN,1758,2,URBANO(A)
21,5,133,SAN MARTIN TEXMELUCAN,1759,2,URBANO(A)
21,5,133,SAN MARTIN TEXMELUCAN,1760,2,URBANO(A)
21,5,133,SAN MARTIN TEXMELUCAN,1761,2,URBANO(A)
21,5,133,SAN MARTIN TEXMELUCAN,1762,2,URBANO(A)
21,5,133,SAN MARTIN TEXMELUCAN,1763,2,URBANO(A)
21,5,133,SAN MARTIN TEXMELUCAN,1764,2,URBANO(A)
21,5,133,SAN MARTIN TEXMELUCAN,1765,2,URBANO(A)
21,5,133,SAN MARTIN TEXMELUCAN,1767,2,URBANO(A)
21,5,133,SAN MARTIN TEXMELUCAN,1768,2,URBANO(A)
21,5,133,SAN MARTIN TEXMELUCAN,1769,2,URBANO(A)
21,5,133,SAN MARTIN TEXMELUCAN,1770,2,URBANO(A)
21,5,133,SAN MARTIN TEXMELUCAN,1771,2,URBANO(A)
21,5,133,SAN MARTIN TEXMELUCAN,1772,2,URBANO(A)
21,5,133,SAN MARTIN TEXMELUCAN,1773,3,MIXTO(A)
21,14,134,SAN MARTIN TOTOLTEPEC,1774,2,URBANO(A)
21,5,135,SAN MATIAS TLALANCALECA,1775,3,MIXTO(A)
21,5,135,SAN MATIAS TLALANCALECA,1776,2,URBANO(A)
21,5,135,SAN MATIAS TLALANCALECA,1777,2,URBANO(A)
21,5,135,SAN MATIAS TLALANCALECA,1778,2,URBANO(A)
21,5,135,SAN MATIAS TLALANCALECA,1779,2,URBANO(A)
21,5,135,SAN MATIAS TLALANCALECA,1780,4,RURAL
21,5,135,SAN MATIAS TLALANCALECA,1781,3,MIXTO(A)
21,5,135,SAN MATIAS TLALANCALECA,1782,2,URBANO(A)
21,5,135,SAN MATIAS TLALANCALECA,1783,4,RURAL
21,14,136,SAN MIGUEL IXITLAN,1784,3,MIXTO(A)
21,5,137,SAN MIGUEL XOXTLA,1785,2,URBANO(A)
21,5,137,SAN MIGUEL XOXTLA,1786,2,URBANO(A)
21,5,137,SAN MIGUEL XOXTLA,1787,2,URBANO(A)
21,5,137,SAN MIGUEL XOXTLA,1788,2,URBANO(A)
21,4,138,SAN NICOLAS BUENOS AIRES,1789,2,URBANO(A)
21,4,138,SAN NICOLAS BUENOS AIRES,1790,3,MIXTO(A)
21,4,138,SAN NICOLAS BUENOS AIRES,1791,2,URBANO(A)
21,4,138,SAN NICOLAS BUENOS AIRES,1792,4,RURAL
21,5,139,SAN NICOLAS DE LOS RANCHOS,1793,2,URBANO(A)
21,5,139,SAN NICOLAS DE LOS RANCHOS,1794,2,URBANO(A)
21,5,139,SAN NICOLAS DE LOS RANCHOS,1795,2,URBANO(A)
21,5,139,SAN NICOLAS DE LOS RANCHOS,1796,2,URBANO(A)
21,5,139,SAN NICOLAS DE LOS RANCHOS,1797,3,MIXTO(A)
21,14,140,SAN PABLO ANICANO,1798,3,MIXTO(A)
21,14,140,SAN PABLO ANICANO,1799,4,RURAL
21,10,141,SAN PEDRO CHOLULA,1800,2,URBANO(A)
21,10,141,SAN PEDRO CHOLULA,1801,2,URBANO(A)
21,10,141,SAN PEDRO CHOLULA,1802,2,URBANO(A)
21,10,141,SAN PEDRO CHOLULA,1803,2,URBANO(A)
21,10,141,SAN PEDRO CHOLULA,1804,2,URBANO(A)
21,10,141,SAN PEDRO CHOLULA,1805,2,URBANO(A)
21,10,141,SAN PEDRO CHOLULA,1806,2,URBANO(A)
21,10,141,SAN PEDRO CHOLULA,1807,2,URBANO(A)
21,10,141,SAN PEDRO CHOLULA,1808,2,URBANO(A)
21,10,141,SAN PEDRO CHOLULA,1809,2,URBANO(A)
21,10,141,SAN PEDRO CHOLULA,1810,2,URBANO(A)
21,10,141,SAN PEDRO CHOLULA,1811,2,URBANO(A)
21,10,141,SAN PEDRO CHOLULA,1812,2,URBANO(A)
21,10,141,SAN PEDRO CHOLULA,1813,2,URBANO(A)
21,10,141,SAN PEDRO CHOLULA,1814,2,URBANO(A)
21,10,141,SAN PEDRO CHOLULA,1815,2,URBANO(A)
21,10,141,SAN PEDRO CHOLULA,1816,2,URBANO(A)
21,10,141,SAN PEDRO CHOLULA,1817,2,URBANO(A)
21,10,141,SAN PEDRO CHOLULA,1818,2,URBANO(A)
21,10,141,SAN PEDRO CHOLULA,1819,2,URBANO(A)
21,10,141,SAN PEDRO CHOLULA,1820,2,URBANO(A)
21,10,141,SAN PEDRO CHOLULA,1821,2,URBANO(A)
21,10,141,SAN PEDRO CHOLULA,1822,2,URBANO(A)
21,10,141,SAN PEDRO CHOLULA,1823,2,URBANO(A)
21,10,141,SAN PEDRO CHOLULA,1824,2,URBANO(A)
21,10,141,SAN PEDRO CHOLULA,1825,2,URBANO(A)
21,10,141,SAN PEDRO CHOLULA,1826,2,URBANO(A)
21,10,141,SAN PEDRO CHOLULA,1827,2,URBANO(A)
21,10,141,SAN PEDRO CHOLULA,1828,2,URBANO(A)
21,10,141,SAN PEDRO CHOLULA,1829,2,URBANO(A)
21,10,141,SAN PEDRO CHOLULA,1830,2,URBANO(A)
21,10,141,SAN PEDRO CHOLULA,1831,2,URBANO(A)
21,10,141,SAN PEDRO CHOLULA,1832,2,URBANO(A)
21,10,141,SAN PEDRO CHOLULA,1833,2,URBANO(A)
21,10,141,SAN PEDRO CHOLULA,1834,2,URBANO(A)
21,10,141,SAN PEDRO CHOLULA,1835,2,URBANO(A)
21,10,141,SAN PEDRO CHOLULA,1836,2,URBANO(A)
21,10,141,SAN PEDRO CHOLULA,1837,2,URBANO(A)
21,10,141,SAN PEDRO CHOLULA,1838,2,URBANO(A)
21,10,141,SAN PEDRO CHOLULA,1839,2,URBANO(A)
21,10,141,SAN PEDRO CHOLULA,1841,2,URBANO(A)
21,10,141,SAN PEDRO CHOLULA,1842,2,URBANO(A)
21,10,141,SAN PEDRO CHOLULA,1843,2,URBANO(A)
21,10,141,SAN PEDRO CHOLULA,1844,2,URBANO(A)
21,10,141,SAN PEDRO CHOLULA,1845,2,URBANO(A)
21,14,142,SAN PEDRO YELOIXTLAHUACA,1846,3,MIXTO(A)
21,14,142,SAN PEDRO YELOIXTLAHUACA,1847,4,RURAL
21,4,143,SAN SALVADOR EL SECO,1848,3,MIXTO(A)
21,4,143,SAN SALVADOR EL SECO,1849,2,URBANO(A)
21,4,143,SAN SALVADOR EL SECO,1850,3,MIXTO(A)
21,4,143,SAN SALVADOR EL SECO,1851,2,URBANO(A)
21,4,143,SAN SALVADOR EL SECO,1852,2,URBANO(A)
21,4,143,SAN SALVADOR EL SECO,1853,3,MIXTO(A)
21,4,143,SAN SALVADOR EL SECO,1854,2,URBANO(A)
21,4,143,SAN SALVADOR EL SECO,1855,3,MIXTO(A)
21,4,143,SAN SALVADOR EL SECO,1856,2,URBANO(A)
21,4,143,SAN SALVADOR EL SECO,1857,4,RURAL
21,5,144,SAN SALVADOR EL VERDE,1858,3,MIXTO(A)
21,5,144,SAN SALVADOR EL VERDE,1859,2,URBANO(A)
21,5,144,SAN SALVADOR EL VERDE,1860,3,MIXTO(A)
21,5,144,SAN SALVADOR EL VERDE,1861,2,URBANO(A)
21,5,144,SAN SALVADOR EL VERDE,1862,2,URBANO(A)
21,5,144,SAN SALVADOR EL VERDE,1863,4,RURAL
21,5,144,SAN SALVADOR EL VERDE,1864,4,RURAL
21,5,144,SAN SALVADOR EL VERDE,1865,4,RURAL
21,5,144,SAN SALVADOR EL VERDE,1866,4,RURAL
21,5,144,SAN SALVADOR EL VERDE,1867,2,URBANO(A)
21,8,145,SAN SALVADOR HUIXCOLOTLA,1868,2,URBANO(A)
21,8,145,SAN SALVADOR HUIXCOLOTLA,1869,2,URBANO(A)
21,8,145,SAN SALVADOR HUIXCOLOTLA,1870,3,MIXTO(A)
21,8,145,SAN SALVADOR HUIXCOLOTLA,1871,2,URBANO(A)
21,14,146,SANTA CATARINA TLALTEMPAN,1872,2,URBANO(A)
21,14,147,SANTA INES AHUATEMPAN,1873,2,URBANO(A)
21,14,147,SANTA INES AHUATEMPAN,1874,2,URBANO(A)
21,14,147,SANTA INES AHUATEMPAN,1875,2,URBANO(A)
21,14,147,SANTA INES AHUATEMPAN,1876,4,RURAL
21,13,148,SANTA ISABEL CHOLULA,1877,2,URBANO(A)
21,13,148,SANTA ISABEL CHOLULA,1878,2,URBANO(A)
21,13,148,SANTA ISABEL CHOLULA,1879,3,MIXTO(A)
21,13,148,SANTA ISABEL CHOLULA,1880,2,URBANO(A)
21,13,148,SANTA ISABEL CHOLULA,1881,3,MIXTO(A)
21,15,149,SANTIAGO MIAHUATLAN,1882,2,URBANO(A)
21,15,149,SANTIAGO MIAHUATLAN,1883,3,MIXTO(A)
21,15,149,SANTIAGO MIAHUATLAN,1884,3,MIXTO(A)
21,15,149,SANTIAGO MIAHUATLAN,1885,2,URBANO(A)
21,15,149,SANTIAGO MIAHUATLAN,1886,4,RURAL
21,15,149,SANTIAGO MIAHUATLAN,1887,3,MIXTO(A)
21,7,150,SANTO TOMAS HUEYOTLIPAN,1888,2,URBANO(A)
21,7,150,SANTO TOMAS HUEYOTLIPAN,1889,3,MIXTO(A)
21,7,150,SANTO TOMAS HUEYOTLIPAN,1890,4,RURAL
21,4,151,SOLTEPEC,1891,2,URBANO(A)
21,4,151,SOLTEPEC,1892,3,MIXTO(A)
21,4,151,SOLTEPEC,1893,2,URBANO(A)
21,4,151,SOLTEPEC,1894,2,URBANO(A)
21,4,151,SOLTEPEC,1895,4,RURAL
21,4,151,SOLTEPEC,1896,4,RURAL
21,7,152,TECALI DE HERRERA,1897,3,MIXTO(A)
21,7,152,TECALI DE HERRERA,1898,3,MIXTO(A)
21,7,152,TECALI DE HERRERA,1899,2,URBANO(A)
21,7,152,TECALI DE HERRERA,1900,4,RURAL
21,7,152,TECALI DE HERRERA,1901,4,RURAL
21,7,152,TECALI DE HERRERA,1902,4,RURAL
21,7,152,TECALI DE HERRERA,1903,4,RURAL
21,7,152,TECALI DE HERRERA,1904,2,URBANO(A)
21,7,152,TECALI DE HERRERA,1905,2,URBANO(A)
21,8,153,TECAMACHALCO,1906,3,MIXTO(A)
21,8,153,TECAMACHALCO,1907,2,URBANO(A)
21,8,153,TECAMACHALCO,1908,2,URBANO(A)
21,8,153,TECAMACHALCO,1909,2,URBANO(A)
21,8,153,TECAMACHALCO,1910,2,URBANO(A)
21,8,153,TECAMACHALCO,1911,3,MIXTO(A)
21,8,153,TECAMACHALCO,1912,3,MIXTO(A)
21,8,153,TECAMACHALCO,1913,3,MIXTO(A)
21,8,153,TECAMACHALCO,1914,2,URBANO(A)
21,8,153,TECAMACHALCO,1915,3,MIXTO(A)
21,8,153,TECAMACHALCO,1916,2,URBANO(A)
21,8,153,TECAMACHALCO,1917,2,URBANO(A)
21,8,153,TECAMACHALCO,1918,3,MIXTO(A)
21,8,153,TECAMACHALCO,1920,2,URBANO(A)
21,8,153,TECAMACHALCO,1921,3,MIXTO(A)
21,8,153,TECAMACHALCO,1922,2,URBANO(A)
21,8,153,TECAMACHALCO,1923,2,URBANO(A)
21,8,153,TECAMACHALCO,1924,2,URBANO(A)
21,8,153,TECAMACHALCO,1927,4,RURAL
21,8,153,TECAMACHALCO,1928,3,MIXTO(A)
21,14,154,TECOMATLAN,1929,3,MIXTO(A)
21,14,154,TECOMATLAN,1930,3,MIXTO(A)
21,14,154,TECOMATLAN,1931,4,RURAL
21,14,154,TECOMATLAN,1932,4,RURAL
21,14,154,TECOMATLAN,1933,4,RURAL
21,15,155,TEHUACAN,1935,2,URBANO(A)
21,15,155,TEHUACAN,1936,2,URBANO(A)
21,15,155,TEHUACAN,1938,2,URBANO(A)
21,15,155,TEHUACAN,1939,2,URBANO(A)
21,15,155,TEHUACAN,1940,2,URBANO(A)
21,15,155,TEHUACAN,1941,2,URBANO(A)
21,15,155,TEHUACAN,1942,2,URBANO(A)
21,15,155,TEHUACAN,1943,2,URBANO(A)
21,15,155,TEHUACAN,1944,2,URBANO(A)
21,15,155,TEHUACAN,1945,2,URBANO(A)
21,15,155,TEHUACAN,1946,2,URBANO(A)
21,15,155,TEHUACAN,1947,2,URBANO(A)
21,15,155,TEHUACAN,1948,2,URBANO(A)
21,15,155,TEHUACAN,1949,2,URBANO(A)
21,15,155,TEHUACAN,1950,2,URBANO(A)
21,15,155,TEHUACAN,1951,2,URBANO(A)
21,15,155,TEHUACAN,1953,2,URBANO(A)
21,15,155,TEHUACAN,1954,2,URBANO(A)
21,15,155,TEHUACAN,1955,2,URBANO(A)
21,15,155,TEHUACAN,1956,2,URBANO(A)
21,15,155,TEHUACAN,1957,2,URBANO(A)
21,15,155,TEHUACAN,1958,2,URBANO(A)
21,15,155,TEHUACAN,1959,2,URBANO(A)
21,15,155,TEHUACAN,1960,2,URBANO(A)
21,15,155,TEHUACAN,1961,2,URBANO(A)
21,15,155,TEHUACAN,1962,2,URBANO(A)
21,15,155,TEHUACAN,1963,2,URBANO(A)
21,15,155,TEHUACAN,1964,2,URBANO(A)
21,15,155,TEHUACAN,1965,2,URBANO(A)
21,15,155,TEHUACAN,1966,2,URBANO(A)
21,15,155,TEHUACAN,1967,2,URBANO(A)
21,15,155,TEHUACAN,1968,2,URBANO(A)
21,15,155,TEHUACAN,1969,2,URBANO(A)
21,15,155,TEHUACAN,1970,2,URBANO(A)
21,15,155,TEHUACAN,1971,2,URBANO(A)
21,15,155,TEHUACAN,1972,2,URBANO(A)
21,15,155,TEHUACAN,1973,2,URBANO(A)
21,15,155,TEHUACAN,1974,2,URBANO(A)
21,15,155,TEHUACAN,1975,2,URBANO(A)
21,15,155,TEHUACAN,1976,2,URBANO(A)
21,15,155,TEHUACAN,1977,2,URBANO(A)
21,15,155,TEHUACAN,1978,2,URBANO(A)
21,15,155,TEHUACAN,1979,2,URBANO(A)
21,15,155,TEHUACAN,1980,2,URBANO(A)
21,15,155,TEHUACAN,1981,2,URBANO(A)
21,15,155,TEHUACAN,1982,2,URBANO(A)
21,15,155,TEHUACAN,1983,2,URBANO(A)
21,15,155,TEHUACAN,1984,2,URBANO(A)
21,15,155,TEHUACAN,1985,2,URBANO(A)
21,15,155,TEHUACAN,1987,2,URBANO(A)
21,15,155,TEHUACAN,1988,2,URBANO(A)
21,15,155,TEHUACAN,1989,2,URBANO(A)
21,15,155,TEHUACAN,1990,2,URBANO(A)
21,15,155,TEHUACAN,1991,2,URBANO(A)
21,15,155,TEHUACAN,1992,2,URBANO(A)
21,15,155,TEHUACAN,1993,2,URBANO(A)
21,15,155,TEHUACAN,1994,2,URBANO(A)
21,15,155,TEHUACAN,1995,2,URBANO(A)
21,15,155,TEHUACAN,1996,2,URBANO(A)
21,15,155,TEHUACAN,1997,2,URBANO(A)
21,15,155,TEHUACAN,1998,2,URBANO(A)
21,15,155,TEHUACAN,1999,2,URBANO(A)
21,15,155,TEHUACAN,2001,2,URBANO(A)
21,15,155,TEHUACAN,2002,2,URBANO(A)
21,15,155,TEHUACAN,2003,2,URBANO(A)
21,15,155,TEHUACAN,2004,2,URBANO(A)
21,15,155,TEHUACAN,2007,3,MIXTO(A)
21,15,155,TEHUACAN,2008,2,URBANO(A)
21,15,155,TEHUACAN,2009,3,MIXTO(A)
21,15,155,TEHUACAN,2010,4,RURAL
21,15,155,TEHUACAN,2012,2,URBANO(A)
21,15,155,TEHUACAN,2013,3,MIXTO(A)
21,15,155,TEHUACAN,2014,4,RURAL
21,15,155,TEHUACAN,2015,4,RURAL
21,15,155,TEHUACAN,2016,4,RURAL
21,14,156,TEHUITZINGO,2017,3,MIXTO(A)
21,14,156,TEHUITZINGO,2018,3,MIXTO(A)
21,14,156,TEHUITZINGO,2019,2,URBANO(A)
21,14,156,TEHUITZINGO,2020,4,RURAL
21,14,156,TEHUITZINGO,2021,4,RURAL
21,14,156,TEHUITZINGO,2022,4,RURAL
21,14,156,TEHUITZINGO,2023,4,RURAL
21,14,156,TEHUITZINGO,2024,4,RURAL
21,3,157,TENAMPULCO,2025,3,MIXTO(A)
21,3,157,TENAMPULCO,2026,3,MIXTO(A)
21,3,157,TENAMPULCO,2027,4,RURAL
21,3,157,TENAMPULCO,2028,4,RURAL
21,3,157,TENAMPULCO,2029,4,RURAL
21,3,157,TENAMPULCO,2030,4,RURAL
21,3,157,TENAMPULCO,2031,4,RURAL
21,3,157,TENAMPULCO,2032,4,RURAL
21,14,158,TEOPANTLAN,2033,3,MIXTO(A)
21,14,158,TEOPANTLAN,2034,2,URBANO(A)
21,14,158,TEOPANTLAN,2035,4,RURAL
21,14,158,TEOPANTLAN,2037,4,RURAL
21,14,159,TEOTLALCO,2038,3,MIXTO(A)
21,14,159,TEOTLALCO,2039,4,RURAL
21,14,159,TEOTLALCO,2040,4,RURAL
21,14,159,TEOTLALCO,2041,4,RURAL
21,15,160,TEPANCO DE LOPEZ,2042,3,MIXTO(A)
21,15,160,TEPANCO DE LOPEZ,2043,4,RURAL
21,15,160,TEPANCO DE LOPEZ,2044,2,URBANO(A)
21,15,160,TEPANCO DE LOPEZ,2045,3,MIXTO(A)
21,15,160,TEPANCO DE LOPEZ,2046,3,MIXTO(A)
21,15,160,TEPANCO DE LOPEZ,2047,2,URBANO(A)
21,15,160,TEPANCO DE LOPEZ,2048,2,URBANO(A)
21,2,161,TEPANGO DE RODRIGUEZ,2049,3,MIXTO(A)
21,2,161,TEPANGO DE RODRIGUEZ,2050,2,URBANO(A)
21,7,162,TEPATLAXCO DE HIDALGO,2051,3,MIXTO(A)
21,7,162,TEPATLAXCO DE HIDALGO,2052,2,URBANO(A)
21,7,162,TEPATLAXCO DE HIDALGO,2053,2,URBANO(A)
21,7,162,TEPATLAXCO DE HIDALGO,2054,2,URBANO(A)
21,7,162,TEPATLAXCO DE HIDALGO,2055,2,URBANO(A)
21,7,162,TEPATLAXCO DE HIDALGO,2056,2,URBANO(A)
21,7,162,TEPATLAXCO DE HIDALGO,2057,2,URBANO(A)
21,7,163,TEPEACA,2058,2,URBANO(A)
21,7,163,TEPEACA,2059,2,URBANO(A)
21,7,163,TEPEACA,2060,2,URBANO(A)
21,7,163,TEPEACA,2061,2,URBANO(A)
21,7,163,TEPEACA,2062,2,URBANO(A)
21,7,163,TEPEACA,2063,3,MIXTO(A)
21,7,163,TEPEACA,2064,2,URBANO(A)
21,7,163,TEPEACA,2065,2,URBANO(A)
21,7,163,TEPEACA,2066,2,URBANO(A)
21,7,163,TEPEACA,2067,4,RURAL
21,7,163,TEPEACA,2069,4,RURAL
21,7,163,TEPEACA,2070,4,RURAL
21,7,163,TEPEACA,2071,4,RURAL
21,7,163,TEPEACA,2072,2,URBANO(A)
21,7,163,TEPEACA,2073,2,URBANO(A)
21,7,163,TEPEACA,2074,2,URBANO(A)
21,7,163,TEPEACA,2076,3,MIXTO(A)
21,7,163,TEPEACA,2077,2,URBANO(A)
21,7,163,TEPEACA,2078,3,MIXTO(A)
21,7,163,TEPEACA,2079,2,URBANO(A)
21,7,163,TEPEACA,2080,3,MIXTO(A)
21,7,163,TEPEACA,2081,3,MIXTO(A)
21,13,164,TEPEMAXALCO,2082,3,MIXTO(A)
21,14,165,TEPEOJUMA,2083,3,MIXTO(A)
21,14,165,TEPEOJUMA,2084,3,MIXTO(A)
21,14,165,TEPEOJUMA,2085,3,MIXTO(A)
21,14,165,TEPEOJUMA,2086,4,RURAL
21,14,165,TEPEOJUMA,2087,4,RURAL
21,14,165,TEPEOJUMA,2088,4,RURAL
21,2,166,TEPETZINTLA,2089,2,URBANO(A)
21,2,166,TEPETZINTLA,2090,4,RURAL
21,2,166,TEPETZINTLA,2091,4,RURAL
21,2,166,TEPETZINTLA,2092,4,RURAL
21,2,166,TEPETZINTLA,2093,4,RURAL
21,2,166,TEPETZINTLA,2094,4,RURAL
21,13,167,TEPEXCO,2095,3,MIXTO(A)
21,13,167,TEPEXCO,2096,3,MIXTO(A)
21,13,167,TEPEXCO,2097,2,URBANO(A)
21,16,168,TEPEXI DE RODRIGUEZ,2098,3,MIXTO(A)
21,16,168,TEPEXI DE RODRIGUEZ,2099,3,MIXTO(A)
21,16,168,TEPEXI DE RODRIGUEZ,2100,4,RURAL
21,16,168,TEPEXI DE RODRIGUEZ,2101,4,RURAL
21,16,168,TEPEXI DE RODRIGUEZ,2102,4,RURAL
21,16,168,TEPEXI DE RODRIGUEZ,2103,4,RURAL
21,16,168,TEPEXI DE RODRIGUEZ,2104,4,RURAL
21,16,168,TEPEXI DE RODRIGUEZ,2105,4,RURAL
21,16,168,TEPEXI DE RODRIGUEZ,2106,4,RURAL
21,16,168,TEPEXI DE RODRIGUEZ,2107,4,RURAL
21,16,168,TEPEXI DE RODRIGUEZ,2108,4,RURAL
21,4,169,TEPEYAHUALCO,2109,3,MIXTO(A)
21,4,169,TEPEYAHUALCO,2110,4,RURAL
21,4,169,TEPEYAHUALCO,2111,4,RURAL
21,4,169,TEPEYAHUALCO,2112,3,MIXTO(A)
21,4,169,TEPEYAHUALCO,2113,4,RURAL
21,4,169,TEPEYAHUALCO,2114,4,RURAL
21,4,169,TEPEYAHUALCO,2115,4,RURAL
21,16,170,TEPEYAHUALCO DE CUAUHTEMOC,2116,3,MIXTO(A)
21,2,171,TETELA DE OCAMPO,2117,2,URBANO(A)
21,2,171,TETELA DE OCAMPO,2118,2,URBANO(A)
21,2,171,TETELA DE OCAMPO,2119,4,RURAL
21,2,171,TETELA DE OCAMPO,2120,4,RURAL
21,2,171,TETELA DE OCAMPO,2121,4,RURAL
21,2,171,TETELA DE OCAMPO,2122,4,RURAL
21,2,171,TETELA DE OCAMPO,2123,4,RURAL
21,2,171,TETELA DE OCAMPO,2124,4,RURAL
21,2,171,TETELA DE OCAMPO,2125,4,RURAL
21,2,171,TETELA DE OCAMPO,2126,4,RURAL
21,2,171,TETELA DE OCAMPO,2127,4,RURAL
21,2,171,TETELA DE OCAMPO,2128,4,RURAL
21,2,171,TETELA DE OCAMPO,2129,4,RURAL
21,2,171,TETELA DE OCAMPO,2130,4,RURAL
21,2,171,TETELA DE OCAMPO,2131,4,RURAL
21,3,172,TETELES DE AVILA CASTILLO,2132,3,MIXTO(A)
21,3,172,TETELES DE AVILA CASTILLO,2133,3,MIXTO(A)
21,3,173,TEZIUTLAN,2134,2,URBANO(A)
21,3,173,TEZIUTLAN,2135,2,URBANO(A)
21,3,173,TEZIUTLAN,2136,2,URBANO(A)
21,3,173,TEZIUTLAN,2137,3,MIXTO(A)
21,3,173,TEZIUTLAN,2138,2,URBANO(A)
21,3,173,TEZIUTLAN,2139,2,URBANO(A)
21,3,173,TEZIUTLAN,2140,2,URBANO(A)
21,3,173,TEZIUTLAN,2141,2,URBANO(A)
21,3,173,TEZIUTLAN,2142,2,URBANO(A)
21,3,173,TEZIUTLAN,2143,2,URBANO(A)
21,3,173,TEZIUTLAN,2144,2,URBANO(A)
21,3,173,TEZIUTLAN,2145,2,URBANO(A)
21,3,173,TEZIUTLAN,2146,2,URBANO(A)
21,3,173,TEZIUTLAN,2147,2,URBANO(A)
21,3,173,TEZIUTLAN,2148,2,URBANO(A)
21,3,173,TEZIUTLAN,2149,2,URBANO(A)
21,3,173,TEZIUTLAN,2150,2,URBANO(A)
21,3,173,TEZIUTLAN,2151,2,URBANO(A)
21,3,173,TEZIUTLAN,2152,2,URBANO(A)
21,3,173,TEZIUTLAN,2153,2,URBANO(A)
21,3,173,TEZIUTLAN,2154,2,URBANO(A)
21,3,173,TEZIUTLAN,2155,2,URBANO(A)
21,3,173,TEZIUTLAN,2156,2,URBANO(A)
21,3,173,TEZIUTLAN,2157,2,URBANO(A)
21,3,173,TEZIUTLAN,2158,3,MIXTO(A)
21,3,173,TEZIUTLAN,2159,2,URBANO(A)
21,3,173,TEZIUTLAN,2160,2,URBANO(A)
21,3,173,TEZIUTLAN,2161,2,URBANO(A)
21,3,173,TEZIUTLAN,2162,2,URBANO(A)
21,3,173,TEZIUTLAN,2163,3,MIXTO(A)
21,3,173,TEZIUTLAN,2164,4,RURAL
21,3,173,TEZIUTLAN,2165,4,RURAL
21,3,173,TEZIUTLAN,2166,4,RURAL
21,3,173,TEZIUTLAN,2167,4,RURAL
21,3,173,TEZIUTLAN,2168,4,RURAL
21,3,173,TEZIUTLAN,2169,4,RURAL
21,3,173,TEZIUTLAN,2170,4,RURAL
21,3,173,TEZIUTLAN,2171,4,RURAL
21,3,173,TEZIUTLAN,2172,4,RURAL
21,3,173,TEZIUTLAN,2173,4,RURAL
21,3,173,TEZIUTLAN,2174,4,RURAL
21,13,174,TIANGUISMANALCO,2175,2,URBANO(A)
21,13,174,TIANGUISMANALCO,2176,2,URBANO(A)
21,13,174,TIANGUISMANALCO,2177,3,MIXTO(A)
21,13,174,TIANGUISMANALCO,2178,4,RURAL
21,13,174,TIANGUISMANALCO,2179,4,RURAL
21,13,174,TIANGUISMANALCO,2180,4,RURAL
21,13,175,TILAPA,2181,3,MIXTO(A)
21,13,175,TILAPA,2182,4,RURAL
21,13,175,TILAPA,2183,4,RURAL
21,16,176,TLACOTEPEC DE BENITO JUAREZ,2184,2,URBANO(A)
21,16,176,TLACOTEPEC DE BENITO JUAREZ,2185,2,URBANO(A)
21,16,176,TLACOTEPEC DE BENITO JUAREZ,2186,4,RURAL
21,16,176,TLACOTEPEC DE BENITO JUAREZ,2187,4,RURAL
21,16,176,TLACOTEPEC DE BENITO JUAREZ,2190,2,URBANO(A)
21,16,176,TLACOTEPEC DE BENITO JUAREZ,2191,4,RURAL
21,16,176,TLACOTEPEC DE BENITO JUAREZ,2192,4,RURAL
21,16,176,TLACOTEPEC DE BENITO JUAREZ,2193,3,MIXTO(A)
21,16,176,TLACOTEPEC DE BENITO JUAREZ,2194,4,RURAL
21,16,176,TLACOTEPEC DE BENITO JUAREZ,2195,4,RURAL
21,16,176,TLACOTEPEC DE BENITO JUAREZ,2196,4,RURAL
21,16,176,TLACOTEPEC DE BENITO JUAREZ,2197,4,RURAL
21,16,176,TLACOTEPEC DE BENITO JUAREZ,2198,4,RURAL
21,16,176,TLACOTEPEC DE BENITO JUAREZ,2199,2,URBANO(A)
21,16,176,TLACOTEPEC DE BENITO JUAREZ,2200,3,MIXTO(A)
21,16,177,SAN SEBASTIAN TLACOTEPEC,2201,3,MIXTO(A)
21,16,177,SAN SEBASTIAN TLACOTEPEC,2202,4,RURAL
21,16,177,SAN SEBASTIAN TLACOTEPEC,2203,4,RURAL
21,16,177,SAN SEBASTIAN TLACOTEPEC,2204,4,RURAL
21,16,177,SAN SEBASTIAN TLACOTEPEC,2205,4,RURAL
21,16,177,SAN SEBASTIAN TLACOTEPEC,2206,4,RURAL
21,16,177,SAN SEBASTIAN TLACOTEPEC,2207,4,RURAL
21,16,177,SAN SEBASTIAN TLACOTEPEC,2208,4,RURAL
21,1,178,TLACUILOTEPEC,2209,3,MIXTO(A)
21,1,178,TLACUILOTEPEC,2210,4,RURAL
21,1,178,TLACUILOTEPEC,2211,4,RURAL
21,1,178,TLACUILOTEPEC,2212,4,RURAL
21,1,178,TLACUILOTEPEC,2213,4,RURAL
21,1,178,TLACUILOTEPEC,2214,4,RURAL
21,1,178,TLACUILOTEPEC,2215,4,RURAL
21,1,178,TLACUILOTEPEC,2216,4,RURAL
21,1,178,TLACUILOTEPEC,2217,4,RURAL
21,1,178,TLACUILOTEPEC,2218,4,RURAL
21,4,179,TLACHICHUCA,2219,3,MIXTO(A)
21,4,179,TLACHICHUCA,2220,2,URBANO(A)
21,4,179,TLACHICHUCA,2221,3,MIXTO(A)
21,4,179,TLACHICHUCA,2222,2,URBANO(A)
21,4,179,TLACHICHUCA,2223,2,URBANO(A)
21,4,179,TLACHICHUCA,2224,4,RURAL
21,4,179,TLACHICHUCA,2225,3,MIXTO(A)
21,4,179,TLACHICHUCA,2226,4,RURAL
21,4,179,TLACHICHUCA,2227,4,RURAL
21,4,179,TLACHICHUCA,2228,4,RURAL
21,4,179,TLACHICHUCA,2229,4,RURAL
21,4,179,TLACHICHUCA,2230,4,RURAL
21,4,179,TLACHICHUCA,2231,4,RURAL
21,4,179,TLACHICHUCA,2232,4,RURAL
21,5,180,TLAHUAPAN,2233,3,MIXTO(A)
21,5,180,TLAHUAPAN,2234,3,MIXTO(A)
21,5,180,TLAHUAPAN,2235,2,URBANO(A)
21,5,180,TLAHUAPAN,2236,2,URBANO(A)
21,5,180,TLAHUAPAN,2237,4,RURAL
21,5,180,TLAHUAPAN,2238,4,RURAL
21,5,180,TLAHUAPAN,2239,4,RURAL
21,5,180,TLAHUAPAN,2240,3,MIXTO(A)
21,5,180,TLAHUAPAN,2241,4,RURAL
21,5,180,TLAHUAPAN,2242,4,RURAL
21,5,180,TLAHUAPAN,2243,4,RURAL
21,5,180,TLAHUAPAN,2244,2,URBANO(A)
21,5,180,TLAHUAPAN,2245,2,URBANO(A)
21,5,180,TLAHUAPAN,2246,2,URBANO(A)
21,5,180,TLAHUAPAN,2247,2,URBANO(A)
21,5,181,TLALTENANGO,2248,2,URBANO(A)
21,5,181,TLALTENANGO,2249,2,URBANO(A)
21,5,181,TLALTENANGO,2250,2,URBANO(A)
21,7,182,TLANEPANTLA,2251,3,MIXTO(A)
21,7,182,TLANEPANTLA,2252,3,MIXTO(A)
21,1,183,TLAOLA,2253,3,MIXTO(A)
21,1,183,TLAOLA,2254,4,RURAL
21,1,183,TLAOLA,2255,4,RURAL
21,1,183,TLAOLA,2256,4,RURAL
21,1,183,TLAOLA,2257,3,MIXTO(A)
21,1,183,TLAOLA,2258,4,RURAL
21,1,183,TLAOLA,2259,4,RURAL
21,1,183,TLAOLA,2260,4,RURAL
21,1,183,TLAOLA,2261,4,RURAL
21,1,184,TLAPACOYA,2262,3,MIXTO(A)
21,1,184,TLAPACOYA,2263,4,RURAL
21,1,184,TLAPACOYA,2264,4,RURAL
21,1,184,TLAPACOYA,2265,4,RURAL
21,1,184,TLAPACOYA,2266,4,RURAL
21,13,185,TLAPANALA,2267,3,MIXTO(A)
21,13,185,TLAPANALA,2268,3,MIXTO(A)
21,13,185,TLAPANALA,2269,3,MIXTO(A)
21,13,185,TLAPANALA,2270,4,RURAL
21,13,185,TLAPANALA,2271,4,RURAL
21,3,186,TLATLAUQUITEPEC,2272,2,URBANO(A)
21,3,186,TLATLAUQUITEPEC,2273,3,MIXTO(A)
21,3,186,TLATLAUQUITEPEC,2274,2,URBANO(A)
21,3,186,TLATLAUQUITEPEC,2275,2,URBANO(A)
21,3,186,TLATLAUQUITEPEC,2276,4,RURAL
21,3,186,TLATLAUQUITEPEC,2277,4,RURAL
21,3,186,TLATLAUQUITEPEC,2278,4,RURAL
21,3,186,TLATLAUQUITEPEC,2279,4,RURAL
21,3,186,TLATLAUQUITEPEC,2280,4,RURAL
21,3,186,TLATLAUQUITEPEC,2281,4,RURAL
21,3,186,TLATLAUQUITEPEC,2282,4,RURAL
21,3,186,TLATLAUQUITEPEC,2283,4,RURAL
21,3,186,TLATLAUQUITEPEC,2284,4,RURAL
21,3,186,TLATLAUQUITEPEC,2285,4,RURAL
21,3,186,TLATLAUQUITEPEC,2287,4,RURAL
21,3,186,TLATLAUQUITEPEC,2288,2,URBANO(A)
21,3,186,TLATLAUQUITEPEC,2289,4,RURAL
21,3,186,TLATLAUQUITEPEC,2290,4,RURAL
21,3,186,TLATLAUQUITEPEC,2291,4,RURAL
21,3,186,TLATLAUQUITEPEC,2292,4,RURAL
21,3,186,TLATLAUQUITEPEC,2293,3,MIXTO(A)
21,3,186,TLATLAUQUITEPEC,2294,3,MIXTO(A)
21,1,187,TLAXCO,2295,3,MIXTO(A)
21,1,187,TLAXCO,2296,4,RURAL
21,1,187,TLAXCO,2297,4,RURAL
21,1,187,TLAXCO,2298,4,RURAL
21,13,188,TOCHIMILCO,2299,2,URBANO(A)
21,13,188,TOCHIMILCO,2300,2,URBANO(A)
21,13,188,TOCHIMILCO,2301,2,URBANO(A)
21,13,188,TOCHIMILCO,2302,4,RURAL
21,13,188,TOCHIMILCO,2303,4,RURAL
21,13,188,TOCHIMILCO,2304,4,RURAL
21,13,188,TOCHIMILCO,2305,4,RURAL
21,13,188,TOCHIMILCO,2306,2,URBANO(A)
21,13,188,TOCHIMILCO,2307,4,RURAL
21,13,188,TOCHIMILCO,2308,4,RURAL
21,13,188,TOCHIMILCO,2309,4,RURAL
21,16,189,TOCHTEPEC,2310,3,MIXTO(A)
21,16,189,TOCHTEPEC,2311,3,MIXTO(A)
21,16,189,TOCHTEPEC,2312,3,MIXTO(A)
21,16,189,TOCHTEPEC,2313,3,MIXTO(A)
21,16,189,TOCHTEPEC,2314,3,MIXTO(A)
21,16,189,TOCHTEPEC,2315,3,MIXTO(A)
21,16,189,TOCHTEPEC,2316,4,RURAL
21,14,190,TOTOLTEPEC DE GUERRERO,2317,2,URBANO(A)
21,14,190,TOTOLTEPEC DE GUERRERO,2318,4,RURAL
21,14,191,TULCINGO,2319,3,MIXTO(A)
21,14,191,TULCINGO,2320,2,URBANO(A)
21,14,191,TULCINGO,2321,3,MIXTO(A)
21,14,191,TULCINGO,2322,4,RURAL
21,14,191,TULCINGO,2323,4,RURAL
21,14,191,TULCINGO,2324,4,RURAL
21,14,191,TULCINGO,2325,4,RURAL
21,3,192,TUZAMAPAN DE GALEANA,2326,2,URBANO(A)
21,3,192,TUZAMAPAN DE GALEANA,2327,4,RURAL
21,3,192,TUZAMAPAN DE GALEANA,2328,4,RURAL
21,7,193,TZICATLACOYAN,2329,3,MIXTO(A)
21,7,193,TZICATLACOYAN,2330,4,RURAL
21,7,193,TZICATLACOYAN,2331,4,RURAL
21,7,193,TZICATLACOYAN,2332,4,RURAL
21,1,194,VENUSTIANO CARRANZA,2333,2,URBANO(A)
21,1,194,VENUSTIANO CARRANZA,2334,2,URBANO(A)
21,1,194,VENUSTIANO CARRANZA,2335,3,MIXTO(A)
21,1,194,VENUSTIANO CARRANZA,2336,3,MIXTO(A)
21,1,194,VENUSTIANO CARRANZA,2337,4,RURAL
21,1,194,VENUSTIANO CARRANZA,2338,4,RURAL
21,1,194,VENUSTIANO CARRANZA,2339,4,RURAL
21,1,194,VENUSTIANO CARRANZA,2340,4,RURAL
21,1,194,VENUSTIANO CARRANZA,2341,4,RURAL
21,1,194,VENUSTIANO CARRANZA,2342,2,URBANO(A)
21,1,194,VENUSTIANO CARRANZA,2343,2,URBANO(A)
21,1,194,VENUSTIANO CARRANZA,2344,3,MIXTO(A)
21,1,194,VENUSTIANO CARRANZA,2345,3,MIXTO(A)
21,1,194,VENUSTIANO CARRANZA,2346,2,URBANO(A)
21,1,194,VENUSTIANO CARRANZA,2347,2,URBANO(A)
21,1,194,VENUSTIANO CARRANZA,2348,2,URBANO(A)
21,16,195,VICENTE GUERRERO,2349,3,MIXTO(A)
21,16,195,VICENTE GUERRERO,2350,2,URBANO(A)
21,16,195,VICENTE GUERRERO,2351,4,RURAL
21,16,195,VICENTE GUERRERO,2352,4,RURAL
21,16,195,VICENTE GUERRERO,2353,4,RURAL
21,16,195,VICENTE GUERRERO,2354,4,RURAL
21,16,195,VICENTE GUERRERO,2355,4,RURAL
21,16,195,VICENTE GUERRERO,2356,4,RURAL
21,16,195,VICENTE GUERRERO,2357,4,RURAL
21,16,195,VICENTE GUERRERO,2358,4,RURAL
21,16,195,VICENTE GUERRERO,2359,4,RURAL
21,14,196,XAYACATLAN DE BRAVO,2360,2,URBANO(A)
21,14,196,XAYACATLAN DE BRAVO,2361,3,MIXTO(A)
21,1,197,XICOTEPEC,2362,3,MIXTO(A)
21,1,197,XICOTEPEC,2363,2,URBANO(A)
21,1,197,XICOTEPEC,2364,2,URBANO(A)
21,1,197,XICOTEPEC,2365,2,URBANO(A)
21,1,197,XICOTEPEC,2366,2,URBANO(A)
21,1,197,XICOTEPEC,2367,2,URBANO(A)
21,1,197,XICOTEPEC,2368,2,URBANO(A)
21,1,197,XICOTEPEC,2369,2,URBANO(A)
21,1,197,XICOTEPEC,2370,2,URBANO(A)
21,1,197,XICOTEPEC,2371,2,URBANO(A)
21,1,197,XICOTEPEC,2372,2,URBANO(A)
21,1,197,XICOTEPEC,2373,2,URBANO(A)
21,1,197,XICOTEPEC,2374,2,URBANO(A)
21,1,197,XICOTEPEC,2375,2,URBANO(A)
21,1,197,XICOTEPEC,2376,2,URBANO(A)
21,1,197,XICOTEPEC,2377,3,MIXTO(A)
21,1,197,XICOTEPEC,2378,2,URBANO(A)
21,1,197,XICOTEPEC,2379,2,URBANO(A)
21,1,197,XICOTEPEC,2380,2,URBANO(A)
21,1,197,XICOTEPEC,2381,4,RURAL
21,1,197,XICOTEPEC,2382,4,RURAL
21,1,197,XICOTEPEC,2383,4,RURAL
21,1,197,XICOTEPEC,2384,4,RURAL
21,1,197,XICOTEPEC,2385,4,RURAL
21,1,197,XICOTEPEC,2386,4,RURAL
21,1,197,XICOTEPEC,2387,4,RURAL
21,1,197,XICOTEPEC,2388,4,RURAL
21,1,197,XICOTEPEC,2389,4,RURAL
21,1,197,XICOTEPEC,2390,4,RURAL
21,14,198,XICOTLAN,2391,3,MIXTO(A)
21,14,198,XICOTLAN,2392,4,RURAL
21,4,199,XIUTETELCO,2394,2,URBANO(A)
21,4,199,XIUTETELCO,2395,4,RURAL
21,4,199,XIUTETELCO,2396,4,RURAL
21,4,199,XIUTETELCO,2397,4,RURAL
21,4,199,XIUTETELCO,2398,4,RURAL
21,4,199,XIUTETELCO,2399,3,MIXTO(A)
21,4,199,XIUTETELCO,2400,4,RURAL
21,4,199,XIUTETELCO,2401,3,MIXTO(A)
21,4,199,XIUTETELCO,2402,3,MIXTO(A)
21,4,199,XIUTETELCO,2403,4,RURAL
21,4,199,XIUTETELCO,2404,4,RURAL
21,2,200,XOCHIAPULCO,2405,3,MIXTO(A)
21,2,200,XOCHIAPULCO,2406,4,RURAL
21,14,201,XOCHILTEPEC,2407,3,MIXTO(A)
21,14,201,XOCHILTEPEC,2408,4,RURAL
21,2,202,XOCHITLAN DE VICENTE SUAREZ,2409,3,MIXTO(A)
21,2,202,XOCHITLAN DE VICENTE SUAREZ,2410,3,MIXTO(A)
21,2,202,XOCHITLAN DE VICENTE SUAREZ,2411,3,MIXTO(A)
21,2,202,XOCHITLAN DE VICENTE SUAREZ,2412,3,MIXTO(A)
21,16,203,XOCHITLAN TODOS SANTOS,2413,3,MIXTO(A)
21,16,203,XOCHITLAN TODOS SANTOS,2414,3,MIXTO(A)
21,16,203,XOCHITLAN TODOS SANTOS,2415,4,RURAL
21,3,204,YAONAHUAC,2416,2,URBANO(A)
21,3,204,YAONAHUAC,2417,2,URBANO(A)
21,3,204,YAONAHUAC,2418,4,RURAL
21,3,204,YAONAHUAC,2419,4,RURAL
21,8,205,YEHUALTEPEC,2420,3,MIXTO(A)
21,8,205,YEHUALTEPEC,2421,2,URBANO(A)
21,8,205,YEHUALTEPEC,2422,3,MIXTO(A)
21,8,205,YEHUALTEPEC,2423,3,MIXTO(A)
21,8,205,YEHUALTEPEC,2424,2,URBANO(A)
21,8,205,YEHUALTEPEC,2425,3,MIXTO(A)
21,8,205,YEHUALTEPEC,2426,3,MIXTO(A)
21,8,205,YEHUALTEPEC,2427,4,RURAL
21,8,205,YEHUALTEPEC,2428,4,RURAL
21,14,206,ZACAPALA,2429,3,MIXTO(A)
21,14,206,ZACAPALA,2430,3,MIXTO(A)
21,14,206,ZACAPALA,2431,4,RURAL
21,14,206,ZACAPALA,2432,4,RURAL
21,3,207,ZACAPOAXTLA,2433,2,URBANO(A)
21,3,207,ZACAPOAXTLA,2434,2,URBANO(A)
21,3,207,ZACAPOAXTLA,2435,4,RURAL
21,3,207,ZACAPOAXTLA,2436,3,MIXTO(A)
21,3,207,ZACAPOAXTLA,2437,2,URBANO(A)
21,3,207,ZACAPOAXTLA,2438,4,RURAL
21,3,207,ZACAPOAXTLA,2439,4,RURAL
21,3,207,ZACAPOAXTLA,2440,2,URBANO(A)
21,3,207,ZACAPOAXTLA,2441,4,RURAL
21,3,207,ZACAPOAXTLA,2442,4,RURAL
21,3,207,ZACAPOAXTLA,2443,4,RURAL
21,3,207,ZACAPOAXTLA,2444,4,RURAL
21,3,207,ZACAPOAXTLA,2445,4,RURAL
21,3,207,ZACAPOAXTLA,2446,4,RURAL
21,3,207,ZACAPOAXTLA,2447,4,RURAL
21,3,207,ZACAPOAXTLA,2448,4,RURAL
21,3,207,ZACAPOAXTLA,2449,4,RURAL
21,3,207,ZACAPOAXTLA,2450,4,RURAL
21,3,207,ZACAPOAXTLA,2451,4,RURAL
21,3,207,ZACAPOAXTLA,2452,4,RURAL
21,3,207,ZACAPOAXTLA,2453,4,RURAL
21,3,207,ZACAPOAXTLA,2454,4,RURAL
21,3,207,ZACAPOAXTLA,2455,4,RURAL
21,3,207,ZACAPOAXTLA,2456,4,RURAL
21,3,207,ZACAPOAXTLA,2457,4,RURAL
21,3,207,ZACAPOAXTLA,2458,4,RURAL
21,3,207,ZACAPOAXTLA,2459,4,RURAL
21,2,208,ZACATLAN,2460,2,URBANO(A)
21,2,208,ZACATLAN,2461,2,URBANO(A)
21,2,208,ZACATLAN,2462,2,URBANO(A)
21,2,208,ZACATLAN,2463,2,URBANO(A)
21,2,208,ZACATLAN,2464,2,URBANO(A)
21,2,208,ZACATLAN,2465,2,URBANO(A)
21,2,208,ZACATLAN,2466,2,URBANO(A)
21,2,208,ZACATLAN,2467,2,URBANO(A)
21,2,208,ZACATLAN,2469,2,URBANO(A)
21,2,208,ZACATLAN,2470,4,RURAL
21,2,208,ZACATLAN,2471,4,RURAL
21,2,208,ZACATLAN,2472,4,RURAL
21,2,208,ZACATLAN,2473,4,RURAL
21,2,208,ZACATLAN,2474,4,RURAL
21,2,208,ZACATLAN,2475,4,RURAL
21,2,208,ZACATLAN,2476,4,RURAL
21,2,208,ZACATLAN,2477,4,RURAL
21,2,208,ZACATLAN,2478,4,RURAL
21,2,208,ZACATLAN,2480,4,RURAL
21,2,208,ZACATLAN,2481,3,MIXTO(A)
21,2,208,ZACATLAN,2482,4,RURAL
21,2,208,ZACATLAN,2483,4,RURAL
21,2,208,ZACATLAN,2484,4,RURAL
21,2,208,ZACATLAN,2485,4,RURAL
21,2,208,ZACATLAN,2486,4,RURAL
21,2,208,ZACATLAN,2487,4,RURAL
21,2,208,ZACATLAN,2488,4,RURAL
21,2,208,ZACATLAN,2489,4,RURAL
21,16,209,ZAPOTITLAN,2490,3,MIXTO(A)
21,16,209,ZAPOTITLAN,2491,4,RURAL
21,16,209,ZAPOTITLAN,2492,4,RURAL
21,16,209,ZAPOTITLAN,2493,4,RURAL
21,16,209,ZAPOTITLAN,2494,4,RURAL
21,16,209,ZAPOTITLAN,2495,4,RURAL
21,16,209,ZAPOTITLAN,2496,4,RURAL
21,16,209,ZAPOTITLAN,2497,4,RURAL
21,16,209,ZAPOTITLAN,2498,4,RURAL
21,2,210,ZAPOTITLAN DE MENDEZ,2499,2,URBANO(A)
21,2,210,ZAPOTITLAN DE MENDEZ,2500,4,RURAL
21,2,210,ZAPOTITLAN DE MENDEZ,2501,4,RURAL
21,3,211,ZARAGOZA,2502,2,URBANO(A)
21,3,211,ZARAGOZA,2503,2,URBANO(A)
21,3,211,ZARAGOZA,2505,3,MIXTO(A)
21,3,211,ZARAGOZA,2506,4,RURAL
21,3,211,ZARAGOZA,2507,4,RURAL
21,2,212,ZAUTLA,2508,3,MIXTO(A)
21,2,212,ZAUTLA,2509,4,RURAL
21,2,212,ZAUTLA,2510,4,RURAL
21,2,212,ZAUTLA,2511,4,RURAL
21,2,212,ZAUTLA,2512,4,RURAL
21,2,212,ZAUTLA,2513,4,RURAL
21,2,212,ZAUTLA,2514,4,RURAL
21,2,212,ZAUTLA,2515,3,MIXTO(A)
21,2,212,ZAUTLA,2516,3,MIXTO(A)
21,2,212,ZAUTLA,2517,4,RURAL
21,2,212,ZAUTLA,2518,4,RURAL
21,2,212,ZAUTLA,2519,4,RURAL
21,1,213,ZIHUATEUTLA,2520,2,URBANO(A)
21,1,213,ZIHUATEUTLA,2521,4,RURAL
21,1,213,ZIHUATEUTLA,2522,4,RURAL
21,1,213,ZIHUATEUTLA,2523,4,RURAL
21,1,213,ZIHUATEUTLA,2524,4,RURAL
21,1,213,ZIHUATEUTLA,2525,4,RURAL
21,1,213,ZIHUATEUTLA,2526,4,RURAL
21,16,214,ZINACATEPEC,2527,2,URBANO(A)
21,16,214,ZINACATEPEC,2528,2,URBANO(A)
21,16,214,ZINACATEPEC,2529,2,URBANO(A)
21,16,214,ZINACATEPEC,2530,2,URBANO(A)
21,16,214,ZINACATEPEC,2531,2,URBANO(A)
21,16,214,ZINACATEPEC,2532,2,URBANO(A)
21,2,215,ZONGOZOTLA,2533,2,URBANO(A)
21,2,215,ZONGOZOTLA,2534,2,URBANO(A)
21,3,216,ZOQUIAPAN,2535,3,MIXTO(A)
21,3,216,ZOQUIAPAN,2536,2,URBANO(A)
21,16,217,ZOQUITLAN,2537,4,RURAL
21,16,217,ZOQUITLAN,2538,4,RURAL
21,16,217,ZOQUITLAN,2539,4,RURAL
21,16,217,ZOQUITLAN,2541,4,RURAL
21,16,217,ZOQUITLAN,2542,4,RURAL
21,16,217,ZOQUITLAN,2543,4,RURAL
21,16,217,ZOQUITLAN,2544,4,RURAL
21,16,217,ZOQUITLAN,2545,4,RURAL
21,16,217,ZOQUITLAN,2546,4,RURAL
21,16,217,ZOQUITLAN,2547,4,RURAL
21,16,217,ZOQUITLAN,2548,4,RURAL
21,9,42,CUAUTLANCINGO,2549,2,URBANO(A)
21,7,115,PUEBLA,2550,2,URBANO(A)
21,11,115,PUEBLA,2551,2,URBANO(A)
21,11,115,PUEBLA,2552,2,URBANO(A)
21,11,115,PUEBLA,2553,2,URBANO(A)
21,11,115,PUEBLA,2554,2,URBANO(A)
21,11,115,PUEBLA,2555,2,URBANO(A)
21,11,115,PUEBLA,2556,2,URBANO(A)
21,11,115,PUEBLA,2557,2,URBANO(A)
21,11,115,PUEBLA,2558,2,URBANO(A)
21,11,115,PUEBLA,2559,2,URBANO(A)
21,11,115,PUEBLA,2560,2,URBANO(A)
21,11,115,PUEBLA,2561,2,URBANO(A)
21,11,115,PUEBLA,2562,2,URBANO(A)
21,11,115,PUEBLA,2563,2,URBANO(A)
21,11,115,PUEBLA,2564,2,URBANO(A)
21,11,115,PUEBLA,2565,2,URBANO(A)
21,11,115,PUEBLA,2566,2,URBANO(A)
21,11,115,PUEBLA,2567,2,URBANO(A)
21,11,115,PUEBLA,2568,2,URBANO(A)
21,11,115,PUEBLA,2569,2,URBANO(A)
21,11,115,PUEBLA,2570,2,URBANO(A)
21,11,115,PUEBLA,2571,2,URBANO(A)
21,11,115,PUEBLA,2572,2,URBANO(A)
21,11,115,PUEBLA,2573,2,URBANO(A)
21,11,115,PUEBLA,2574,2,URBANO(A)
21,11,115,PUEBLA,2575,2,URBANO(A)
21,11,115,PUEBLA,2576,2,URBANO(A)
21,11,115,PUEBLA,2577,2,URBANO(A)
21,11,115,PUEBLA,2578,2,URBANO(A)
21,11,115,PUEBLA,2579,2,URBANO(A)
21,11,115,PUEBLA,2580,2,URBANO(A)
21,11,115,PUEBLA,2581,2,URBANO(A)
21,11,115,PUEBLA,2582,2,URBANO(A)
21,11,115,PUEBLA,2583,2,URBANO(A)
21,11,115,PUEBLA,2584,2,URBANO(A)
21,11,115,PUEBLA,2585,2,URBANO(A)
21,11,115,PUEBLA,2586,2,URBANO(A)
21,11,115,PUEBLA,2587,2,URBANO(A)
21,11,115,PUEBLA,2588,2,URBANO(A)
21,11,115,PUEBLA,2589,2,URBANO(A)
21,11,115,PUEBLA,2590,2,URBANO(A)
21,11,115,PUEBLA,2591,2,URBANO(A)
21,11,115,PUEBLA,2592,2,URBANO(A)
21,11,115,PUEBLA,2593,2,URBANO(A)
21,11,115,PUEBLA,2594,2,URBANO(A)
21,11,115,PUEBLA,2595,2,URBANO(A)
21,11,115,PUEBLA,2596,2,URBANO(A)
21,11,115,PUEBLA,2597,2,URBANO(A)
21,11,115,PUEBLA,2598,2,URBANO(A)
21,11,115,PUEBLA,2599,2,URBANO(A)
21,11,115,PUEBLA,2600,2,URBANO(A)
21,11,115,PUEBLA,2601,2,URBANO(A)
21,11,115,PUEBLA,2602,2,URBANO(A)
21,11,115,PUEBLA,2603,2,URBANO(A)
21,11,115,PUEBLA,2604,2,URBANO(A)
21,11,115,PUEBLA,2605,2,URBANO(A)
21,11,115,PUEBLA,2606,2,URBANO(A)
21,11,115,PUEBLA,2607,2,URBANO(A)
21,11,115,PUEBLA,2608,2,URBANO(A)
21,12,115,PUEBLA,2609,2,URBANO(A)
21,11,115,PUEBLA,2610,2,URBANO(A)
21,11,115,PUEBLA,2611,2,URBANO(A)
21,12,115,PUEBLA,2612,2,URBANO(A)
21,11,115,PUEBLA,2613,2,URBANO(A)
21,11,115,PUEBLA,2614,2,URBANO(A)
21,11,115,PUEBLA,2615,2,URBANO(A)
21,12,115,PUEBLA,2616,2,URBANO(A)
21,12,115,PUEBLA,2617,2,URBANO(A)
21,12,115,PUEBLA,2618,2,URBANO(A)
21,12,115,PUEBLA,2619,2,URBANO(A)
21,12,115,PUEBLA,2620,2,URBANO(A)
21,12,115,PUEBLA,2621,2,URBANO(A)
21,6,115,PUEBLA,2622,2,URBANO(A)
21,6,115,PUEBLA,2623,2,URBANO(A)
21,6,115,PUEBLA,2624,2,URBANO(A)
21,9,115,PUEBLA,2625,2,URBANO(A)
21,6,115,PUEBLA,2626,2,URBANO(A)
21,6,115,PUEBLA,2627,2,URBANO(A)
21,6,115,PUEBLA,2628,2,URBANO(A)
21,6,115,PUEBLA,2629,2,URBANO(A)
21,6,115,PUEBLA,2630,2,URBANO(A)
21,6,115,PUEBLA,2631,2,URBANO(A)
21,6,115,PUEBLA,2632,2,URBANO(A)
21,10,120,SAN ANDRES CHOLULA,2633,2,URBANO(A)
21,10,120,SAN ANDRES CHOLULA,2634,2,URBANO(A)
21,10,120,SAN ANDRES CHOLULA,2635,2,URBANO(A)
21,10,120,SAN ANDRES CHOLULA,2636,2,URBANO(A)
21,10,120,SAN ANDRES CHOLULA,2637,2,URBANO(A)
21,10,120,SAN ANDRES CHOLULA,2638,2,URBANO(A)
21,10,120,SAN ANDRES CHOLULA,2639,2,URBANO(A)
21,10,120,SAN ANDRES CHOLULA,2640,2,URBANO(A)
21,10,120,SAN ANDRES CHOLULA,2641,2,URBANO(A)
21,10,120,SAN ANDRES CHOLULA,2642,2,URBANO(A)
21,11,115,PUEBLA,2643,2,URBANO(A)
21,10,120,SAN ANDRES CHOLULA,2644,2,URBANO(A)
21,10,120,SAN ANDRES CHOLULA,2645,2,URBANO(A)
21,10,120,SAN ANDRES CHOLULA,2646,2,URBANO(A)
21,10,120,SAN ANDRES CHOLULA,2647,2,URBANO(A)
21,11,115,PUEBLA,2648,2,URBANO(A)
21,11,115,PUEBLA,2649,2,URBANO(A)
21,11,115,PUEBLA,2650,2,URBANO(A)
21,11,115,PUEBLA,2651,2,URBANO(A)
21,11,115,PUEBLA,2652,2,URBANO(A)
21,11,115,PUEBLA,2653,2,URBANO(A)
21,12,115,PUEBLA,2654,2,URBANO(A)
21,11,115,PUEBLA,2655,2,URBANO(A)
21,12,115,PUEBLA,2656,2,URBANO(A)
21,12,115,PUEBLA,2657,2,URBANO(A)
21,12,115,PUEBLA,2658,2,URBANO(A)
21,10,120,SAN ANDRES CHOLULA,2659,2,URBANO(A)
21,10,120,SAN ANDRES CHOLULA,2660,2,URBANO(A)
21,10,120,SAN ANDRES CHOLULA,2661,2,URBANO(A)
21,10,120,SAN ANDRES CHOLULA,2662,2,URBANO(A)
21,9,115,PUEBLA,2663,2,URBANO(A)
21,11,115,PUEBLA,2664,2,URBANO(A)
21,11,115,PUEBLA,2665,2,URBANO(A)
21,11,115,PUEBLA,2666,2,URBANO(A)
21,11,115,PUEBLA,2667,2,URBANO(A)
21,11,115,PUEBLA,2668,2,URBANO(A)
21,11,115,PUEBLA,2669,2,URBANO(A)
21,11,115,PUEBLA,2670,2,URBANO(A)
21,11,115,PUEBLA,2671,2,URBANO(A)
21,2,54,CHIGNAHUAPAN,2672,2,URBANO(A)
21,2,54,CHIGNAHUAPAN,2673,4,RURAL
21,3,17,ATEMPAN,2674,4,RURAL
21,3,17,ATEMPAN,2675,4,RURAL
21,4,55,CHIGNAUTLA,2676,4,RURAL
21,4,55,CHIGNAUTLA,2677,4,RURAL
21,4,55,CHIGNAUTLA,2678,4,RURAL
21,4,55,CHIGNAUTLA,2679,4,RURAL
21,4,55,CHIGNAUTLA,2680,4,RURAL
21,3,186,TLATLAUQUITEPEC,2681,4,RURAL
21,3,186,TLATLAUQUITEPEC,2682,4,RURAL
21,3,186,TLATLAUQUITEPEC,2683,4,RURAL
21,16,10,AJALPAN,2684,4,RURAL
21,16,10,AJALPAN,2685,4,RURAL
21,16,10,AJALPAN,2686,4,RURAL
21,16,10,AJALPAN,2687,4,RURAL
21,7,1,ACAJETE,2688,2,URBANO(A)
21,7,1,ACAJETE,2689,2,URBANO(A)
21,7,39,CUAPIAXTLA DE MADERO,2690,4,RURAL
21,7,39,CUAPIAXTLA DE MADERO,2691,3,MIXTO(A)
21,7,41,CUAUTINCHAN,2692,4,RURAL
21,7,41,CUAUTINCHAN,2693,3,MIXTO(A)
21,7,41,CUAUTINCHAN,2694,4,RURAL
21,7,41,CUAUTINCHAN,2695,4,RURAL
21,7,119,LOS REYES DE JUAREZ,2696,4,RURAL
21,7,119,LOS REYES DE JUAREZ,2697,3,MIXTO(A)
21,12,115,PUEBLA,2698,4,RURAL
21,12,115,PUEBLA,2699,4,RURAL
21,12,115,PUEBLA,2700,4,RURAL
21,14,3,ACATLAN,2701,2,URBANO(A)
21,14,3,ACATLAN,2702,4,RURAL
21,8,153,TECAMACHALCO,2703,3,MIXTO(A)
21,8,153,TECAMACHALCO,2704,4,RURAL
21,16,176,TLACOTEPEC DE BENITO JUAREZ,2705,4,RURAL
21,16,176,TLACOTEPEC DE BENITO JUAREZ,2706,2,URBANO(A)
21,16,176,TLACOTEPEC DE BENITO JUAREZ,2707,4,RURAL
21,16,176,TLACOTEPEC DE BENITO JUAREZ,2708,4,RURAL
21,16,176,TLACOTEPEC DE BENITO JUAREZ,2709,4,RURAL
21,16,176,TLACOTEPEC DE BENITO JUAREZ,2710,2,URBANO(A)
21,1,65,FRANCISCO Z. MENA,2711,4,RURAL
21,2,69,HERMENEGILDO GALEANA,2712,4,RURAL
21,1,72,HUAUCHINANGO,2713,4,RURAL
21,1,93,JUAN GALINDO,2714,4,RURAL
21,1,112,PANTEPEC,2715,4,RURAL
21,1,112,PANTEPEC,2716,4,RURAL
21,1,178,TLACUILOTEPEC,2717,4,RURAL
21,1,194,VENUSTIANO CARRANZA,2718,4,RURAL
21,1,197,XICOTEPEC,2719,4,RURAL
21,1,197,XICOTEPEC,2720,4,RURAL
21,1,213,ZIHUATEUTLA,2721,4,RURAL
21,2,54,CHIGNAHUAPAN,2722,4,RURAL
21,2,80,HUITZILAN DE SERDAN,2723,2,URBANO(A)
21,2,85,IXTACAMAXTITLAN,2724,4,RURAL
21,2,85,IXTACAMAXTITLAN,2725,4,RURAL
21,2,166,TEPETZINTLA,2726,4,RURAL
21,2,208,ZACATLAN,2727,2,URBANO(A)
21,3,17,ATEMPAN,2728,4,RURAL
21,3,44,CUETZALAN DEL PROGRESO,2729,4,RURAL
21,3,44,CUETZALAN DEL PROGRESO,2730,4,RURAL
21,3,186,TLATLAUQUITEPEC,2731,4,RURAL
21,3,186,TLATLAUQUITEPEC,2732,4,RURAL
21,3,204,YAONAHUAC,2733,4,RURAL
21,3,204,YAONAHUAC,2734,4,RURAL
21,3,204,YAONAHUAC,2735,4,RURAL
21,3,207,ZACAPOAXTLA,2736,2,URBANO(A)
21,3,207,ZACAPOAXTLA,2737,4,RURAL
21,3,207,ZACAPOAXTLA,2738,4,RURAL
21,3,207,ZACAPOAXTLA,2739,4,RURAL
21,16,10,AJALPAN,2740,4,RURAL
21,8,111,PALMAR DE BRAVO,2741,2,URBANO(A)
21,16,177,SAN SEBASTIAN TLACOTEPEC,2742,4,RURAL
21,5,76,HUEJOTZINGO,2743,4,RURAL
21,7,152,TECALI DE HERRERA,2745,4,RURAL
21,4,98,MAZAPILTEPEC DE JUAREZ,2746,4,RURAL
21,4,109,ORIENTAL,2747,2,URBANO(A)
21,4,138,SAN NICOLAS BUENOS AIRES,2748,4,RURAL
21,4,199,XIUTETELCO,2749,4,RURAL
21,4,199,XIUTETELCO,2750,2,URBANO(A)
21,4,199,XIUTETELCO,2751,4,RURAL
21,13,35,CORONANGO,2752,2,URBANO(A)
21,10,120,SAN ANDRES CHOLULA,2753,2,URBANO(A)
21,12,115,PUEBLA,2754,4,RURAL
21,12,115,PUEBLA,2755,2,URBANO(A)
21,12,115,PUEBLA,2756,2,URBANO(A)
21,14,52,CHIETLA,2757,4,RURAL
21,14,48,CHIAUTLA,2758,4,RURAL
21,14,156,TEHUITZINGO,2759,4,RURAL
21,14,191,TULCINGO,2760,4,RURAL
21,15,155,TEHUACAN,2761,4,RURAL
21,15,155,TEHUACAN,2762,4,RURAL
21,1,194,VENUSTIANO CARRANZA,2763,4,RURAL
21,1,194,VENUSTIANO CARRANZA,2764,2,URBANO(A)
21,3,44,CUETZALAN DEL PROGRESO,2765,4,RURAL
21,4,105,NOPALUCAN,2766,4,RURAL
21,4,105,NOPALUCAN,2767,4,RURAL
21,4,51,CHICHIQUILA,2768,4,RURAL
21,5,133,SAN MARTIN TEXMELUCAN,2769,2,URBANO(A)
21,5,133,SAN MARTIN TEXMELUCAN,2770,2,URBANO(A)
21,5,133,SAN MARTIN TEXMELUCAN,2771,2,URBANO(A)
21,5,133,SAN MARTIN TEXMELUCAN,2772,2,URBANO(A)
21,5,133,SAN MARTIN TEXMELUCAN,2773,2,URBANO(A)
21,4,199,XIUTETELCO,2774,2,URBANO(A)
21,4,199,XIUTETELCO,2775,2,URBANO(A)
21,9,115,PUEBLA,2776,2,URBANO(A)
21,9,115,PUEBLA,2777,2,URBANO(A)
21,9,115,PUEBLA,2778,2,URBANO(A)
21,9,115,PUEBLA,2779,2,URBANO(A)
21,9,115,PUEBLA,2780,2,URBANO(A)
21,9,115,PUEBLA,2781,2,URBANO(A)
21,9,115,PUEBLA,2782,2,URBANO(A)
21,9,115,PUEBLA,2783,2,URBANO(A)
21,10,42,CUAUTLANCINGO,2784,2,URBANO(A)
21,10,42,CUAUTLANCINGO,2785,2,URBANO(A)
21,10,42,CUAUTLANCINGO,2786,2,URBANO(A)
21,10,141,SAN PEDRO CHOLULA,2787,2,URBANO(A)
21,10,141,SAN PEDRO CHOLULA,2788,2,URBANO(A)
21,10,141,SAN PEDRO CHOLULA,2789,2,URBANO(A)
21,10,141,SAN PEDRO CHOLULA,2790,2,URBANO(A)
21,10,141,SAN PEDRO CHOLULA,2791,2,URBANO(A)
21,12,115,PUEBLA,2792,2,URBANO(A)
21,12,115,PUEBLA,2793,2,URBANO(A)
21,12,115,PUEBLA,2794,2,URBANO(A)
21,12,115,PUEBLA,2795,2,URBANO(A)
21,12,115,PUEBLA,2796,2,URBANO(A)
21,12,115,PUEBLA,2797,2,URBANO(A)
21,12,115,PUEBLA,2798,2,URBANO(A)
21,11,115,PUEBLA,2799,2,URBANO(A)
21,11,115,PUEBLA,2800,2,URBANO(A)
21,15,155,TEHUACAN,2801,2,URBANO(A)
21,15,155,TEHUACAN,2802,2,URBANO(A)
21,15,155,TEHUACAN,2803,2,URBANO(A)
21,15,155,TEHUACAN,2804,2,URBANO(A)
21,15,155,TEHUACAN,2805,2,URBANO(A)
21,15,155,TEHUACAN,2806,2,URBANO(A)
21,15,155,TEHUACAN,2807,2,URBANO(A)
21,2,208,ZACATLAN,2808,4,RURAL
21,2,208,ZACATLAN,2809,4,RURAL
21,5,76,HUEJOTZINGO,2810,2,URBANO(A)
21,5,76,HUEJOTZINGO,2811,2,URBANO(A)
21,5,76,HUEJOTZINGO,2812,2,URBANO(A)
21,5,76,HUEJOTZINGO,2813,2,URBANO(A)
21,5,76,HUEJOTZINGO,2814,2,URBANO(A)
21,5,76,HUEJOTZINGO,2815,2,URBANO(A)
21,5,76,HUEJOTZINGO,2816,2,URBANO(A)
21,5,76,HUEJOTZINGO,2817,2,URBANO(A)
21,5,133,SAN MARTIN TEXMELUCAN,2818,2,URBANO(A)
21,5,133,SAN MARTIN TEXMELUCAN,2819,2,URBANO(A)
21,6,115,PUEBLA,2820,2,URBANO(A)
21,6,115,PUEBLA,2821,2,URBANO(A)
21,6,115,PUEBLA,2822,2,URBANO(A)
21,6,115,PUEBLA,2823,2,URBANO(A)
21,6,115,PUEBLA,2824,2,URBANO(A)
21,6,115,PUEBLA,2825,2,URBANO(A)
21,6,115,PUEBLA,2826,2,URBANO(A)
21,6,115,PUEBLA,2827,2,URBANO(A)
21,6,115,PUEBLA,2828,2,URBANO(A)
21,6,115,PUEBLA,2829,2,URBANO(A)
21,6,115,PUEBLA,2830,2,URBANO(A)
21,6,115,PUEBLA,2831,2,URBANO(A)
21,6,115,PUEBLA,2832,2,URBANO(A)
21,12,115,PUEBLA,2833,2,URBANO(A)
21,12,115,PUEBLA,2834,2,URBANO(A)
21,7,15,AMOZOC,2835,2,URBANO(A)
21,7,15,AMOZOC,2836,2,URBANO(A)
21,7,15,AMOZOC,2837,2,URBANO(A)
21,7,15,AMOZOC,2838,2,URBANO(A)
21,7,15,AMOZOC,2839,3,MIXTO(A)
21,4,105,NOPALUCAN,2840,3,MIXTO(A)
21,4,105,NOPALUCAN,2841,3,MIXTO(A)
21,4,105,NOPALUCAN,2842,2,URBANO(A)
21,9,115,PUEBLA,2843,2,URBANO(A)
21,9,115,PUEBLA,2844,2,URBANO(A)
21,9,115,PUEBLA,2845,2,URBANO(A)
21,9,115,PUEBLA,2846,2,URBANO(A)
21,9,115,PUEBLA,2847,2,URBANO(A)
21,13,35,CORONANGO,2848,2,URBANO(A)
21,13,35,CORONANGO,2849,2,URBANO(A)
21,13,35,CORONANGO,2850,2,URBANO(A)
21,13,35,CORONANGO,2851,2,URBANO(A)
21,13,35,CORONANGO,2852,2,URBANO(A)
21,13,35,CORONANGO,2853,2,URBANO(A)
21,13,35,CORONANGO,2854,2,URBANO(A)
21,13,35,CORONANGO,2855,2,URBANO(A)
21,13,35,CORONANGO,2856,2,URBANO(A)
21,13,35,CORONANGO,2857,2,URBANO(A)
21,10,120,SAN ANDRES CHOLULA,2858,2,URBANO(A)
21,10,120,SAN ANDRES CHOLULA,2859,2,URBANO(A)
21,11,115,PUEBLA,2860,2,URBANO(A)
21,11,115,PUEBLA,2861,2,URBANO(A)
21,11,115,PUEBLA,2862,2,URBANO(A)
21,11,115,PUEBLA,2863,2,URBANO(A)
21,11,115,PUEBLA,2864,2,URBANO(A)
21,11,115,PUEBLA,2865,2,URBANO(A)
21,11,115,PUEBLA,2866,2,URBANO(A)
21,12,115,PUEBLA,2867,2,URBANO(A)
21,12,115,PUEBLA,2868,2,URBANO(A)
21,11,115,PUEBLA,2869,2,URBANO(A)
21,11,115,PUEBLA,2870,2,URBANO(A)
21,11,115,PUEBLA,2871,2,URBANO(A)
21,11,115,PUEBLA,2872,2,URBANO(A)
21,11,115,PUEBLA,2873,2,URBANO(A)
21,13,19,ATLIXCO,2874,2,URBANO(A)
21,13,19,ATLIXCO,2875,2,URBANO(A)
21,13,19,ATLIXCO,2876,2,URBANO(A)
21,15,155,TEHUACAN,2877,2,URBANO(A)
21,15,155,TEHUACAN,2878,2,URBANO(A)
21,15,155,TEHUACAN,2879,2,URBANO(A)
21,15,155,TEHUACAN,2880,2,URBANO(A)
21,15,155,TEHUACAN,2881,2,URBANO(A)
21,15,155,TEHUACAN,2882,2,URBANO(A)
21,15,155,TEHUACAN,2883,2,URBANO(A)
21,15,155,TEHUACAN,2884,2,URBANO(A)
21,15,155,TEHUACAN,2885,2,URBANO(A)
21,15,155,TEHUACAN,2886,2,URBANO(A)
21,15,155,TEHUACAN,2887,2,URBANO(A)
21,15,155,TEHUACAN,2888,2,URBANO(A)
21,15,155,TEHUACAN,2889,2,URBANO(A)
21,15,155,TEHUACAN,2890,3,MIXTO(A)
21,15,155,TEHUACAN,2891,2,URBANO(A)
21,15,155,TEHUACAN,2892,2,URBANO(A)
21,15,155,TEHUACAN,2893,2,URBANO(A)
21,15,155,TEHUACAN,2894,2,URBANO(A)
21,2,208,ZACATLAN,2895,4,RURAL
21,2,208,ZACATLAN,2896,4,RURAL
21,4,55,CHIGNAUTLA,2897,4,RURAL
21,4,55,CHIGNAUTLA,2898,4,RURAL
21,3,211,ZARAGOZA,2899,2,URBANO(A)
21,3,211,ZARAGOZA,2900,4,RURAL
21,16,62,ELOXOCHITLAN,2901,4,RURAL
21,16,62,ELOXOCHITLAN,2902,4,RURAL
21,16,62,ELOXOCHITLAN,2903,4,RURAL
21,8,4,ACATZINGO,2904,2,URBANO(A)
21,8,4,ACATZINGO,2905,4,RURAL
21,7,41,CUAUTINCHAN,2906,3,MIXTO(A)
21,7,41,CUAUTINCHAN,2907,4,RURAL
21,7,41,CUAUTINCHAN,2908,4,RURAL
21,7,163,TEPEACA,2909,4,RURAL
21,7,163,TEPEACA,2910,4,RURAL
21,7,163,TEPEACA,2911,4,RURAL
21,7,163,TEPEACA,2912,4,RURAL
21,7,163,TEPEACA,2913,2,URBANO(A)
21,8,153,TECAMACHALCO,2914,3,MIXTO(A)
21,8,153,TECAMACHALCO,2915,4,RURAL
21,8,153,TECAMACHALCO,2916,4,RURAL
21,8,153,TECAMACHALCO,2917,4,RURAL
21,8,153,TECAMACHALCO,2918,4,RURAL
21,8,153,TECAMACHALCO,2919,4,RURAL
21,6,115,PUEBLA,2920,2,URBANO(A)
21,6,115,PUEBLA,2921,2,URBANO(A)
21,6,115,PUEBLA,2922,2,URBANO(A)
21,6,115,PUEBLA,2923,2,URBANO(A)
21,6,115,PUEBLA,2924,2,URBANO(A)
21,6,115,PUEBLA,2925,2,URBANO(A)
21,6,115,PUEBLA,2926,2,URBANO(A)
21,6,115,PUEBLA,2927,2,URBANO(A)
21,6,115,PUEBLA,2928,2,URBANO(A)
21,6,115,PUEBLA,2929,2,URBANO(A)
21,6,115,PUEBLA,2930,2,URBANO(A)
21,6,115,PUEBLA,2931,2,URBANO(A)
21,6,115,PUEBLA,2932,2,URBANO(A)
21,6,115,PUEBLA,2933,2,URBANO(A)
21,6,115,PUEBLA,2934,2,URBANO(A)
21,6,115,PUEBLA,2935,2,URBANO(A)
21,6,115,PUEBLA,2936,2,URBANO(A)
21,6,115,PUEBLA,2937,2,URBANO(A)
21,6,115,PUEBLA,2938,2,URBANO(A)
21,6,115,PUEBLA,2939,2,URBANO(A)
21,6,115,PUEBLA,2940,2,URBANO(A)
21,6,115,PUEBLA,2941,2,URBANO(A)
21,6,115,PUEBLA,2942,2,URBANO(A)
21,6,115,PUEBLA,2943,2,URBANO(A)
21,6,115,PUEBLA,2944,2,URBANO(A)
21,6,115,PUEBLA,2945,2,URBANO(A)
21,10,42,CUAUTLANCINGO,2946,2,URBANO(A)
21,10,42,CUAUTLANCINGO,2947,2,URBANO(A)
21,10,42,CUAUTLANCINGO,2948,2,URBANO(A)
21,10,42,CUAUTLANCINGO,2949,2,URBANO(A)
21,10,42,CUAUTLANCINGO,2950,2,URBANO(A)
21,10,42,CUAUTLANCINGO,2951,2,URBANO(A)
21,10,42,CUAUTLANCINGO,2952,2,URBANO(A)
21,10,42,CUAUTLANCINGO,2953,2,URBANO(A)
21,10,42,CUAUTLANCINGO,2954,2,URBANO(A)
21,10,42,CUAUTLANCINGO,2955,2,URBANO(A)
21,10,42,CUAUTLANCINGO,2956,2,URBANO(A)
21,10,42,CUAUTLANCINGO,2957,2,URBANO(A)
21,10,42,CUAUTLANCINGO,2958,2,URBANO(A)
21,10,42,CUAUTLANCINGO,2959,2,URBANO(A)
21,10,42,CUAUTLANCINGO,2960,2,URBANO(A)
21,12,115,PUEBLA,2961,2,URBANO(A)
21,12,115,PUEBLA,2962,2,URBANO(A)
21,12,115,PUEBLA,2963,2,URBANO(A)
21,12,115,PUEBLA,2964,2,URBANO(A)
21,12,115,PUEBLA,2965,2,URBANO(A)
21,12,115,PUEBLA,2966,2,URBANO(A)
21,12,115,PUEBLA,2967,2,URBANO(A)
21,12,115,PUEBLA,2968,2,URBANO(A)
21,12,115,PUEBLA,2969,2,URBANO(A)
21,12,115,PUEBLA,2970,2,URBANO(A)
21,12,115,PUEBLA,2971,2,URBANO(A)
21,12,115,PUEBLA,2972,2,URBANO(A)
21,14,107,OCOYUCAN,2973,2,URBANO(A)
21,14,107,OCOYUCAN,2974,3,MIXTO(A)
21,14,107,OCOYUCAN,2975,2,URBANO(A)
21,14,107,OCOYUCAN,2976,2,URBANO(A)
21,14,107,OCOYUCAN,2977,2,URBANO(A)
21,15,155,TEHUACAN,2978,2,URBANO(A)
21,15,155,TEHUACAN,2979,2,URBANO(A)
21,15,155,TEHUACAN,2980,2,URBANO(A)
21,15,155,TEHUACAN,2981,2,URBANO(A)
21,15,155,TEHUACAN,2982,2,URBANO(A)
21,15,155,TEHUACAN,2983,2,URBANO(A)
21,6,115,PUEBLA,2984,2,URBANO(A)
21,6,115,PUEBLA,2985,2,URBANO(A)
21,6,115,PUEBLA,2986,2,URBANO(A)
21,6,115,PUEBLA,2987,2,URBANO(A)
21,6,115,PUEBLA,2988,2,URBANO(A)
21,6,115,PUEBLA,2989,2,URBANO(A)
21,6,115,PUEBLA,2990,2,URBANO(A)
21,6,115,PUEBLA,2991,2,URBANO(A)
21,6,115,PUEBLA,2992,2,URBANO(A)
21,6,115,PUEBLA,2993,2,URBANO(A)
21,7,15,AMOZOC,2994,3,MIXTO(A)
21,7,15,AMOZOC,2995,2,URBANO(A)
21,7,15,AMOZOC,2996,2,URBANO(A)
21,7,15,AMOZOC,2997,2,URBANO(A)
21,7,15,AMOZOC,2998,3,MIXTO(A)
21,7,15,AMOZOC,2999,3,MIXTO(A)
21,10,120,SAN ANDRES CHOLULA,3000,2,URBANO(A)
21,10,120,SAN ANDRES CHOLULA,3001,2,URBANO(A)
21,10,120,SAN ANDRES CHOLULA,3002,2,URBANO(A)
21,10,120,SAN ANDRES CHOLULA,3003,2,URBANO(A)
21,10,120,SAN ANDRES CHOLULA,3004,2,URBANO(A)
21,10,120,SAN ANDRES CHOLULA,3005,2,URBANO(A)
21,10,120,SAN ANDRES CHOLULA,3006,2,URBANO(A)
21,10,120,SAN ANDRES CHOLULA,3007,2,URBANO(A)
21,10,120,SAN ANDRES CHOLULA,3008,2,URBANO(A)
21,10,120,SAN ANDRES CHOLULA,3009,2,URBANO(A)
21,10,120,SAN ANDRES CHOLULA,3010,2,URBANO(A)
21,10,120,SAN ANDRES CHOLULA,3011,2,URBANO(A)
21,10,120,SAN ANDRES CHOLULA,3012,2,URBANO(A)
21,10,120,SAN ANDRES CHOLULA,3013,2,URBANO(A)
21,10,120,SAN ANDRES CHOLULA,3014,2,URBANO(A)
21,10,120,SAN ANDRES CHOLULA,3015,2,URBANO(A)
21,10,120,SAN ANDRES CHOLULA,3016,2,URBANO(A)
21,10,120,SAN ANDRES CHOLULA,3017,2,URBANO(A)
21,10,120,SAN ANDRES CHOLULA,3018,2,URBANO(A)
21,11,115,PUEBLA,3019,2,URBANO(A)
21,11,115,PUEBLA,3020,2,URBANO(A)
21,11,115,PUEBLA,3021,2,URBANO(A)
21,11,115,PUEBLA,3022,2,URBANO(A)
21,11,115,PUEBLA,3023,2,URBANO(A)
21,11,115,PUEBLA,3024,2,URBANO(A)
21,11,115,PUEBLA,3025,2,URBANO(A)
21,11,115,PUEBLA,3026,2,URBANO(A)
21,11,115,PUEBLA,3027,2,URBANO(A)
21,11,115,PUEBLA,3028,2,URBANO(A)
21,11,115,PUEBLA,3029,2,URBANO(A)
21,12,115,PUEBLA,3030,2,URBANO(A)
21,12,115,PUEBLA,3031,2,URBANO(A)
21,12,115,PUEBLA,3032,2,URBANO(A)
21,12,115,PUEBLA,3033,2,URBANO(A)
21,12,115,PUEBLA,3034,2,URBANO(A)
21,12,115,PUEBLA,3035,2,URBANO(A)
21,12,115,PUEBLA,3036,2,URBANO(A)
21,12,115,PUEBLA,3037,2,URBANO(A)
21,12,115,PUEBLA,3038,2,URBANO(A)
21,12,115,PUEBLA,3039,2,URBANO(A)
21,12,115,PUEBLA,3040,2,URBANO(A)
21,12,115,PUEBLA,3041,2,URBANO(A)
21,12,115,PUEBLA,3042,2,URBANO(A)
21,12,115,PUEBLA,3043,2,URBANO(A)
21,12,115,PUEBLA,3044,2,URBANO(A)
21,12,115,PUEBLA,3045,2,URBANO(A)
21,15,155,TEHUACAN,3046,2,URBANO(A)
21,15,155,TEHUACAN,3047,2,URBANO(A)
21,15,155,TEHUACAN,3048,2,URBANO(A)
21,15,155,TEHUACAN,3049,2,URBANO(A)
21,15,155,TEHUACAN,3050,2,URBANO(A)
21,15,155,TEHUACAN,3051,2,URBANO(A)
21,15,155,TEHUACAN,3052,2,URBANO(A)
21,15,155,TEHUACAN,3053,2,URBANO(A)
21,15,155,TEHUACAN,3054,2,URBANO(A)
21,15,155,TEHUACAN,3055,2,URBANO(A)
21,15,155,TEHUACAN,3056,2,URBANO(A)
21,15,155,TEHUACAN,3057,2,URBANO(A)
