ENTIDAD,DISTRITO,MUNICIPIO,NOMBRE_MUNICIPIO,SECCION,TIPO_SECCION,TIPO_NOMBRE
11,13,1,ABASOLO,1,3,MIXTO(A)
11,13,1,ABASOLO,2,2,URBANO(A)
11,13,1,ABASOLO,3,3,MIXTO(A)
11,13,1,ABASOLO,4,2,URBANO(A)
11,13,1,ABASOLO,5,2,URBANO(A)
11,13,1,ABASOLO,6,2,URBANO(A)
11,13,1,ABASOLO,7,2,URBANO(A)
11,13,1,ABASOLO,8,2,URBANO(A)
11,13,1,ABASOLO,9,2,URBANO(A)
11,13,1,ABASOLO,10,2,URBANO(A)
11,13,1,ABASOLO,11,2,URBANO(A)
11,13,1,ABASOLO,12,4,RURAL
11,13,1,ABASOLO,13,4,RURAL
11,13,1,ABASOLO,14,4,RURAL
11,13,1,ABASOLO,15,4,RURAL
11,13,1,ABASOLO,16,4,RURAL
11,13,1,ABASOLO,17,3,MIXTO(A)
11,13,1,ABASOLO,18,4,RURAL
11,13,1,ABASOLO,19,4,RURAL
11,13,1,ABASOLO,20,4,RURAL
11,13,1,ABASOLO,21,4,RURAL
11,13,1,ABASOLO,22,4,RURAL
11,13,1,ABASOLO,23,4,RURAL
11,13,1,ABASOLO,24,2,URBANO(A)
11,13,1,ABASOLO,25,4,RURAL
11,13,1,ABASOLO,26,4,RURAL
11,13,1,ABASOLO,27,4,RURAL
11,13,1,ABASOLO,28,4,RURAL
11,13,1,ABASOLO,29,4,RURAL
11,13,1,ABASOLO,30,4,RURAL
11,13,1,ABASOLO,31,4,RURAL
11,13,1,ABASOLO,32,4,RURAL
11,13,1,ABASOLO,33,3,MIXTO(A)
11,13,1,ABASOLO,34,4,RURAL
11,13,1,ABASOLO,35,4,RURAL
11,13,1,ABASOLO,36,4,RURAL
11,13,1,ABASOLO,37,4,RURAL
11,13,1,ABASOLO,38,4,RURAL
11,13,1,ABASOLO,39,3,MIXTO(A)
11,13,1,ABASOLO,40,4,RURAL
11,13,1,ABASOLO,41,2,URBANO(A)
11,13,1,ABASOLO,42,4,RURAL
11,13,1,ABASOLO,43,4,RURAL
11,13,1,ABASOLO,44,4,RURAL
11,13,1,ABASOLO,45,4,RURAL
11,13,1,ABASOLO,46,4,RURAL
11,13,1,ABASOLO,47,4,RURAL
11,13,1,ABASOLO,48,4,RURAL
11,13,1,ABASOLO,49,4,RURAL
11,13,1,ABASOLO,50,2,URBANO(A)
11,14,2,ACAMBARO,51,3,MIXTO(A)
11,14,2,ACAMBARO,52,2,URBANO(A)
11,14,2,ACAMBARO,53,2,URBANO(A)
11,14,2,ACAMBARO,54,2,URBANO(A)
11,14,2,ACAMBARO,55,2,URBANO(A)
11,14,2,ACAMBARO,56,2,URBANO(A)
11,14,2,ACAMBARO,57,2,URBANO(A)
11,14,2,ACAMBARO,58,2,URBANO(A)
11,14,2,ACAMBARO,59,2,URBANO(A)
11,14,2,ACAMBARO,60,2,URBANO(A)
11,14,2,ACAMBARO,61,2,URBANO(A)
11,14,2,ACAMBARO,62,3,MIXTO(A)
11,14,2,ACAMBARO,63,2,URBANO(A)
11,14,2,ACAMBARO,64,2,URBANO(A)
11,14,2,ACAMBARO,65,3,MIXTO(A)
11,14,2,ACAMBARO,66,2,URBANO(A)
11,14,2,ACAMBARO,67,2,URBANO(A)
11,14,2,ACAMBARO,68,2,URBANO(A)
11,14,2,ACAMBARO,69,2,URBANO(A)
11,14,2,ACAMBARO,70,2,URBANO(A)
11,14,2,ACAMBARO,71,2,URBANO(A)
11,14,2,ACAMBARO,72,2,URBANO(A)
11,14,2,ACAMBARO,73,2,URBANO(A)
11,14,2,ACAMBARO,74,2,URBANO(A)
11,14,2,ACAMBARO,75,2,URBANO(A)
11,14,2,ACAMBARO,76,2,URBANO(A)
11,14,2,ACAMBARO,77,2,URBANO(A)
11,14,2,ACAMBARO,78,2,URBANO(A)
11,14,2,ACAMBARO,79,2,URBANO(A)
11,14,2,ACAMBARO,80,2,URBANO(A)
11,14,2,ACAMBARO,81,2,URBANO(A)
11,14,2,ACAMBARO,82,2,URBANO(A)
11,14,2,ACAMBARO,83,2,URBANO(A)
11,14,2,ACAMBARO,84,2,URBANO(A)
11,14,2,ACAMBARO,85,2,URBANO(A)
11,14,2,ACAMBARO,86,2,URBANO(A)
11,14,2,ACAMBARO,87,4,RURAL
11,14,2,ACAMBARO,88,4,RURAL
11,14,2,ACAMBARO,89,4,RURAL
11,14,2,ACAMBARO,90,4,RURAL
11,14,2,ACAMBARO,91,4,RURAL
11,14,2,ACAMBARO,92,4,RURAL
11,14,2,ACAMBARO,93,2,URBANO(A)
11,14,2,ACAMBARO,94,2,URBANO(A)
11,14,2,ACAMBARO,95,3,MIXTO(A)
11,14,2,ACAMBARO,96,3,MIXTO(A)
11,14,2,ACAMBARO,97,2,URBANO(A)
11,14,2,ACAMBARO,98,4,RURAL
11,14,2,ACAMBARO,99,4,RURAL
11,14,2,ACAMBARO,100,4,RURAL
11,14,2,ACAMBARO,101,4,RURAL
11,14,2,ACAMBARO,102,2,URBANO(A)
11,14,2,ACAMBARO,103,3,MIXTO(A)
11,14,2,ACAMBARO,104,4,RURAL
11,14,2,ACAMBARO,105,4,RURAL
11,14,2,ACAMBARO,106,4,RURAL
11,14,2,ACAMBARO,107,4,RURAL
11,14,2,ACAMBARO,108,3,MIXTO(A)
11,14,2,ACAMBARO,109,2,URBANO(A)
11,14,2,ACAMBARO,110,2,URBANO(A)
11,14,2,ACAMBARO,111,4,RURAL
11,14,2,ACAMBARO,112,4,RURAL
11,14,2,ACAMBARO,113,4,RURAL
11,14,2,ACAMBARO,114,3,MIXTO(A)
11,14,2,ACAMBARO,115,4,RURAL
11,14,2,ACAMBARO,116,4,RURAL
11,14,2,ACAMBARO,117,2,URBANO(A)
11,14,2,ACAMBARO,118,4,RURAL
11,14,2,ACAMBARO,119,4,RURAL
11,14,2,ACAMBARO,120,4,RURAL
11,14,2,ACAMBARO,121,3,MIXTO(A)
11,14,2,ACAMBARO,122,4,RURAL
11,14,2,ACAMBARO,123,4,RURAL
11,14,2,ACAMBARO,124,4,RURAL
11,14,2,ACAMBARO,125,4,RURAL
11,14,2,ACAMBARO,126,4,RURAL
11,14,2,ACAMBARO,127,4,RURAL
11,14,2,ACAMBARO,128,4,RURAL
11,14,2,ACAMBARO,129,4,RURAL
11,14,2,ACAMBARO,130,4,RURAL
11,14,2,ACAMBARO,131,4,RURAL
11,14,2,ACAMBARO,132,4,RURAL
11,14,2,ACAMBARO,133,4,RURAL
11,14,2,ACAMBARO,134,4,RURAL
11,14,2,ACAMBARO,135,4,RURAL
11,14,2,ACAMBARO,136,3,MIXTO(A)
11,14,2,ACAMBARO,137,2,URBANO(A)
11,14,2,ACAMBARO,138,3,MIXTO(A)
11,14,2,ACAMBARO,139,4,RURAL
11,14,2,ACAMBARO,140,4,RURAL
11,2,3,SAN MIGUEL DE ALLENDE,141,3,MIXTO(A)
11,2,3,SAN MIGUEL DE ALLENDE,142,2,URBANO(A)
11,2,3,SAN MIGUEL DE ALLENDE,143,2,URBANO(A)
11,2,3,SAN MIGUEL DE ALLENDE,144,2,URBANO(A)
11,2,3,SAN MIGUEL DE ALLENDE,146,2,URBANO(A)
11,2,3,SAN MIGUEL DE ALLENDE,147,2,URBANO(A)
11,2,3,SAN MIGUEL DE ALLENDE,148,2,URBANO(A)
11,2,3,SAN MIGUEL DE ALLENDE,149,2,URBANO(A)
11,2,3,SAN MIGUEL DE ALLENDE,150,2,URBANO(A)
11,2,3,SAN MIGUEL DE ALLENDE,151,2,URBANO(A)
11,2,3,SAN MIGUEL DE ALLENDE,152,2,URBANO(A)
11,2,3,SAN MIGUEL DE ALLENDE,153,2,URBANO(A)
11,2,3,SAN MIGUEL DE ALLENDE,154,2,URBANO(A)
11,2,3,SAN MIGUEL DE ALLENDE,155,2,URBANO(A)
11,2,3,SAN MIGUEL DE ALLENDE,156,2,URBANO(A)
11,2,3,SAN MIGUEL DE ALLENDE,157,2,URBANO(A)
11,2,3,SAN MIGUEL DE ALLENDE,158,2,URBANO(A)
11,2,3,SAN MIGUEL DE ALLENDE,159,2,URBANO(A)
11,2,3,SAN MIGUEL DE ALLENDE,160,2,URBANO(A)
11,2,3,SAN MIGUEL DE ALLENDE,161,2,URBANO(A)
11,2,3,SAN MIGUEL DE ALLENDE,162,2,URBANO(A)
11,2,3,SAN MIGUEL DE ALLENDE,163,2,URBANO(A)
11,2,3,SAN MIGUEL DE ALLENDE,164,2,URBANO(A)
11,2,3,SAN MIGUEL DE ALLENDE,165,2,URBANO(A)
11,2,3,SAN MIGUEL DE ALLENDE,166,2,URBANO(A)
11,2,3,SAN MIGUEL DE ALLENDE,167,2,URBANO(A)
11,2,3,SAN MIGUEL DE ALLENDE,168,2,URBANO(A)
11,2,3,SAN MIGUEL DE ALLENDE,169,2,URBANO(A)
11,2,3,SAN MIGUEL DE ALLENDE,170,2,URBANO(A)
11,2,3,SAN MIGUEL DE ALLENDE,171,2,URBANO(A)
11,2,3,SAN MIGUEL DE ALLENDE,172,2,URBANO(A)
11,2,3,SAN MIGUEL DE ALLENDE,173,2,URBANO(A)
11,2,3,SAN MIGUEL DE ALLENDE,174,2,URBANO(A)
11,2,3,SAN MIGUEL DE ALLENDE,175,3,MIXTO(A)
11,2,3,SAN MIGUEL DE ALLENDE,176,2,URBANO(A)
11,2,3,SAN MIGUEL DE ALLENDE,177,4,RURAL
11,2,3,SAN MIGUEL DE ALLENDE,178,4,RURAL
11,2,3,SAN MIGUEL DE ALLENDE,179,4,RURAL
11,2,3,SAN MIGUEL DE ALLENDE,180,4,RURAL
11,2,3,SAN MIGUEL DE ALLENDE,181,4,RURAL
11,2,3,SAN MIGUEL DE ALLENDE,182,4,RURAL
11,2,3,SAN MIGUEL DE ALLENDE,183,4,RURAL
11,2,3,SAN MIGUEL DE ALLENDE,184,4,RURAL
11,2,3,SAN MIGUEL DE ALLENDE,185,2,URBANO(A)
11,2,3,SAN MIGUEL DE ALLENDE,186,2,URBANO(A)
11,2,3,SAN MIGUEL DE ALLENDE,187,4,RURAL
11,2,3,SAN MIGUEL DE ALLENDE,188,4,RURAL
11,2,3,SAN MIGUEL DE ALLENDE,189,4,RURAL
11,2,3,SAN MIGUEL DE ALLENDE,190,4,RURAL
11,2,3,SAN MIGUEL DE ALLENDE,191,4,RURAL
11,2,3,SAN MIGUEL DE ALLENDE,192,4,RURAL
11,2,3,SAN MIGUEL DE ALLENDE,193,4,RURAL
11,2,3,SAN MIGUEL DE ALLENDE,194,4,RURAL
11,2,3,SAN MIGUEL DE ALLENDE,195,4,RURAL
11,2,3,SAN MIGUEL DE ALLENDE,196,4,RURAL
11,2,3,SAN MIGUEL DE ALLENDE,197,4,RURAL
11,2,3,SAN MIGUEL DE ALLENDE,198,4,RURAL
11,2,3,SAN MIGUEL DE ALLENDE,199,4,RURAL
11,2,3,SAN MIGUEL DE ALLENDE,200,4,RURAL
11,2,3,SAN MIGUEL DE ALLENDE,201,4,RURAL
11,2,3,SAN MIGUEL DE ALLENDE,202,4,RURAL
11,2,3,SAN MIGUEL DE ALLENDE,203,4,RURAL
11,2,3,SAN MIGUEL DE ALLENDE,204,4,RURAL
11,2,3,SAN MIGUEL DE ALLENDE,205,4,RURAL
11,2,3,SAN MIGUEL DE ALLENDE,206,4,RURAL
11,2,3,SAN MIGUEL DE ALLENDE,207,4,RURAL
11,2,3,SAN MIGUEL DE ALLENDE,208,4,RURAL
11,2,3,SAN MIGUEL DE ALLENDE,209,4,RURAL
11,2,3,SAN MIGUEL DE ALLENDE,210,4,RURAL
11,2,3,SAN MIGUEL DE ALLENDE,211,4,RURAL
11,2,3,SAN MIGUEL DE ALLENDE,212,4,RURAL
11,2,3,SAN MIGUEL DE ALLENDE,213,4,RURAL
11,2,3,SAN MIGUEL DE ALLENDE,214,4,RURAL
11,2,3,SAN MIGUEL DE ALLENDE,215,4,RURAL
11,2,3,SAN MIGUEL DE ALLENDE,216,3,MIXTO(A)
11,2,3,SAN MIGUEL DE ALLENDE,217,4,RURAL
11,2,3,SAN MIGUEL DE ALLENDE,218,4,RURAL
11,2,3,SAN MIGUEL DE ALLENDE,219,4,RURAL
11,2,3,SAN MIGUEL DE ALLENDE,220,4,RURAL
11,2,3,SAN MIGUEL DE ALLENDE,221,4,RURAL
11,2,3,SAN MIGUEL DE ALLENDE,222,4,RURAL
11,2,3,SAN MIGUEL DE ALLENDE,223,4,RURAL
11,2,3,SAN MIGUEL DE ALLENDE,224,4,RURAL
11,2,3,SAN MIGUEL DE ALLENDE,225,4,RURAL
11,2,3,SAN MIGUEL DE ALLENDE,226,4,RURAL
11,2,3,SAN MIGUEL DE ALLENDE,227,4,RURAL
11,2,3,SAN MIGUEL DE ALLENDE,228,4,RURAL
11,2,3,SAN MIGUEL DE ALLENDE,229,4,RURAL
11,2,3,SAN MIGUEL DE ALLENDE,230,4,RURAL
11,2,3,SAN MIGUEL DE ALLENDE,231,4,RURAL
11,2,3,SAN MIGUEL DE ALLENDE,232,4,RURAL
11,2,3,SAN MIGUEL DE ALLENDE,233,4,RURAL
11,2,3,SAN MIGUEL DE ALLENDE,234,4,RURAL
11,2,3,SAN MIGUEL DE ALLENDE,235,4,RURAL
11,2,3,SAN MIGUEL DE ALLENDE,236,4,RURAL
11,2,3,SAN MIGUEL DE ALLENDE,237,4,RURAL
11,2,3,SAN MIGUEL DE ALLENDE,238,4,RURAL
11,2,3,SAN MIGUEL DE ALLENDE,239,4,RURAL
11,2,3,SAN MIGUEL DE ALLENDE,240,4,RURAL
11,2,3,SAN MIGUEL DE ALLENDE,241,4,RURAL
11,2,3,SAN MIGUEL DE ALLENDE,242,4,RURAL
11,2,3,SAN MIGUEL DE ALLENDE,243,4,RURAL
11,14,4,APASEO EL ALTO,244,2,URBANO(A)
11,14,4,APASEO EL ALTO,245,2,URBANO(A)
11,14,4,APASEO EL ALTO,246,2,URBANO(A)
11,14,4,APASEO EL ALTO,247,2,URBANO(A)
11,14,4,APASEO EL ALTO,248,2,URBANO(A)
11,14,4,APASEO EL ALTO,249,2,URBANO(A)
11,14,4,APASEO EL ALTO,250,2,URBANO(A)
11,14,4,APASEO EL ALTO,251,2,URBANO(A)
11,14,4,APASEO EL ALTO,252,3,MIXTO(A)
11,14,4,APASEO EL ALTO,253,2,URBANO(A)
11,14,4,APASEO EL ALTO,254,2,URBANO(A)
11,14,4,APASEO EL ALTO,255,2,URBANO(A)
11,14,4,APASEO EL ALTO,256,2,URBANO(A)
11,14,4,APASEO EL ALTO,257,2,URBANO(A)
11,14,4,APASEO EL ALTO,258,3,MIXTO(A)
11,14,4,APASEO EL ALTO,259,2,URBANO(A)
11,14,4,APASEO EL ALTO,260,4,RURAL
11,14,4,APASEO EL ALTO,261,4,RURAL
11,14,4,APASEO EL ALTO,262,4,RURAL
11,14,4,APASEO EL ALTO,263,4,RURAL
11,14,4,APASEO EL ALTO,264,2,URBANO(A)
11,14,4,APASEO EL ALTO,265,2,URBANO(A)
11,14,4,APASEO EL ALTO,266,4,RURAL
11,14,4,APASEO EL ALTO,267,4,RURAL
11,14,4,APASEO EL ALTO,268,4,RURAL
11,14,4,APASEO EL ALTO,269,4,RURAL
11,14,4,APASEO EL ALTO,270,4,RURAL
11,14,4,APASEO EL ALTO,271,4,RURAL
11,14,4,APASEO EL ALTO,272,4,RURAL
11,14,4,APASEO EL ALTO,273,4,RURAL
11,14,4,APASEO EL ALTO,274,4,RURAL
11,14,4,APASEO EL ALTO,275,4,RURAL
11,14,4,APASEO EL ALTO,276,4,RURAL
11,14,4,APASEO EL ALTO,277,4,RURAL
11,14,4,APASEO EL ALTO,278,4,RURAL
11,14,4,APASEO EL ALTO,279,4,RURAL
11,14,4,APASEO EL ALTO,280,4,RURAL
11,14,4,APASEO EL ALTO,281,4,RURAL
11,14,4,APASEO EL ALTO,282,4,RURAL
11,14,4,APASEO EL ALTO,283,4,RURAL
11,14,4,APASEO EL ALTO,284,4,RURAL
11,14,4,APASEO EL ALTO,285,4,RURAL
11,14,4,APASEO EL ALTO,286,4,RURAL
11,14,4,APASEO EL ALTO,287,4,RURAL
11,14,5,APASEO EL GRANDE,288,2,URBANO(A)
11,14,5,APASEO EL GRANDE,289,2,URBANO(A)
11,14,5,APASEO EL GRANDE,290,2,URBANO(A)
11,14,5,APASEO EL GRANDE,291,2,URBANO(A)
11,14,5,APASEO EL GRANDE,292,2,URBANO(A)
11,14,5,APASEO EL GRANDE,293,2,URBANO(A)
11,14,5,APASEO EL GRANDE,294,2,URBANO(A)
11,14,5,APASEO EL GRANDE,295,2,URBANO(A)
11,14,5,APASEO EL GRANDE,296,2,URBANO(A)
11,14,5,APASEO EL GRANDE,297,2,URBANO(A)
11,14,5,APASEO EL GRANDE,298,4,RURAL
11,14,5,APASEO EL GRANDE,299,4,RURAL
11,14,5,APASEO EL GRANDE,300,4,RURAL
11,14,5,APASEO EL GRANDE,301,4,RURAL
11,14,5,APASEO EL GRANDE,302,2,URBANO(A)
11,14,5,APASEO EL GRANDE,303,4,RURAL
11,14,5,APASEO EL GRANDE,304,3,MIXTO(A)
11,14,5,APASEO EL GRANDE,305,4,RURAL
11,14,5,APASEO EL GRANDE,306,4,RURAL
11,14,5,APASEO EL GRANDE,307,4,RURAL
11,14,5,APASEO EL GRANDE,308,4,RURAL
11,14,5,APASEO EL GRANDE,309,4,RURAL
11,14,5,APASEO EL GRANDE,310,4,RURAL
11,14,5,APASEO EL GRANDE,311,4,RURAL
11,14,5,APASEO EL GRANDE,312,4,RURAL
11,14,5,APASEO EL GRANDE,313,4,RURAL
11,14,5,APASEO EL GRANDE,314,3,MIXTO(A)
11,14,5,APASEO EL GRANDE,316,4,RURAL
11,14,5,APASEO EL GRANDE,317,4,RURAL
11,14,5,APASEO EL GRANDE,318,4,RURAL
11,14,5,APASEO EL GRANDE,319,4,RURAL
11,14,5,APASEO EL GRANDE,320,4,RURAL
11,14,5,APASEO EL GRANDE,321,3,MIXTO(A)
11,14,5,APASEO EL GRANDE,322,3,MIXTO(A)
11,14,5,APASEO EL GRANDE,323,4,RURAL
11,14,5,APASEO EL GRANDE,324,3,MIXTO(A)
11,14,5,APASEO EL GRANDE,325,4,RURAL
11,14,5,APASEO EL GRANDE,326,3,MIXTO(A)
11,14,5,APASEO EL GRANDE,327,3,MIXTO(A)
11,14,5,APASEO EL GRANDE,328,3,MIXTO(A)
11,14,5,APASEO EL GRANDE,329,2,URBANO(A)
11,14,5,APASEO EL GRANDE,330,2,URBANO(A)
11,1,6,ATARJEA,331,3,MIXTO(A)
11,1,6,ATARJEA,332,4,RURAL
11,1,6,ATARJEA,333,4,RURAL
11,1,6,ATARJEA,334,4,RURAL
11,1,6,ATARJEA,335,4,RURAL
11,12,7,CELAYA,337,2,URBANO(A)
11,12,7,CELAYA,338,2,URBANO(A)
11,12,7,CELAYA,339,2,URBANO(A)
11,12,7,CELAYA,340,2,URBANO(A)
11,12,7,CELAYA,341,2,URBANO(A)
11,12,7,CELAYA,342,2,URBANO(A)
11,12,7,CELAYA,344,2,URBANO(A)
11,12,7,CELAYA,345,2,URBANO(A)
11,12,7,CELAYA,346,2,URBANO(A)
11,12,7,CELAYA,348,2,URBANO(A)
11,12,7,CELAYA,349,2,URBANO(A)
11,12,7,CELAYA,350,2,URBANO(A)
11,12,7,CELAYA,351,2,URBANO(A)
11,12,7,CELAYA,352,2,URBANO(A)
11,12,7,CELAYA,353,2,URBANO(A)
11,12,7,CELAYA,354,2,URBANO(A)
11,12,7,CELAYA,355,2,URBANO(A)
11,12,7,CELAYA,356,2,URBANO(A)
11,12,7,CELAYA,357,2,URBANO(A)
11,12,7,CELAYA,358,2,URBANO(A)
11,12,7,CELAYA,359,2,URBANO(A)
11,12,7,CELAYA,360,2,URBANO(A)
11,12,7,CELAYA,361,2,URBANO(A)
11,12,7,CELAYA,362,2,URBANO(A)
11,12,7,CELAYA,363,2,URBANO(A)
11,12,7,CELAYA,364,2,URBANO(A)
11,12,7,CELAYA,365,2,URBANO(A)
11,12,7,CELAYA,366,2,URBANO(A)
11,12,7,CELAYA,367,2,URBANO(A)
11,12,7,CELAYA,368,2,URBANO(A)
11,12,7,CELAYA,369,2,URBANO(A)
11,12,7,CELAYA,370,2,URBANO(A)
11,12,7,CELAYA,371,2,URBANO(A)
11,12,7,CELAYA,372,2,URBANO(A)
11,12,7,CELAYA,373,2,URBANO(A)
11,12,7,CELAYA,374,2,URBANO(A)
11,12,7,CELAYA,375,2,URBANO(A)
11,12,7,CELAYA,376,2,URBANO(A)
11,12,7,CELAYA,377,2,URBANO(A)
11,12,7,CELAYA,378,2,URBANO(A)
11,12,7,CELAYA,379,2,URBANO(A)
11,12,7,CELAYA,380,2,URBANO(A)
11,12,7,CELAYA,381,2,URBANO(A)
11,12,7,CELAYA,382,2,URBANO(A)
11,12,7,CELAYA,383,2,URBANO(A)
11,12,7,CELAYA,384,2,URBANO(A)
11,12,7,CELAYA,385,2,URBANO(A)
11,12,7,CELAYA,386,2,URBANO(A)
11,12,7,CELAYA,387,2,URBANO(A)
11,12,7,CELAYA,388,2,URBANO(A)
11,12,7,CELAYA,389,2,URBANO(A)
11,12,7,CELAYA,390,2,URBANO(A)
11,12,7,CELAYA,391,2,URBANO(A)
11,12,7,CELAYA,392,2,URBANO(A)
11,12,7,CELAYA,393,2,URBANO(A)
11,12,7,CELAYA,394,2,URBANO(A)
11,12,7,CELAYA,395,2,URBANO(A)
11,12,7,CELAYA,396,2,URBANO(A)
11,12,7,CELAYA,397,2,URBANO(A)
11,12,7,CELAYA,398,2,URBANO(A)
11,12,7,CELAYA,399,2,URBANO(A)
11,12,7,CELAYA,400,2,URBANO(A)
11,12,7,CELAYA,401,2,URBANO(A)
11,12,7,CELAYA,402,2,URBANO(A)
11,12,7,CELAYA,403,2,URBANO(A)
11,12,7,CELAYA,404,2,URBANO(A)
11,12,7,CELAYA,405,2,URBANO(A)
11,12,7,CELAYA,406,2,URBANO(A)
11,12,7,CELAYA,407,2,URBANO(A)
11,12,7,CELAYA,408,2,URBANO(A)
11,12,7,CELAYA,409,2,URBANO(A)
11,12,7,CELAYA,410,2,URBANO(A)
11,12,7,CELAYA,411,2,URBANO(A)
11,12,7,CELAYA,413,2,URBANO(A)
11,12,7,CELAYA,414,2,URBANO(A)
11,12,7,CELAYA,415,2,URBANO(A)
11,12,7,CELAYA,416,2,URBANO(A)
11,12,7,CELAYA,417,2,URBANO(A)
11,12,7,CELAYA,418,2,URBANO(A)
11,12,7,CELAYA,419,2,URBANO(A)
11,12,7,CELAYA,420,2,URBANO(A)
11,12,7,CELAYA,421,2,URBANO(A)
11,12,7,CELAYA,422,2,URBANO(A)
11,12,7,CELAYA,423,2,URBANO(A)
11,12,7,CELAYA,424,2,URBANO(A)
11,12,7,CELAYA,425,2,URBANO(A)
11,12,7,CELAYA,426,2,URBANO(A)
11,12,7,CELAYA,427,2,URBANO(A)
11,12,7,CELAYA,428,2,URBANO(A)
11,12,7,CELAYA,429,2,URBANO(A)
11,12,7,CELAYA,430,2,URBANO(A)
11,12,7,CELAYA,431,2,URBANO(A)
11,12,7,CELAYA,432,2,URBANO(A)
11,12,7,CELAYA,433,2,URBANO(A)
11,12,7,CELAYA,434,2,URBANO(A)
11,12,7,CELAYA,435,2,URBANO(A)
11,12,7,CELAYA,436,2,URBANO(A)
11,12,7,CELAYA,437,2,URBANO(A)
11,12,7,CELAYA,438,2,URBANO(A)
11,12,7,CELAYA,439,2,URBANO(A)
11,12,7,CELAYA,440,2,URBANO(A)
11,12,7,CELAYA,441,2,URBANO(A)
11,12,7,CELAYA,442,2,URBANO(A)
11,12,7,CELAYA,443,2,URBANO(A)
11,12,7,CELAYA,444,2,URBANO(A)
11,12,7,CELAYA,445,2,URBANO(A)
11,12,7,CELAYA,446,2,URBANO(A)
11,12,7,CELAYA,447,2,URBANO(A)
11,12,7,CELAYA,448,2,URBANO(A)
11,12,7,CELAYA,449,3,MIXTO(A)
11,12,7,CELAYA,450,2,URBANO(A)
11,12,7,CELAYA,451,2,URBANO(A)
11,12,7,CELAYA,452,2,URBANO(A)
11,12,7,CELAYA,453,2,URBANO(A)
11,12,7,CELAYA,454,2,URBANO(A)
11,12,7,CELAYA,455,2,URBANO(A)
11,12,7,CELAYA,456,2,URBANO(A)
11,12,7,CELAYA,457,2,URBANO(A)
11,12,7,CELAYA,458,2,URBANO(A)
11,12,7,CELAYA,459,2,URBANO(A)
11,12,7,CELAYA,460,2,URBANO(A)
11,12,7,CELAYA,461,2,URBANO(A)
11,12,7,CELAYA,462,2,URBANO(A)
11,12,7,CELAYA,463,2,URBANO(A)
11,12,7,CELAYA,464,2,URBANO(A)
11,12,7,CELAYA,465,2,URBANO(A)
11,12,7,CELAYA,466,2,URBANO(A)
11,12,7,CELAYA,467,2,URBANO(A)
11,12,7,CELAYA,468,2,URBANO(A)
11,12,7,CELAYA,469,2,URBANO(A)
11,12,7,CELAYA,470,2,URBANO(A)
11,12,7,CELAYA,471,2,URBANO(A)
11,12,7,CELAYA,472,2,URBANO(A)
11,12,7,CELAYA,473,2,URBANO(A)
11,12,7,CELAYA,474,2,URBANO(A)
11,12,7,CELAYA,475,2,URBANO(A)
11,12,7,CELAYA,476,2,URBANO(A)
11,12,7,CELAYA,477,2,URBANO(A)
11,12,7,CELAYA,478,2,URBANO(A)
11,12,7,CELAYA,479,2,URBANO(A)
11,12,7,CELAYA,480,2,URBANO(A)
11,12,7,CELAYA,481,2,URBANO(A)
11,12,7,CELAYA,482,2,URBANO(A)
11,12,7,CELAYA,483,2,URBANO(A)
11,12,7,CELAYA,484,2,URBANO(A)
11,12,7,CELAYA,485,2,URBANO(A)
11,12,7,CELAYA,486,2,URBANO(A)
11,12,7,CELAYA,487,2,URBANO(A)
11,12,7,CELAYA,488,2,URBANO(A)
11,12,7,CELAYA,489,2,URBANO(A)
11,12,7,CELAYA,490,2,URBANO(A)
11,12,7,CELAYA,491,2,URBANO(A)
11,12,7,CELAYA,492,2,URBANO(A)
11,12,7,CELAYA,493,2,URBANO(A)
11,2,7,CELAYA,494,4,RURAL
11,2,7,CELAYA,495,4,RURAL
11,2,7,CELAYA,496,4,RURAL
11,2,7,CELAYA,497,4,RURAL
11,2,7,CELAYA,498,4,RURAL
11,2,7,CELAYA,499,4,RURAL
11,2,7,CELAYA,500,2,URBANO(A)
11,2,7,CELAYA,501,2,URBANO(A)
11,2,7,CELAYA,502,3,MIXTO(A)
11,2,7,CELAYA,503,2,URBANO(A)
11,2,7,CELAYA,504,2,URBANO(A)
11,2,7,CELAYA,505,3,MIXTO(A)
11,2,7,CELAYA,506,2,URBANO(A)
11,2,7,CELAYA,507,2,URBANO(A)
11,2,7,CELAYA,508,4,RURAL
11,2,7,CELAYA,509,4,RURAL
11,2,7,CELAYA,510,4,RURAL
11,2,7,CELAYA,511,3,MIXTO(A)
11,2,7,CELAYA,512,4,RURAL
11,2,7,CELAYA,513,2,URBANO(A)
11,2,7,CELAYA,514,3,MIXTO(A)
11,2,7,CELAYA,516,3,MIXTO(A)
11,2,7,CELAYA,517,2,URBANO(A)
11,2,7,CELAYA,518,2,URBANO(A)
11,2,7,CELAYA,519,2,URBANO(A)
11,2,7,CELAYA,520,3,MIXTO(A)
11,2,7,CELAYA,521,2,URBANO(A)
11,2,7,CELAYA,522,2,URBANO(A)
11,2,7,CELAYA,523,4,RURAL
11,2,7,CELAYA,524,4,RURAL
11,2,7,CELAYA,525,4,RURAL
11,12,7,CELAYA,527,3,MIXTO(A)
11,12,7,CELAYA,528,4,RURAL
11,12,7,CELAYA,530,3,MIXTO(A)
11,12,7,CELAYA,531,4,RURAL
11,12,7,CELAYA,532,4,RURAL
11,12,7,CELAYA,533,4,RURAL
11,12,7,CELAYA,534,4,RURAL
11,12,7,CELAYA,535,2,URBANO(A)
11,12,7,CELAYA,536,2,URBANO(A)
11,12,7,CELAYA,537,3,MIXTO(A)
11,12,7,CELAYA,538,4,RURAL
11,12,7,CELAYA,539,4,RURAL
11,12,7,CELAYA,540,4,RURAL
11,12,7,CELAYA,541,4,RURAL
11,12,7,CELAYA,542,2,URBANO(A)
11,12,7,CELAYA,543,2,URBANO(A)
11,12,7,CELAYA,544,4,RURAL
11,12,7,CELAYA,545,4,RURAL
11,12,7,CELAYA,546,4,RURAL
11,12,7,CELAYA,547,4,RURAL
11,12,7,CELAYA,548,4,RURAL
11,12,7,CELAYA,549,4,RURAL
11,12,7,CELAYA,550,4,RURAL
11,12,7,CELAYA,551,2,URBANO(A)
11,12,7,CELAYA,552,2,URBANO(A)
11,12,7,CELAYA,553,2,URBANO(A)
11,12,7,CELAYA,554,2,URBANO(A)
11,12,7,CELAYA,555,3,MIXTO(A)
11,12,7,CELAYA,556,2,URBANO(A)
11,12,7,CELAYA,557,2,URBANO(A)
11,12,7,CELAYA,558,2,URBANO(A)
11,12,7,CELAYA,559,3,MIXTO(A)
11,12,7,CELAYA,560,2,URBANO(A)
11,12,7,CELAYA,561,4,RURAL
11,12,7,CELAYA,563,3,MIXTO(A)
11,12,7,CELAYA,564,3,MIXTO(A)
11,12,7,CELAYA,565,3,MIXTO(A)
11,12,7,CELAYA,566,4,RURAL
11,7,8,MANUEL DOBLADO,567,3,MIXTO(A)
11,7,8,MANUEL DOBLADO,568,3,MIXTO(A)
11,7,8,MANUEL DOBLADO,569,2,URBANO(A)
11,7,8,MANUEL DOBLADO,570,2,URBANO(A)
11,7,8,MANUEL DOBLADO,571,2,URBANO(A)
11,7,8,MANUEL DOBLADO,572,2,URBANO(A)
11,7,8,MANUEL DOBLADO,573,2,URBANO(A)
11,7,8,MANUEL DOBLADO,574,2,URBANO(A)
11,7,8,MANUEL DOBLADO,575,3,MIXTO(A)
11,7,8,MANUEL DOBLADO,576,3,MIXTO(A)
11,7,8,MANUEL DOBLADO,577,4,RURAL
11,7,8,MANUEL DOBLADO,578,4,RURAL
11,7,8,MANUEL DOBLADO,579,4,RURAL
11,7,8,MANUEL DOBLADO,580,4,RURAL
11,7,8,MANUEL DOBLADO,581,4,RURAL
11,7,8,MANUEL DOBLADO,582,4,RURAL
11,7,8,MANUEL DOBLADO,583,4,RURAL
11,7,8,MANUEL DOBLADO,584,4,RURAL
11,7,8,MANUEL DOBLADO,585,4,RURAL
11,7,8,MANUEL DOBLADO,586,4,RURAL
11,7,8,MANUEL DOBLADO,587,4,RURAL
11,7,8,MANUEL DOBLADO,588,4,RURAL
11,7,8,MANUEL DOBLADO,589,4,RURAL
11,7,8,MANUEL DOBLADO,590,4,RURAL
11,7,8,MANUEL DOBLADO,591,4,RURAL
11,7,8,MANUEL DOBLADO,592,4,RURAL
11,7,8,MANUEL DOBLADO,593,4,RURAL
11,7,8,MANUEL DOBLADO,594,4,RURAL
11,7,8,MANUEL DOBLADO,595,4,RURAL
11,7,8,MANUEL DOBLADO,596,4,RURAL
11,7,8,MANUEL DOBLADO,597,4,RURAL
11,7,8,MANUEL DOBLADO,598,4,RURAL
11,7,8,MANUEL DOBLADO,599,4,RURAL
11,7,8,MANUEL DOBLADO,600,4,RURAL
11,7,8,MANUEL DOBLADO,601,4,RURAL
11,7,8,MANUEL DOBLADO,602,4,RURAL
11,7,8,MANUEL DOBLADO,603,4,RURAL
11,7,8,MANUEL DOBLADO,604,4,RURAL
11,7,8,MANUEL DOBLADO,605,4,RURAL
11,7,8,MANUEL DOBLADO,606,4,RURAL
11,7,8,MANUEL DOBLADO,607,4,RURAL
11,7,8,MANUEL DOBLADO,608,4,RURAL
11,2,9,COMONFORT,609,2,URBANO(A)
11,2,9,COMONFORT,610,2,URBANO(A)
11,2,9,COMONFORT,611,2,URBANO(A)
11,2,9,COMONFORT,612,3,MIXTO(A)
11,2,9,COMONFORT,613,2,URBANO(A)
11,2,9,COMONFORT,614,2,URBANO(A)
11,2,9,COMONFORT,615,2,URBANO(A)
11,2,9,COMONFORT,616,2,URBANO(A)
11,2,9,COMONFORT,617,2,URBANO(A)
11,2,9,COMONFORT,618,2,URBANO(A)
11,2,9,COMONFORT,619,2,URBANO(A)
11,2,9,COMONFORT,620,3,MIXTO(A)
11,2,9,COMONFORT,621,2,URBANO(A)
11,2,9,COMONFORT,622,3,MIXTO(A)
11,2,9,COMONFORT,623,2,URBANO(A)
11,2,9,COMONFORT,624,4,RURAL
11,2,9,COMONFORT,625,4,RURAL
11,2,9,COMONFORT,626,4,RURAL
11,2,9,COMONFORT,627,4,RURAL
11,2,9,COMONFORT,628,4,RURAL
11,2,9,COMONFORT,629,4,RURAL
11,2,9,COMONFORT,630,4,RURAL
11,2,9,COMONFORT,631,4,RURAL
11,2,9,COMONFORT,632,4,RURAL
11,2,9,COMONFORT,633,3,MIXTO(A)
11,2,9,COMONFORT,634,4,RURAL
11,2,9,COMONFORT,635,4,RURAL
11,2,9,COMONFORT,636,2,URBANO(A)
11,2,9,COMONFORT,637,4,RURAL
11,2,9,COMONFORT,638,4,RURAL
11,2,9,COMONFORT,639,4,RURAL
11,2,9,COMONFORT,640,4,RURAL
11,2,9,COMONFORT,641,4,RURAL
11,2,9,COMONFORT,642,4,RURAL
11,2,9,COMONFORT,643,2,URBANO(A)
11,2,9,COMONFORT,644,2,URBANO(A)
11,2,9,COMONFORT,645,2,URBANO(A)
11,2,9,COMONFORT,646,2,URBANO(A)
11,2,9,COMONFORT,647,2,URBANO(A)
11,2,9,COMONFORT,648,2,URBANO(A)
11,2,9,COMONFORT,649,2,URBANO(A)
11,2,9,COMONFORT,650,2,URBANO(A)
11,2,9,COMONFORT,651,3,MIXTO(A)
11,14,10,CORONEO,652,2,URBANO(A)
11,14,10,CORONEO,653,3,MIXTO(A)
11,14,10,CORONEO,654,3,MIXTO(A)
11,14,10,CORONEO,655,4,RURAL
11,14,10,CORONEO,656,4,RURAL
11,14,10,CORONEO,657,4,RURAL
11,14,10,CORONEO,658,4,RURAL
11,14,10,CORONEO,659,4,RURAL
11,14,10,CORONEO,660,4,RURAL
11,14,10,CORONEO,661,4,RURAL
11,10,11,CORTAZAR,662,2,URBANO(A)
11,10,11,CORTAZAR,663,2,URBANO(A)
11,10,11,CORTAZAR,664,2,URBANO(A)
11,10,11,CORTAZAR,665,2,URBANO(A)
11,10,11,CORTAZAR,666,2,URBANO(A)
11,10,11,CORTAZAR,667,2,URBANO(A)
11,10,11,CORTAZAR,668,2,URBANO(A)
11,10,11,CORTAZAR,669,2,URBANO(A)
11,10,11,CORTAZAR,670,2,URBANO(A)
11,10,11,CORTAZAR,671,2,URBANO(A)
11,10,11,CORTAZAR,672,2,URBANO(A)
11,10,11,CORTAZAR,673,2,URBANO(A)
11,10,11,CORTAZAR,674,2,URBANO(A)
11,10,11,CORTAZAR,675,2,URBANO(A)
11,10,11,CORTAZAR,676,2,URBANO(A)
11,10,11,CORTAZAR,677,2,URBANO(A)
11,10,11,CORTAZAR,678,2,URBANO(A)
11,10,11,CORTAZAR,679,2,URBANO(A)
11,10,11,CORTAZAR,680,2,URBANO(A)
11,10,11,CORTAZAR,681,2,URBANO(A)
11,10,11,CORTAZAR,682,2,URBANO(A)
11,10,11,CORTAZAR,683,2,URBANO(A)
11,10,11,CORTAZAR,684,2,URBANO(A)
11,10,11,CORTAZAR,685,2,URBANO(A)
11,10,11,CORTAZAR,686,2,URBANO(A)
11,10,11,CORTAZAR,687,2,URBANO(A)
11,10,11,CORTAZAR,688,2,URBANO(A)
11,10,11,CORTAZAR,689,2,URBANO(A)
11,10,11,CORTAZAR,690,2,URBANO(A)
11,10,11,CORTAZAR,691,2,URBANO(A)
11,10,11,CORTAZAR,692,2,URBANO(A)
11,10,11,CORTAZAR,693,4,RURAL
11,10,11,CORTAZAR,694,4,RURAL
11,10,11,CORTAZAR,695,4,RURAL
11,10,11,CORTAZAR,696,4,RURAL
11,10,11,CORTAZAR,697,2,URBANO(A)
11,10,11,CORTAZAR,698,3,MIXTO(A)
11,10,11,CORTAZAR,699,4,RURAL
11,10,11,CORTAZAR,700,3,MIXTO(A)
11,10,11,CORTAZAR,701,4,RURAL
11,10,11,CORTAZAR,702,4,RURAL
11,10,11,CORTAZAR,703,4,RURAL
11,10,11,CORTAZAR,704,4,RURAL
11,10,11,CORTAZAR,705,2,URBANO(A)
11,10,11,CORTAZAR,706,4,RURAL
11,10,11,CORTAZAR,707,4,RURAL
11,10,11,CORTAZAR,708,4,RURAL
11,10,11,CORTAZAR,709,4,RURAL
11,10,11,CORTAZAR,710,4,RURAL
11,10,11,CORTAZAR,711,4,RURAL
11,10,11,CORTAZAR,712,2,URBANO(A)
11,10,11,CORTAZAR,713,2,URBANO(A)
11,10,11,CORTAZAR,714,2,URBANO(A)
11,10,11,CORTAZAR,715,2,URBANO(A)
11,10,11,CORTAZAR,716,4,RURAL
11,7,12,CUERAMARO,717,2,URBANO(A)
11,7,12,CUERAMARO,718,2,URBANO(A)
11,7,12,CUERAMARO,719,2,URBANO(A)
11,7,12,CUERAMARO,720,2,URBANO(A)
11,7,12,CUERAMARO,721,2,URBANO(A)
11,7,12,CUERAMARO,722,2,URBANO(A)
11,7,12,CUERAMARO,723,2,URBANO(A)
11,7,12,CUERAMARO,724,2,URBANO(A)
11,7,12,CUERAMARO,725,2,URBANO(A)
11,7,12,CUERAMARO,726,2,URBANO(A)
11,7,12,CUERAMARO,727,4,RURAL
11,7,12,CUERAMARO,728,4,RURAL
11,7,12,CUERAMARO,729,4,RURAL
11,7,12,CUERAMARO,731,4,RURAL
11,7,12,CUERAMARO,732,4,RURAL
11,7,12,CUERAMARO,733,4,RURAL
11,7,12,CUERAMARO,734,4,RURAL
11,7,12,CUERAMARO,736,4,RURAL
11,7,12,CUERAMARO,737,4,RURAL
11,7,12,CUERAMARO,738,3,MIXTO(A)
11,7,12,CUERAMARO,739,4,RURAL
11,1,13,DOCTOR MORA,740,2,URBANO(A)
11,1,13,DOCTOR MORA,741,3,MIXTO(A)
11,1,13,DOCTOR MORA,742,4,RURAL
11,1,13,DOCTOR MORA,743,4,RURAL
11,1,13,DOCTOR MORA,744,4,RURAL
11,1,13,DOCTOR MORA,745,4,RURAL
11,1,13,DOCTOR MORA,746,4,RURAL
11,1,13,DOCTOR MORA,747,4,RURAL
11,1,13,DOCTOR MORA,748,4,RURAL
11,1,13,DOCTOR MORA,749,4,RURAL
11,1,13,DOCTOR MORA,750,4,RURAL
11,1,13,DOCTOR MORA,751,4,RURAL
11,1,14,DOLORES HIDALGO CUNA DE LA INDEPENDENCIA NACIONAL,752,3,MIXTO(A)
11,1,14,DOLORES HIDALGO CUNA DE LA INDEPENDENCIA NACIONAL,753,2,URBANO(A)
11,1,14,DOLORES HIDALGO CUNA DE LA INDEPENDENCIA NACIONAL,754,2,URBANO(A)
11,1,14,DOLORES HIDALGO CUNA DE LA INDEPENDENCIA NACIONAL,755,2,URBANO(A)
11,1,14,DOLORES HIDALGO CUNA DE LA INDEPENDENCIA NACIONAL,756,3,MIXTO(A)
11,1,14,DOLORES HIDALGO CUNA DE LA INDEPENDENCIA NACIONAL,757,2,URBANO(A)
11,1,14,DOLORES HIDALGO CUNA DE LA INDEPENDENCIA NACIONAL,758,2,URBANO(A)
11,1,14,DOLORES HIDALGO CUNA DE LA INDEPENDENCIA NACIONAL,759,2,URBANO(A)
11,1,14,DOLORES HIDALGO CUNA DE LA INDEPENDENCIA NACIONAL,760,2,URBANO(A)
11,1,14,DOLORES HIDALGO CUNA DE LA INDEPENDENCIA NACIONAL,761,2,URBANO(A)
11,1,14,DOLORES HIDALGO CUNA DE LA INDEPENDENCIA NACIONAL,762,2,URBANO(A)
11,1,14,DOLORES HIDALGO CUNA DE LA INDEPENDENCIA NACIONAL,763,2,URBANO(A)
11,1,14,DOLORES HIDALGO CUNA DE LA INDEPENDENCIA NACIONAL,764,2,URBANO(A)
11,1,14,DOLORES HIDALGO CUNA DE LA INDEPENDENCIA NACIONAL,765,2,URBANO(A)
11,1,14,DOLORES HIDALGO CUNA DE LA INDEPENDENCIA NACIONAL,766,2,URBANO(A)
11,1,14,DOLORES HIDALGO CUNA DE LA INDEPENDENCIA NACIONAL,767,2,URBANO(A)
11,1,14,DOLORES HIDALGO CUNA DE LA INDEPENDENCIA NACIONAL,768,2,URBANO(A)
11,1,14,DOLORES HIDALGO CUNA DE LA INDEPENDENCIA NACIONAL,769,2,URBANO(A)
11,1,14,DOLORES HIDALGO CUNA DE LA INDEPENDENCIA NACIONAL,770,2,URBANO(A)
11,1,14,DOLORES HIDALGO CUNA DE LA INDEPENDENCIA NACIONAL,771,2,URBANO(A)
11,1,14,DOLORES HIDALGO CUNA DE LA INDEPENDENCIA NACIONAL,772,2,URBANO(A)
11,1,14,DOLORES HIDALGO CUNA DE LA INDEPENDENCIA NACIONAL,773,2,URBANO(A)
11,1,14,DOLORES HIDALGO CUNA DE LA INDEPENDENCIA NACIONAL,774,2,URBANO(A)
11,1,14,DOLORES HIDALGO CUNA DE LA INDEPENDENCIA NACIONAL,775,2,URBANO(A)
11,1,14,DOLORES HIDALGO CUNA DE LA INDEPENDENCIA NACIONAL,776,4,RURAL
11,1,14,DOLORES HIDALGO CUNA DE LA INDEPENDENCIA NACIONAL,777,4,RURAL
11,1,14,DOLORES HIDALGO CUNA DE LA INDEPENDENCIA NACIONAL,778,4,RURAL
11,1,14,DOLORES HIDALGO CUNA DE LA INDEPENDENCIA NACIONAL,779,4,RURAL
11,1,14,DOLORES HIDALGO CUNA DE LA INDEPENDENCIA NACIONAL,780,4,RURAL
11,1,14,DOLORES HIDALGO CUNA DE LA INDEPENDENCIA NACIONAL,781,4,RURAL
11,1,14,DOLORES HIDALGO CUNA DE LA INDEPENDENCIA NACIONAL,782,4,RURAL
11,1,14,DOLORES HIDALGO CUNA DE LA INDEPENDENCIA NACIONAL,783,4,RURAL
11,1,14,DOLORES HIDALGO CUNA DE LA INDEPENDENCIA NACIONAL,784,4,RURAL
11,1,14,DOLORES HIDALGO CUNA DE LA INDEPENDENCIA NACIONAL,785,4,RURAL
11,1,14,DOLORES HIDALGO CUNA DE LA INDEPENDENCIA NACIONAL,786,4,RURAL
11,1,14,DOLORES HIDALGO CUNA DE LA INDEPENDENCIA NACIONAL,787,4,RURAL
11,1,14,DOLORES HIDALGO CUNA DE LA INDEPENDENCIA NACIONAL,788,4,RURAL
11,1,14,DOLORES HIDALGO CUNA DE LA INDEPENDENCIA NACIONAL,789,4,RURAL
11,1,14,DOLORES HIDALGO CUNA DE LA INDEPENDENCIA NACIONAL,790,4,RURAL
11,1,14,DOLORES HIDALGO CUNA DE LA INDEPENDENCIA NACIONAL,791,4,RURAL
11,1,14,DOLORES HIDALGO CUNA DE LA INDEPENDENCIA NACIONAL,792,4,RURAL
11,1,14,DOLORES HIDALGO CUNA DE LA INDEPENDENCIA NACIONAL,793,3,MIXTO(A)
11,1,14,DOLORES HIDALGO CUNA DE LA INDEPENDENCIA NACIONAL,794,4,RURAL
11,1,14,DOLORES HIDALGO CUNA DE LA INDEPENDENCIA NACIONAL,795,4,RURAL
11,1,14,DOLORES HIDALGO CUNA DE LA INDEPENDENCIA NACIONAL,796,4,RURAL
11,1,14,DOLORES HIDALGO CUNA DE LA INDEPENDENCIA NACIONAL,797,4,RURAL
11,1,14,DOLORES HIDALGO CUNA DE LA INDEPENDENCIA NACIONAL,798,4,RURAL
11,1,14,DOLORES HIDALGO CUNA DE LA INDEPENDENCIA NACIONAL,799,4,RURAL
11,1,14,DOLORES HIDALGO CUNA DE LA INDEPENDENCIA NACIONAL,800,4,RURAL
11,1,14,DOLORES HIDALGO CUNA DE LA INDEPENDENCIA NACIONAL,801,4,RURAL
11,1,14,DOLORES HIDALGO CUNA DE LA INDEPENDENCIA NACIONAL,802,3,MIXTO(A)
11,1,14,DOLORES HIDALGO CUNA DE LA INDEPENDENCIA NACIONAL,803,4,RURAL
11,1,14,DOLORES HIDALGO CUNA DE LA INDEPENDENCIA NACIONAL,804,4,RURAL
11,1,14,DOLORES HIDALGO CUNA DE LA INDEPENDENCIA NACIONAL,805,3,MIXTO(A)
11,1,14,DOLORES HIDALGO CUNA DE LA INDEPENDENCIA NACIONAL,806,4,RURAL
11,1,14,DOLORES HIDALGO CUNA DE LA INDEPENDENCIA NACIONAL,807,4,RURAL
11,1,14,DOLORES HIDALGO CUNA DE LA INDEPENDENCIA NACIONAL,808,4,RURAL
11,1,14,DOLORES HIDALGO CUNA DE LA INDEPENDENCIA NACIONAL,809,4,RURAL
11,1,14,DOLORES HIDALGO CUNA DE LA INDEPENDENCIA NACIONAL,810,4,RURAL
11,1,14,DOLORES HIDALGO CUNA DE LA INDEPENDENCIA NACIONAL,811,4,RURAL
11,1,14,DOLORES HIDALGO CUNA DE LA INDEPENDENCIA NACIONAL,812,4,RURAL
11,1,14,DOLORES HIDALGO CUNA DE LA INDEPENDENCIA NACIONAL,813,4,RURAL
11,1,14,DOLORES HIDALGO CUNA DE LA INDEPENDENCIA NACIONAL,814,4,RURAL
11,1,14,DOLORES HIDALGO CUNA DE LA INDEPENDENCIA NACIONAL,815,4,RURAL
11,1,14,DOLORES HIDALGO CUNA DE LA INDEPENDENCIA NACIONAL,816,4,RURAL
11,1,14,DOLORES HIDALGO CUNA DE LA INDEPENDENCIA NACIONAL,817,4,RURAL
11,1,14,DOLORES HIDALGO CUNA DE LA INDEPENDENCIA NACIONAL,818,4,RURAL
11,1,14,DOLORES HIDALGO CUNA DE LA INDEPENDENCIA NACIONAL,819,4,RURAL
11,1,14,DOLORES HIDALGO CUNA DE LA INDEPENDENCIA NACIONAL,820,4,RURAL
11,1,14,DOLORES HIDALGO CUNA DE LA INDEPENDENCIA NACIONAL,821,3,MIXTO(A)
11,1,14,DOLORES HIDALGO CUNA DE LA INDEPENDENCIA NACIONAL,822,4,RURAL
11,4,15,GUANAJUATO,823,2,URBANO(A)
11,4,15,GUANAJUATO,824,2,URBANO(A)
11,4,15,GUANAJUATO,825,3,MIXTO(A)
11,4,15,GUANAJUATO,826,2,URBANO(A)
11,4,15,GUANAJUATO,827,2,URBANO(A)
11,4,15,GUANAJUATO,828,2,URBANO(A)
11,4,15,GUANAJUATO,829,2,URBANO(A)
11,4,15,GUANAJUATO,830,2,URBANO(A)
11,4,15,GUANAJUATO,831,2,URBANO(A)
11,4,15,GUANAJUATO,832,2,URBANO(A)
11,4,15,GUANAJUATO,833,2,URBANO(A)
11,4,15,GUANAJUATO,834,2,URBANO(A)
11,4,15,GUANAJUATO,835,2,URBANO(A)
11,4,15,GUANAJUATO,836,2,URBANO(A)
11,4,15,GUANAJUATO,837,2,URBANO(A)
11,4,15,GUANAJUATO,838,2,URBANO(A)
11,4,15,GUANAJUATO,839,2,URBANO(A)
11,4,15,GUANAJUATO,840,2,URBANO(A)
11,4,15,GUANAJUATO,841,2,URBANO(A)
11,4,15,GUANAJUATO,842,2,URBANO(A)
11,4,15,GUANAJUATO,843,2,URBANO(A)
11,4,15,GUANAJUATO,844,2,URBANO(A)
11,4,15,GUANAJUATO,845,2,URBANO(A)
11,4,15,GUANAJUATO,846,2,URBANO(A)
11,4,15,GUANAJUATO,847,2,URBANO(A)
11,4,15,GUANAJUATO,848,2,URBANO(A)
11,4,15,GUANAJUATO,849,2,URBANO(A)
11,4,15,GUANAJUATO,850,2,URBANO(A)
11,4,15,GUANAJUATO,851,2,URBANO(A)
11,4,15,GUANAJUATO,852,2,URBANO(A)
11,4,15,GUANAJUATO,853,2,URBANO(A)
11,4,15,GUANAJUATO,854,2,URBANO(A)
11,4,15,GUANAJUATO,855,2,URBANO(A)
11,4,15,GUANAJUATO,856,2,URBANO(A)
11,4,15,GUANAJUATO,857,2,URBANO(A)
11,4,15,GUANAJUATO,858,2,URBANO(A)
11,4,15,GUANAJUATO,859,2,URBANO(A)
11,4,15,GUANAJUATO,860,2,URBANO(A)
11,4,15,GUANAJUATO,861,2,URBANO(A)
11,4,15,GUANAJUATO,862,2,URBANO(A)
11,4,15,GUANAJUATO,863,2,URBANO(A)
11,4,15,GUANAJUATO,864,2,URBANO(A)
11,4,15,GUANAJUATO,865,2,URBANO(A)
11,4,15,GUANAJUATO,866,2,URBANO(A)
11,4,15,GUANAJUATO,867,2,URBANO(A)
11,4,15,GUANAJUATO,868,2,URBANO(A)
11,4,15,GUANAJUATO,869,2,URBANO(A)
11,4,15,GUANAJUATO,870,2,URBANO(A)
11,4,15,GUANAJUATO,871,2,URBANO(A)
11,4,15,GUANAJUATO,872,2,URBANO(A)
11,4,15,GUANAJUATO,873,2,URBANO(A)
11,4,15,GUANAJUATO,874,2,URBANO(A)
11,4,15,GUANAJUATO,875,2,URBANO(A)
11,4,15,GUANAJUATO,876,3,MIXTO(A)
11,4,15,GUANAJUATO,877,2,URBANO(A)
11,4,15,GUANAJUATO,879,2,URBANO(A)
11,4,15,GUANAJUATO,880,4,RURAL
11,4,15,GUANAJUATO,881,4,RURAL
11,4,15,GUANAJUATO,882,4,RURAL
11,4,15,GUANAJUATO,883,4,RURAL
11,4,15,GUANAJUATO,884,4,RURAL
11,4,15,GUANAJUATO,885,4,RURAL
11,4,15,GUANAJUATO,886,4,RURAL
11,4,15,GUANAJUATO,887,4,RURAL
11,4,15,GUANAJUATO,888,4,RURAL
11,4,15,GUANAJUATO,889,4,RURAL
11,4,15,GUANAJUATO,890,4,RURAL
11,4,15,GUANAJUATO,891,4,RURAL
11,4,15,GUANAJUATO,893,4,RURAL
11,4,15,GUANAJUATO,894,4,RURAL
11,4,15,GUANAJUATO,895,2,URBANO(A)
11,4,15,GUANAJUATO,896,3,MIXTO(A)
11,4,15,GUANAJUATO,897,4,RURAL
11,4,15,GUANAJUATO,898,2,URBANO(A)
11,4,15,GUANAJUATO,900,3,MIXTO(A)
11,4,15,GUANAJUATO,901,4,RURAL
11,4,15,GUANAJUATO,902,2,URBANO(A)
11,4,15,GUANAJUATO,903,4,RURAL
11,4,15,GUANAJUATO,904,4,RURAL
11,4,15,GUANAJUATO,905,4,RURAL
11,4,15,GUANAJUATO,906,4,RURAL
11,4,15,GUANAJUATO,907,4,RURAL
11,4,15,GUANAJUATO,908,4,RURAL
11,4,15,GUANAJUATO,909,3,MIXTO(A)
11,4,15,GUANAJUATO,910,4,RURAL
11,4,15,GUANAJUATO,911,4,RURAL
11,4,15,GUANAJUATO,912,4,RURAL
11,4,15,GUANAJUATO,913,4,RURAL
11,4,15,GUANAJUATO,914,4,RURAL
11,4,15,GUANAJUATO,915,2,URBANO(A)
11,13,16,HUANIMARO,916,2,URBANO(A)
11,13,16,HUANIMARO,917,2,URBANO(A)
11,13,16,HUANIMARO,918,2,URBANO(A)
11,13,16,HUANIMARO,919,4,RURAL
11,13,16,HUANIMARO,920,4,RURAL
11,13,16,HUANIMARO,921,4,RURAL
11,13,16,HUANIMARO,922,4,RURAL
11,13,16,HUANIMARO,923,4,RURAL
11,13,16,HUANIMARO,924,4,RURAL
11,13,16,HUANIMARO,925,4,RURAL
11,13,16,HUANIMARO,926,4,RURAL
11,13,16,HUANIMARO,927,4,RURAL
11,13,16,HUANIMARO,928,4,RURAL
11,9,17,IRAPUATO,929,2,URBANO(A)
11,9,17,IRAPUATO,931,2,URBANO(A)
11,9,17,IRAPUATO,932,2,URBANO(A)
11,9,17,IRAPUATO,933,2,URBANO(A)
11,9,17,IRAPUATO,934,2,URBANO(A)
11,9,17,IRAPUATO,935,2,URBANO(A)
11,9,17,IRAPUATO,936,2,URBANO(A)
11,9,17,IRAPUATO,937,2,URBANO(A)
11,9,17,IRAPUATO,938,2,URBANO(A)
11,9,17,IRAPUATO,939,2,URBANO(A)
11,9,17,IRAPUATO,940,2,URBANO(A)
11,9,17,IRAPUATO,941,2,URBANO(A)
11,9,17,IRAPUATO,942,2,URBANO(A)
11,9,17,IRAPUATO,943,2,URBANO(A)
11,9,17,IRAPUATO,944,2,URBANO(A)
11,9,17,IRAPUATO,945,2,URBANO(A)
11,9,17,IRAPUATO,946,2,URBANO(A)
11,9,17,IRAPUATO,947,2,URBANO(A)
11,9,17,IRAPUATO,948,2,URBANO(A)
11,9,17,IRAPUATO,949,2,URBANO(A)
11,9,17,IRAPUATO,950,2,URBANO(A)
11,9,17,IRAPUATO,951,2,URBANO(A)
11,9,17,IRAPUATO,952,2,URBANO(A)
11,9,17,IRAPUATO,953,2,URBANO(A)
11,9,17,IRAPUATO,954,2,URBANO(A)
11,9,17,IRAPUATO,955,2,URBANO(A)
11,9,17,IRAPUATO,956,2,URBANO(A)
11,9,17,IRAPUATO,957,2,URBANO(A)
11,9,17,IRAPUATO,958,2,URBANO(A)
11,9,17,IRAPUATO,959,2,URBANO(A)
11,9,17,IRAPUATO,960,2,URBANO(A)
11,9,17,IRAPUATO,961,2,URBANO(A)
11,9,17,IRAPUATO,962,2,URBANO(A)
11,15,17,IRAPUATO,963,2,URBANO(A)
11,15,17,IRAPUATO,964,2,URBANO(A)
11,15,17,IRAPUATO,965,2,URBANO(A)
11,15,17,IRAPUATO,967,2,URBANO(A)
11,15,17,IRAPUATO,968,2,URBANO(A)
11,15,17,IRAPUATO,969,2,URBANO(A)
11,15,17,IRAPUATO,970,2,URBANO(A)
11,15,17,IRAPUATO,971,2,URBANO(A)
11,9,17,IRAPUATO,972,2,URBANO(A)
11,9,17,IRAPUATO,973,2,URBANO(A)
11,9,17,IRAPUATO,974,2,URBANO(A)
11,9,17,IRAPUATO,975,2,URBANO(A)
11,15,17,IRAPUATO,976,2,URBANO(A)
11,15,17,IRAPUATO,977,2,URBANO(A)
11,15,17,IRAPUATO,978,2,URBANO(A)
11,15,17,IRAPUATO,979,2,URBANO(A)
11,15,17,IRAPUATO,981,2,URBANO(A)
11,15,17,IRAPUATO,982,2,URBANO(A)
11,15,17,IRAPUATO,983,2,URBANO(A)
11,15,17,IRAPUATO,984,2,URBANO(A)
11,15,17,IRAPUATO,985,2,URBANO(A)
11,15,17,IRAPUATO,986,2,URBANO(A)
11,9,17,IRAPUATO,987,2,URBANO(A)
11,15,17,IRAPUATO,988,2,URBANO(A)
11,15,17,IRAPUATO,989,2,URBANO(A)
11,15,17,IRAPUATO,990,2,URBANO(A)
11,15,17,IRAPUATO,991,2,URBANO(A)
11,15,17,IRAPUATO,992,2,URBANO(A)
11,15,17,IRAPUATO,993,2,URBANO(A)
11,15,17,IRAPUATO,994,2,URBANO(A)
11,15,17,IRAPUATO,995,2,URBANO(A)
11,15,17,IRAPUATO,996,2,URBANO(A)
11,15,17,IRAPUATO,997,2,URBANO(A)
11,15,17,IRAPUATO,998,2,URBANO(A)
11,15,17,IRAPUATO,999,2,URBANO(A)
11,15,17,IRAPUATO,1000,2,URBANO(A)
11,15,17,IRAPUATO,1001,2,URBANO(A)
11,15,17,IRAPUATO,1002,2,URBANO(A)
11,15,17,IRAPUATO,1003,2,URBANO(A)
11,15,17,IRAPUATO,1004,2,URBANO(A)
11,15,17,IRAPUATO,1005,2,URBANO(A)
11,9,17,IRAPUATO,1006,2,URBANO(A)
11,9,17,IRAPUATO,1007,2,URBANO(A)
11,15,17,IRAPUATO,1008,2,URBANO(A)
11,15,17,IRAPUATO,1009,2,URBANO(A)
11,15,17,IRAPUATO,1010,2,URBANO(A)
11,15,17,IRAPUATO,1011,2,URBANO(A)
11,15,17,IRAPUATO,1012,2,URBANO(A)
11,15,17,IRAPUATO,1013,2,URBANO(A)
11,15,17,IRAPUATO,1014,2,URBANO(A)
11,15,17,IRAPUATO,1015,2,URBANO(A)
11,15,17,IRAPUATO,1016,2,URBANO(A)
11,15,17,IRAPUATO,1017,2,URBANO(A)
11,15,17,IRAPUATO,1018,2,URBANO(A)
11,15,17,IRAPUATO,1019,2,URBANO(A)
11,15,17,IRAPUATO,1020,2,URBANO(A)
11,15,17,IRAPUATO,1021,2,URBANO(A)
11,15,17,IRAPUATO,1022,2,URBANO(A)
11,15,17,IRAPUATO,1023,2,URBANO(A)
11,15,17,IRAPUATO,1024,2,URBANO(A)
11,15,17,IRAPUATO,1025,2,URBANO(A)
11,15,17,IRAPUATO,1026,2,URBANO(A)
11,15,17,IRAPUATO,1027,2,URBANO(A)
11,15,17,IRAPUATO,1028,2,URBANO(A)
11,15,17,IRAPUATO,1029,2,URBANO(A)
11,15,17,IRAPUATO,1030,2,URBANO(A)
11,15,17,IRAPUATO,1031,2,URBANO(A)
11,15,17,IRAPUATO,1032,2,URBANO(A)
11,15,17,IRAPUATO,1033,2,URBANO(A)
11,15,17,IRAPUATO,1034,2,URBANO(A)
11,15,17,IRAPUATO,1035,2,URBANO(A)
11,15,17,IRAPUATO,1036,2,URBANO(A)
11,15,17,IRAPUATO,1037,2,URBANO(A)
11,15,17,IRAPUATO,1038,2,URBANO(A)
11,15,17,IRAPUATO,1039,2,URBANO(A)
11,15,17,IRAPUATO,1040,2,URBANO(A)
11,15,17,IRAPUATO,1041,2,URBANO(A)
11,15,17,IRAPUATO,1042,2,URBANO(A)
11,15,17,IRAPUATO,1043,2,URBANO(A)
11,15,17,IRAPUATO,1044,2,URBANO(A)
11,15,17,IRAPUATO,1045,2,URBANO(A)
11,15,17,IRAPUATO,1046,2,URBANO(A)
11,15,17,IRAPUATO,1047,2,URBANO(A)
11,15,17,IRAPUATO,1048,2,URBANO(A)
11,15,17,IRAPUATO,1049,2,URBANO(A)
11,15,17,IRAPUATO,1050,2,URBANO(A)
11,15,17,IRAPUATO,1051,2,URBANO(A)
11,15,17,IRAPUATO,1052,2,URBANO(A)
11,15,17,IRAPUATO,1053,2,URBANO(A)
11,15,17,IRAPUATO,1054,2,URBANO(A)
11,15,17,IRAPUATO,1055,2,URBANO(A)
11,15,17,IRAPUATO,1056,2,URBANO(A)
11,15,17,IRAPUATO,1057,2,URBANO(A)
11,15,17,IRAPUATO,1058,2,URBANO(A)
11,15,17,IRAPUATO,1060,2,URBANO(A)
11,15,17,IRAPUATO,1061,2,URBANO(A)
11,15,17,IRAPUATO,1062,2,URBANO(A)
11,15,17,IRAPUATO,1063,2,URBANO(A)
11,15,17,IRAPUATO,1064,2,URBANO(A)
11,15,17,IRAPUATO,1065,2,URBANO(A)
11,15,17,IRAPUATO,1066,2,URBANO(A)
11,15,17,IRAPUATO,1067,2,URBANO(A)
11,15,17,IRAPUATO,1068,2,URBANO(A)
11,15,17,IRAPUATO,1069,2,URBANO(A)
11,15,17,IRAPUATO,1070,2,URBANO(A)
11,15,17,IRAPUATO,1071,2,URBANO(A)
11,15,17,IRAPUATO,1072,2,URBANO(A)
11,15,17,IRAPUATO,1073,2,URBANO(A)
11,15,17,IRAPUATO,1074,2,URBANO(A)
11,15,17,IRAPUATO,1075,2,URBANO(A)
11,15,17,IRAPUATO,1076,2,URBANO(A)
11,15,17,IRAPUATO,1077,2,URBANO(A)
11,15,17,IRAPUATO,1079,2,URBANO(A)
11,15,17,IRAPUATO,1080,2,URBANO(A)
11,15,17,IRAPUATO,1081,2,URBANO(A)
11,15,17,IRAPUATO,1082,2,URBANO(A)
11,15,17,IRAPUATO,1083,2,URBANO(A)
11,15,17,IRAPUATO,1084,2,URBANO(A)
11,15,17,IRAPUATO,1085,2,URBANO(A)
11,15,17,IRAPUATO,1086,2,URBANO(A)
11,15,17,IRAPUATO,1087,2,URBANO(A)
11,15,17,IRAPUATO,1088,2,URBANO(A)
11,15,17,IRAPUATO,1089,2,URBANO(A)
11,15,17,IRAPUATO,1090,2,URBANO(A)
11,15,17,IRAPUATO,1091,2,URBANO(A)
11,15,17,IRAPUATO,1092,2,URBANO(A)
11,15,17,IRAPUATO,1093,2,URBANO(A)
11,15,17,IRAPUATO,1094,2,URBANO(A)
11,15,17,IRAPUATO,1095,2,URBANO(A)
11,15,17,IRAPUATO,1096,2,URBANO(A)
11,15,17,IRAPUATO,1097,2,URBANO(A)
11,15,17,IRAPUATO,1098,2,URBANO(A)
11,15,17,IRAPUATO,1100,2,URBANO(A)
11,15,17,IRAPUATO,1101,2,URBANO(A)
11,15,17,IRAPUATO,1102,2,URBANO(A)
11,15,17,IRAPUATO,1103,2,URBANO(A)
11,15,17,IRAPUATO,1104,2,URBANO(A)
11,15,17,IRAPUATO,1105,2,URBANO(A)
11,15,17,IRAPUATO,1106,2,URBANO(A)
11,15,17,IRAPUATO,1107,2,URBANO(A)
11,15,17,IRAPUATO,1108,2,URBANO(A)
11,15,17,IRAPUATO,1109,2,URBANO(A)
11,15,17,IRAPUATO,1111,2,URBANO(A)
11,15,17,IRAPUATO,1112,2,URBANO(A)
11,15,17,IRAPUATO,1113,2,URBANO(A)
11,9,17,IRAPUATO,1114,4,RURAL
11,9,17,IRAPUATO,1115,4,RURAL
11,9,17,IRAPUATO,1116,4,RURAL
11,9,17,IRAPUATO,1117,3,MIXTO(A)
11,9,17,IRAPUATO,1118,3,MIXTO(A)
11,9,17,IRAPUATO,1119,3,MIXTO(A)
11,9,17,IRAPUATO,1120,3,MIXTO(A)
11,9,17,IRAPUATO,1121,4,RURAL
11,9,17,IRAPUATO,1122,4,RURAL
11,9,17,IRAPUATO,1123,4,RURAL
11,9,17,IRAPUATO,1124,2,URBANO(A)
11,9,17,IRAPUATO,1125,4,RURAL
11,9,17,IRAPUATO,1126,4,RURAL
11,9,17,IRAPUATO,1127,4,RURAL
11,9,17,IRAPUATO,1128,3,MIXTO(A)
11,9,17,IRAPUATO,1129,2,URBANO(A)
11,9,17,IRAPUATO,1130,4,RURAL
11,9,17,IRAPUATO,1131,3,MIXTO(A)
11,9,17,IRAPUATO,1132,4,RURAL
11,9,17,IRAPUATO,1133,3,MIXTO(A)
11,9,17,IRAPUATO,1134,2,URBANO(A)
11,9,17,IRAPUATO,1135,4,RURAL
11,9,17,IRAPUATO,1136,4,RURAL
11,9,17,IRAPUATO,1137,3,MIXTO(A)
11,9,17,IRAPUATO,1138,2,URBANO(A)
11,9,17,IRAPUATO,1139,3,MIXTO(A)
11,9,17,IRAPUATO,1140,4,RURAL
11,9,17,IRAPUATO,1141,4,RURAL
11,9,17,IRAPUATO,1142,3,MIXTO(A)
11,9,17,IRAPUATO,1143,2,URBANO(A)
11,9,17,IRAPUATO,1144,2,URBANO(A)
11,15,17,IRAPUATO,1145,2,URBANO(A)
11,15,17,IRAPUATO,1146,2,URBANO(A)
11,15,17,IRAPUATO,1147,3,MIXTO(A)
11,15,17,IRAPUATO,1148,4,RURAL
11,9,17,IRAPUATO,1149,2,URBANO(A)
11,9,17,IRAPUATO,1150,2,URBANO(A)
11,15,17,IRAPUATO,1151,3,MIXTO(A)
11,9,17,IRAPUATO,1152,2,URBANO(A)
11,9,17,IRAPUATO,1153,3,MIXTO(A)
11,9,17,IRAPUATO,1154,2,URBANO(A)
11,15,17,IRAPUATO,1155,3,MIXTO(A)
11,15,17,IRAPUATO,1156,4,RURAL
11,15,17,IRAPUATO,1157,3,MIXTO(A)
11,15,17,IRAPUATO,1158,3,MIXTO(A)
11,15,17,IRAPUATO,1159,4,RURAL
11,9,17,IRAPUATO,1160,3,MIXTO(A)
11,15,17,IRAPUATO,1161,4,RURAL
11,15,17,IRAPUATO,1162,3,MIXTO(A)
11,15,17,IRAPUATO,1163,3,MIXTO(A)
11,15,17,IRAPUATO,1164,4,RURAL
11,15,17,IRAPUATO,1165,4,RURAL
11,15,17,IRAPUATO,1166,3,MIXTO(A)
11,15,17,IRAPUATO,1167,3,MIXTO(A)
11,15,17,IRAPUATO,1168,3,MIXTO(A)
11,15,17,IRAPUATO,1169,3,MIXTO(A)
11,15,17,IRAPUATO,1170,3,MIXTO(A)
11,15,17,IRAPUATO,1171,4,RURAL
11,15,17,IRAPUATO,1172,4,RURAL
11,15,17,IRAPUATO,1173,4,RURAL
11,15,17,IRAPUATO,1174,4,RURAL
11,15,17,IRAPUATO,1175,4,RURAL
11,15,17,IRAPUATO,1176,2,URBANO(A)
11,15,17,IRAPUATO,1177,2,URBANO(A)
11,10,18,JARAL DEL PROGRESO,1178,3,MIXTO(A)
11,10,18,JARAL DEL PROGRESO,1179,3,MIXTO(A)
11,10,18,JARAL DEL PROGRESO,1180,2,URBANO(A)
11,10,18,JARAL DEL PROGRESO,1181,2,URBANO(A)
11,10,18,JARAL DEL PROGRESO,1182,2,URBANO(A)
11,10,18,JARAL DEL PROGRESO,1183,2,URBANO(A)
11,10,18,JARAL DEL PROGRESO,1184,2,URBANO(A)
11,10,18,JARAL DEL PROGRESO,1185,2,URBANO(A)
11,10,18,JARAL DEL PROGRESO,1186,2,URBANO(A)
11,10,18,JARAL DEL PROGRESO,1187,2,URBANO(A)
11,10,18,JARAL DEL PROGRESO,1188,2,URBANO(A)
11,10,18,JARAL DEL PROGRESO,1189,3,MIXTO(A)
11,10,18,JARAL DEL PROGRESO,1190,4,RURAL
11,10,18,JARAL DEL PROGRESO,1191,4,RURAL
11,10,18,JARAL DEL PROGRESO,1192,4,RURAL
11,10,18,JARAL DEL PROGRESO,1193,4,RURAL
11,10,18,JARAL DEL PROGRESO,1194,2,URBANO(A)
11,10,18,JARAL DEL PROGRESO,1195,3,MIXTO(A)
11,10,18,JARAL DEL PROGRESO,1196,3,MIXTO(A)
11,10,18,JARAL DEL PROGRESO,1197,4,RURAL
11,10,18,JARAL DEL PROGRESO,1198,4,RURAL
11,10,18,JARAL DEL PROGRESO,1199,2,URBANO(A)
11,10,18,JARAL DEL PROGRESO,1200,2,URBANO(A)
11,10,18,JARAL DEL PROGRESO,1201,2,URBANO(A)
11,10,18,JARAL DEL PROGRESO,1202,2,URBANO(A)
11,10,18,JARAL DEL PROGRESO,1203,4,RURAL
11,14,19,JERECUARO,1204,2,URBANO(A)
11,14,19,JERECUARO,1205,2,URBANO(A)
11,14,19,JERECUARO,1206,2,URBANO(A)
11,14,19,JERECUARO,1207,2,URBANO(A)
11,14,19,JERECUARO,1208,2,URBANO(A)
11,14,19,JERECUARO,1209,4,RURAL
11,14,19,JERECUARO,1210,4,RURAL
11,14,19,JERECUARO,1211,4,RURAL
11,14,19,JERECUARO,1212,4,RURAL
11,14,19,JERECUARO,1213,4,RURAL
11,14,19,JERECUARO,1214,4,RURAL
11,14,19,JERECUARO,1215,4,RURAL
11,14,19,JERECUARO,1216,4,RURAL
11,14,19,JERECUARO,1217,4,RURAL
11,14,19,JERECUARO,1218,4,RURAL
11,14,19,JERECUARO,1219,4,RURAL
11,14,19,JERECUARO,1220,4,RURAL
11,14,19,JERECUARO,1221,4,RURAL
11,14,19,JERECUARO,1222,2,URBANO(A)
11,14,19,JERECUARO,1223,2,URBANO(A)
11,14,19,JERECUARO,1224,4,RURAL
11,14,19,JERECUARO,1225,4,RURAL
11,14,19,JERECUARO,1226,4,RURAL
11,14,19,JERECUARO,1227,4,RURAL
11,14,19,JERECUARO,1228,4,RURAL
11,14,19,JERECUARO,1229,4,RURAL
11,14,19,JERECUARO,1230,4,RURAL
11,14,19,JERECUARO,1231,4,RURAL
11,14,19,JERECUARO,1232,4,RURAL
11,14,19,JERECUARO,1233,4,RURAL
11,14,19,JERECUARO,1234,4,RURAL
11,14,19,JERECUARO,1235,4,RURAL
11,14,19,JERECUARO,1236,4,RURAL
11,14,19,JERECUARO,1237,4,RURAL
11,14,19,JERECUARO,1238,4,RURAL
11,14,19,JERECUARO,1239,4,RURAL
11,14,19,JERECUARO,1240,4,RURAL
11,14,19,JERECUARO,1241,4,RURAL
11,14,19,JERECUARO,1242,4,RURAL
11,14,19,JERECUARO,1243,4,RURAL
11,14,19,JERECUARO,1244,4,RURAL
11,14,19,JERECUARO,1245,4,RURAL
11,14,19,JERECUARO,1246,4,RURAL
11,14,19,JERECUARO,1247,4,RURAL
11,14,19,JERECUARO,1248,4,RURAL
11,14,19,JERECUARO,1249,4,RURAL
11,14,19,JERECUARO,1250,4,RURAL
11,14,19,JERECUARO,1251,4,RURAL
11,14,19,JERECUARO,1252,4,RURAL
11,14,19,JERECUARO,1254,3,MIXTO(A)
11,14,19,JERECUARO,1255,3,MIXTO(A)
11,14,19,JERECUARO,1256,4,RURAL
11,14,19,JERECUARO,1257,4,RURAL
11,14,19,JERECUARO,1258,4,RURAL
11,14,19,JERECUARO,1259,4,RURAL
11,14,19,JERECUARO,1260,4,RURAL
11,3,20,LEON,1261,3,MIXTO(A)
11,3,20,LEON,1262,2,URBANO(A)
11,3,20,LEON,1263,2,URBANO(A)
11,3,20,LEON,1264,2,URBANO(A)
11,3,20,LEON,1265,2,URBANO(A)
11,3,20,LEON,1266,2,URBANO(A)
11,3,20,LEON,1267,2,URBANO(A)
11,3,20,LEON,1269,3,MIXTO(A)
11,3,20,LEON,1270,2,URBANO(A)
11,3,20,LEON,1271,2,URBANO(A)
11,3,20,LEON,1272,2,URBANO(A)
11,3,20,LEON,1273,2,URBANO(A)
11,3,20,LEON,1274,2,URBANO(A)
11,3,20,LEON,1275,2,URBANO(A)
11,3,20,LEON,1276,2,URBANO(A)
11,3,20,LEON,1277,2,URBANO(A)
11,3,20,LEON,1279,2,URBANO(A)
11,3,20,LEON,1280,2,URBANO(A)
11,3,20,LEON,1281,2,URBANO(A)
11,3,20,LEON,1283,2,URBANO(A)
11,3,20,LEON,1286,2,URBANO(A)
11,3,20,LEON,1287,2,URBANO(A)
11,3,20,LEON,1288,2,URBANO(A)
11,3,20,LEON,1289,2,URBANO(A)
11,3,20,LEON,1290,2,URBANO(A)
11,3,20,LEON,1291,2,URBANO(A)
11,3,20,LEON,1292,2,URBANO(A)
11,3,20,LEON,1293,2,URBANO(A)
11,3,20,LEON,1294,2,URBANO(A)
11,3,20,LEON,1295,2,URBANO(A)
11,3,20,LEON,1296,2,URBANO(A)
11,6,20,LEON,1297,2,URBANO(A)
11,6,20,LEON,1298,2,URBANO(A)
11,3,20,LEON,1299,2,URBANO(A)
11,3,20,LEON,1300,2,URBANO(A)
11,3,20,LEON,1301,2,URBANO(A)
11,3,20,LEON,1302,2,URBANO(A)
11,3,20,LEON,1303,2,URBANO(A)
11,3,20,LEON,1304,2,URBANO(A)
11,3,20,LEON,1305,2,URBANO(A)
11,3,20,LEON,1306,2,URBANO(A)
11,3,20,LEON,1307,2,URBANO(A)
11,6,20,LEON,1308,2,URBANO(A)
11,6,20,LEON,1309,2,URBANO(A)
11,3,20,LEON,1310,2,URBANO(A)
11,3,20,LEON,1311,2,URBANO(A)
11,3,20,LEON,1312,2,URBANO(A)
11,3,20,LEON,1313,2,URBANO(A)
11,3,20,LEON,1314,2,URBANO(A)
11,3,20,LEON,1315,2,URBANO(A)
11,3,20,LEON,1316,2,URBANO(A)
11,3,20,LEON,1317,2,URBANO(A)
11,3,20,LEON,1318,2,URBANO(A)
11,3,20,LEON,1319,2,URBANO(A)
11,3,20,LEON,1320,2,URBANO(A)
11,3,20,LEON,1321,2,URBANO(A)
11,6,20,LEON,1322,2,URBANO(A)
11,6,20,LEON,1323,2,URBANO(A)
11,6,20,LEON,1324,2,URBANO(A)
11,3,20,LEON,1325,2,URBANO(A)
11,3,20,LEON,1326,2,URBANO(A)
11,3,20,LEON,1327,2,URBANO(A)
11,3,20,LEON,1328,2,URBANO(A)
11,3,20,LEON,1329,2,URBANO(A)
11,3,20,LEON,1330,2,URBANO(A)
11,3,20,LEON,1331,2,URBANO(A)
11,3,20,LEON,1332,2,URBANO(A)
11,6,20,LEON,1333,2,URBANO(A)
11,6,20,LEON,1334,2,URBANO(A)
11,6,20,LEON,1335,2,URBANO(A)
11,6,20,LEON,1336,2,URBANO(A)
11,3,20,LEON,1337,2,URBANO(A)
11,3,20,LEON,1338,2,URBANO(A)
11,3,20,LEON,1339,2,URBANO(A)
11,3,20,LEON,1340,2,URBANO(A)
11,3,20,LEON,1341,2,URBANO(A)
11,3,20,LEON,1342,2,URBANO(A)
11,6,20,LEON,1343,2,URBANO(A)
11,6,20,LEON,1344,2,URBANO(A)
11,6,20,LEON,1345,2,URBANO(A)
11,6,20,LEON,1346,2,URBANO(A)
11,6,20,LEON,1347,2,URBANO(A)
11,6,20,LEON,1348,2,URBANO(A)
11,6,20,LEON,1349,2,URBANO(A)
11,3,20,LEON,1350,2,URBANO(A)
11,3,20,LEON,1351,2,URBANO(A)
11,3,20,LEON,1352,2,URBANO(A)
11,3,20,LEON,1353,2,URBANO(A)
11,3,20,LEON,1354,2,URBANO(A)
11,3,20,LEON,1355,2,URBANO(A)
11,3,20,LEON,1356,2,URBANO(A)
11,3,20,LEON,1357,2,URBANO(A)
11,3,20,LEON,1358,2,URBANO(A)
11,3,20,LEON,1359,2,URBANO(A)
11,3,20,LEON,1360,2,URBANO(A)
11,3,20,LEON,1361,2,URBANO(A)
11,3,20,LEON,1362,2,URBANO(A)
11,3,20,LEON,1363,2,URBANO(A)
11,6,20,LEON,1364,2,URBANO(A)
11,6,20,LEON,1365,2,URBANO(A)
11,6,20,LEON,1366,2,URBANO(A)
11,6,20,LEON,1367,2,URBANO(A)
11,6,20,LEON,1368,2,URBANO(A)
11,6,20,LEON,1369,2,URBANO(A)
11,3,20,LEON,1370,2,URBANO(A)
11,3,20,LEON,1371,2,URBANO(A)
11,3,20,LEON,1372,2,URBANO(A)
11,3,20,LEON,1373,2,URBANO(A)
11,3,20,LEON,1374,2,URBANO(A)
11,3,20,LEON,1375,2,URBANO(A)
11,3,20,LEON,1376,2,URBANO(A)
11,3,20,LEON,1377,2,URBANO(A)
11,3,20,LEON,1378,2,URBANO(A)
11,3,20,LEON,1379,2,URBANO(A)
11,3,20,LEON,1380,2,URBANO(A)
11,6,20,LEON,1381,2,URBANO(A)
11,6,20,LEON,1382,2,URBANO(A)
11,6,20,LEON,1383,2,URBANO(A)
11,6,20,LEON,1384,2,URBANO(A)
11,3,20,LEON,1385,2,URBANO(A)
11,6,20,LEON,1386,2,URBANO(A)
11,6,20,LEON,1387,2,URBANO(A)
11,6,20,LEON,1388,2,URBANO(A)
11,6,20,LEON,1389,2,URBANO(A)
11,6,20,LEON,1390,2,URBANO(A)
11,6,20,LEON,1391,2,URBANO(A)
11,6,20,LEON,1393,2,URBANO(A)
11,6,20,LEON,1394,2,URBANO(A)
11,6,20,LEON,1395,2,URBANO(A)
11,6,20,LEON,1396,2,URBANO(A)
11,6,20,LEON,1397,2,URBANO(A)
11,3,20,LEON,1398,2,URBANO(A)
11,3,20,LEON,1399,2,URBANO(A)
11,3,20,LEON,1400,2,URBANO(A)
11,3,20,LEON,1401,2,URBANO(A)
11,3,20,LEON,1402,2,URBANO(A)
11,3,20,LEON,1403,2,URBANO(A)
11,3,20,LEON,1404,2,URBANO(A)
11,3,20,LEON,1405,2,URBANO(A)
11,6,20,LEON,1406,2,URBANO(A)
11,6,20,LEON,1407,2,URBANO(A)
11,6,20,LEON,1408,2,URBANO(A)
11,6,20,LEON,1409,2,URBANO(A)
11,6,20,LEON,1410,2,URBANO(A)
11,6,20,LEON,1411,2,URBANO(A)
11,6,20,LEON,1412,2,URBANO(A)
11,6,20,LEON,1413,2,URBANO(A)
11,6,20,LEON,1414,2,URBANO(A)
11,6,20,LEON,1415,2,URBANO(A)
11,6,20,LEON,1416,2,URBANO(A)
11,6,20,LEON,1417,2,URBANO(A)
11,6,20,LEON,1418,2,URBANO(A)
11,3,20,LEON,1419,2,URBANO(A)
11,3,20,LEON,1420,2,URBANO(A)
11,3,20,LEON,1421,2,URBANO(A)
11,3,20,LEON,1422,2,URBANO(A)
11,3,20,LEON,1423,2,URBANO(A)
11,3,20,LEON,1424,2,URBANO(A)
11,3,20,LEON,1425,2,URBANO(A)
11,3,20,LEON,1426,2,URBANO(A)
11,3,20,LEON,1427,2,URBANO(A)
11,3,20,LEON,1428,2,URBANO(A)
11,3,20,LEON,1429,2,URBANO(A)
11,6,20,LEON,1430,2,URBANO(A)
11,6,20,LEON,1431,2,URBANO(A)
11,6,20,LEON,1432,2,URBANO(A)
11,6,20,LEON,1433,2,URBANO(A)
11,6,20,LEON,1434,2,URBANO(A)
11,6,20,LEON,1435,2,URBANO(A)
11,6,20,LEON,1436,2,URBANO(A)
11,6,20,LEON,1437,2,URBANO(A)
11,6,20,LEON,1438,2,URBANO(A)
11,6,20,LEON,1439,2,URBANO(A)
11,6,20,LEON,1440,2,URBANO(A)
11,6,20,LEON,1441,2,URBANO(A)
11,6,20,LEON,1442,2,URBANO(A)
11,6,20,LEON,1443,2,URBANO(A)
11,3,20,LEON,1444,2,URBANO(A)
11,3,20,LEON,1445,2,URBANO(A)
11,3,20,LEON,1446,2,URBANO(A)
11,3,20,LEON,1447,2,URBANO(A)
11,6,20,LEON,1448,2,URBANO(A)
11,6,20,LEON,1449,2,URBANO(A)
11,6,20,LEON,1450,2,URBANO(A)
11,6,20,LEON,1451,2,URBANO(A)
11,6,20,LEON,1452,2,URBANO(A)
11,6,20,LEON,1453,2,URBANO(A)
11,3,20,LEON,1454,2,URBANO(A)
11,3,20,LEON,1455,2,URBANO(A)
11,3,20,LEON,1456,2,URBANO(A)
11,3,20,LEON,1457,2,URBANO(A)
11,3,20,LEON,1458,2,URBANO(A)
11,3,20,LEON,1459,2,URBANO(A)
11,3,20,LEON,1460,2,URBANO(A)
11,3,20,LEON,1461,2,URBANO(A)
11,11,20,LEON,1462,2,URBANO(A)
11,11,20,LEON,1463,2,URBANO(A)
11,5,20,LEON,1464,2,URBANO(A)
11,5,20,LEON,1465,2,URBANO(A)
11,5,20,LEON,1466,2,URBANO(A)
11,5,20,LEON,1467,2,URBANO(A)
11,5,20,LEON,1468,2,URBANO(A)
11,5,20,LEON,1469,2,URBANO(A)
11,3,20,LEON,1470,4,RURAL
11,3,20,LEON,1471,4,RURAL
11,3,20,LEON,1472,4,RURAL
11,3,20,LEON,1473,3,MIXTO(A)
11,6,20,LEON,1474,4,RURAL
11,6,20,LEON,1475,4,RURAL
11,6,20,LEON,1476,4,RURAL
11,3,20,LEON,1478,4,RURAL
11,3,20,LEON,1479,4,RURAL
11,3,20,LEON,1480,4,RURAL
11,3,20,LEON,1481,3,MIXTO(A)
11,6,20,LEON,1482,4,RURAL
11,5,20,LEON,1483,2,URBANO(A)
11,6,20,LEON,1485,2,URBANO(A)
11,6,20,LEON,1486,4,RURAL
11,6,20,LEON,1487,3,MIXTO(A)
11,6,20,LEON,1488,2,URBANO(A)
11,6,20,LEON,1489,2,URBANO(A)
11,5,20,LEON,1491,2,URBANO(A)
11,5,20,LEON,1492,2,URBANO(A)
11,6,20,LEON,1497,2,URBANO(A)
11,6,20,LEON,1498,3,MIXTO(A)
11,6,20,LEON,1499,4,RURAL
11,5,20,LEON,1501,2,URBANO(A)
11,5,20,LEON,1502,2,URBANO(A)
11,6,20,LEON,1503,4,RURAL
11,6,20,LEON,1504,3,MIXTO(A)
11,6,20,LEON,1505,2,URBANO(A)
11,6,20,LEON,1506,2,URBANO(A)
11,5,20,LEON,1507,4,RURAL
11,5,20,LEON,1511,4,RURAL
11,6,20,LEON,1512,4,RURAL
11,6,20,LEON,1513,4,RURAL
11,11,20,LEON,1514,2,URBANO(A)
11,11,20,LEON,1515,2,URBANO(A)
11,11,20,LEON,1516,2,URBANO(A)
11,11,20,LEON,1517,2,URBANO(A)
11,11,20,LEON,1518,2,URBANO(A)
11,11,20,LEON,1519,2,URBANO(A)
11,11,20,LEON,1520,2,URBANO(A)
11,11,20,LEON,1521,2,URBANO(A)
11,11,20,LEON,1522,2,URBANO(A)
11,11,20,LEON,1523,2,URBANO(A)
11,11,20,LEON,1524,2,URBANO(A)
11,11,20,LEON,1525,2,URBANO(A)
11,11,20,LEON,1526,2,URBANO(A)
11,11,20,LEON,1527,2,URBANO(A)
11,11,20,LEON,1528,2,URBANO(A)
11,11,20,LEON,1529,2,URBANO(A)
11,11,20,LEON,1530,2,URBANO(A)
11,11,20,LEON,1531,2,URBANO(A)
11,11,20,LEON,1532,2,URBANO(A)
11,11,20,LEON,1533,2,URBANO(A)
11,11,20,LEON,1534,2,URBANO(A)
11,11,20,LEON,1535,2,URBANO(A)
11,11,20,LEON,1536,2,URBANO(A)
11,11,20,LEON,1537,2,URBANO(A)
11,11,20,LEON,1538,2,URBANO(A)
11,11,20,LEON,1539,2,URBANO(A)
11,11,20,LEON,1540,2,URBANO(A)
11,11,20,LEON,1541,2,URBANO(A)
11,11,20,LEON,1542,2,URBANO(A)
11,11,20,LEON,1543,2,URBANO(A)
11,11,20,LEON,1544,2,URBANO(A)
11,11,20,LEON,1545,2,URBANO(A)
11,11,20,LEON,1546,2,URBANO(A)
11,11,20,LEON,1547,2,URBANO(A)
11,11,20,LEON,1548,2,URBANO(A)
11,11,20,LEON,1549,2,URBANO(A)
11,11,20,LEON,1550,2,URBANO(A)
11,11,20,LEON,1551,2,URBANO(A)
11,11,20,LEON,1552,2,URBANO(A)
11,11,20,LEON,1553,2,URBANO(A)
11,11,20,LEON,1554,2,URBANO(A)
11,11,20,LEON,1555,2,URBANO(A)
11,11,20,LEON,1556,2,URBANO(A)
11,11,20,LEON,1557,2,URBANO(A)
11,11,20,LEON,1558,2,URBANO(A)
11,11,20,LEON,1559,2,URBANO(A)
11,11,20,LEON,1560,2,URBANO(A)
11,11,20,LEON,1561,2,URBANO(A)
11,11,20,LEON,1562,2,URBANO(A)
11,11,20,LEON,1563,2,URBANO(A)
11,11,20,LEON,1564,2,URBANO(A)
11,11,20,LEON,1565,2,URBANO(A)
11,11,20,LEON,1566,2,URBANO(A)
11,11,20,LEON,1567,2,URBANO(A)
11,11,20,LEON,1568,2,URBANO(A)
11,11,20,LEON,1569,2,URBANO(A)
11,11,20,LEON,1570,2,URBANO(A)
11,11,20,LEON,1571,2,URBANO(A)
11,11,20,LEON,1572,2,URBANO(A)
11,11,20,LEON,1573,2,URBANO(A)
11,11,20,LEON,1574,2,URBANO(A)
11,11,20,LEON,1575,2,URBANO(A)
11,11,20,LEON,1576,2,URBANO(A)
11,11,20,LEON,1577,2,URBANO(A)
11,11,20,LEON,1578,2,URBANO(A)
11,11,20,LEON,1579,2,URBANO(A)
11,11,20,LEON,1580,2,URBANO(A)
11,11,20,LEON,1581,2,URBANO(A)
11,11,20,LEON,1582,2,URBANO(A)
11,11,20,LEON,1583,2,URBANO(A)
11,11,20,LEON,1584,2,URBANO(A)
11,11,20,LEON,1585,2,URBANO(A)
11,11,20,LEON,1586,2,URBANO(A)
11,11,20,LEON,1587,2,URBANO(A)
11,11,20,LEON,1588,2,URBANO(A)
11,11,20,LEON,1589,2,URBANO(A)
11,11,20,LEON,1590,2,URBANO(A)
11,11,20,LEON,1591,2,URBANO(A)
11,11,20,LEON,1592,2,URBANO(A)
11,11,20,LEON,1593,2,URBANO(A)
11,11,20,LEON,1594,2,URBANO(A)
11,11,20,LEON,1595,2,URBANO(A)
11,11,20,LEON,1596,2,URBANO(A)
11,11,20,LEON,1597,2,URBANO(A)
11,11,20,LEON,1598,2,URBANO(A)
11,11,20,LEON,1599,2,URBANO(A)
11,11,20,LEON,1600,2,URBANO(A)
11,11,20,LEON,1601,2,URBANO(A)
11,5,20,LEON,1602,2,URBANO(A)
11,11,20,LEON,1603,2,URBANO(A)
11,11,20,LEON,1604,2,URBANO(A)
11,11,20,LEON,1605,2,URBANO(A)
11,11,20,LEON,1606,2,URBANO(A)
11,11,20,LEON,1607,2,URBANO(A)
11,11,20,LEON,1608,2,URBANO(A)
11,11,20,LEON,1609,2,URBANO(A)
11,11,20,LEON,1610,2,URBANO(A)
11,11,20,LEON,1611,2,URBANO(A)
11,11,20,LEON,1612,2,URBANO(A)
11,11,20,LEON,1613,2,URBANO(A)
11,11,20,LEON,1615,2,URBANO(A)
11,11,20,LEON,1616,2,URBANO(A)
11,11,20,LEON,1617,2,URBANO(A)
11,11,20,LEON,1618,2,URBANO(A)
11,11,20,LEON,1619,2,URBANO(A)
11,11,20,LEON,1620,2,URBANO(A)
11,11,20,LEON,1621,2,URBANO(A)
11,11,20,LEON,1622,2,URBANO(A)
11,11,20,LEON,1623,2,URBANO(A)
11,11,20,LEON,1624,2,URBANO(A)
11,11,20,LEON,1625,2,URBANO(A)
11,11,20,LEON,1626,2,URBANO(A)
11,5,20,LEON,1627,2,URBANO(A)
11,11,20,LEON,1628,2,URBANO(A)
11,11,20,LEON,1629,2,URBANO(A)
11,11,20,LEON,1630,2,URBANO(A)
11,11,20,LEON,1631,2,URBANO(A)
11,11,20,LEON,1635,2,URBANO(A)
11,11,20,LEON,1636,2,URBANO(A)
11,11,20,LEON,1637,2,URBANO(A)
11,11,20,LEON,1638,2,URBANO(A)
11,11,20,LEON,1639,2,URBANO(A)
11,5,20,LEON,1640,2,URBANO(A)
11,11,20,LEON,1641,2,URBANO(A)
11,11,20,LEON,1645,2,URBANO(A)
11,11,20,LEON,1646,2,URBANO(A)
11,5,20,LEON,1648,4,RURAL
11,11,20,LEON,1649,2,URBANO(A)
11,11,20,LEON,1650,2,URBANO(A)
11,11,20,LEON,1651,3,MIXTO(A)
11,11,20,LEON,1652,4,RURAL
11,11,20,LEON,1653,4,RURAL
11,6,20,LEON,1654,2,URBANO(A)
11,11,20,LEON,1655,4,RURAL
11,11,20,LEON,1656,4,RURAL
11,11,20,LEON,1657,4,RURAL
11,11,20,LEON,1658,3,MIXTO(A)
11,11,20,LEON,1659,4,RURAL
11,6,20,LEON,1660,2,URBANO(A)
11,6,20,LEON,1661,3,MIXTO(A)
11,11,20,LEON,1662,4,RURAL
11,11,20,LEON,1663,4,RURAL
11,11,20,LEON,1664,4,RURAL
11,11,20,LEON,1665,4,RURAL
11,11,20,LEON,1666,4,RURAL
11,11,20,LEON,1667,2,URBANO(A)
11,11,20,LEON,1668,4,RURAL
11,11,20,LEON,1669,4,RURAL
11,11,20,LEON,1670,2,URBANO(A)
11,11,20,LEON,1671,3,MIXTO(A)
11,11,20,LEON,1672,2,URBANO(A)
11,11,20,LEON,1673,2,URBANO(A)
11,3,20,LEON,1674,2,URBANO(A)
11,3,20,LEON,1675,2,URBANO(A)
11,3,20,LEON,1676,2,URBANO(A)
11,3,20,LEON,1677,2,URBANO(A)
11,3,20,LEON,1678,2,URBANO(A)
11,3,20,LEON,1679,2,URBANO(A)
11,3,20,LEON,1680,2,URBANO(A)
11,3,20,LEON,1682,2,URBANO(A)
11,3,20,LEON,1683,2,URBANO(A)
11,3,20,LEON,1684,2,URBANO(A)
11,3,20,LEON,1685,2,URBANO(A)
11,3,20,LEON,1686,2,URBANO(A)
11,3,20,LEON,1688,2,URBANO(A)
11,3,20,LEON,1689,2,URBANO(A)
11,3,20,LEON,1690,2,URBANO(A)
11,3,20,LEON,1691,2,URBANO(A)
11,3,20,LEON,1692,2,URBANO(A)
11,3,20,LEON,1693,2,URBANO(A)
11,3,20,LEON,1694,2,URBANO(A)
11,3,20,LEON,1695,2,URBANO(A)
11,3,20,LEON,1696,2,URBANO(A)
11,3,20,LEON,1697,2,URBANO(A)
11,3,20,LEON,1698,2,URBANO(A)
11,3,20,LEON,1699,2,URBANO(A)
11,3,20,LEON,1700,2,URBANO(A)
11,3,20,LEON,1701,2,URBANO(A)
11,3,20,LEON,1702,2,URBANO(A)
11,3,20,LEON,1703,2,URBANO(A)
11,3,20,LEON,1704,2,URBANO(A)
11,3,20,LEON,1705,2,URBANO(A)
11,3,20,LEON,1706,2,URBANO(A)
11,3,20,LEON,1707,2,URBANO(A)
11,3,20,LEON,1708,2,URBANO(A)
11,3,20,LEON,1709,2,URBANO(A)
11,3,20,LEON,1710,2,URBANO(A)
11,5,20,LEON,1711,2,URBANO(A)
11,5,20,LEON,1712,2,URBANO(A)
11,3,20,LEON,1713,2,URBANO(A)
11,3,20,LEON,1714,2,URBANO(A)
11,3,20,LEON,1715,2,URBANO(A)
11,3,20,LEON,1716,2,URBANO(A)
11,3,20,LEON,1717,2,URBANO(A)
11,3,20,LEON,1718,2,URBANO(A)
11,3,20,LEON,1719,2,URBANO(A)
11,3,20,LEON,1720,2,URBANO(A)
11,5,20,LEON,1721,2,URBANO(A)
11,3,20,LEON,1722,2,URBANO(A)
11,3,20,LEON,1723,2,URBANO(A)
11,3,20,LEON,1724,2,URBANO(A)
11,3,20,LEON,1725,2,URBANO(A)
11,3,20,LEON,1726,2,URBANO(A)
11,3,20,LEON,1727,2,URBANO(A)
11,3,20,LEON,1728,2,URBANO(A)
11,3,20,LEON,1729,2,URBANO(A)
11,3,20,LEON,1730,2,URBANO(A)
11,3,20,LEON,1731,2,URBANO(A)
11,5,20,LEON,1732,2,URBANO(A)
11,5,20,LEON,1733,2,URBANO(A)
11,5,20,LEON,1734,2,URBANO(A)
11,3,20,LEON,1735,2,URBANO(A)
11,3,20,LEON,1736,2,URBANO(A)
11,3,20,LEON,1737,2,URBANO(A)
11,3,20,LEON,1738,2,URBANO(A)
11,5,20,LEON,1739,2,URBANO(A)
11,3,20,LEON,1740,2,URBANO(A)
11,5,20,LEON,1741,2,URBANO(A)
11,5,20,LEON,1742,2,URBANO(A)
11,3,20,LEON,1743,2,URBANO(A)
11,3,20,LEON,1744,2,URBANO(A)
11,3,20,LEON,1745,2,URBANO(A)
11,3,20,LEON,1746,2,URBANO(A)
11,5,20,LEON,1747,2,URBANO(A)
11,5,20,LEON,1748,2,URBANO(A)
11,5,20,LEON,1749,2,URBANO(A)
11,5,20,LEON,1750,2,URBANO(A)
11,5,20,LEON,1751,2,URBANO(A)
11,5,20,LEON,1752,2,URBANO(A)
11,5,20,LEON,1753,2,URBANO(A)
11,5,20,LEON,1754,2,URBANO(A)
11,3,20,LEON,1755,2,URBANO(A)
11,3,20,LEON,1756,2,URBANO(A)
11,3,20,LEON,1757,2,URBANO(A)
11,3,20,LEON,1758,2,URBANO(A)
11,5,20,LEON,1759,2,URBANO(A)
11,5,20,LEON,1760,2,URBANO(A)
11,5,20,LEON,1761,2,URBANO(A)
11,5,20,LEON,1762,2,URBANO(A)
11,5,20,LEON,1763,2,URBANO(A)
11,5,20,LEON,1764,2,URBANO(A)
11,5,20,LEON,1765,2,URBANO(A)
11,5,20,LEON,1766,2,URBANO(A)
11,5,20,LEON,1767,2,URBANO(A)
11,5,20,LEON,1768,2,URBANO(A)
11,5,20,LEON,1769,2,URBANO(A)
11,5,20,LEON,1770,2,URBANO(A)
11,5,20,LEON,1771,2,URBANO(A)
11,5,20,LEON,1772,2,URBANO(A)
11,5,20,LEON,1773,2,URBANO(A)
11,5,20,LEON,1774,2,URBANO(A)
11,5,20,LEON,1775,2,URBANO(A)
11,5,20,LEON,1776,2,URBANO(A)
11,5,20,LEON,1777,2,URBANO(A)
11,5,20,LEON,1778,2,URBANO(A)
11,5,20,LEON,1779,2,URBANO(A)
11,5,20,LEON,1780,2,URBANO(A)
11,5,20,LEON,1781,2,URBANO(A)
11,5,20,LEON,1782,2,URBANO(A)
11,5,20,LEON,1783,2,URBANO(A)
11,5,20,LEON,1784,2,URBANO(A)
11,5,20,LEON,1785,2,URBANO(A)
11,5,20,LEON,1786,2,URBANO(A)
11,5,20,LEON,1787,2,URBANO(A)
11,5,20,LEON,1788,2,URBANO(A)
11,5,20,LEON,1789,2,URBANO(A)
11,5,20,LEON,1790,2,URBANO(A)
11,5,20,LEON,1791,2,URBANO(A)
11,5,20,LEON,1792,2,URBANO(A)
11,5,20,LEON,1793,2,URBANO(A)
11,5,20,LEON,1794,2,URBANO(A)
11,5,20,LEON,1795,2,URBANO(A)
11,5,20,LEON,1796,2,URBANO(A)
11,5,20,LEON,1797,2,URBANO(A)
11,5,20,LEON,1798,2,URBANO(A)
11,5,20,LEON,1799,2,URBANO(A)
11,5,20,LEON,1800,2,URBANO(A)
11,5,20,LEON,1801,2,URBANO(A)
11,5,20,LEON,1802,2,URBANO(A)
11,5,20,LEON,1803,2,URBANO(A)
11,5,20,LEON,1804,2,URBANO(A)
11,5,20,LEON,1805,2,URBANO(A)
11,5,20,LEON,1806,2,URBANO(A)
11,5,20,LEON,1807,2,URBANO(A)
11,5,20,LEON,1808,2,URBANO(A)
11,5,20,LEON,1809,2,URBANO(A)
11,5,20,LEON,1810,2,URBANO(A)
11,5,20,LEON,1811,2,URBANO(A)
11,5,20,LEON,1812,2,URBANO(A)
11,5,20,LEON,1813,2,URBANO(A)
11,5,20,LEON,1814,2,URBANO(A)
11,5,20,LEON,1815,2,URBANO(A)
11,5,20,LEON,1816,2,URBANO(A)
11,5,20,LEON,1817,2,URBANO(A)
11,5,20,LEON,1818,2,URBANO(A)
11,5,20,LEON,1819,2,URBANO(A)
11,5,20,LEON,1820,2,URBANO(A)
11,5,20,LEON,1821,2,URBANO(A)
11,5,20,LEON,1823,2,URBANO(A)
11,5,20,LEON,1824,2,URBANO(A)
11,5,20,LEON,1825,2,URBANO(A)
11,5,20,LEON,1826,2,URBANO(A)
11,5,20,LEON,1827,2,URBANO(A)
11,5,20,LEON,1828,2,URBANO(A)
11,5,20,LEON,1829,2,URBANO(A)
11,5,20,LEON,1830,2,URBANO(A)
11,5,20,LEON,1831,2,URBANO(A)
11,5,20,LEON,1832,2,URBANO(A)
11,5,20,LEON,1833,2,URBANO(A)
11,5,20,LEON,1834,2,URBANO(A)
11,5,20,LEON,1835,2,URBANO(A)
11,5,20,LEON,1836,2,URBANO(A)
11,5,20,LEON,1837,2,URBANO(A)
11,5,20,LEON,1838,2,URBANO(A)
11,5,20,LEON,1839,2,URBANO(A)
11,5,20,LEON,1840,2,URBANO(A)
11,5,20,LEON,1841,2,URBANO(A)
11,5,20,LEON,1842,2,URBANO(A)
11,5,20,LEON,1843,2,URBANO(A)
11,5,20,LEON,1844,2,URBANO(A)
11,5,20,LEON,1845,2,URBANO(A)
11,5,20,LEON,1846,2,URBANO(A)
11,5,20,LEON,1847,2,URBANO(A)
11,5,20,LEON,1848,2,URBANO(A)
11,5,20,LEON,1849,2,URBANO(A)
11,5,20,LEON,1850,2,URBANO(A)
11,5,20,LEON,1851,2,URBANO(A)
11,5,20,LEON,1852,2,URBANO(A)
11,5,20,LEON,1853,2,URBANO(A)
11,5,20,LEON,1854,2,URBANO(A)
11,5,20,LEON,1855,2,URBANO(A)
11,5,20,LEON,1856,2,URBANO(A)
11,5,20,LEON,1857,2,URBANO(A)
11,5,20,LEON,1858,2,URBANO(A)
11,10,21,MOROLEON,1859,2,URBANO(A)
11,10,21,MOROLEON,1860,2,URBANO(A)
11,10,21,MOROLEON,1861,2,URBANO(A)
11,10,21,MOROLEON,1862,2,URBANO(A)
11,10,21,MOROLEON,1863,2,URBANO(A)
11,10,21,MOROLEON,1864,2,URBANO(A)
11,10,21,MOROLEON,1865,2,URBANO(A)
11,10,21,MOROLEON,1866,2,URBANO(A)
11,10,21,MOROLEON,1867,2,URBANO(A)
11,10,21,MOROLEON,1868,2,URBANO(A)
11,10,21,MOROLEON,1869,2,URBANO(A)
11,10,21,MOROLEON,1870,2,URBANO(A)
11,10,21,MOROLEON,1871,2,URBANO(A)
11,10,21,MOROLEON,1872,2,URBANO(A)
11,10,21,MOROLEON,1873,2,URBANO(A)
11,10,21,MOROLEON,1874,2,URBANO(A)
11,10,21,MOROLEON,1875,2,URBANO(A)
11,10,21,MOROLEON,1876,2,URBANO(A)
11,10,21,MOROLEON,1877,2,URBANO(A)
11,10,21,MOROLEON,1878,2,URBANO(A)
11,10,21,MOROLEON,1879,2,URBANO(A)
11,10,21,MOROLEON,1880,2,URBANO(A)
11,10,21,MOROLEON,1881,2,URBANO(A)
11,10,21,MOROLEON,1882,2,URBANO(A)
11,10,21,MOROLEON,1883,2,URBANO(A)
11,10,21,MOROLEON,1884,2,URBANO(A)
11,10,21,MOROLEON,1885,2,URBANO(A)
11,10,21,MOROLEON,1886,2,URBANO(A)
11,10,21,MOROLEON,1887,4,RURAL
11,10,21,MOROLEON,1888,4,RURAL
11,10,21,MOROLEON,1889,4,RURAL
11,10,21,MOROLEON,1890,4,RURAL
11,10,21,MOROLEON,1891,4,RURAL
11,10,21,MOROLEON,1892,4,RURAL
11,10,21,MOROLEON,1893,4,RURAL
11,4,22,OCAMPO,1894,2,URBANO(A)
11,4,22,OCAMPO,1895,2,URBANO(A)
11,4,22,OCAMPO,1896,3,MIXTO(A)
11,4,22,OCAMPO,1897,2,URBANO(A)
11,4,22,OCAMPO,1898,4,RURAL
11,4,22,OCAMPO,1899,4,RURAL
11,4,22,OCAMPO,1900,4,RURAL
11,4,22,OCAMPO,1901,4,RURAL
11,4,22,OCAMPO,1902,3,MIXTO(A)
11,4,22,OCAMPO,1903,4,RURAL
11,4,22,OCAMPO,1904,4,RURAL
11,4,22,OCAMPO,1905,4,RURAL
11,4,22,OCAMPO,1906,4,RURAL
11,4,22,OCAMPO,1907,3,MIXTO(A)
11,4,22,OCAMPO,1908,2,URBANO(A)
11,4,22,OCAMPO,1909,4,RURAL
11,4,22,OCAMPO,1910,3,MIXTO(A)
11,4,22,OCAMPO,1911,4,RURAL
11,13,23,PENJAMO,1912,3,MIXTO(A)
11,13,23,PENJAMO,1913,2,URBANO(A)
11,13,23,PENJAMO,1914,2,URBANO(A)
11,13,23,PENJAMO,1915,2,URBANO(A)
11,13,23,PENJAMO,1916,2,URBANO(A)
11,13,23,PENJAMO,1917,2,URBANO(A)
11,13,23,PENJAMO,1918,2,URBANO(A)
11,13,23,PENJAMO,1919,2,URBANO(A)
11,13,23,PENJAMO,1920,2,URBANO(A)
11,13,23,PENJAMO,1921,2,URBANO(A)
11,13,23,PENJAMO,1922,2,URBANO(A)
11,13,23,PENJAMO,1923,2,URBANO(A)
11,13,23,PENJAMO,1924,2,URBANO(A)
11,13,23,PENJAMO,1925,2,URBANO(A)
11,13,23,PENJAMO,1926,2,URBANO(A)
11,13,23,PENJAMO,1927,2,URBANO(A)
11,13,23,PENJAMO,1928,2,URBANO(A)
11,13,23,PENJAMO,1929,2,URBANO(A)
11,13,23,PENJAMO,1930,2,URBANO(A)
11,13,23,PENJAMO,1931,2,URBANO(A)
11,13,23,PENJAMO,1932,2,URBANO(A)
11,13,23,PENJAMO,1933,4,RURAL
11,13,23,PENJAMO,1934,4,RURAL
11,13,23,PENJAMO,1935,4,RURAL
11,13,23,PENJAMO,1936,4,RURAL
11,13,23,PENJAMO,1937,4,RURAL
11,13,23,PENJAMO,1938,4,RURAL
11,13,23,PENJAMO,1939,4,RURAL
11,13,23,PENJAMO,1940,4,RURAL
11,13,23,PENJAMO,1941,4,RURAL
11,13,23,PENJAMO,1942,4,RURAL
11,13,23,PENJAMO,1943,4,RURAL
11,13,23,PENJAMO,1944,4,RURAL
11,13,23,PENJAMO,1945,4,RURAL
11,13,23,PENJAMO,1946,4,RURAL
11,13,23,PENJAMO,1947,4,RURAL
11,13,23,PENJAMO,1948,4,RURAL
11,13,23,PENJAMO,1949,4,RURAL
11,13,23,PENJAMO,1950,4,RURAL
11,13,23,PENJAMO,1951,4,RURAL
11,13,23,PENJAMO,1952,4,RURAL
11,13,23,PENJAMO,1953,4,RURAL
11,13,23,PENJAMO,1954,3,MIXTO(A)
11,13,23,PENJAMO,1955,3,MIXTO(A)
11,13,23,PENJAMO,1956,4,RURAL
11,13,23,PENJAMO,1957,4,RURAL
11,13,23,PENJAMO,1958,4,RURAL
11,13,23,PENJAMO,1959,4,RURAL
11,13,23,PENJAMO,1960,4,RURAL
11,13,23,PENJAMO,1961,4,RURAL
11,13,23,PENJAMO,1962,4,RURAL
11,13,23,PENJAMO,1963,4,RURAL
11,13,23,PENJAMO,1964,2,URBANO(A)
11,13,23,PENJAMO,1965,3,MIXTO(A)
11,13,23,PENJAMO,1966,4,RURAL
11,13,23,PENJAMO,1967,4,RURAL
11,13,23,PENJAMO,1968,3,MIXTO(A)
11,13,23,PENJAMO,1969,3,MIXTO(A)
11,13,23,PENJAMO,1970,3,MIXTO(A)
11,13,23,PENJAMO,1971,4,RURAL
11,13,23,PENJAMO,1972,4,RURAL
11,13,23,PENJAMO,1973,4,RURAL
11,13,23,PENJAMO,1974,3,MIXTO(A)
11,13,23,PENJAMO,1975,4,RURAL
11,13,23,PENJAMO,1976,3,MIXTO(A)
11,13,23,PENJAMO,1977,4,RURAL
11,13,23,PENJAMO,1978,4,RURAL
11,13,23,PENJAMO,1979,4,RURAL
11,13,23,PENJAMO,1980,4,RURAL
11,13,23,PENJAMO,1981,4,RURAL
11,13,23,PENJAMO,1982,4,RURAL
11,13,23,PENJAMO,1983,4,RURAL
11,13,23,PENJAMO,1984,4,RURAL
11,13,23,PENJAMO,1985,4,RURAL
11,13,23,PENJAMO,1986,4,RURAL
11,13,23,PENJAMO,1987,4,RURAL
11,13,23,PENJAMO,1988,2,URBANO(A)
11,13,23,PENJAMO,1989,2,URBANO(A)
11,13,23,PENJAMO,1990,2,URBANO(A)
11,13,23,PENJAMO,1991,2,URBANO(A)
11,13,23,PENJAMO,1992,2,URBANO(A)
11,13,23,PENJAMO,1993,2,URBANO(A)
11,13,23,PENJAMO,1994,2,URBANO(A)
11,13,23,PENJAMO,1995,2,URBANO(A)
11,13,23,PENJAMO,1996,4,RURAL
11,13,23,PENJAMO,1997,4,RURAL
11,13,23,PENJAMO,1998,4,RURAL
11,13,23,PENJAMO,1999,4,RURAL
11,13,23,PENJAMO,2000,2,URBANO(A)
11,13,23,PENJAMO,2001,4,RURAL
11,13,23,PENJAMO,2002,4,RURAL
11,13,23,PENJAMO,2003,4,RURAL
11,13,23,PENJAMO,2004,4,RURAL
11,13,23,PENJAMO,2005,4,RURAL
11,13,23,PENJAMO,2006,4,RURAL
11,13,23,PENJAMO,2007,4,RURAL
11,13,23,PENJAMO,2008,4,RURAL
11,13,23,PENJAMO,2009,4,RURAL
11,13,23,PENJAMO,2010,3,MIXTO(A)
11,13,23,PENJAMO,2011,3,MIXTO(A)
11,13,23,PENJAMO,2012,2,URBANO(A)
11,13,23,PENJAMO,2013,4,RURAL
11,13,23,PENJAMO,2014,4,RURAL
11,13,23,PENJAMO,2015,2,URBANO(A)
11,13,23,PENJAMO,2016,2,URBANO(A)
11,13,23,PENJAMO,2017,4,RURAL
11,13,23,PENJAMO,2018,4,RURAL
11,13,23,PENJAMO,2019,4,RURAL
11,13,23,PENJAMO,2020,4,RURAL
11,13,23,PENJAMO,2021,4,RURAL
11,13,23,PENJAMO,2022,4,RURAL
11,13,23,PENJAMO,2023,4,RURAL
11,13,23,PENJAMO,2024,4,RURAL
11,13,23,PENJAMO,2025,4,RURAL
11,13,24,PUEBLO NUEVO,2026,3,MIXTO(A)
11,13,24,PUEBLO NUEVO,2027,2,URBANO(A)
11,13,24,PUEBLO NUEVO,2028,3,MIXTO(A)
11,13,24,PUEBLO NUEVO,2029,4,RURAL
11,13,24,PUEBLO NUEVO,2030,4,RURAL
11,13,24,PUEBLO NUEVO,2031,4,RURAL
11,13,24,PUEBLO NUEVO,2032,4,RURAL
11,13,24,PUEBLO NUEVO,2033,4,RURAL
11,7,25,PURISIMA DEL RINCON,2034,3,MIXTO(A)
11,7,25,PURISIMA DEL RINCON,2035,2,URBANO(A)
11,7,25,PURISIMA DEL RINCON,2036,2,URBANO(A)
11,7,25,PURISIMA DEL RINCON,2037,2,URBANO(A)
11,7,25,PURISIMA DEL RINCON,2038,2,URBANO(A)
11,7,25,PURISIMA DEL RINCON,2039,2,URBANO(A)
11,7,25,PURISIMA DEL RINCON,2040,2,URBANO(A)
11,7,25,PURISIMA DEL RINCON,2041,2,URBANO(A)
11,7,25,PURISIMA DEL RINCON,2042,3,MIXTO(A)
11,7,25,PURISIMA DEL RINCON,2043,4,RURAL
11,7,25,PURISIMA DEL RINCON,2044,3,MIXTO(A)
11,7,25,PURISIMA DEL RINCON,2045,4,RURAL
11,7,25,PURISIMA DEL RINCON,2046,4,RURAL
11,7,25,PURISIMA DEL RINCON,2047,4,RURAL
11,7,25,PURISIMA DEL RINCON,2048,4,RURAL
11,7,25,PURISIMA DEL RINCON,2049,4,RURAL
11,7,25,PURISIMA DEL RINCON,2050,4,RURAL
11,7,25,PURISIMA DEL RINCON,2051,4,RURAL
11,7,25,PURISIMA DEL RINCON,2052,4,RURAL
11,7,25,PURISIMA DEL RINCON,2053,4,RURAL
11,7,25,PURISIMA DEL RINCON,2054,4,RURAL
11,7,25,PURISIMA DEL RINCON,2055,4,RURAL
11,7,25,PURISIMA DEL RINCON,2056,4,RURAL
11,7,25,PURISIMA DEL RINCON,2057,4,RURAL
11,7,25,PURISIMA DEL RINCON,2058,2,URBANO(A)
11,7,26,ROMITA,2059,2,URBANO(A)
11,7,26,ROMITA,2060,3,MIXTO(A)
11,7,26,ROMITA,2061,2,URBANO(A)
11,7,26,ROMITA,2062,2,URBANO(A)
11,7,26,ROMITA,2063,2,URBANO(A)
11,7,26,ROMITA,2064,2,URBANO(A)
11,7,26,ROMITA,2065,2,URBANO(A)
11,7,26,ROMITA,2066,2,URBANO(A)
11,7,26,ROMITA,2067,2,URBANO(A)
11,7,26,ROMITA,2068,2,URBANO(A)
11,7,26,ROMITA,2069,2,URBANO(A)
11,7,26,ROMITA,2070,3,MIXTO(A)
11,7,26,ROMITA,2071,2,URBANO(A)
11,7,26,ROMITA,2072,4,RURAL
11,7,26,ROMITA,2073,4,RURAL
11,7,26,ROMITA,2074,4,RURAL
11,7,26,ROMITA,2075,4,RURAL
11,7,26,ROMITA,2076,4,RURAL
11,7,26,ROMITA,2077,4,RURAL
11,7,26,ROMITA,2078,4,RURAL
11,7,26,ROMITA,2079,4,RURAL
11,7,26,ROMITA,2080,4,RURAL
11,7,26,ROMITA,2081,4,RURAL
11,7,26,ROMITA,2082,4,RURAL
11,7,26,ROMITA,2083,4,RURAL
11,7,26,ROMITA,2084,4,RURAL
11,7,26,ROMITA,2085,4,RURAL
11,7,26,ROMITA,2086,4,RURAL
11,7,26,ROMITA,2087,4,RURAL
11,7,26,ROMITA,2088,4,RURAL
11,7,26,ROMITA,2089,4,RURAL
11,7,26,ROMITA,2090,4,RURAL
11,7,26,ROMITA,2091,4,RURAL
11,7,26,ROMITA,2092,4,RURAL
11,7,26,ROMITA,2093,4,RURAL
11,7,26,ROMITA,2094,4,RURAL
11,7,26,ROMITA,2095,4,RURAL
11,7,26,ROMITA,2096,4,RURAL
11,7,26,ROMITA,2097,4,RURAL
11,7,26,ROMITA,2098,4,RURAL
11,7,26,ROMITA,2099,4,RURAL
11,7,26,ROMITA,2100,4,RURAL
11,7,26,ROMITA,2101,4,RURAL
11,7,26,ROMITA,2102,4,RURAL
11,7,26,ROMITA,2103,4,RURAL
11,7,26,ROMITA,2104,4,RURAL
11,7,26,ROMITA,2105,4,RURAL
11,7,26,ROMITA,2106,4,RURAL
11,7,26,ROMITA,2107,4,RURAL
11,7,26,ROMITA,2108,4,RURAL
11,8,27,SALAMANCA,2109,3,MIXTO(A)
11,8,27,SALAMANCA,2110,2,URBANO(A)
11,8,27,SALAMANCA,2111,2,URBANO(A)
11,8,27,SALAMANCA,2112,2,URBANO(A)
11,8,27,SALAMANCA,2113,2,URBANO(A)
11,8,27,SALAMANCA,2114,2,URBANO(A)
11,8,27,SALAMANCA,2115,2,URBANO(A)
11,8,27,SALAMANCA,2116,2,URBANO(A)
11,8,27,SALAMANCA,2117,2,URBANO(A)
11,8,27,SALAMANCA,2118,2,URBANO(A)
11,8,27,SALAMANCA,2119,2,URBANO(A)
11,8,27,SALAMANCA,2120,2,URBANO(A)
11,8,27,SALAMANCA,2121,2,URBANO(A)
11,8,27,SALAMANCA,2122,2,URBANO(A)
11,8,27,SALAMANCA,2123,2,URBANO(A)
11,8,27,SALAMANCA,2124,2,URBANO(A)
11,8,27,SALAMANCA,2125,2,URBANO(A)
11,8,27,SALAMANCA,2126,2,URBANO(A)
11,8,27,SALAMANCA,2127,2,URBANO(A)
11,8,27,SALAMANCA,2128,2,URBANO(A)
11,8,27,SALAMANCA,2129,2,URBANO(A)
11,8,27,SALAMANCA,2130,2,URBANO(A)
11,8,27,SALAMANCA,2131,2,URBANO(A)
11,8,27,SALAMANCA,2132,2,URBANO(A)
11,8,27,SALAMANCA,2133,2,URBANO(A)
11,8,27,SALAMANCA,2134,2,URBANO(A)
11,8,27,SALAMANCA,2135,2,URBANO(A)
11,8,27,SALAMANCA,2136,2,URBANO(A)
11,8,27,SALAMANCA,2137,2,URBANO(A)
11,8,27,SALAMANCA,2138,2,URBANO(A)
11,8,27,SALAMANCA,2139,2,URBANO(A)
11,8,27,SALAMANCA,2140,2,URBANO(A)
11,8,27,SALAMANCA,2141,2,URBANO(A)
11,8,27,SALAMANCA,2142,2,URBANO(A)
11,8,27,SALAMANCA,2143,2,URBANO(A)
11,8,27,SALAMANCA,2144,2,URBANO(A)
11,8,27,SALAMANCA,2145,2,URBANO(A)
11,8,27,SALAMANCA,2146,2,URBANO(A)
11,8,27,SALAMANCA,2147,2,URBANO(A)
11,8,27,SALAMANCA,2148,2,URBANO(A)
11,8,27,SALAMANCA,2149,2,URBANO(A)
11,8,27,SALAMANCA,2150,2,URBANO(A)
11,8,27,SALAMANCA,2151,2,URBANO(A)
11,8,27,SALAMANCA,2152,2,URBANO(A)
11,8,27,SALAMANCA,2153,2,URBANO(A)
11,8,27,SALAMANCA,2154,2,URBANO(A)
11,8,27,SALAMANCA,2155,2,URBANO(A)
11,8,27,SALAMANCA,2156,2,URBANO(A)
11,8,27,SALAMANCA,2157,2,URBANO(A)
11,8,27,SALAMANCA,2158,2,URBANO(A)
11,8,27,SALAMANCA,2159,2,URBANO(A)
11,8,27,SALAMANCA,2160,2,URBANO(A)
11,8,27,SALAMANCA,2161,2,URBANO(A)
11,8,27,SALAMANCA,2162,2,URBANO(A)
11,8,27,SALAMANCA,2163,3,MIXTO(A)
11,8,27,SALAMANCA,2164,2,URBANO(A)
11,8,27,SALAMANCA,2165,2,URBANO(A)
11,8,27,SALAMANCA,2166,2,URBANO(A)
11,8,27,SALAMANCA,2167,2,URBANO(A)
11,8,27,SALAMANCA,2168,2,URBANO(A)
11,8,27,SALAMANCA,2169,2,URBANO(A)
11,8,27,SALAMANCA,2170,2,URBANO(A)
11,8,27,SALAMANCA,2171,2,URBANO(A)
11,8,27,SALAMANCA,2172,2,URBANO(A)
11,8,27,SALAMANCA,2173,2,URBANO(A)
11,8,27,SALAMANCA,2174,2,URBANO(A)
11,8,27,SALAMANCA,2175,2,URBANO(A)
11,8,27,SALAMANCA,2176,2,URBANO(A)
11,8,27,SALAMANCA,2177,2,URBANO(A)
11,8,27,SALAMANCA,2178,2,URBANO(A)
11,8,27,SALAMANCA,2179,2,URBANO(A)
11,8,27,SALAMANCA,2180,2,URBANO(A)
11,8,27,SALAMANCA,2181,2,URBANO(A)
11,8,27,SALAMANCA,2182,2,URBANO(A)
11,8,27,SALAMANCA,2183,2,URBANO(A)
11,8,27,SALAMANCA,2184,2,URBANO(A)
11,8,27,SALAMANCA,2185,2,URBANO(A)
11,8,27,SALAMANCA,2186,2,URBANO(A)
11,8,27,SALAMANCA,2187,2,URBANO(A)
11,8,27,SALAMANCA,2188,2,URBANO(A)
11,8,27,SALAMANCA,2189,2,URBANO(A)
11,8,27,SALAMANCA,2191,2,URBANO(A)
11,8,27,SALAMANCA,2192,2,URBANO(A)
11,8,27,SALAMANCA,2194,2,URBANO(A)
11,8,27,SALAMANCA,2195,2,URBANO(A)
11,8,27,SALAMANCA,2196,2,URBANO(A)
11,8,27,SALAMANCA,2197,2,URBANO(A)
11,8,27,SALAMANCA,2198,2,URBANO(A)
11,8,27,SALAMANCA,2199,4,RURAL
11,8,27,SALAMANCA,2200,4,RURAL
11,8,27,SALAMANCA,2201,4,RURAL
11,8,27,SALAMANCA,2202,2,URBANO(A)
11,8,27,SALAMANCA,2203,2,URBANO(A)
11,8,27,SALAMANCA,2204,2,URBANO(A)
11,8,27,SALAMANCA,2205,4,RURAL
11,8,27,SALAMANCA,2206,4,RURAL
11,8,27,SALAMANCA,2207,4,RURAL
11,8,27,SALAMANCA,2208,4,RURAL
11,8,27,SALAMANCA,2209,4,RURAL
11,8,27,SALAMANCA,2210,4,RURAL
11,8,27,SALAMANCA,2211,4,RURAL
11,8,27,SALAMANCA,2212,4,RURAL
11,8,27,SALAMANCA,2213,4,RURAL
11,8,27,SALAMANCA,2214,4,RURAL
11,8,27,SALAMANCA,2215,4,RURAL
11,8,27,SALAMANCA,2216,4,RURAL
11,8,27,SALAMANCA,2217,4,RURAL
11,8,27,SALAMANCA,2218,3,MIXTO(A)
11,8,27,SALAMANCA,2219,2,URBANO(A)
11,8,27,SALAMANCA,2220,4,RURAL
11,8,27,SALAMANCA,2221,4,RURAL
11,8,27,SALAMANCA,2222,4,RURAL
11,8,27,SALAMANCA,2223,4,RURAL
11,8,27,SALAMANCA,2224,4,RURAL
11,8,27,SALAMANCA,2225,4,RURAL
11,8,27,SALAMANCA,2226,4,RURAL
11,8,27,SALAMANCA,2227,4,RURAL
11,8,27,SALAMANCA,2228,4,RURAL
11,8,27,SALAMANCA,2229,4,RURAL
11,8,27,SALAMANCA,2230,2,URBANO(A)
11,8,27,SALAMANCA,2231,3,MIXTO(A)
11,8,27,SALAMANCA,2232,4,RURAL
11,8,27,SALAMANCA,2233,3,MIXTO(A)
11,8,27,SALAMANCA,2234,2,URBANO(A)
11,8,27,SALAMANCA,2235,4,RURAL
11,8,27,SALAMANCA,2236,4,RURAL
11,8,27,SALAMANCA,2237,4,RURAL
11,8,27,SALAMANCA,2238,3,MIXTO(A)
11,8,27,SALAMANCA,2239,2,URBANO(A)
11,8,27,SALAMANCA,2240,4,RURAL
11,8,27,SALAMANCA,2241,2,URBANO(A)
11,8,27,SALAMANCA,2242,2,URBANO(A)
11,8,27,SALAMANCA,2243,2,URBANO(A)
11,8,27,SALAMANCA,2244,2,URBANO(A)
11,8,27,SALAMANCA,2245,2,URBANO(A)
11,8,27,SALAMANCA,2246,2,URBANO(A)
11,8,27,SALAMANCA,2247,4,RURAL
11,8,27,SALAMANCA,2248,3,MIXTO(A)
11,8,27,SALAMANCA,2249,4,RURAL
11,8,27,SALAMANCA,2250,4,RURAL
11,8,27,SALAMANCA,2251,4,RURAL
11,8,27,SALAMANCA,2252,4,RURAL
11,8,27,SALAMANCA,2253,4,RURAL
11,8,27,SALAMANCA,2254,4,RURAL
11,8,27,SALAMANCA,2255,4,RURAL
11,8,27,SALAMANCA,2256,4,RURAL
11,8,27,SALAMANCA,2257,4,RURAL
11,8,27,SALAMANCA,2258,4,RURAL
11,8,27,SALAMANCA,2259,4,RURAL
11,8,27,SALAMANCA,2260,4,RURAL
11,8,27,SALAMANCA,2261,4,RURAL
11,8,27,SALAMANCA,2262,4,RURAL
11,10,28,SALVATIERRA,2263,2,URBANO(A)
11,10,28,SALVATIERRA,2264,2,URBANO(A)
11,10,28,SALVATIERRA,2265,2,URBANO(A)
11,10,28,SALVATIERRA,2266,2,URBANO(A)
11,10,28,SALVATIERRA,2267,2,URBANO(A)
11,10,28,SALVATIERRA,2268,2,URBANO(A)
11,10,28,SALVATIERRA,2269,2,URBANO(A)
11,10,28,SALVATIERRA,2270,2,URBANO(A)
11,10,28,SALVATIERRA,2271,2,URBANO(A)
11,10,28,SALVATIERRA,2272,2,URBANO(A)
11,10,28,SALVATIERRA,2273,2,URBANO(A)
11,10,28,SALVATIERRA,2274,2,URBANO(A)
11,10,28,SALVATIERRA,2275,2,URBANO(A)
11,10,28,SALVATIERRA,2276,2,URBANO(A)
11,10,28,SALVATIERRA,2277,2,URBANO(A)
11,10,28,SALVATIERRA,2278,2,URBANO(A)
11,10,28,SALVATIERRA,2279,2,URBANO(A)
11,10,28,SALVATIERRA,2280,2,URBANO(A)
11,10,28,SALVATIERRA,2281,2,URBANO(A)
11,10,28,SALVATIERRA,2282,2,URBANO(A)
11,10,28,SALVATIERRA,2283,2,URBANO(A)
11,10,28,SALVATIERRA,2284,2,URBANO(A)
11,10,28,SALVATIERRA,2285,3,MIXTO(A)
11,10,28,SALVATIERRA,2286,2,URBANO(A)
11,10,28,SALVATIERRA,2287,2,URBANO(A)
11,10,28,SALVATIERRA,2288,2,URBANO(A)
11,10,28,SALVATIERRA,2289,2,URBANO(A)
11,10,28,SALVATIERRA,2290,4,RURAL
11,10,28,SALVATIERRA,2291,4,RURAL
11,10,28,SALVATIERRA,2292,4,RURAL
11,10,28,SALVATIERRA,2293,4,RURAL
11,10,28,SALVATIERRA,2294,2,URBANO(A)
11,10,28,SALVATIERRA,2295,3,MIXTO(A)
11,10,28,SALVATIERRA,2296,2,URBANO(A)
11,10,28,SALVATIERRA,2297,2,URBANO(A)
11,10,28,SALVATIERRA,2298,2,URBANO(A)
11,10,28,SALVATIERRA,2299,2,URBANO(A)
11,10,28,SALVATIERRA,2300,4,RURAL
11,10,28,SALVATIERRA,2301,4,RURAL
11,10,28,SALVATIERRA,2302,4,RURAL
11,10,28,SALVATIERRA,2303,4,RURAL
11,10,28,SALVATIERRA,2304,4,RURAL
11,10,28,SALVATIERRA,2305,4,RURAL
11,10,28,SALVATIERRA,2306,4,RURAL
11,10,28,SALVATIERRA,2307,4,RURAL
11,10,28,SALVATIERRA,2308,4,RURAL
11,10,28,SALVATIERRA,2309,2,URBANO(A)
11,10,28,SALVATIERRA,2310,3,MIXTO(A)
11,10,28,SALVATIERRA,2311,3,MIXTO(A)
11,10,28,SALVATIERRA,2312,2,URBANO(A)
11,10,28,SALVATIERRA,2313,2,URBANO(A)
11,10,28,SALVATIERRA,2314,2,URBANO(A)
11,10,28,SALVATIERRA,2315,2,URBANO(A)
11,10,28,SALVATIERRA,2316,2,URBANO(A)
11,10,28,SALVATIERRA,2317,3,MIXTO(A)
11,10,28,SALVATIERRA,2318,2,URBANO(A)
11,10,28,SALVATIERRA,2319,2,URBANO(A)
11,10,28,SALVATIERRA,2320,2,URBANO(A)
11,10,28,SALVATIERRA,2321,2,URBANO(A)
11,10,28,SALVATIERRA,2322,2,URBANO(A)
11,10,28,SALVATIERRA,2323,3,MIXTO(A)
11,10,28,SALVATIERRA,2324,3,MIXTO(A)
11,10,28,SALVATIERRA,2325,2,URBANO(A)
11,10,28,SALVATIERRA,2326,2,URBANO(A)
11,10,28,SALVATIERRA,2327,2,URBANO(A)
11,10,28,SALVATIERRA,2328,2,URBANO(A)
11,10,28,SALVATIERRA,2329,3,MIXTO(A)
11,10,28,SALVATIERRA,2330,2,URBANO(A)
11,10,28,SALVATIERRA,2331,2,URBANO(A)
11,10,28,SALVATIERRA,2332,2,URBANO(A)
11,10,28,SALVATIERRA,2333,2,URBANO(A)
11,10,28,SALVATIERRA,2334,4,RURAL
11,10,28,SALVATIERRA,2335,4,RURAL
11,10,28,SALVATIERRA,2336,4,RURAL
11,10,28,SALVATIERRA,2337,4,RURAL
11,10,28,SALVATIERRA,2338,4,RURAL
11,10,28,SALVATIERRA,2339,4,RURAL
11,10,28,SALVATIERRA,2340,4,RURAL
11,10,28,SALVATIERRA,2341,4,RURAL
11,10,28,SALVATIERRA,2342,4,RURAL
11,10,28,SALVATIERRA,2343,4,RURAL
11,10,28,SALVATIERRA,2344,4,RURAL
11,10,28,SALVATIERRA,2345,4,RURAL
11,10,28,SALVATIERRA,2346,4,RURAL
11,4,29,SAN DIEGO DE LA UNION,2347,2,URBANO(A)
11,4,29,SAN DIEGO DE LA UNION,2348,2,URBANO(A)
11,4,29,SAN DIEGO DE LA UNION,2349,2,URBANO(A)
11,4,29,SAN DIEGO DE LA UNION,2350,3,MIXTO(A)
11,4,29,SAN DIEGO DE LA UNION,2351,4,RURAL
11,4,29,SAN DIEGO DE LA UNION,2352,4,RURAL
11,4,29,SAN DIEGO DE LA UNION,2353,4,RURAL
11,4,29,SAN DIEGO DE LA UNION,2354,4,RURAL
11,4,29,SAN DIEGO DE LA UNION,2355,4,RURAL
11,4,29,SAN DIEGO DE LA UNION,2356,3,MIXTO(A)
11,4,29,SAN DIEGO DE LA UNION,2357,4,RURAL
11,4,29,SAN DIEGO DE LA UNION,2358,3,MIXTO(A)
11,4,29,SAN DIEGO DE LA UNION,2359,4,RURAL
11,4,29,SAN DIEGO DE LA UNION,2360,4,RURAL
11,4,29,SAN DIEGO DE LA UNION,2361,4,RURAL
11,4,29,SAN DIEGO DE LA UNION,2362,4,RURAL
11,4,29,SAN DIEGO DE LA UNION,2363,4,RURAL
11,4,29,SAN DIEGO DE LA UNION,2364,4,RURAL
11,4,29,SAN DIEGO DE LA UNION,2365,4,RURAL
11,4,29,SAN DIEGO DE LA UNION,2366,4,RURAL
11,4,29,SAN DIEGO DE LA UNION,2367,4,RURAL
11,4,29,SAN DIEGO DE LA UNION,2368,4,RURAL
11,4,29,SAN DIEGO DE LA UNION,2369,4,RURAL
11,4,29,SAN DIEGO DE LA UNION,2370,4,RURAL
11,4,29,SAN DIEGO DE LA UNION,2371,4,RURAL
11,4,29,SAN DIEGO DE LA UNION,2372,4,RURAL
11,4,29,SAN DIEGO DE LA UNION,2373,4,RURAL
11,4,29,SAN DIEGO DE LA UNION,2374,4,RURAL
11,4,30,SAN FELIPE,2375,2,URBANO(A)
11,4,30,SAN FELIPE,2376,2,URBANO(A)
11,4,30,SAN FELIPE,2377,2,URBANO(A)
11,4,30,SAN FELIPE,2378,2,URBANO(A)
11,4,30,SAN FELIPE,2379,2,URBANO(A)
11,4,30,SAN FELIPE,2380,2,URBANO(A)
11,4,30,SAN FELIPE,2381,2,URBANO(A)
11,4,30,SAN FELIPE,2382,2,URBANO(A)
11,4,30,SAN FELIPE,2383,2,URBANO(A)
11,4,30,SAN FELIPE,2384,2,URBANO(A)
11,4,30,SAN FELIPE,2385,2,URBANO(A)
11,4,30,SAN FELIPE,2386,2,URBANO(A)
11,4,30,SAN FELIPE,2387,2,URBANO(A)
11,4,30,SAN FELIPE,2388,2,URBANO(A)
11,4,30,SAN FELIPE,2389,2,URBANO(A)
11,4,30,SAN FELIPE,2390,2,URBANO(A)
11,4,30,SAN FELIPE,2391,4,RURAL
11,4,30,SAN FELIPE,2392,4,RURAL
11,4,30,SAN FELIPE,2393,4,RURAL
11,4,30,SAN FELIPE,2394,4,RURAL
11,4,30,SAN FELIPE,2395,4,RURAL
11,4,30,SAN FELIPE,2396,4,RURAL
11,4,30,SAN FELIPE,2397,4,RURAL
11,4,30,SAN FELIPE,2398,4,RURAL
11,4,30,SAN FELIPE,2399,2,URBANO(A)
11,4,30,SAN FELIPE,2400,2,URBANO(A)
11,4,30,SAN FELIPE,2401,3,MIXTO(A)
11,4,30,SAN FELIPE,2402,4,RURAL
11,4,30,SAN FELIPE,2403,4,RURAL
11,4,30,SAN FELIPE,2404,4,RURAL
11,4,30,SAN FELIPE,2405,3,MIXTO(A)
11,4,30,SAN FELIPE,2406,4,RURAL
11,4,30,SAN FELIPE,2407,2,URBANO(A)
11,4,30,SAN FELIPE,2408,3,MIXTO(A)
11,4,30,SAN FELIPE,2409,3,MIXTO(A)
11,4,30,SAN FELIPE,2410,4,RURAL
11,4,30,SAN FELIPE,2411,4,RURAL
11,4,30,SAN FELIPE,2412,4,RURAL
11,4,30,SAN FELIPE,2413,4,RURAL
11,4,30,SAN FELIPE,2414,4,RURAL
11,4,30,SAN FELIPE,2415,4,RURAL
11,4,30,SAN FELIPE,2416,4,RURAL
11,4,30,SAN FELIPE,2417,4,RURAL
11,4,30,SAN FELIPE,2418,4,RURAL
11,4,30,SAN FELIPE,2419,4,RURAL
11,4,30,SAN FELIPE,2420,4,RURAL
11,4,30,SAN FELIPE,2421,4,RURAL
11,4,30,SAN FELIPE,2422,4,RURAL
11,4,30,SAN FELIPE,2423,4,RURAL
11,4,30,SAN FELIPE,2424,4,RURAL
11,4,30,SAN FELIPE,2425,4,RURAL
11,4,30,SAN FELIPE,2426,4,RURAL
11,4,30,SAN FELIPE,2427,4,RURAL
11,4,30,SAN FELIPE,2428,4,RURAL
11,4,30,SAN FELIPE,2429,4,RURAL
11,4,30,SAN FELIPE,2430,4,RURAL
11,4,30,SAN FELIPE,2431,4,RURAL
11,4,30,SAN FELIPE,2432,4,RURAL
11,4,30,SAN FELIPE,2433,4,RURAL
11,4,30,SAN FELIPE,2434,4,RURAL
11,4,30,SAN FELIPE,2435,4,RURAL
11,4,30,SAN FELIPE,2436,4,RURAL
11,4,30,SAN FELIPE,2437,4,RURAL
11,4,30,SAN FELIPE,2438,4,RURAL
11,4,30,SAN FELIPE,2439,4,RURAL
11,4,30,SAN FELIPE,2440,4,RURAL
11,4,30,SAN FELIPE,2441,4,RURAL
11,4,30,SAN FELIPE,2442,4,RURAL
11,4,30,SAN FELIPE,2443,4,RURAL
11,4,30,SAN FELIPE,2444,4,RURAL
11,4,30,SAN FELIPE,2445,4,RURAL
11,7,31,SAN FRANCISCO DEL RINCON,2446,4,RURAL
11,7,31,SAN FRANCISCO DEL RINCON,2447,2,URBANO(A)
11,7,31,SAN FRANCISCO DEL RINCON,2448,2,URBANO(A)
11,7,31,SAN FRANCISCO DEL RINCON,2449,2,URBANO(A)
11,7,31,SAN FRANCISCO DEL RINCON,2450,2,URBANO(A)
11,7,31,SAN FRANCISCO DEL RINCON,2451,2,URBANO(A)
11,7,31,SAN FRANCISCO DEL RINCON,2452,2,URBANO(A)
11,7,31,SAN FRANCISCO DEL RINCON,2453,2,URBANO(A)
11,7,31,SAN FRANCISCO DEL RINCON,2454,2,URBANO(A)
11,7,31,SAN FRANCISCO DEL RINCON,2455,4,RURAL
11,7,31,SAN FRANCISCO DEL RINCON,2456,2,URBANO(A)
11,7,31,SAN FRANCISCO DEL RINCON,2457,2,URBANO(A)
11,7,31,SAN FRANCISCO DEL RINCON,2458,2,URBANO(A)
11,7,31,SAN FRANCISCO DEL RINCON,2459,2,URBANO(A)
11,7,31,SAN FRANCISCO DEL RINCON,2460,2,URBANO(A)
11,7,31,SAN FRANCISCO DEL RINCON,2461,2,URBANO(A)
11,7,31,SAN FRANCISCO DEL RINCON,2462,2,URBANO(A)
11,7,31,SAN FRANCISCO DEL RINCON,2463,2,URBANO(A)
11,7,31,SAN FRANCISCO DEL RINCON,2464,2,URBANO(A)
11,7,31,SAN FRANCISCO DEL RINCON,2465,2,URBANO(A)
11,7,31,SAN FRANCISCO DEL RINCON,2466,2,URBANO(A)
11,7,31,SAN FRANCISCO DEL RINCON,2467,2,URBANO(A)
11,7,31,SAN FRANCISCO DEL RINCON,2468,2,URBANO(A)
11,7,31,SAN FRANCISCO DEL RINCON,2469,2,URBANO(A)
11,7,31,SAN FRANCISCO DEL RINCON,2470,2,URBANO(A)
11,7,31,SAN FRANCISCO DEL RINCON,2471,2,URBANO(A)
11,7,31,SAN FRANCISCO DEL RINCON,2472,2,URBANO(A)
11,7,31,SAN FRANCISCO DEL RINCON,2473,2,URBANO(A)
11,7,31,SAN FRANCISCO DEL RINCON,2474,2,URBANO(A)
11,7,31,SAN FRANCISCO DEL RINCON,2475,2,URBANO(A)
11,7,31,SAN FRANCISCO DEL RINCON,2476,2,URBANO(A)
11,7,31,SAN FRANCISCO DEL RINCON,2478,2,URBANO(A)
11,7,31,SAN FRANCISCO DEL RINCON,2479,2,URBANO(A)
11,7,31,SAN FRANCISCO DEL RINCON,2480,4,RURAL
11,7,31,SAN FRANCISCO DEL RINCON,2481,3,MIXTO(A)
11,7,31,SAN FRANCISCO DEL RINCON,2482,3,MIXTO(A)
11,7,31,SAN FRANCISCO DEL RINCON,2483,4,RURAL
11,7,31,SAN FRANCISCO DEL RINCON,2484,4,RURAL
11,7,31,SAN FRANCISCO DEL RINCON,2485,3,MIXTO(A)
11,7,31,SAN FRANCISCO DEL RINCON,2486,3,MIXTO(A)
11,7,31,SAN FRANCISCO DEL RINCON,2487,4,RURAL
11,7,31,SAN FRANCISCO DEL RINCON,2488,4,RURAL
11,7,31,SAN FRANCISCO DEL RINCON,2489,4,RURAL
11,7,31,SAN FRANCISCO DEL RINCON,2490,4,RURAL
11,7,31,SAN FRANCISCO DEL RINCON,2491,4,RURAL
11,7,31,SAN FRANCISCO DEL RINCON,2492,4,RURAL
11,7,31,SAN FRANCISCO DEL RINCON,2493,4,RURAL
11,7,31,SAN FRANCISCO DEL RINCON,2494,4,RURAL
11,7,31,SAN FRANCISCO DEL RINCON,2495,4,RURAL
11,7,31,SAN FRANCISCO DEL RINCON,2496,3,MIXTO(A)
11,7,31,SAN FRANCISCO DEL RINCON,2497,4,RURAL
11,7,31,SAN FRANCISCO DEL RINCON,2498,4,RURAL
11,7,31,SAN FRANCISCO DEL RINCON,2499,4,RURAL
11,7,31,SAN FRANCISCO DEL RINCON,2500,4,RURAL
11,7,31,SAN FRANCISCO DEL RINCON,2501,4,RURAL
11,7,31,SAN FRANCISCO DEL RINCON,2502,4,RURAL
11,7,31,SAN FRANCISCO DEL RINCON,2503,4,RURAL
11,7,31,SAN FRANCISCO DEL RINCON,2504,4,RURAL
11,2,32,SAN JOSE ITURBIDE,2505,2,URBANO(A)
11,2,32,SAN JOSE ITURBIDE,2506,2,URBANO(A)
11,2,32,SAN JOSE ITURBIDE,2507,2,URBANO(A)
11,2,32,SAN JOSE ITURBIDE,2508,2,URBANO(A)
11,2,32,SAN JOSE ITURBIDE,2509,2,URBANO(A)
11,2,32,SAN JOSE ITURBIDE,2510,2,URBANO(A)
11,2,32,SAN JOSE ITURBIDE,2511,2,URBANO(A)
11,2,32,SAN JOSE ITURBIDE,2512,2,URBANO(A)
11,2,32,SAN JOSE ITURBIDE,2513,2,URBANO(A)
11,2,32,SAN JOSE ITURBIDE,2515,4,RURAL
11,2,32,SAN JOSE ITURBIDE,2516,4,RURAL
11,2,32,SAN JOSE ITURBIDE,2517,4,RURAL
11,2,32,SAN JOSE ITURBIDE,2518,4,RURAL
11,2,32,SAN JOSE ITURBIDE,2519,4,RURAL
11,2,32,SAN JOSE ITURBIDE,2520,4,RURAL
11,2,32,SAN JOSE ITURBIDE,2521,4,RURAL
11,2,32,SAN JOSE ITURBIDE,2522,4,RURAL
11,2,32,SAN JOSE ITURBIDE,2523,4,RURAL
11,2,32,SAN JOSE ITURBIDE,2524,3,MIXTO(A)
11,2,32,SAN JOSE ITURBIDE,2525,4,RURAL
11,2,32,SAN JOSE ITURBIDE,2526,4,RURAL
11,2,32,SAN JOSE ITURBIDE,2527,4,RURAL
11,2,32,SAN JOSE ITURBIDE,2528,3,MIXTO(A)
11,2,32,SAN JOSE ITURBIDE,2529,2,URBANO(A)
11,2,32,SAN JOSE ITURBIDE,2530,4,RURAL
11,2,32,SAN JOSE ITURBIDE,2531,4,RURAL
11,2,32,SAN JOSE ITURBIDE,2532,3,MIXTO(A)
11,2,32,SAN JOSE ITURBIDE,2533,3,MIXTO(A)
11,2,32,SAN JOSE ITURBIDE,2534,4,RURAL
11,2,32,SAN JOSE ITURBIDE,2535,4,RURAL
11,2,32,SAN JOSE ITURBIDE,2536,4,RURAL
11,2,32,SAN JOSE ITURBIDE,2537,4,RURAL
11,2,32,SAN JOSE ITURBIDE,2538,4,RURAL
11,2,32,SAN JOSE ITURBIDE,2539,4,RURAL
11,2,32,SAN JOSE ITURBIDE,2540,4,RURAL
11,2,32,SAN JOSE ITURBIDE,2541,4,RURAL
11,2,32,SAN JOSE ITURBIDE,2542,4,RURAL
11,1,33,SAN LUIS DE LA PAZ,2543,2,URBANO(A)
11,1,33,SAN LUIS DE LA PAZ,2544,2,URBANO(A)
11,1,33,SAN LUIS DE LA PAZ,2545,2,URBANO(A)
11,1,33,SAN LUIS DE LA PAZ,2546,2,URBANO(A)
11,1,33,SAN LUIS DE LA PAZ,2547,2,URBANO(A)
11,1,33,SAN LUIS DE LA PAZ,2548,2,URBANO(A)
11,1,33,SAN LUIS DE LA PAZ,2549,2,URBANO(A)
11,1,33,SAN LUIS DE LA PAZ,2550,2,URBANO(A)
11,1,33,SAN LUIS DE LA PAZ,2551,2,URBANO(A)
11,1,33,SAN LUIS DE LA PAZ,2552,2,URBANO(A)
11,1,33,SAN LUIS DE LA PAZ,2553,2,URBANO(A)
11,1,33,SAN LUIS DE LA PAZ,2554,2,URBANO(A)
11,1,33,SAN LUIS DE LA PAZ,2555,2,URBANO(A)
11,1,33,SAN LUIS DE LA PAZ,2556,2,URBANO(A)
11,1,33,SAN LUIS DE LA PAZ,2557,2,URBANO(A)
11,1,33,SAN LUIS DE LA PAZ,2558,2,URBANO(A)
11,1,33,SAN LUIS DE LA PAZ,2559,2,URBANO(A)
11,1,33,SAN LUIS DE LA PAZ,2560,2,URBANO(A)
11,1,33,SAN LUIS DE LA PAZ,2561,2,URBANO(A)
11,1,33,SAN LUIS DE LA PAZ,2563,4,RURAL
11,1,33,SAN LUIS DE LA PAZ,2564,4,RURAL
11,1,33,SAN LUIS DE LA PAZ,2566,4,RURAL
11,1,33,SAN LUIS DE LA PAZ,2568,4,RURAL
11,1,33,SAN LUIS DE LA PAZ,2569,4,RURAL
11,1,33,SAN LUIS DE LA PAZ,2570,4,RURAL
11,1,33,SAN LUIS DE LA PAZ,2571,4,RURAL
11,1,33,SAN LUIS DE LA PAZ,2572,4,RURAL
11,1,33,SAN LUIS DE LA PAZ,2573,4,RURAL
11,1,33,SAN LUIS DE LA PAZ,2574,4,RURAL
11,1,33,SAN LUIS DE LA PAZ,2575,4,RURAL
11,1,33,SAN LUIS DE LA PAZ,2576,4,RURAL
11,1,33,SAN LUIS DE LA PAZ,2577,4,RURAL
11,1,33,SAN LUIS DE LA PAZ,2578,4,RURAL
11,1,33,SAN LUIS DE LA PAZ,2579,3,MIXTO(A)
11,1,33,SAN LUIS DE LA PAZ,2580,4,RURAL
11,1,33,SAN LUIS DE LA PAZ,2581,4,RURAL
11,1,33,SAN LUIS DE LA PAZ,2582,4,RURAL
11,1,33,SAN LUIS DE LA PAZ,2583,4,RURAL
11,1,33,SAN LUIS DE LA PAZ,2584,4,RURAL
11,1,33,SAN LUIS DE LA PAZ,2585,4,RURAL
11,1,33,SAN LUIS DE LA PAZ,2586,3,MIXTO(A)
11,1,33,SAN LUIS DE LA PAZ,2588,3,MIXTO(A)
11,1,33,SAN LUIS DE LA PAZ,2589,4,RURAL
11,1,33,SAN LUIS DE LA PAZ,2590,4,RURAL
11,1,33,SAN LUIS DE LA PAZ,2591,3,MIXTO(A)
11,1,33,SAN LUIS DE LA PAZ,2592,3,MIXTO(A)
11,1,33,SAN LUIS DE LA PAZ,2593,4,RURAL
11,1,33,SAN LUIS DE LA PAZ,2594,4,RURAL
11,1,33,SAN LUIS DE LA PAZ,2595,4,RURAL
11,1,33,SAN LUIS DE LA PAZ,2596,4,RURAL
11,1,33,SAN LUIS DE LA PAZ,2597,4,RURAL
11,1,33,SAN LUIS DE LA PAZ,2598,4,RURAL
11,1,33,SAN LUIS DE LA PAZ,2599,4,RURAL
11,1,33,SAN LUIS DE LA PAZ,2600,4,RURAL
11,1,33,SAN LUIS DE LA PAZ,2601,4,RURAL
11,1,33,SAN LUIS DE LA PAZ,2602,4,RURAL
11,1,34,SANTA CATARINA,2603,3,MIXTO(A)
11,1,34,SANTA CATARINA,2604,3,MIXTO(A)
11,1,34,SANTA CATARINA,2605,4,RURAL
11,1,34,SANTA CATARINA,2606,4,RURAL
11,1,34,SANTA CATARINA,2607,4,RURAL
11,8,35,SANTA CRUZ DE JUVENTINO ROSAS,2608,2,URBANO(A)
11,8,35,SANTA CRUZ DE JUVENTINO ROSAS,2609,2,URBANO(A)
11,8,35,SANTA CRUZ DE JUVENTINO ROSAS,2610,2,URBANO(A)
11,8,35,SANTA CRUZ DE JUVENTINO ROSAS,2611,2,URBANO(A)
11,8,35,SANTA CRUZ DE JUVENTINO ROSAS,2612,2,URBANO(A)
11,8,35,SANTA CRUZ DE JUVENTINO ROSAS,2613,2,URBANO(A)
11,8,35,SANTA CRUZ DE JUVENTINO ROSAS,2614,2,URBANO(A)
11,8,35,SANTA CRUZ DE JUVENTINO ROSAS,2615,2,URBANO(A)
11,8,35,SANTA CRUZ DE JUVENTINO ROSAS,2616,2,URBANO(A)
11,8,35,SANTA CRUZ DE JUVENTINO ROSAS,2617,2,URBANO(A)
11,8,35,SANTA CRUZ DE JUVENTINO ROSAS,2618,2,URBANO(A)
11,8,35,SANTA CRUZ DE JUVENTINO ROSAS,2619,2,URBANO(A)
11,8,35,SANTA CRUZ DE JUVENTINO ROSAS,2620,2,URBANO(A)
11,8,35,SANTA CRUZ DE JUVENTINO ROSAS,2621,2,URBANO(A)
11,8,35,SANTA CRUZ DE JUVENTINO ROSAS,2622,2,URBANO(A)
11,8,35,SANTA CRUZ DE JUVENTINO ROSAS,2623,2,URBANO(A)
11,8,35,SANTA CRUZ DE JUVENTINO ROSAS,2624,2,URBANO(A)
11,8,35,SANTA CRUZ DE JUVENTINO ROSAS,2625,2,URBANO(A)
11,8,35,SANTA CRUZ DE JUVENTINO ROSAS,2626,2,URBANO(A)
11,8,35,SANTA CRUZ DE JUVENTINO ROSAS,2627,4,RURAL
11,8,35,SANTA CRUZ DE JUVENTINO ROSAS,2628,4,RURAL
11,8,35,SANTA CRUZ DE JUVENTINO ROSAS,2629,4,RURAL
11,8,35,SANTA CRUZ DE JUVENTINO ROSAS,2630,4,RURAL
11,8,35,SANTA CRUZ DE JUVENTINO ROSAS,2631,4,RURAL
11,8,35,SANTA CRUZ DE JUVENTINO ROSAS,2632,4,RURAL
11,8,35,SANTA CRUZ DE JUVENTINO ROSAS,2633,3,MIXTO(A)
11,8,35,SANTA CRUZ DE JUVENTINO ROSAS,2634,4,RURAL
11,8,35,SANTA CRUZ DE JUVENTINO ROSAS,2635,4,RURAL
11,8,35,SANTA CRUZ DE JUVENTINO ROSAS,2636,3,MIXTO(A)
11,8,35,SANTA CRUZ DE JUVENTINO ROSAS,2637,2,URBANO(A)
11,8,35,SANTA CRUZ DE JUVENTINO ROSAS,2638,4,RURAL
11,8,35,SANTA CRUZ DE JUVENTINO ROSAS,2639,3,MIXTO(A)
11,8,35,SANTA CRUZ DE JUVENTINO ROSAS,2640,4,RURAL
11,8,35,SANTA CRUZ DE JUVENTINO ROSAS,2641,4,RURAL
11,8,35,SANTA CRUZ DE JUVENTINO ROSAS,2642,4,RURAL
11,8,35,SANTA CRUZ DE JUVENTINO ROSAS,2643,4,RURAL
11,10,36,SANTIAGO MARAVATIO,2644,2,URBANO(A)
11,10,36,SANTIAGO MARAVATIO,2645,2,URBANO(A)
11,10,36,SANTIAGO MARAVATIO,2646,2,URBANO(A)
11,10,36,SANTIAGO MARAVATIO,2647,2,URBANO(A)
11,10,36,SANTIAGO MARAVATIO,2648,2,URBANO(A)
11,10,36,SANTIAGO MARAVATIO,2649,4,RURAL
11,10,36,SANTIAGO MARAVATIO,2650,4,RURAL
11,10,36,SANTIAGO MARAVATIO,2651,4,RURAL
11,10,36,SANTIAGO MARAVATIO,2652,4,RURAL
11,10,36,SANTIAGO MARAVATIO,2653,4,RURAL
11,9,37,SILAO DE LA VICTORIA,2654,2,URBANO(A)
11,9,37,SILAO DE LA VICTORIA,2655,2,URBANO(A)
11,9,37,SILAO DE LA VICTORIA,2656,2,URBANO(A)
11,9,37,SILAO DE LA VICTORIA,2657,2,URBANO(A)
11,9,37,SILAO DE LA VICTORIA,2658,2,URBANO(A)
11,9,37,SILAO DE LA VICTORIA,2659,2,URBANO(A)
11,9,37,SILAO DE LA VICTORIA,2660,2,URBANO(A)
11,9,37,SILAO DE LA VICTORIA,2661,2,URBANO(A)
11,9,37,SILAO DE LA VICTORIA,2662,2,URBANO(A)
11,9,37,SILAO DE LA VICTORIA,2663,2,URBANO(A)
11,9,37,SILAO DE LA VICTORIA,2664,2,URBANO(A)
11,9,37,SILAO DE LA VICTORIA,2665,2,URBANO(A)
11,9,37,SILAO DE LA VICTORIA,2666,2,URBANO(A)
11,9,37,SILAO DE LA VICTORIA,2667,2,URBANO(A)
11,9,37,SILAO DE LA VICTORIA,2668,2,URBANO(A)
11,9,37,SILAO DE LA VICTORIA,2669,2,URBANO(A)
11,9,37,SILAO DE LA VICTORIA,2670,2,URBANO(A)
11,9,37,SILAO DE LA VICTORIA,2671,2,URBANO(A)
11,9,37,SILAO DE LA VICTORIA,2672,2,URBANO(A)
11,9,37,SILAO DE LA VICTORIA,2673,2,URBANO(A)
11,9,37,SILAO DE LA VICTORIA,2674,2,URBANO(A)
11,9,37,SILAO DE LA VICTORIA,2675,2,URBANO(A)
11,9,37,SILAO DE LA VICTORIA,2676,2,URBANO(A)
11,9,37,SILAO DE LA VICTORIA,2677,2,URBANO(A)
11,9,37,SILAO DE LA VICTORIA,2678,2,URBANO(A)
11,9,37,SILAO DE LA VICTORIA,2679,2,URBANO(A)
11,9,37,SILAO DE LA VICTORIA,2680,2,URBANO(A)
11,9,37,SILAO DE LA VICTORIA,2681,2,URBANO(A)
11,9,37,SILAO DE LA VICTORIA,2682,2,URBANO(A)
11,9,37,SILAO DE LA VICTORIA,2683,3,MIXTO(A)
11,9,37,SILAO DE LA VICTORIA,2684,2,URBANO(A)
11,9,37,SILAO DE LA VICTORIA,2685,2,URBANO(A)
11,9,37,SILAO DE LA VICTORIA,2686,2,URBANO(A)
11,9,37,SILAO DE LA VICTORIA,2687,4,RURAL
11,9,37,SILAO DE LA VICTORIA,2688,4,RURAL
11,9,37,SILAO DE LA VICTORIA,2689,4,RURAL
11,9,37,SILAO DE LA VICTORIA,2690,2,URBANO(A)
11,9,37,SILAO DE LA VICTORIA,2691,4,RURAL
11,9,37,SILAO DE LA VICTORIA,2692,4,RURAL
11,9,37,SILAO DE LA VICTORIA,2693,4,RURAL
11,9,37,SILAO DE LA VICTORIA,2694,4,RURAL
11,9,37,SILAO DE LA VICTORIA,2695,4,RURAL
11,9,37,SILAO DE LA VICTORIA,2696,4,RURAL
11,9,37,SILAO DE LA VICTORIA,2697,4,RURAL
11,9,37,SILAO DE LA VICTORIA,2698,3,MIXTO(A)
11,9,37,SILAO DE LA VICTORIA,2699,4,RURAL
11,9,37,SILAO DE LA VICTORIA,2700,2,URBANO(A)
11,9,37,SILAO DE LA VICTORIA,2701,4,RURAL
11,9,37,SILAO DE LA VICTORIA,2702,4,RURAL
11,9,37,SILAO DE LA VICTORIA,2703,2,URBANO(A)
11,9,37,SILAO DE LA VICTORIA,2704,3,MIXTO(A)
11,9,37,SILAO DE LA VICTORIA,2705,4,RURAL
11,9,37,SILAO DE LA VICTORIA,2706,4,RURAL
11,9,37,SILAO DE LA VICTORIA,2707,4,RURAL
11,9,37,SILAO DE LA VICTORIA,2708,4,RURAL
11,9,37,SILAO DE LA VICTORIA,2709,2,URBANO(A)
11,9,37,SILAO DE LA VICTORIA,2711,3,MIXTO(A)
11,9,37,SILAO DE LA VICTORIA,2712,4,RURAL
11,9,37,SILAO DE LA VICTORIA,2713,4,RURAL
11,9,37,SILAO DE LA VICTORIA,2714,3,MIXTO(A)
11,9,37,SILAO DE LA VICTORIA,2715,3,MIXTO(A)
11,9,37,SILAO DE LA VICTORIA,2716,4,RURAL
11,9,37,SILAO DE LA VICTORIA,2717,3,MIXTO(A)
11,9,37,SILAO DE LA VICTORIA,2718,3,MIXTO(A)
11,9,37,SILAO DE LA VICTORIA,2719,3,MIXTO(A)
11,9,37,SILAO DE LA VICTORIA,2720,4,RURAL
11,9,37,SILAO DE LA VICTORIA,2721,4,RURAL
11,9,37,SILAO DE LA VICTORIA,2722,4,RURAL
11,9,37,SILAO DE LA VICTORIA,2723,4,RURAL
11,9,37,SILAO DE LA VICTORIA,2724,4,RURAL
11,9,37,SILAO DE LA VICTORIA,2725,4,RURAL
11,9,37,SILAO DE LA VICTORIA,2726,4,RURAL
11,9,37,SILAO DE LA VICTORIA,2727,4,RURAL
11,9,37,SILAO DE LA VICTORIA,2728,4,RURAL
11,9,37,SILAO DE LA VICTORIA,2729,4,RURAL
11,9,37,SILAO DE LA VICTORIA,2730,4,RURAL
11,9,37,SILAO DE LA VICTORIA,2731,4,RURAL
11,14,38,TARANDACUAO,2732,2,URBANO(A)
11,14,38,TARANDACUAO,2733,2,URBANO(A)
11,14,38,TARANDACUAO,2734,2,URBANO(A)
11,14,38,TARANDACUAO,2735,3,MIXTO(A)
11,14,38,TARANDACUAO,2736,3,MIXTO(A)
11,14,38,TARANDACUAO,2737,2,URBANO(A)
11,14,38,TARANDACUAO,2738,2,URBANO(A)
11,14,38,TARANDACUAO,2739,4,RURAL
11,14,38,TARANDACUAO,2740,4,RURAL
11,14,38,TARANDACUAO,2741,4,RURAL
11,14,38,TARANDACUAO,2742,4,RURAL
11,14,38,TARANDACUAO,2743,4,RURAL
11,14,39,TARIMORO,2744,2,URBANO(A)
11,14,39,TARIMORO,2745,2,URBANO(A)
11,14,39,TARIMORO,2746,3,MIXTO(A)
11,14,39,TARIMORO,2747,2,URBANO(A)
11,14,39,TARIMORO,2748,2,URBANO(A)
11,14,39,TARIMORO,2749,2,URBANO(A)
11,14,39,TARIMORO,2750,2,URBANO(A)
11,14,39,TARIMORO,2751,3,MIXTO(A)
11,14,39,TARIMORO,2752,2,URBANO(A)
11,14,39,TARIMORO,2753,2,URBANO(A)
11,14,39,TARIMORO,2754,4,RURAL
11,14,39,TARIMORO,2755,4,RURAL
11,14,39,TARIMORO,2756,4,RURAL
11,14,39,TARIMORO,2757,4,RURAL
11,14,39,TARIMORO,2758,4,RURAL
11,14,39,TARIMORO,2759,4,RURAL
11,14,39,TARIMORO,2760,4,RURAL
11,14,39,TARIMORO,2761,4,RURAL
11,14,39,TARIMORO,2762,4,RURAL
11,14,39,TARIMORO,2763,4,RURAL
11,14,39,TARIMORO,2764,4,RURAL
11,14,39,TARIMORO,2765,4,RURAL
11,14,39,TARIMORO,2766,4,RURAL
11,14,39,TARIMORO,2767,4,RURAL
11,14,39,TARIMORO,2768,2,URBANO(A)
11,14,39,TARIMORO,2769,2,URBANO(A)
11,14,39,TARIMORO,2770,2,URBANO(A)
11,14,39,TARIMORO,2771,2,URBANO(A)
11,14,39,TARIMORO,2772,4,RURAL
11,14,39,TARIMORO,2773,4,RURAL
11,14,39,TARIMORO,2774,2,URBANO(A)
11,14,39,TARIMORO,2775,2,URBANO(A)
11,14,39,TARIMORO,2776,4,RURAL
11,14,39,TARIMORO,2777,4,RURAL
11,1,40,TIERRA BLANCA,2778,3,MIXTO(A)
11,1,40,TIERRA BLANCA,2779,3,MIXTO(A)
11,1,40,TIERRA BLANCA,2780,3,MIXTO(A)
11,1,40,TIERRA BLANCA,2781,4,RURAL
11,1,40,TIERRA BLANCA,2782,4,RURAL
11,1,40,TIERRA BLANCA,2783,4,RURAL
11,1,40,TIERRA BLANCA,2784,4,RURAL
11,1,40,TIERRA BLANCA,2785,4,RURAL
11,1,40,TIERRA BLANCA,2786,4,RURAL
11,1,40,TIERRA BLANCA,2787,4,RURAL
11,1,40,TIERRA BLANCA,2789,4,RURAL
11,10,41,URIANGATO,2790,2,URBANO(A)
11,10,41,URIANGATO,2791,2,URBANO(A)
11,10,41,URIANGATO,2792,2,URBANO(A)
11,10,41,URIANGATO,2793,2,URBANO(A)
11,10,41,URIANGATO,2794,2,URBANO(A)
11,10,41,URIANGATO,2795,2,URBANO(A)
11,10,41,URIANGATO,2796,2,URBANO(A)
11,10,41,URIANGATO,2797,2,URBANO(A)
11,10,41,URIANGATO,2798,2,URBANO(A)
11,10,41,URIANGATO,2799,2,URBANO(A)
11,10,41,URIANGATO,2800,2,URBANO(A)
11,10,41,URIANGATO,2801,2,URBANO(A)
11,10,41,URIANGATO,2802,2,URBANO(A)
11,10,41,URIANGATO,2803,2,URBANO(A)
11,10,41,URIANGATO,2804,2,URBANO(A)
11,10,41,URIANGATO,2805,2,URBANO(A)
11,10,41,URIANGATO,2806,2,URBANO(A)
11,10,41,URIANGATO,2807,2,URBANO(A)
11,10,41,URIANGATO,2808,2,URBANO(A)
11,10,41,URIANGATO,2809,2,URBANO(A)
11,10,41,URIANGATO,2810,4,RURAL
11,10,41,URIANGATO,2811,4,RURAL
11,10,41,URIANGATO,2812,4,RURAL
11,10,41,URIANGATO,2813,4,RURAL
11,10,41,URIANGATO,2814,4,RURAL
11,10,41,URIANGATO,2815,4,RURAL
11,13,42,VALLE DE SANTIAGO,2816,2,URBANO(A)
11,13,42,VALLE DE SANTIAGO,2817,3,MIXTO(A)
11,13,42,VALLE DE SANTIAGO,2818,2,URBANO(A)
11,13,42,VALLE DE SANTIAGO,2819,3,MIXTO(A)
11,13,42,VALLE DE SANTIAGO,2820,2,URBANO(A)
11,13,42,VALLE DE SANTIAGO,2821,2,URBANO(A)
11,13,42,VALLE DE SANTIAGO,2822,2,URBANO(A)
11,13,42,VALLE DE SANTIAGO,2823,2,URBANO(A)
11,13,42,VALLE DE SANTIAGO,2824,2,URBANO(A)
11,13,42,VALLE DE SANTIAGO,2825,2,URBANO(A)
11,13,42,VALLE DE SANTIAGO,2826,2,URBANO(A)
11,13,42,VALLE DE SANTIAGO,2827,2,URBANO(A)
11,13,42,VALLE DE SANTIAGO,2828,2,URBANO(A)
11,13,42,VALLE DE SANTIAGO,2829,2,URBANO(A)
11,13,42,VALLE DE SANTIAGO,2830,2,URBANO(A)
11,13,42,VALLE DE SANTIAGO,2831,2,URBANO(A)
11,13,42,VALLE DE SANTIAGO,2832,2,URBANO(A)
11,13,42,VALLE DE SANTIAGO,2833,2,URBANO(A)
11,13,42,VALLE DE SANTIAGO,2834,2,URBANO(A)
11,13,42,VALLE DE SANTIAGO,2835,2,URBANO(A)
11,13,42,VALLE DE SANTIAGO,2836,2,URBANO(A)
11,13,42,VALLE DE SANTIAGO,2837,2,URBANO(A)
11,13,42,VALLE DE SANTIAGO,2838,2,URBANO(A)
11,13,42,VALLE DE SANTIAGO,2839,2,URBANO(A)
11,13,42,VALLE DE SANTIAGO,2840,2,URBANO(A)
11,13,42,VALLE DE SANTIAGO,2841,2,URBANO(A)
11,13,42,VALLE DE SANTIAGO,2842,2,URBANO(A)
11,13,42,VALLE DE SANTIAGO,2843,2,URBANO(A)
11,13,42,VALLE DE SANTIAGO,2844,2,URBANO(A)
11,13,42,VALLE DE SANTIAGO,2845,2,URBANO(A)
11,13,42,VALLE DE SANTIAGO,2846,2,URBANO(A)
11,13,42,VALLE DE SANTIAGO,2847,2,URBANO(A)
11,13,42,VALLE DE SANTIAGO,2848,4,RURAL
11,13,42,VALLE DE SANTIAGO,2849,4,RURAL
11,13,42,VALLE DE SANTIAGO,2850,4,RURAL
11,13,42,VALLE DE SANTIAGO,2851,4,RURAL
11,13,42,VALLE DE SANTIAGO,2852,4,RURAL
11,13,42,VALLE DE SANTIAGO,2853,4,RURAL
11,13,42,VALLE DE SANTIAGO,2854,4,RURAL
11,13,42,VALLE DE SANTIAGO,2855,4,RURAL
11,13,42,VALLE DE SANTIAGO,2856,4,RURAL
11,13,42,VALLE DE SANTIAGO,2857,4,RURAL
11,13,42,VALLE DE SANTIAGO,2858,4,RURAL
11,13,42,VALLE DE SANTIAGO,2859,4,RURAL
11,13,42,VALLE DE SANTIAGO,2861,3,MIXTO(A)
11,13,42,VALLE DE SANTIAGO,2862,4,RURAL
11,13,42,VALLE DE SANTIAGO,2863,3,MIXTO(A)
11,13,42,VALLE DE SANTIAGO,2864,2,URBANO(A)
11,13,42,VALLE DE SANTIAGO,2865,4,RURAL
11,13,42,VALLE DE SANTIAGO,2866,4,RURAL
11,13,42,VALLE DE SANTIAGO,2867,3,MIXTO(A)
11,13,42,VALLE DE SANTIAGO,2868,4,RURAL
11,13,42,VALLE DE SANTIAGO,2869,4,RURAL
11,13,42,VALLE DE SANTIAGO,2870,4,RURAL
11,13,42,VALLE DE SANTIAGO,2871,4,RURAL
11,13,42,VALLE DE SANTIAGO,2872,3,MIXTO(A)
11,13,42,VALLE DE SANTIAGO,2873,2,URBANO(A)
11,13,42,VALLE DE SANTIAGO,2874,4,RURAL
11,13,42,VALLE DE SANTIAGO,2875,4,RURAL
11,13,42,VALLE DE SANTIAGO,2876,3,MIXTO(A)
11,13,42,VALLE DE SANTIAGO,2877,4,RURAL
11,13,42,VALLE DE SANTIAGO,2878,4,RURAL
11,13,42,VALLE DE SANTIAGO,2879,4,RURAL
11,13,42,VALLE DE SANTIAGO,2880,4,RURAL
11,13,42,VALLE DE SANTIAGO,2881,4,RURAL
11,13,42,VALLE DE SANTIAGO,2882,2,URBANO(A)
11,13,42,VALLE DE SANTIAGO,2883,2,URBANO(A)
11,13,42,VALLE DE SANTIAGO,2884,4,RURAL
11,13,42,VALLE DE SANTIAGO,2885,4,RURAL
11,13,42,VALLE DE SANTIAGO,2886,3,MIXTO(A)
11,13,42,VALLE DE SANTIAGO,2887,4,RURAL
11,13,42,VALLE DE SANTIAGO,2888,3,MIXTO(A)
11,13,42,VALLE DE SANTIAGO,2889,2,URBANO(A)
11,13,42,VALLE DE SANTIAGO,2890,4,RURAL
11,1,43,VICTORIA,2891,3,MIXTO(A)
11,1,43,VICTORIA,2892,3,MIXTO(A)
11,1,43,VICTORIA,2893,4,RURAL
11,1,43,VICTORIA,2894,4,RURAL
11,1,43,VICTORIA,2895,4,RURAL
11,1,43,VICTORIA,2896,4,RURAL
11,1,43,VICTORIA,2897,4,RURAL
11,1,43,VICTORIA,2898,4,RURAL
11,1,43,VICTORIA,2899,4,RURAL
11,1,43,VICTORIA,2900,4,RURAL
11,1,43,VICTORIA,2901,4,RURAL
11,1,43,VICTORIA,2902,4,RURAL
11,1,43,VICTORIA,2903,4,RURAL
11,1,43,VICTORIA,2904,4,RURAL
11,1,43,VICTORIA,2905,4,RURAL
11,8,44,VILLAGRAN,2906,2,URBANO(A)
11,8,44,VILLAGRAN,2908,3,MIXTO(A)
11,8,44,VILLAGRAN,2909,2,URBANO(A)
11,8,44,VILLAGRAN,2910,2,URBANO(A)
11,8,44,VILLAGRAN,2911,2,URBANO(A)
11,8,44,VILLAGRAN,2912,2,URBANO(A)
11,8,44,VILLAGRAN,2913,2,URBANO(A)
11,8,44,VILLAGRAN,2914,3,MIXTO(A)
11,8,44,VILLAGRAN,2915,2,URBANO(A)
11,8,44,VILLAGRAN,2916,2,URBANO(A)
11,8,44,VILLAGRAN,2917,2,URBANO(A)
11,8,44,VILLAGRAN,2918,2,URBANO(A)
11,8,44,VILLAGRAN,2919,2,URBANO(A)
11,8,44,VILLAGRAN,2920,4,RURAL
11,8,44,VILLAGRAN,2921,3,MIXTO(A)
11,8,44,VILLAGRAN,2922,4,RURAL
11,8,44,VILLAGRAN,2923,2,URBANO(A)
11,8,44,VILLAGRAN,2924,4,RURAL
11,8,44,VILLAGRAN,2925,4,RURAL
11,8,44,VILLAGRAN,2926,4,RURAL
11,8,44,VILLAGRAN,2927,3,MIXTO(A)
11,8,44,VILLAGRAN,2928,3,MIXTO(A)
11,8,44,VILLAGRAN,2929,3,MIXTO(A)
11,8,44,VILLAGRAN,2930,2,URBANO(A)
11,8,44,VILLAGRAN,2931,2,URBANO(A)
11,8,44,VILLAGRAN,2932,3,MIXTO(A)
11,8,44,VILLAGRAN,2933,4,RURAL
11,1,45,XICHU,2934,3,MIXTO(A)
11,1,45,XICHU,2935,3,MIXTO(A)
11,1,45,XICHU,2936,3,MIXTO(A)
11,1,45,XICHU,2937,4,RURAL
11,1,45,XICHU,2938,4,RURAL
11,1,45,XICHU,2939,4,RURAL
11,1,45,XICHU,2940,4,RURAL
11,1,45,XICHU,2941,4,RURAL
11,1,45,XICHU,2942,4,RURAL
11,1,45,XICHU,2943,4,RURAL
11,1,45,XICHU,2944,4,RURAL
11,1,45,XICHU,2945,4,RURAL
11,1,45,XICHU,2946,4,RURAL
11,1,45,XICHU,2948,4,RURAL
11,10,46,YURIRIA,2949,2,URBANO(A)
11,10,46,YURIRIA,2950,3,MIXTO(A)
11,10,46,YURIRIA,2951,2,URBANO(A)
11,10,46,YURIRIA,2952,2,URBANO(A)
11,10,46,YURIRIA,2953,3,MIXTO(A)
11,10,46,YURIRIA,2954,2,URBANO(A)
11,10,46,YURIRIA,2955,2,URBANO(A)
11,10,46,YURIRIA,2956,2,URBANO(A)
11,10,46,YURIRIA,2957,2,URBANO(A)
11,10,46,YURIRIA,2958,2,URBANO(A)
11,10,46,YURIRIA,2959,2,URBANO(A)
11,10,46,YURIRIA,2960,2,URBANO(A)
11,10,46,YURIRIA,2961,2,URBANO(A)
11,10,46,YURIRIA,2962,2,URBANO(A)
11,10,46,YURIRIA,2963,2,URBANO(A)
11,10,46,YURIRIA,2964,2,URBANO(A)
11,10,46,YURIRIA,2965,4,RURAL
11,10,46,YURIRIA,2966,4,RURAL
11,10,46,YURIRIA,2967,4,RURAL
11,10,46,YURIRIA,2968,4,RURAL
11,10,46,YURIRIA,2969,4,RURAL
11,10,46,YURIRIA,2970,4,RURAL
11,10,46,YURIRIA,2971,4,RURAL
11,10,46,YURIRIA,2972,4,RURAL
11,10,46,YURIRIA,2973,4,RURAL
11,10,46,YURIRIA,2974,4,RURAL
11,10,46,YURIRIA,2975,4,RURAL
11,10,46,YURIRIA,2976,2,URBANO(A)
11,10,46,YURIRIA,2977,2,URBANO(A)
11,10,46,YURIRIA,2978,2,URBANO(A)
11,10,46,YURIRIA,2979,2,URBANO(A)
11,10,46,YURIRIA,2980,4,RURAL
11,10,46,YURIRIA,2981,4,RURAL
11,10,46,YURIRIA,2982,4,RURAL
11,10,46,YURIRIA,2983,4,RURAL
11,10,46,YURIRIA,2984,3,MIXTO(A)
11,10,46,YURIRIA,2985,4,RURAL
11,10,46,YURIRIA,2986,4,RURAL
11,10,46,YURIRIA,2987,4,RURAL
11,10,46,YURIRIA,2988,4,RURAL
11,10,46,YURIRIA,2989,4,RURAL
11,10,46,YURIRIA,2990,4,RURAL
11,10,46,YURIRIA,2991,4,RURAL
11,10,46,YURIRIA,2992,4,RURAL
11,10,46,YURIRIA,2993,2,URBANO(A)
11,10,46,YURIRIA,2994,4,RURAL
11,10,46,YURIRIA,2995,4,RURAL
11,10,46,YURIRIA,2996,4,RURAL
11,10,46,YURIRIA,2997,4,RURAL
11,10,46,YURIRIA,2998,2,URBANO(A)
11,10,46,YURIRIA,2999,2,URBANO(A)
11,10,46,YURIRIA,3000,3,MIXTO(A)
11,10,46,YURIRIA,3001,3,MIXTO(A)
11,10,46,YURIRIA,3002,4,RURAL
11,10,46,YURIRIA,3003,4,RURAL
11,10,46,YURIRIA,3004,4,RURAL
11,10,46,YURIRIA,3005,4,RURAL
11,5,20,LEON,3006,2,URBANO(A)
11,5,20,LEON,3007,2,URBANO(A)
11,5,20,LEON,3008,2,URBANO(A)
11,5,20,LEON,3009,2,URBANO(A)
11,5,20,LEON,3010,2,URBANO(A)
11,5,20,LEON,3011,2,URBANO(A)
11,5,20,LEON,3012,2,URBANO(A)
11,5,20,LEON,3013,2,URBANO(A)
11,5,20,LEON,3014,2,URBANO(A)
11,5,20,LEON,3016,2,URBANO(A)
11,5,20,LEON,3017,2,URBANO(A)
11,5,20,LEON,3018,2,URBANO(A)
11,5,20,LEON,3019,2,URBANO(A)
11,5,20,LEON,3020,2,URBANO(A)
11,5,20,LEON,3021,2,URBANO(A)
11,5,20,LEON,3022,2,URBANO(A)
11,5,20,LEON,3023,2,URBANO(A)
11,5,20,LEON,3024,2,URBANO(A)
11,5,20,LEON,3025,2,URBANO(A)
11,5,20,LEON,3026,2,URBANO(A)
11,5,20,LEON,3027,2,URBANO(A)
11,5,20,LEON,3028,2,URBANO(A)
11,5,20,LEON,3029,2,URBANO(A)
11,5,20,LEON,3030,2,URBANO(A)
11,6,20,LEON,3031,2,URBANO(A)
11,6,20,LEON,3032,2,URBANO(A)
11,6,20,LEON,3033,2,URBANO(A)
11,6,20,LEON,3034,2,URBANO(A)
11,6,20,LEON,3035,2,URBANO(A)
11,6,20,LEON,3036,2,URBANO(A)
11,6,20,LEON,3037,2,URBANO(A)
11,6,20,LEON,3038,2,URBANO(A)
11,6,20,LEON,3039,2,URBANO(A)
11,6,20,LEON,3040,2,URBANO(A)
11,6,20,LEON,3041,2,URBANO(A)
11,6,20,LEON,3042,2,URBANO(A)
11,6,20,LEON,3043,2,URBANO(A)
11,6,20,LEON,3044,2,URBANO(A)
11,6,20,LEON,3045,2,URBANO(A)
11,6,20,LEON,3046,2,URBANO(A)
11,6,20,LEON,3047,2,URBANO(A)
11,6,20,LEON,3048,2,URBANO(A)
11,6,20,LEON,3049,2,URBANO(A)
11,6,20,LEON,3050,2,URBANO(A)
11,6,20,LEON,3051,2,URBANO(A)
11,6,20,LEON,3052,2,URBANO(A)
11,6,20,LEON,3053,2,URBANO(A)
11,6,20,LEON,3054,2,URBANO(A)
11,6,20,LEON,3055,2,URBANO(A)
11,6,20,LEON,3056,2,URBANO(A)
11,6,20,LEON,3057,2,URBANO(A)
11,6,20,LEON,3058,2,URBANO(A)
11,6,20,LEON,3059,2,URBANO(A)
11,6,20,LEON,3060,2,URBANO(A)
11,6,20,LEON,3061,2,URBANO(A)
11,6,20,LEON,3062,2,URBANO(A)
11,6,20,LEON,3063,2,URBANO(A)
11,6,20,LEON,3064,2,URBANO(A)
11,6,20,LEON,3065,2,URBANO(A)
11,6,20,LEON,3066,2,URBANO(A)
11,6,20,LEON,3067,2,URBANO(A)
11,6,20,LEON,3068,2,URBANO(A)
11,6,20,LEON,3069,2,URBANO(A)
11,6,20,LEON,3070,2,URBANO(A)
11,6,20,LEON,3071,2,URBANO(A)
11,6,20,LEON,3072,2,URBANO(A)
11,6,20,LEON,3073,2,URBANO(A)
11,6,20,LEON,3074,2,URBANO(A)
11,6,20,LEON,3075,2,URBANO(A)
11,6,20,LEON,3076,2,URBANO(A)
11,6,20,LEON,3077,2,URBANO(A)
11,6,20,LEON,3078,2,URBANO(A)
11,6,20,LEON,3079,3,MIXTO(A)
11,6,20,LEON,3080,3,MIXTO(A)
11,6,20,LEON,3081,4,RURAL
11,6,20,LEON,3082,3,MIXTO(A)
11,6,20,LEON,3083,2,URBANO(A)
11,6,20,LEON,3084,2,URBANO(A)
11,6,20,LEON,3085,2,URBANO(A)
11,6,20,LEON,3086,2,URBANO(A)
11,6,20,LEON,3087,2,URBANO(A)
11,6,20,LEON,3088,2,URBANO(A)
11,6,20,LEON,3089,2,URBANO(A)
11,6,20,LEON,3090,2,URBANO(A)
11,6,20,LEON,3091,2,URBANO(A)
11,6,20,LEON,3092,2,URBANO(A)
11,6,20,LEON,3093,2,URBANO(A)
11,6,20,LEON,3094,2,URBANO(A)
11,6,20,LEON,3095,2,URBANO(A)
11,6,20,LEON,3096,2,URBANO(A)
11,6,20,LEON,3097,2,URBANO(A)
11,6,20,LEON,3098,2,URBANO(A)
11,6,20,LEON,3099,2,URBANO(A)
11,6,20,LEON,3100,2,URBANO(A)
11,6,20,LEON,3101,2,URBANO(A)
11,12,7,CELAYA,3102,2,URBANO(A)
11,12,7,CELAYA,3103,2,URBANO(A)
11,12,7,CELAYA,3104,2,URBANO(A)
11,12,7,CELAYA,3105,2,URBANO(A)
11,12,7,CELAYA,3106,2,URBANO(A)
11,12,7,CELAYA,3107,2,URBANO(A)
11,12,7,CELAYA,3108,2,URBANO(A)
11,12,7,CELAYA,3109,2,URBANO(A)
11,12,7,CELAYA,3110,2,URBANO(A)
11,12,7,CELAYA,3111,2,URBANO(A)
11,12,7,CELAYA,3112,2,URBANO(A)
11,12,7,CELAYA,3113,2,URBANO(A)
11,12,7,CELAYA,3114,2,URBANO(A)
11,12,7,CELAYA,3115,2,URBANO(A)
11,12,7,CELAYA,3116,2,URBANO(A)
11,12,7,CELAYA,3117,2,URBANO(A)
11,12,7,CELAYA,3118,2,URBANO(A)
11,12,7,CELAYA,3119,2,URBANO(A)
11,12,7,CELAYA,3120,2,URBANO(A)
11,11,20,LEON,3121,2,URBANO(A)
11,11,20,LEON,3122,2,URBANO(A)
11,11,20,LEON,3123,2,URBANO(A)
11,11,20,LEON,3124,2,URBANO(A)
11,11,20,LEON,3125,2,URBANO(A)
11,11,20,LEON,3126,2,URBANO(A)
11,11,20,LEON,3127,2,URBANO(A)
11,11,20,LEON,3128,2,URBANO(A)
11,11,20,LEON,3129,2,URBANO(A)
11,11,20,LEON,3130,2,URBANO(A)
11,6,20,LEON,3131,2,URBANO(A)
11,6,20,LEON,3132,4,RURAL
11,6,20,LEON,3133,2,URBANO(A)
11,6,20,LEON,3134,2,URBANO(A)
11,6,20,LEON,3135,2,URBANO(A)
11,6,20,LEON,3136,2,URBANO(A)
11,6,20,LEON,3137,2,URBANO(A)
11,6,20,LEON,3138,4,RURAL
11,6,20,LEON,3139,4,RURAL
11,6,20,LEON,3140,4,RURAL
11,6,20,LEON,3141,2,URBANO(A)
11,6,20,LEON,3142,4,RURAL
11,6,20,LEON,3143,4,RURAL
11,6,20,LEON,3144,3,MIXTO(A)
11,6,20,LEON,3145,2,URBANO(A)
11,6,20,LEON,3146,2,URBANO(A)
11,6,20,LEON,3147,2,URBANO(A)
11,6,20,LEON,3148,3,MIXTO(A)
11,6,20,LEON,3149,2,URBANO(A)
11,6,20,LEON,3150,2,URBANO(A)
11,6,20,LEON,3151,2,URBANO(A)
11,6,20,LEON,3152,2,URBANO(A)
11,6,20,LEON,3153,2,URBANO(A)
11,6,20,LEON,3154,2,URBANO(A)
11,3,20,LEON,3155,3,MIXTO(A)
11,3,20,LEON,3156,4,RURAL
11,3,20,LEON,3157,3,MIXTO(A)
11,3,20,LEON,3158,2,URBANO(A)
11,3,20,LEON,3159,2,URBANO(A)
11,5,20,LEON,3160,2,URBANO(A)
11,5,20,LEON,3161,2,URBANO(A)
11,5,20,LEON,3162,2,URBANO(A)
11,5,20,LEON,3163,2,URBANO(A)
11,5,20,LEON,3164,2,URBANO(A)
11,5,20,LEON,3165,2,URBANO(A)
11,5,20,LEON,3166,2,URBANO(A)
11,5,20,LEON,3167,2,URBANO(A)
11,5,20,LEON,3168,2,URBANO(A)
11,4,15,GUANAJUATO,3169,2,URBANO(A)
11,4,15,GUANAJUATO,3170,2,URBANO(A)
11,4,15,GUANAJUATO,3171,2,URBANO(A)
11,4,15,GUANAJUATO,3172,2,URBANO(A)
11,4,15,GUANAJUATO,3173,2,URBANO(A)
11,4,15,GUANAJUATO,3174,2,URBANO(A)
11,4,15,GUANAJUATO,3175,2,URBANO(A)
11,4,15,GUANAJUATO,3176,4,RURAL
11,4,15,GUANAJUATO,3177,2,URBANO(A)
11,4,15,GUANAJUATO,3178,2,URBANO(A)
11,15,17,IRAPUATO,3179,2,URBANO(A)
11,2,32,SAN JOSE ITURBIDE,3180,2,URBANO(A)
11,2,32,SAN JOSE ITURBIDE,3181,2,URBANO(A)
11,3,20,LEON,3182,2,URBANO(A)
11,3,20,LEON,3183,2,URBANO(A)
11,3,20,LEON,3184,2,URBANO(A)
11,3,20,LEON,3185,2,URBANO(A)
11,3,20,LEON,3186,2,URBANO(A)
11,3,20,LEON,3187,2,URBANO(A)
11,3,20,LEON,3188,2,URBANO(A)
11,3,20,LEON,3189,2,URBANO(A)
11,5,20,LEON,3190,2,URBANO(A)
11,5,20,LEON,3191,2,URBANO(A)
11,5,20,LEON,3192,2,URBANO(A)
11,5,20,LEON,3193,2,URBANO(A)
11,5,20,LEON,3194,2,URBANO(A)
11,5,20,LEON,3195,2,URBANO(A)
11,5,20,LEON,3196,2,URBANO(A)
11,5,20,LEON,3197,2,URBANO(A)
11,5,20,LEON,3198,2,URBANO(A)
11,5,20,LEON,3199,2,URBANO(A)
11,8,27,SALAMANCA,3200,2,URBANO(A)
11,8,27,SALAMANCA,3201,2,URBANO(A)
11,8,44,VILLAGRAN,3202,2,URBANO(A)
11,8,44,VILLAGRAN,3203,2,URBANO(A)
11,11,20,LEON,3204,2,URBANO(A)
11,11,20,LEON,3205,2,URBANO(A)
11,11,20,LEON,3206,2,URBANO(A)
11,11,20,LEON,3207,2,URBANO(A)
11,11,20,LEON,3208,2,URBANO(A)
11,11,20,LEON,3209,2,URBANO(A)
11,11,20,LEON,3210,2,URBANO(A)
11,11,20,LEON,3211,2,URBANO(A)
11,2,3,SAN MIGUEL DE ALLENDE,3212,4,RURAL
11,2,3,SAN MIGUEL DE ALLENDE,3213,3,MIXTO(A)
11,2,3,SAN MIGUEL DE ALLENDE,3214,2,URBANO(A)
11,3,20,LEON,3215,2,URBANO(A)
11,3,20,LEON,3216,2,URBANO(A)
11,3,20,LEON,3217,2,URBANO(A)
11,3,20,LEON,3218,2,URBANO(A)
11,5,20,LEON,3219,2,URBANO(A)
11,5,20,LEON,3220,2,URBANO(A)
11,5,20,LEON,3221,3,MIXTO(A)
11,5,20,LEON,3222,2,URBANO(A)
11,5,20,LEON,3223,3,MIXTO(A)
11,6,20,LEON,3224,3,MIXTO(A)
11,6,20,LEON,3225,2,URBANO(A)
11,6,20,LEON,3226,3,MIXTO(A)
11,6,20,LEON,3227,3,MIXTO(A)
11,6,20,LEON,3228,2,URBANO(A)
11,6,20,LEON,3229,2,URBANO(A)
11,6,20,LEON,3230,3,MIXTO(A)
11,7,31,SAN FRANCISCO DEL RINCON,3231,2,URBANO(A)
11,7,31,SAN FRANCISCO DEL RINCON,3232,2,URBANO(A)
11,7,31,SAN FRANCISCO DEL RINCON,3233,2,URBANO(A)
11,7,31,SAN FRANCISCO DEL RINCON,3234,2,URBANO(A)
11,8,27,SALAMANCA,3235,2,URBANO(A)
11,8,27,SALAMANCA,3236,2,URBANO(A)
11,8,27,SALAMANCA,3237,2,URBANO(A)
11,8,27,SALAMANCA,3238,2,URBANO(A)
11,15,17,IRAPUATO,3239,2,URBANO(A)
11,15,17,IRAPUATO,3240,2,URBANO(A)
11,15,17,IRAPUATO,3241,2,URBANO(A)
11,15,17,IRAPUATO,3242,2,URBANO(A)
11,11,20,LEON,3243,2,URBANO(A)
11,11,20,LEON,3244,2,URBANO(A)
11,11,20,LEON,3245,2,URBANO(A)
11,11,20,LEON,3246,2,URBANO(A)
11,11,20,LEON,3247,2,URBANO(A)
11,11,20,LEON,3248,2,URBANO(A)
11,11,20,LEON,3249,2,URBANO(A)
11,12,7,CELAYA,3250,2,URBANO(A)
11,12,7,CELAYA,3251,2,URBANO(A)
11,12,7,CELAYA,3252,2,URBANO(A)
11,12,7,CELAYA,3253,2,URBANO(A)
11,12,7,CELAYA,3254,2,URBANO(A)
11,12,7,CELAYA,3255,2,URBANO(A)
11,12,7,CELAYA,3256,2,URBANO(A)
11,15,17,IRAPUATO,3257,2,URBANO(A)
11,15,17,IRAPUATO,3258,2,URBANO(A)
11,15,17,IRAPUATO,3259,2,URBANO(A)
11,15,17,IRAPUATO,3260,2,URBANO(A)
11,15,17,IRAPUATO,3261,2,URBANO(A)
11,15,17,IRAPUATO,3262,2,URBANO(A)
11,15,17,IRAPUATO,3263,2,URBANO(A)
11,15,17,IRAPUATO,3264,2,URBANO(A)
11,15,17,IRAPUATO,3265,2,URBANO(A)
11,15,17,IRAPUATO,3266,2,URBANO(A)
11,15,17,IRAPUATO,3267,2,URBANO(A)
11,4,15,GUANAJUATO,3268,2,URBANO(A)
11,4,15,GUANAJUATO,3269,4,RURAL
11,6,20,LEON,3270,4,RURAL
11,6,20,LEON,3271,4,RURAL
11,13,42,VALLE DE SANTIAGO,3272,4,RURAL
11,13,42,VALLE DE SANTIAGO,3273,4,RURAL
11,13,42,VALLE DE SANTIAGO,3274,2,URBANO(A)
11,14,5,APASEO EL GRANDE,3275,4,RURAL
11,14,5,APASEO EL GRANDE,3276,4,RURAL
11,14,5,APASEO EL GRANDE,3277,4,RURAL
11,11,20,LEON,3278,2,URBANO(A)
11,11,20,LEON,3279,2,URBANO(A)
11,11,20,LEON,3280,2,URBANO(A)
11,11,20,LEON,3281,2,URBANO(A)
11,11,20,LEON,3282,2,URBANO(A)
11,11,20,LEON,3283,2,URBANO(A)
11,11,20,LEON,3284,2,URBANO(A)
11,11,20,LEON,3285,2,URBANO(A)
11,11,20,LEON,3286,2,URBANO(A)
11,11,20,LEON,3287,2,URBANO(A)
11,11,20,LEON,3288,2,URBANO(A)
11,11,20,LEON,3289,2,URBANO(A)
11,12,7,CELAYA,3290,2,URBANO(A)
11,12,7,CELAYA,3291,2,URBANO(A)
11,12,7,CELAYA,3292,2,URBANO(A)
11,12,7,CELAYA,3293,2,URBANO(A)
11,12,7,CELAYA,3294,2,URBANO(A)
11,12,7,CELAYA,3295,2,URBANO(A)
11,12,7,CELAYA,3296,2,URBANO(A)
11,12,7,CELAYA,3297,2,URBANO(A)
11,12,7,CELAYA,3298,2,URBANO(A)
11,12,7,CELAYA,3299,2,URBANO(A)
11,15,17,IRAPUATO,3300,2,URBANO(A)
11,15,17,IRAPUATO,3301,2,URBANO(A)
11,15,17,IRAPUATO,3302,2,URBANO(A)
11,15,17,IRAPUATO,3303,2,URBANO(A)
11,15,17,IRAPUATO,3304,2,URBANO(A)
11,15,17,IRAPUATO,3305,2,URBANO(A)
11,15,17,IRAPUATO,3306,2,URBANO(A)
11,15,17,IRAPUATO,3307,2,URBANO(A)
11,15,17,IRAPUATO,3308,2,URBANO(A)
11,15,17,IRAPUATO,3309,2,URBANO(A)
11,15,17,IRAPUATO,3310,2,URBANO(A)
11,15,17,IRAPUATO,3311,2,URBANO(A)
11,15,17,IRAPUATO,3312,2,URBANO(A)
11,15,17,IRAPUATO,3313,2,URBANO(A)
11,1,33,SAN LUIS DE LA PAZ,3314,2,URBANO(A)
11,1,33,SAN LUIS DE LA PAZ,3315,2,URBANO(A)
11,1,33,SAN LUIS DE LA PAZ,3316,2,URBANO(A)
11,1,33,SAN LUIS DE LA PAZ,3317,2,URBANO(A)
11,1,33,SAN LUIS DE LA PAZ,3318,2,URBANO(A)
11,3,20,LEON,3319,2,URBANO(A)
11,3,20,LEON,3320,2,URBANO(A)
11,3,20,LEON,3321,2,URBANO(A)
11,3,20,LEON,3322,2,URBANO(A)
11,3,20,LEON,3323,2,URBANO(A)
11,3,20,LEON,3324,2,URBANO(A)
11,3,20,LEON,3325,2,URBANO(A)
11,3,20,LEON,3326,2,URBANO(A)
11,3,20,LEON,3327,2,URBANO(A)
11,3,20,LEON,3328,2,URBANO(A)
11,3,20,LEON,3329,2,URBANO(A)
11,3,20,LEON,3330,2,URBANO(A)
11,3,20,LEON,3331,2,URBANO(A)
11,3,20,LEON,3332,2,URBANO(A)
11,3,20,LEON,3333,2,URBANO(A)
11,3,20,LEON,3334,2,URBANO(A)
11,5,20,LEON,3335,3,MIXTO(A)
11,5,20,LEON,3336,4,RURAL
11,5,20,LEON,3337,2,URBANO(A)
11,5,20,LEON,3338,2,URBANO(A)
11,5,20,LEON,3339,2,URBANO(A)
11,5,20,LEON,3340,2,URBANO(A)
11,5,20,LEON,3341,2,URBANO(A)
11,5,20,LEON,3342,2,URBANO(A)
11,5,20,LEON,3343,2,URBANO(A)
11,5,20,LEON,3344,2,URBANO(A)
11,5,20,LEON,3345,2,URBANO(A)
11,5,20,LEON,3346,2,URBANO(A)
11,5,20,LEON,3347,2,URBANO(A)
11,5,20,LEON,3348,2,URBANO(A)
11,5,20,LEON,3349,2,URBANO(A)
11,5,20,LEON,3350,2,URBANO(A)
11,5,20,LEON,3351,2,URBANO(A)
11,5,20,LEON,3352,2,URBANO(A)
11,5,20,LEON,3353,2,URBANO(A)
11,5,20,LEON,3354,2,URBANO(A)
11,5,20,LEON,3355,2,URBANO(A)
11,5,20,LEON,3356,2,URBANO(A)
11,5,20,LEON,3357,2,URBANO(A)
11,5,20,LEON,3358,2,URBANO(A)
11,6,20,LEON,3359,2,URBANO(A)
11,6,20,LEON,3360,3,MIXTO(A)
11,6,20,LEON,3361,2,URBANO(A)
11,6,20,LEON,3362,2,URBANO(A)
11,6,20,LEON,3363,2,URBANO(A)
11,6,20,LEON,3364,3,MIXTO(A)
11,6,20,LEON,3365,2,URBANO(A)
11,6,20,LEON,3366,3,MIXTO(A)
11,6,20,LEON,3367,4,RURAL
11,6,20,LEON,3368,4,RURAL
11,6,20,LEON,3369,4,RURAL
11,6,20,LEON,3370,4,RURAL
11,6,20,LEON,3371,4,RURAL
11,6,20,LEON,3372,4,RURAL
11,9,17,IRAPUATO,3373,2,URBANO(A)
11,9,17,IRAPUATO,3374,2,URBANO(A)
11,9,17,IRAPUATO,3375,2,URBANO(A)
11,9,17,IRAPUATO,3376,2,URBANO(A)
11,9,37,SILAO DE LA VICTORIA,3377,3,MIXTO(A)
11,9,37,SILAO DE LA VICTORIA,3378,2,URBANO(A)
11,9,37,SILAO DE LA VICTORIA,3379,2,URBANO(A)
11,9,37,SILAO DE LA VICTORIA,3380,2,URBANO(A)
11,9,37,SILAO DE LA VICTORIA,3381,3,MIXTO(A)
11,9,37,SILAO DE LA VICTORIA,3382,3,MIXTO(A)
11,9,37,SILAO DE LA VICTORIA,3383,2,URBANO(A)
11,11,20,LEON,3384,2,URBANO(A)
11,11,20,LEON,3385,2,URBANO(A)
11,11,20,LEON,3386,2,URBANO(A)
11,11,20,LEON,3387,2,URBANO(A)
11,11,20,LEON,3388,2,URBANO(A)
11,11,20,LEON,3389,2,URBANO(A)
11,11,20,LEON,3390,2,URBANO(A)
11,11,20,LEON,3391,2,URBANO(A)
11,11,20,LEON,3392,2,URBANO(A)
11,11,20,LEON,3393,2,URBANO(A)
11,11,20,LEON,3394,2,URBANO(A)
11,11,20,LEON,3395,2,URBANO(A)
11,11,20,LEON,3396,2,URBANO(A)
11,11,20,LEON,3397,2,URBANO(A)
11,11,20,LEON,3398,2,URBANO(A)
11,11,20,LEON,3399,2,URBANO(A)
11,12,7,CELAYA,3400,2,URBANO(A)
11,12,7,CELAYA,3401,2,URBANO(A)
11,12,7,CELAYA,3402,2,URBANO(A)
11,12,7,CELAYA,3403,2,URBANO(A)
11,12,7,CELAYA,3404,2,URBANO(A)
11,12,7,CELAYA,3405,3,MIXTO(A)
11,12,7,CELAYA,3406,3,MIXTO(A)
11,12,7,CELAYA,3407,2,URBANO(A)
11,12,7,CELAYA,3408,3,MIXTO(A)
11,12,7,CELAYA,3409,2,URBANO(A)
11,12,7,CELAYA,3410,2,URBANO(A)
11,12,7,CELAYA,3411,4,RURAL
11,12,7,CELAYA,3412,2,URBANO(A)
11,12,7,CELAYA,3413,2,URBANO(A)
11,12,7,CELAYA,3414,2,URBANO(A)
11,12,7,CELAYA,3415,2,URBANO(A)
11,12,7,CELAYA,3416,2,URBANO(A)
11,12,7,CELAYA,3417,2,URBANO(A)
11,15,17,IRAPUATO,3418,2,URBANO(A)
11,15,17,IRAPUATO,3419,2,URBANO(A)
11,15,17,IRAPUATO,3420,2,URBANO(A)
11,15,17,IRAPUATO,3421,2,URBANO(A)
11,15,17,IRAPUATO,3422,2,URBANO(A)
