ENTIDAD,DISTRITO,MUNICIPIO,NOMBRE_MUNICIPIO,SECCION,TIPO_SECCION,TIPO_NOMBRE
19,13,1,ABASOLO,1,3,MIXTO(A)
19,13,1,ABASOLO,2,3,MIXTO(A)
19,13,2,AGUALEGUAS,3,3,MIXTO(A)
19,13,2,AGUALEGUAS,4,3,MIXTO(A)
19,13,2,AGUALEGUAS,5,3,MIXTO(A)
19,13,2,AGUALEGUAS,6,2,URBANO(A)
19,13,2,AGUALEGUAS,7,4,RURAL
19,13,2,AGUALEGUAS,8,4,RURAL
19,13,2,AGUALEGUAS,9,4,RURAL
19,13,2,AGUALEGUAS,10,4,RURAL
19,13,2,AGUALEGUAS,11,4,RURAL
19,14,3,LOS ALDAMAS,12,2,URBANO(A)
19,14,3,LOS ALDAMAS,13,3,MIXTO(A)
19,14,3,LOS ALDAMAS,15,4,RURAL
19,14,3,LOS ALDAMAS,16,4,RURAL
19,14,3,LOS ALDAMAS,17,4,RURAL
19,9,4,ALLENDE,20,2,URBANO(A)
19,9,4,ALLENDE,21,2,URBANO(A)
19,9,4,ALLENDE,22,2,URBANO(A)
19,9,4,ALLENDE,23,2,URBANO(A)
19,9,4,ALLENDE,24,2,URBANO(A)
19,9,4,ALLENDE,25,2,URBANO(A)
19,9,4,ALLENDE,26,2,URBANO(A)
19,9,4,ALLENDE,27,2,URBANO(A)
19,9,4,ALLENDE,28,2,URBANO(A)
19,9,4,ALLENDE,29,3,MIXTO(A)
19,9,4,ALLENDE,30,2,URBANO(A)
19,9,4,ALLENDE,31,4,RURAL
19,9,4,ALLENDE,32,3,MIXTO(A)
19,9,4,ALLENDE,33,4,RURAL
19,9,4,ALLENDE,34,4,RURAL
19,9,4,ALLENDE,35,4,RURAL
19,9,4,ALLENDE,36,4,RURAL
19,9,4,ALLENDE,37,4,RURAL
19,9,4,ALLENDE,38,3,MIXTO(A)
19,13,5,ANAHUAC,39,2,URBANO(A)
19,13,5,ANAHUAC,40,2,URBANO(A)
19,13,5,ANAHUAC,41,2,URBANO(A)
19,13,5,ANAHUAC,42,2,URBANO(A)
19,13,5,ANAHUAC,43,3,MIXTO(A)
19,13,5,ANAHUAC,44,2,URBANO(A)
19,13,5,ANAHUAC,45,2,URBANO(A)
19,13,5,ANAHUAC,46,3,MIXTO(A)
19,13,5,ANAHUAC,47,2,URBANO(A)
19,13,5,ANAHUAC,48,3,MIXTO(A)
19,13,5,ANAHUAC,49,2,URBANO(A)
19,13,5,ANAHUAC,51,4,RURAL
19,13,5,ANAHUAC,52,4,RURAL
19,13,5,ANAHUAC,55,4,RURAL
19,13,5,ANAHUAC,57,4,RURAL
19,13,5,ANAHUAC,61,4,RURAL
19,2,6,APODACA,63,3,MIXTO(A)
19,2,6,APODACA,66,2,URBANO(A)
19,2,6,APODACA,69,2,URBANO(A)
19,2,6,APODACA,70,2,URBANO(A)
19,2,6,APODACA,71,2,URBANO(A)
19,2,6,APODACA,72,2,URBANO(A)
19,2,6,APODACA,73,2,URBANO(A)
19,2,6,APODACA,74,2,URBANO(A)
19,2,6,APODACA,75,2,URBANO(A)
19,2,6,APODACA,76,2,URBANO(A)
19,2,6,APODACA,78,2,URBANO(A)
19,2,6,APODACA,79,2,URBANO(A)
19,2,6,APODACA,80,2,URBANO(A)
19,2,6,APODACA,81,2,URBANO(A)
19,2,6,APODACA,82,2,URBANO(A)
19,2,6,APODACA,83,2,URBANO(A)
19,2,6,APODACA,85,2,URBANO(A)
19,2,6,APODACA,86,2,URBANO(A)
19,2,6,APODACA,87,2,URBANO(A)
19,2,6,APODACA,88,2,URBANO(A)
19,2,6,APODACA,89,2,URBANO(A)
19,2,6,APODACA,90,2,URBANO(A)
19,2,6,APODACA,91,2,URBANO(A)
19,2,6,APODACA,92,2,URBANO(A)
19,2,6,APODACA,93,2,URBANO(A)
19,2,6,APODACA,94,2,URBANO(A)
19,2,6,APODACA,95,2,URBANO(A)
19,2,6,APODACA,96,2,URBANO(A)
19,2,6,APODACA,97,2,URBANO(A)
19,2,6,APODACA,98,2,URBANO(A)
19,2,6,APODACA,99,2,URBANO(A)
19,2,6,APODACA,100,2,URBANO(A)
19,2,6,APODACA,103,2,URBANO(A)
19,2,6,APODACA,104,2,URBANO(A)
19,2,6,APODACA,105,2,URBANO(A)
19,2,6,APODACA,106,2,URBANO(A)
19,2,6,APODACA,107,2,URBANO(A)
19,2,6,APODACA,109,2,URBANO(A)
19,2,6,APODACA,110,3,MIXTO(A)
19,2,6,APODACA,111,2,URBANO(A)
19,2,6,APODACA,112,2,URBANO(A)
19,2,6,APODACA,113,2,URBANO(A)
19,2,6,APODACA,115,2,URBANO(A)
19,2,6,APODACA,116,2,URBANO(A)
19,2,6,APODACA,117,2,URBANO(A)
19,2,6,APODACA,118,2,URBANO(A)
19,2,6,APODACA,119,2,URBANO(A)
19,2,6,APODACA,120,2,URBANO(A)
19,2,6,APODACA,121,2,URBANO(A)
19,2,6,APODACA,122,2,URBANO(A)
19,2,6,APODACA,123,2,URBANO(A)
19,2,6,APODACA,125,2,URBANO(A)
19,2,6,APODACA,126,2,URBANO(A)
19,2,6,APODACA,127,2,URBANO(A)
19,2,6,APODACA,128,2,URBANO(A)
19,8,6,APODACA,131,2,URBANO(A)
19,2,6,APODACA,132,2,URBANO(A)
19,2,6,APODACA,133,2,URBANO(A)
19,8,6,APODACA,134,2,URBANO(A)
19,8,6,APODACA,135,2,URBANO(A)
19,8,6,APODACA,136,2,URBANO(A)
19,8,6,APODACA,137,2,URBANO(A)
19,8,6,APODACA,138,2,URBANO(A)
19,8,6,APODACA,139,2,URBANO(A)
19,8,6,APODACA,140,2,URBANO(A)
19,8,6,APODACA,143,2,URBANO(A)
19,8,6,APODACA,145,2,URBANO(A)
19,8,6,APODACA,146,2,URBANO(A)
19,8,6,APODACA,147,2,URBANO(A)
19,8,6,APODACA,148,2,URBANO(A)
19,9,7,ARAMBERRI,151,3,MIXTO(A)
19,9,7,ARAMBERRI,152,3,MIXTO(A)
19,9,7,ARAMBERRI,153,4,RURAL
19,9,7,ARAMBERRI,154,4,RURAL
19,9,7,ARAMBERRI,155,4,RURAL
19,9,7,ARAMBERRI,156,2,URBANO(A)
19,9,7,ARAMBERRI,157,2,URBANO(A)
19,9,7,ARAMBERRI,158,3,MIXTO(A)
19,9,7,ARAMBERRI,159,4,RURAL
19,9,7,ARAMBERRI,160,4,RURAL
19,9,7,ARAMBERRI,161,4,RURAL
19,9,7,ARAMBERRI,162,4,RURAL
19,9,7,ARAMBERRI,163,4,RURAL
19,9,7,ARAMBERRI,164,4,RURAL
19,9,7,ARAMBERRI,165,4,RURAL
19,9,7,ARAMBERRI,166,4,RURAL
19,9,7,ARAMBERRI,167,4,RURAL
19,13,8,BUSTAMANTE,168,3,MIXTO(A)
19,13,8,BUSTAMANTE,169,3,MIXTO(A)
19,13,8,BUSTAMANTE,170,3,MIXTO(A)
19,13,8,BUSTAMANTE,171,3,MIXTO(A)
19,14,9,CADEREYTA JIMENEZ,172,3,MIXTO(A)
19,14,9,CADEREYTA JIMENEZ,173,2,URBANO(A)
19,14,9,CADEREYTA JIMENEZ,174,2,URBANO(A)
19,14,9,CADEREYTA JIMENEZ,175,2,URBANO(A)
19,14,9,CADEREYTA JIMENEZ,176,3,MIXTO(A)
19,14,9,CADEREYTA JIMENEZ,177,2,URBANO(A)
19,14,9,CADEREYTA JIMENEZ,178,2,URBANO(A)
19,14,9,CADEREYTA JIMENEZ,179,2,URBANO(A)
19,14,9,CADEREYTA JIMENEZ,180,2,URBANO(A)
19,14,9,CADEREYTA JIMENEZ,181,2,URBANO(A)
19,14,9,CADEREYTA JIMENEZ,182,2,URBANO(A)
19,14,9,CADEREYTA JIMENEZ,184,2,URBANO(A)
19,14,9,CADEREYTA JIMENEZ,185,2,URBANO(A)
19,14,9,CADEREYTA JIMENEZ,186,2,URBANO(A)
19,14,9,CADEREYTA JIMENEZ,187,2,URBANO(A)
19,14,9,CADEREYTA JIMENEZ,188,2,URBANO(A)
19,14,9,CADEREYTA JIMENEZ,189,2,URBANO(A)
19,14,9,CADEREYTA JIMENEZ,190,2,URBANO(A)
19,14,9,CADEREYTA JIMENEZ,192,4,RURAL
19,14,9,CADEREYTA JIMENEZ,193,2,URBANO(A)
19,14,9,CADEREYTA JIMENEZ,194,2,URBANO(A)
19,14,9,CADEREYTA JIMENEZ,195,4,RURAL
19,14,9,CADEREYTA JIMENEZ,196,3,MIXTO(A)
19,14,9,CADEREYTA JIMENEZ,197,3,MIXTO(A)
19,14,9,CADEREYTA JIMENEZ,198,2,URBANO(A)
19,14,9,CADEREYTA JIMENEZ,199,3,MIXTO(A)
19,14,9,CADEREYTA JIMENEZ,200,4,RURAL
19,14,9,CADEREYTA JIMENEZ,201,4,RURAL
19,14,9,CADEREYTA JIMENEZ,202,4,RURAL
19,14,9,CADEREYTA JIMENEZ,203,4,RURAL
19,14,9,CADEREYTA JIMENEZ,204,4,RURAL
19,14,9,CADEREYTA JIMENEZ,205,4,RURAL
19,14,9,CADEREYTA JIMENEZ,206,4,RURAL
19,14,9,CADEREYTA JIMENEZ,207,4,RURAL
19,14,9,CADEREYTA JIMENEZ,208,4,RURAL
19,14,9,CADEREYTA JIMENEZ,209,4,RURAL
19,14,9,CADEREYTA JIMENEZ,210,4,RURAL
19,14,9,CADEREYTA JIMENEZ,211,4,RURAL
19,14,9,CADEREYTA JIMENEZ,212,4,RURAL
19,14,9,CADEREYTA JIMENEZ,213,4,RURAL
19,14,9,CADEREYTA JIMENEZ,214,4,RURAL
19,14,9,CADEREYTA JIMENEZ,215,4,RURAL
19,14,9,CADEREYTA JIMENEZ,216,4,RURAL
19,14,9,CADEREYTA JIMENEZ,217,4,RURAL
19,13,10,CARMEN,219,2,URBANO(A)
19,14,11,CERRALVO,221,3,MIXTO(A)
19,14,11,CERRALVO,222,3,MIXTO(A)
19,14,11,CERRALVO,223,2,URBANO(A)
19,14,11,CERRALVO,224,2,URBANO(A)
19,14,11,CERRALVO,225,2,URBANO(A)
19,14,11,CERRALVO,226,3,MIXTO(A)
19,14,11,CERRALVO,228,4,RURAL
19,14,11,CERRALVO,230,4,RURAL
19,13,12,CIENEGA DE FLORES,233,2,URBANO(A)
19,13,12,CIENEGA DE FLORES,234,2,URBANO(A)
19,13,12,CIENEGA DE FLORES,236,4,RURAL
19,14,13,CHINA,237,3,MIXTO(A)
19,14,13,CHINA,238,3,MIXTO(A)
19,14,13,CHINA,239,2,URBANO(A)
19,14,13,CHINA,240,2,URBANO(A)
19,14,13,CHINA,241,2,URBANO(A)
19,14,13,CHINA,242,2,URBANO(A)
19,14,13,CHINA,243,3,MIXTO(A)
19,14,13,CHINA,244,2,URBANO(A)
19,14,13,CHINA,245,3,MIXTO(A)
19,14,13,CHINA,247,4,RURAL
19,14,13,CHINA,253,4,RURAL
19,14,13,CHINA,256,4,RURAL
19,9,14,DR. ARROYO,257,3,MIXTO(A)
19,9,14,DR. ARROYO,258,3,MIXTO(A)
19,9,14,DR. ARROYO,259,2,URBANO(A)
19,9,14,DR. ARROYO,260,2,URBANO(A)
19,9,14,DR. ARROYO,261,2,URBANO(A)
19,9,14,DR. ARROYO,262,3,MIXTO(A)
19,9,14,DR. ARROYO,263,3,MIXTO(A)
19,9,14,DR. ARROYO,264,4,RURAL
19,9,14,DR. ARROYO,265,4,RURAL
19,9,14,DR. ARROYO,266,4,RURAL
19,9,14,DR. ARROYO,267,4,RURAL
19,9,14,DR. ARROYO,268,4,RURAL
19,9,14,DR. ARROYO,269,4,RURAL
19,9,14,DR. ARROYO,270,4,RURAL
19,9,14,DR. ARROYO,271,4,RURAL
19,9,14,DR. ARROYO,272,4,RURAL
19,9,14,DR. ARROYO,273,4,RURAL
19,9,14,DR. ARROYO,274,4,RURAL
19,9,14,DR. ARROYO,275,4,RURAL
19,9,14,DR. ARROYO,276,4,RURAL
19,9,14,DR. ARROYO,277,4,RURAL
19,9,14,DR. ARROYO,278,4,RURAL
19,9,14,DR. ARROYO,279,4,RURAL
19,9,14,DR. ARROYO,280,4,RURAL
19,9,14,DR. ARROYO,281,4,RURAL
19,9,14,DR. ARROYO,282,4,RURAL
19,9,14,DR. ARROYO,283,4,RURAL
19,9,14,DR. ARROYO,284,4,RURAL
19,9,14,DR. ARROYO,285,4,RURAL
19,9,14,DR. ARROYO,286,4,RURAL
19,9,14,DR. ARROYO,287,4,RURAL
19,9,14,DR. ARROYO,288,4,RURAL
19,9,14,DR. ARROYO,289,4,RURAL
19,9,14,DR. ARROYO,290,4,RURAL
19,9,14,DR. ARROYO,291,4,RURAL
19,9,14,DR. ARROYO,292,4,RURAL
19,9,14,DR. ARROYO,293,4,RURAL
19,14,15,DR. COSS,294,3,MIXTO(A)
19,14,15,DR. COSS,295,3,MIXTO(A)
19,14,15,DR. COSS,296,4,RURAL
19,14,15,DR. COSS,299,4,RURAL
19,14,15,DR. COSS,300,4,RURAL
19,14,15,DR. COSS,301,4,RURAL
19,14,15,DR. COSS,303,4,RURAL
19,14,15,DR. COSS,304,4,RURAL
19,14,16,DR. GONZALEZ,305,3,MIXTO(A)
19,14,16,DR. GONZALEZ,306,2,URBANO(A)
19,14,16,DR. GONZALEZ,307,4,RURAL
19,14,16,DR. GONZALEZ,308,4,RURAL
19,9,17,GALEANA,309,2,URBANO(A)
19,9,17,GALEANA,310,2,URBANO(A)
19,9,17,GALEANA,311,2,URBANO(A)
19,9,17,GALEANA,312,4,RURAL
19,9,17,GALEANA,313,4,RURAL
19,9,17,GALEANA,314,4,RURAL
19,9,17,GALEANA,315,4,RURAL
19,9,17,GALEANA,316,4,RURAL
19,9,17,GALEANA,317,4,RURAL
19,9,17,GALEANA,318,3,MIXTO(A)
19,9,17,GALEANA,319,4,RURAL
19,9,17,GALEANA,320,4,RURAL
19,9,17,GALEANA,321,4,RURAL
19,9,17,GALEANA,322,2,URBANO(A)
19,9,17,GALEANA,323,4,RURAL
19,9,17,GALEANA,324,4,RURAL
19,9,17,GALEANA,325,4,RURAL
19,9,17,GALEANA,326,4,RURAL
19,9,17,GALEANA,327,4,RURAL
19,9,17,GALEANA,328,2,URBANO(A)
19,9,17,GALEANA,329,3,MIXTO(A)
19,9,17,GALEANA,330,4,RURAL
19,9,17,GALEANA,331,4,RURAL
19,9,17,GALEANA,332,4,RURAL
19,9,17,GALEANA,333,4,RURAL
19,9,17,GALEANA,334,4,RURAL
19,9,17,GALEANA,335,4,RURAL
19,9,17,GALEANA,336,3,MIXTO(A)
19,9,17,GALEANA,337,4,RURAL
19,9,17,GALEANA,338,4,RURAL
19,9,17,GALEANA,339,4,RURAL
19,9,17,GALEANA,340,4,RURAL
19,9,17,GALEANA,341,4,RURAL
19,9,17,GALEANA,342,4,RURAL
19,9,17,GALEANA,343,4,RURAL
19,9,17,GALEANA,344,4,RURAL
19,9,17,GALEANA,345,4,RURAL
19,7,18,GARCIA,348,2,URBANO(A)
19,7,18,GARCIA,349,2,URBANO(A)
19,7,18,GARCIA,350,2,URBANO(A)
19,7,18,GARCIA,352,4,RURAL
19,7,18,GARCIA,354,4,RURAL
19,7,18,GARCIA,355,4,RURAL
19,1,19,SAN PEDRO GARZA GARCIA,356,2,URBANO(A)
19,1,19,SAN PEDRO GARZA GARCIA,357,2,URBANO(A)
19,1,19,SAN PEDRO GARZA GARCIA,358,2,URBANO(A)
19,1,19,SAN PEDRO GARZA GARCIA,359,2,URBANO(A)
19,1,19,SAN PEDRO GARZA GARCIA,360,2,URBANO(A)
19,1,19,SAN PEDRO GARZA GARCIA,361,2,URBANO(A)
19,1,19,SAN PEDRO GARZA GARCIA,362,2,URBANO(A)
19,1,19,SAN PEDRO GARZA GARCIA,363,2,URBANO(A)
19,1,19,SAN PEDRO GARZA GARCIA,364,2,URBANO(A)
19,1,19,SAN PEDRO GARZA GARCIA,365,2,URBANO(A)
19,1,19,SAN PEDRO GARZA GARCIA,366,2,URBANO(A)
19,1,19,SAN PEDRO GARZA GARCIA,367,2,URBANO(A)
19,1,19,SAN PEDRO GARZA GARCIA,368,2,URBANO(A)
19,1,19,SAN PEDRO GARZA GARCIA,369,2,URBANO(A)
19,1,19,SAN PEDRO GARZA GARCIA,370,2,URBANO(A)
19,1,19,SAN PEDRO GARZA GARCIA,371,2,URBANO(A)
19,1,19,SAN PEDRO GARZA GARCIA,372,2,URBANO(A)
19,1,19,SAN PEDRO GARZA GARCIA,373,2,URBANO(A)
19,1,19,SAN PEDRO GARZA GARCIA,374,2,URBANO(A)
19,1,19,SAN PEDRO GARZA GARCIA,375,2,URBANO(A)
19,1,19,SAN PEDRO GARZA GARCIA,376,2,URBANO(A)
19,1,19,SAN PEDRO GARZA GARCIA,377,2,URBANO(A)
19,1,19,SAN PEDRO GARZA GARCIA,378,2,URBANO(A)
19,1,19,SAN PEDRO GARZA GARCIA,379,2,URBANO(A)
19,1,19,SAN PEDRO GARZA GARCIA,380,2,URBANO(A)
19,1,19,SAN PEDRO GARZA GARCIA,381,2,URBANO(A)
19,1,19,SAN PEDRO GARZA GARCIA,382,2,URBANO(A)
19,1,19,SAN PEDRO GARZA GARCIA,383,2,URBANO(A)
19,1,19,SAN PEDRO GARZA GARCIA,384,2,URBANO(A)
19,1,19,SAN PEDRO GARZA GARCIA,385,2,URBANO(A)
19,1,19,SAN PEDRO GARZA GARCIA,386,2,URBANO(A)
19,1,19,SAN PEDRO GARZA GARCIA,387,2,URBANO(A)
19,1,19,SAN PEDRO GARZA GARCIA,388,2,URBANO(A)
19,1,19,SAN PEDRO GARZA GARCIA,389,2,URBANO(A)
19,1,19,SAN PEDRO GARZA GARCIA,390,2,URBANO(A)
19,1,19,SAN PEDRO GARZA GARCIA,391,2,URBANO(A)
19,1,19,SAN PEDRO GARZA GARCIA,392,2,URBANO(A)
19,1,19,SAN PEDRO GARZA GARCIA,393,2,URBANO(A)
19,1,19,SAN PEDRO GARZA GARCIA,394,2,URBANO(A)
19,1,19,SAN PEDRO GARZA GARCIA,395,2,URBANO(A)
19,1,19,SAN PEDRO GARZA GARCIA,396,2,URBANO(A)
19,1,19,SAN PEDRO GARZA GARCIA,397,2,URBANO(A)
19,1,19,SAN PEDRO GARZA GARCIA,398,2,URBANO(A)
19,1,19,SAN PEDRO GARZA GARCIA,399,2,URBANO(A)
19,1,19,SAN PEDRO GARZA GARCIA,400,2,URBANO(A)
19,1,19,SAN PEDRO GARZA GARCIA,401,2,URBANO(A)
19,1,19,SAN PEDRO GARZA GARCIA,402,2,URBANO(A)
19,1,19,SAN PEDRO GARZA GARCIA,403,2,URBANO(A)
19,1,19,SAN PEDRO GARZA GARCIA,404,2,URBANO(A)
19,1,19,SAN PEDRO GARZA GARCIA,405,2,URBANO(A)
19,1,19,SAN PEDRO GARZA GARCIA,406,2,URBANO(A)
19,1,19,SAN PEDRO GARZA GARCIA,407,2,URBANO(A)
19,1,19,SAN PEDRO GARZA GARCIA,408,2,URBANO(A)
19,1,19,SAN PEDRO GARZA GARCIA,409,2,URBANO(A)
19,1,19,SAN PEDRO GARZA GARCIA,410,2,URBANO(A)
19,1,19,SAN PEDRO GARZA GARCIA,411,2,URBANO(A)
19,1,19,SAN PEDRO GARZA GARCIA,412,2,URBANO(A)
19,1,19,SAN PEDRO GARZA GARCIA,413,2,URBANO(A)
19,1,19,SAN PEDRO GARZA GARCIA,414,2,URBANO(A)
19,1,19,SAN PEDRO GARZA GARCIA,415,2,URBANO(A)
19,1,19,SAN PEDRO GARZA GARCIA,416,2,URBANO(A)
19,1,19,SAN PEDRO GARZA GARCIA,417,2,URBANO(A)
19,14,20,GRAL. BRAVO,418,3,MIXTO(A)
19,14,20,GRAL. BRAVO,419,2,URBANO(A)
19,14,20,GRAL. BRAVO,420,2,URBANO(A)
19,14,20,GRAL. BRAVO,421,2,URBANO(A)
19,14,20,GRAL. BRAVO,422,3,MIXTO(A)
19,14,20,GRAL. BRAVO,423,4,RURAL
19,14,20,GRAL. BRAVO,426,4,RURAL
19,3,21,GRAL. ESCOBEDO,430,2,URBANO(A)
19,3,21,GRAL. ESCOBEDO,431,2,URBANO(A)
19,3,21,GRAL. ESCOBEDO,432,2,URBANO(A)
19,3,21,GRAL. ESCOBEDO,434,2,URBANO(A)
19,3,21,GRAL. ESCOBEDO,435,2,URBANO(A)
19,3,21,GRAL. ESCOBEDO,436,2,URBANO(A)
19,3,21,GRAL. ESCOBEDO,437,2,URBANO(A)
19,3,21,GRAL. ESCOBEDO,438,2,URBANO(A)
19,3,21,GRAL. ESCOBEDO,442,2,URBANO(A)
19,3,21,GRAL. ESCOBEDO,443,2,URBANO(A)
19,3,21,GRAL. ESCOBEDO,444,2,URBANO(A)
19,3,21,GRAL. ESCOBEDO,445,2,URBANO(A)
19,3,21,GRAL. ESCOBEDO,446,2,URBANO(A)
19,3,21,GRAL. ESCOBEDO,447,2,URBANO(A)
19,3,21,GRAL. ESCOBEDO,448,2,URBANO(A)
19,3,21,GRAL. ESCOBEDO,449,2,URBANO(A)
19,3,21,GRAL. ESCOBEDO,450,2,URBANO(A)
19,3,21,GRAL. ESCOBEDO,451,2,URBANO(A)
19,3,21,GRAL. ESCOBEDO,452,2,URBANO(A)
19,3,21,GRAL. ESCOBEDO,454,2,URBANO(A)
19,3,21,GRAL. ESCOBEDO,455,2,URBANO(A)
19,3,21,GRAL. ESCOBEDO,456,2,URBANO(A)
19,3,21,GRAL. ESCOBEDO,457,2,URBANO(A)
19,3,21,GRAL. ESCOBEDO,458,2,URBANO(A)
19,3,21,GRAL. ESCOBEDO,459,2,URBANO(A)
19,3,21,GRAL. ESCOBEDO,460,2,URBANO(A)
19,3,21,GRAL. ESCOBEDO,461,2,URBANO(A)
19,3,21,GRAL. ESCOBEDO,463,2,URBANO(A)
19,3,21,GRAL. ESCOBEDO,464,2,URBANO(A)
19,3,21,GRAL. ESCOBEDO,465,2,URBANO(A)
19,3,21,GRAL. ESCOBEDO,466,2,URBANO(A)
19,3,21,GRAL. ESCOBEDO,467,2,URBANO(A)
19,3,21,GRAL. ESCOBEDO,468,2,URBANO(A)
19,3,21,GRAL. ESCOBEDO,470,2,URBANO(A)
19,3,21,GRAL. ESCOBEDO,471,2,URBANO(A)
19,3,21,GRAL. ESCOBEDO,473,2,URBANO(A)
19,3,21,GRAL. ESCOBEDO,475,2,URBANO(A)
19,3,21,GRAL. ESCOBEDO,476,2,URBANO(A)
19,3,21,GRAL. ESCOBEDO,477,2,URBANO(A)
19,3,21,GRAL. ESCOBEDO,478,2,URBANO(A)
19,3,21,GRAL. ESCOBEDO,479,2,URBANO(A)
19,3,21,GRAL. ESCOBEDO,481,2,URBANO(A)
19,3,21,GRAL. ESCOBEDO,482,2,URBANO(A)
19,3,21,GRAL. ESCOBEDO,484,2,URBANO(A)
19,3,21,GRAL. ESCOBEDO,485,2,URBANO(A)
19,3,21,GRAL. ESCOBEDO,486,2,URBANO(A)
19,3,21,GRAL. ESCOBEDO,487,2,URBANO(A)
19,3,21,GRAL. ESCOBEDO,488,2,URBANO(A)
19,3,21,GRAL. ESCOBEDO,489,2,URBANO(A)
19,3,21,GRAL. ESCOBEDO,490,2,URBANO(A)
19,9,22,GRAL. TERAN,494,2,URBANO(A)
19,9,22,GRAL. TERAN,495,3,MIXTO(A)
19,9,22,GRAL. TERAN,496,2,URBANO(A)
19,9,22,GRAL. TERAN,497,3,MIXTO(A)
19,9,22,GRAL. TERAN,498,4,RURAL
19,9,22,GRAL. TERAN,502,4,RURAL
19,9,22,GRAL. TERAN,503,4,RURAL
19,9,22,GRAL. TERAN,504,4,RURAL
19,9,22,GRAL. TERAN,505,3,MIXTO(A)
19,9,22,GRAL. TERAN,506,4,RURAL
19,9,22,GRAL. TERAN,507,4,RURAL
19,9,22,GRAL. TERAN,508,3,MIXTO(A)
19,9,22,GRAL. TERAN,509,4,RURAL
19,9,22,GRAL. TERAN,513,4,RURAL
19,9,22,GRAL. TERAN,514,4,RURAL
19,14,23,GRAL. TREVIÑO,515,4,RURAL
19,14,23,GRAL. TREVIÑO,516,3,MIXTO(A)
19,14,23,GRAL. TREVIÑO,517,3,MIXTO(A)
19,9,24,GRAL. ZARAGOZA,518,3,MIXTO(A)
19,9,24,GRAL. ZARAGOZA,519,3,MIXTO(A)
19,9,24,GRAL. ZARAGOZA,520,4,RURAL
19,9,24,GRAL. ZARAGOZA,521,4,RURAL
19,9,24,GRAL. ZARAGOZA,522,4,RURAL
19,14,25,GRAL. ZUAZUA,523,3,MIXTO(A)
19,14,25,GRAL. ZUAZUA,524,3,MIXTO(A)
19,11,26,GUADALUPE,526,2,URBANO(A)
19,11,26,GUADALUPE,527,2,URBANO(A)
19,11,26,GUADALUPE,528,2,URBANO(A)
19,11,26,GUADALUPE,529,2,URBANO(A)
19,11,26,GUADALUPE,530,2,URBANO(A)
19,11,26,GUADALUPE,531,2,URBANO(A)
19,11,26,GUADALUPE,532,2,URBANO(A)
19,11,26,GUADALUPE,533,2,URBANO(A)
19,11,26,GUADALUPE,534,2,URBANO(A)
19,11,26,GUADALUPE,535,2,URBANO(A)
19,11,26,GUADALUPE,536,2,URBANO(A)
19,11,26,GUADALUPE,537,2,URBANO(A)
19,11,26,GUADALUPE,538,2,URBANO(A)
19,11,26,GUADALUPE,539,2,URBANO(A)
19,11,26,GUADALUPE,540,2,URBANO(A)
19,11,26,GUADALUPE,541,2,URBANO(A)
19,11,26,GUADALUPE,542,2,URBANO(A)
19,11,26,GUADALUPE,543,2,URBANO(A)
19,11,26,GUADALUPE,544,2,URBANO(A)
19,11,26,GUADALUPE,545,2,URBANO(A)
19,11,26,GUADALUPE,546,2,URBANO(A)
19,11,26,GUADALUPE,547,2,URBANO(A)
19,11,26,GUADALUPE,548,2,URBANO(A)
19,11,26,GUADALUPE,549,2,URBANO(A)
19,11,26,GUADALUPE,550,2,URBANO(A)
19,11,26,GUADALUPE,551,2,URBANO(A)
19,11,26,GUADALUPE,552,2,URBANO(A)
19,11,26,GUADALUPE,553,2,URBANO(A)
19,11,26,GUADALUPE,554,2,URBANO(A)
19,11,26,GUADALUPE,555,2,URBANO(A)
19,11,26,GUADALUPE,556,2,URBANO(A)
19,11,26,GUADALUPE,557,2,URBANO(A)
19,11,26,GUADALUPE,558,2,URBANO(A)
19,11,26,GUADALUPE,559,2,URBANO(A)
19,11,26,GUADALUPE,560,2,URBANO(A)
19,11,26,GUADALUPE,561,2,URBANO(A)
19,11,26,GUADALUPE,562,2,URBANO(A)
19,11,26,GUADALUPE,563,2,URBANO(A)
19,11,26,GUADALUPE,564,2,URBANO(A)
19,11,26,GUADALUPE,565,2,URBANO(A)
19,11,26,GUADALUPE,566,2,URBANO(A)
19,11,26,GUADALUPE,567,2,URBANO(A)
19,11,26,GUADALUPE,568,2,URBANO(A)
19,11,26,GUADALUPE,569,2,URBANO(A)
19,11,26,GUADALUPE,570,2,URBANO(A)
19,11,26,GUADALUPE,571,2,URBANO(A)
19,11,26,GUADALUPE,572,2,URBANO(A)
19,11,26,GUADALUPE,573,2,URBANO(A)
19,11,26,GUADALUPE,574,2,URBANO(A)
19,11,26,GUADALUPE,575,2,URBANO(A)
19,11,26,GUADALUPE,576,2,URBANO(A)
19,11,26,GUADALUPE,577,2,URBANO(A)
19,11,26,GUADALUPE,578,2,URBANO(A)
19,11,26,GUADALUPE,579,2,URBANO(A)
19,11,26,GUADALUPE,580,2,URBANO(A)
19,11,26,GUADALUPE,581,2,URBANO(A)
19,11,26,GUADALUPE,582,2,URBANO(A)
19,11,26,GUADALUPE,583,2,URBANO(A)
19,11,26,GUADALUPE,584,2,URBANO(A)
19,11,26,GUADALUPE,585,2,URBANO(A)
19,11,26,GUADALUPE,586,2,URBANO(A)
19,11,26,GUADALUPE,587,2,URBANO(A)
19,11,26,GUADALUPE,588,2,URBANO(A)
19,11,26,GUADALUPE,589,2,URBANO(A)
19,11,26,GUADALUPE,590,2,URBANO(A)
19,11,26,GUADALUPE,591,2,URBANO(A)
19,11,26,GUADALUPE,592,2,URBANO(A)
19,11,26,GUADALUPE,593,2,URBANO(A)
19,11,26,GUADALUPE,594,2,URBANO(A)
19,11,26,GUADALUPE,595,2,URBANO(A)
19,11,26,GUADALUPE,596,2,URBANO(A)
19,11,26,GUADALUPE,597,2,URBANO(A)
19,11,26,GUADALUPE,598,2,URBANO(A)
19,11,26,GUADALUPE,599,2,URBANO(A)
19,11,26,GUADALUPE,600,2,URBANO(A)
19,11,26,GUADALUPE,601,2,URBANO(A)
19,11,26,GUADALUPE,602,2,URBANO(A)
19,11,26,GUADALUPE,603,2,URBANO(A)
19,8,26,GUADALUPE,604,2,URBANO(A)
19,8,26,GUADALUPE,606,2,URBANO(A)
19,8,26,GUADALUPE,608,2,URBANO(A)
19,8,26,GUADALUPE,609,2,URBANO(A)
19,8,26,GUADALUPE,610,2,URBANO(A)
19,8,26,GUADALUPE,611,2,URBANO(A)
19,8,26,GUADALUPE,612,2,URBANO(A)
19,8,26,GUADALUPE,613,2,URBANO(A)
19,8,26,GUADALUPE,614,2,URBANO(A)
19,8,26,GUADALUPE,615,2,URBANO(A)
19,8,26,GUADALUPE,616,2,URBANO(A)
19,8,26,GUADALUPE,617,2,URBANO(A)
19,8,26,GUADALUPE,618,2,URBANO(A)
19,8,26,GUADALUPE,619,2,URBANO(A)
19,8,26,GUADALUPE,620,2,URBANO(A)
19,8,26,GUADALUPE,621,2,URBANO(A)
19,8,26,GUADALUPE,622,2,URBANO(A)
19,11,26,GUADALUPE,624,2,URBANO(A)
19,11,26,GUADALUPE,625,2,URBANO(A)
19,11,26,GUADALUPE,626,2,URBANO(A)
19,11,26,GUADALUPE,627,2,URBANO(A)
19,11,26,GUADALUPE,628,2,URBANO(A)
19,11,26,GUADALUPE,629,2,URBANO(A)
19,11,26,GUADALUPE,630,2,URBANO(A)
19,11,26,GUADALUPE,631,2,URBANO(A)
19,11,26,GUADALUPE,632,2,URBANO(A)
19,11,26,GUADALUPE,633,2,URBANO(A)
19,11,26,GUADALUPE,634,2,URBANO(A)
19,11,26,GUADALUPE,635,2,URBANO(A)
19,11,26,GUADALUPE,636,2,URBANO(A)
19,11,26,GUADALUPE,637,2,URBANO(A)
19,11,26,GUADALUPE,638,2,URBANO(A)
19,11,26,GUADALUPE,639,2,URBANO(A)
19,11,26,GUADALUPE,640,2,URBANO(A)
19,11,26,GUADALUPE,641,2,URBANO(A)
19,11,26,GUADALUPE,642,2,URBANO(A)
19,11,26,GUADALUPE,643,2,URBANO(A)
19,8,26,GUADALUPE,644,2,URBANO(A)
19,8,26,GUADALUPE,645,2,URBANO(A)
19,8,26,GUADALUPE,646,2,URBANO(A)
19,8,26,GUADALUPE,647,2,URBANO(A)
19,8,26,GUADALUPE,649,2,URBANO(A)
19,8,26,GUADALUPE,650,2,URBANO(A)
19,8,26,GUADALUPE,651,2,URBANO(A)
19,11,26,GUADALUPE,653,2,URBANO(A)
19,11,26,GUADALUPE,654,2,URBANO(A)
19,11,26,GUADALUPE,655,2,URBANO(A)
19,11,26,GUADALUPE,656,2,URBANO(A)
19,11,26,GUADALUPE,657,2,URBANO(A)
19,11,26,GUADALUPE,658,2,URBANO(A)
19,11,26,GUADALUPE,659,2,URBANO(A)
19,11,26,GUADALUPE,660,2,URBANO(A)
19,11,26,GUADALUPE,661,2,URBANO(A)
19,11,26,GUADALUPE,662,2,URBANO(A)
19,11,26,GUADALUPE,663,2,URBANO(A)
19,11,26,GUADALUPE,664,2,URBANO(A)
19,11,26,GUADALUPE,665,2,URBANO(A)
19,11,26,GUADALUPE,666,2,URBANO(A)
19,11,26,GUADALUPE,667,2,URBANO(A)
19,11,26,GUADALUPE,668,2,URBANO(A)
19,8,26,GUADALUPE,669,2,URBANO(A)
19,8,26,GUADALUPE,670,2,URBANO(A)
19,8,26,GUADALUPE,671,2,URBANO(A)
19,8,26,GUADALUPE,672,2,URBANO(A)
19,8,26,GUADALUPE,673,2,URBANO(A)
19,8,26,GUADALUPE,674,2,URBANO(A)
19,8,26,GUADALUPE,675,2,URBANO(A)
19,8,26,GUADALUPE,676,2,URBANO(A)
19,8,26,GUADALUPE,677,2,URBANO(A)
19,8,26,GUADALUPE,678,2,URBANO(A)
19,8,26,GUADALUPE,679,2,URBANO(A)
19,11,26,GUADALUPE,680,2,URBANO(A)
19,11,26,GUADALUPE,681,2,URBANO(A)
19,11,26,GUADALUPE,682,2,URBANO(A)
19,11,26,GUADALUPE,683,2,URBANO(A)
19,11,26,GUADALUPE,684,2,URBANO(A)
19,11,26,GUADALUPE,685,2,URBANO(A)
19,11,26,GUADALUPE,686,2,URBANO(A)
19,11,26,GUADALUPE,687,2,URBANO(A)
19,11,26,GUADALUPE,688,2,URBANO(A)
19,11,26,GUADALUPE,689,2,URBANO(A)
19,11,26,GUADALUPE,690,2,URBANO(A)
19,11,26,GUADALUPE,691,2,URBANO(A)
19,11,26,GUADALUPE,692,2,URBANO(A)
19,8,26,GUADALUPE,693,2,URBANO(A)
19,11,26,GUADALUPE,695,2,URBANO(A)
19,11,26,GUADALUPE,696,2,URBANO(A)
19,11,26,GUADALUPE,697,2,URBANO(A)
19,8,26,GUADALUPE,698,2,URBANO(A)
19,8,26,GUADALUPE,701,2,URBANO(A)
19,8,26,GUADALUPE,702,2,URBANO(A)
19,8,26,GUADALUPE,704,2,URBANO(A)
19,8,26,GUADALUPE,705,2,URBANO(A)
19,8,26,GUADALUPE,706,2,URBANO(A)
19,8,26,GUADALUPE,707,2,URBANO(A)
19,8,26,GUADALUPE,708,2,URBANO(A)
19,8,26,GUADALUPE,709,2,URBANO(A)
19,8,26,GUADALUPE,710,2,URBANO(A)
19,8,26,GUADALUPE,711,2,URBANO(A)
19,8,26,GUADALUPE,712,2,URBANO(A)
19,8,26,GUADALUPE,713,2,URBANO(A)
19,11,26,GUADALUPE,714,2,URBANO(A)
19,11,26,GUADALUPE,715,2,URBANO(A)
19,11,26,GUADALUPE,716,2,URBANO(A)
19,11,26,GUADALUPE,717,2,URBANO(A)
19,11,26,GUADALUPE,718,2,URBANO(A)
19,11,26,GUADALUPE,719,2,URBANO(A)
19,11,26,GUADALUPE,720,2,URBANO(A)
19,11,26,GUADALUPE,721,2,URBANO(A)
19,11,26,GUADALUPE,722,2,URBANO(A)
19,11,26,GUADALUPE,723,2,URBANO(A)
19,11,26,GUADALUPE,724,2,URBANO(A)
19,11,26,GUADALUPE,725,2,URBANO(A)
19,11,26,GUADALUPE,726,2,URBANO(A)
19,11,26,GUADALUPE,727,2,URBANO(A)
19,11,26,GUADALUPE,728,2,URBANO(A)
19,11,26,GUADALUPE,729,2,URBANO(A)
19,11,26,GUADALUPE,730,2,URBANO(A)
19,11,26,GUADALUPE,731,2,URBANO(A)
19,11,26,GUADALUPE,732,2,URBANO(A)
19,11,26,GUADALUPE,733,2,URBANO(A)
19,11,26,GUADALUPE,734,2,URBANO(A)
19,11,26,GUADALUPE,735,2,URBANO(A)
19,11,26,GUADALUPE,736,2,URBANO(A)
19,11,26,GUADALUPE,737,2,URBANO(A)
19,11,26,GUADALUPE,738,2,URBANO(A)
19,11,26,GUADALUPE,740,2,URBANO(A)
19,11,26,GUADALUPE,741,2,URBANO(A)
19,11,26,GUADALUPE,743,2,URBANO(A)
19,11,26,GUADALUPE,745,2,URBANO(A)
19,11,26,GUADALUPE,746,2,URBANO(A)
19,11,26,GUADALUPE,747,2,URBANO(A)
19,11,26,GUADALUPE,748,2,URBANO(A)
19,11,26,GUADALUPE,749,2,URBANO(A)
19,11,26,GUADALUPE,750,2,URBANO(A)
19,11,26,GUADALUPE,751,2,URBANO(A)
19,11,26,GUADALUPE,752,2,URBANO(A)
19,11,26,GUADALUPE,753,2,URBANO(A)
19,11,26,GUADALUPE,754,2,URBANO(A)
19,11,26,GUADALUPE,755,2,URBANO(A)
19,11,26,GUADALUPE,756,2,URBANO(A)
19,11,26,GUADALUPE,757,2,URBANO(A)
19,11,26,GUADALUPE,758,2,URBANO(A)
19,11,26,GUADALUPE,759,2,URBANO(A)
19,11,26,GUADALUPE,760,2,URBANO(A)
19,11,26,GUADALUPE,761,2,URBANO(A)
19,11,26,GUADALUPE,762,2,URBANO(A)
19,11,26,GUADALUPE,763,2,URBANO(A)
19,11,26,GUADALUPE,764,2,URBANO(A)
19,11,26,GUADALUPE,765,2,URBANO(A)
19,11,26,GUADALUPE,766,2,URBANO(A)
19,11,26,GUADALUPE,767,2,URBANO(A)
19,11,26,GUADALUPE,768,2,URBANO(A)
19,11,26,GUADALUPE,769,2,URBANO(A)
19,11,26,GUADALUPE,770,2,URBANO(A)
19,11,26,GUADALUPE,771,2,URBANO(A)
19,11,26,GUADALUPE,772,2,URBANO(A)
19,11,26,GUADALUPE,773,2,URBANO(A)
19,11,26,GUADALUPE,774,2,URBANO(A)
19,11,26,GUADALUPE,775,2,URBANO(A)
19,11,26,GUADALUPE,776,2,URBANO(A)
19,11,26,GUADALUPE,777,2,URBANO(A)
19,11,26,GUADALUPE,778,2,URBANO(A)
19,11,26,GUADALUPE,779,2,URBANO(A)
19,11,26,GUADALUPE,780,2,URBANO(A)
19,11,26,GUADALUPE,781,2,URBANO(A)
19,11,26,GUADALUPE,782,2,URBANO(A)
19,11,26,GUADALUPE,783,2,URBANO(A)
19,11,26,GUADALUPE,784,2,URBANO(A)
19,11,26,GUADALUPE,785,2,URBANO(A)
19,11,26,GUADALUPE,786,2,URBANO(A)
19,11,26,GUADALUPE,787,2,URBANO(A)
19,11,26,GUADALUPE,788,2,URBANO(A)
19,11,26,GUADALUPE,789,2,URBANO(A)
19,11,26,GUADALUPE,790,2,URBANO(A)
19,11,26,GUADALUPE,791,2,URBANO(A)
19,11,26,GUADALUPE,792,2,URBANO(A)
19,11,26,GUADALUPE,793,2,URBANO(A)
19,11,26,GUADALUPE,794,2,URBANO(A)
19,11,26,GUADALUPE,795,2,URBANO(A)
19,11,26,GUADALUPE,796,2,URBANO(A)
19,11,26,GUADALUPE,797,2,URBANO(A)
19,11,26,GUADALUPE,798,2,URBANO(A)
19,11,26,GUADALUPE,799,2,URBANO(A)
19,11,26,GUADALUPE,800,2,URBANO(A)
19,11,26,GUADALUPE,801,2,URBANO(A)
19,11,26,GUADALUPE,802,2,URBANO(A)
19,11,26,GUADALUPE,803,2,URBANO(A)
19,11,26,GUADALUPE,804,2,URBANO(A)
19,14,27,LOS HERRERAS,805,3,MIXTO(A)
19,14,27,LOS HERRERAS,806,2,URBANO(A)
19,14,27,LOS HERRERAS,807,3,MIXTO(A)
19,14,27,LOS HERRERAS,808,3,MIXTO(A)
19,14,27,LOS HERRERAS,809,4,RURAL
19,14,27,LOS HERRERAS,810,4,RURAL
19,13,28,HIDALGO,811,3,MIXTO(A)
19,13,28,HIDALGO,812,2,URBANO(A)
19,13,28,HIDALGO,813,3,MIXTO(A)
19,13,28,HIDALGO,814,2,URBANO(A)
19,13,28,HIDALGO,815,2,URBANO(A)
19,13,28,HIDALGO,816,2,URBANO(A)
19,13,28,HIDALGO,817,2,URBANO(A)
19,13,28,HIDALGO,818,2,URBANO(A)
19,13,28,HIDALGO,819,3,MIXTO(A)
19,14,29,HIGUERAS,820,3,MIXTO(A)
19,14,29,HIGUERAS,821,3,MIXTO(A)
19,9,30,HUALAHUISES,822,3,MIXTO(A)
19,9,30,HUALAHUISES,823,2,URBANO(A)
19,9,30,HUALAHUISES,824,3,MIXTO(A)
19,9,30,HUALAHUISES,825,3,MIXTO(A)
19,9,30,HUALAHUISES,826,2,URBANO(A)
19,9,30,HUALAHUISES,827,4,RURAL
19,9,30,HUALAHUISES,828,4,RURAL
19,9,30,HUALAHUISES,829,4,RURAL
19,9,30,HUALAHUISES,830,4,RURAL
19,9,31,ITURBIDE,831,3,MIXTO(A)
19,9,31,ITURBIDE,832,2,URBANO(A)
19,9,31,ITURBIDE,833,4,RURAL
19,9,31,ITURBIDE,834,4,RURAL
19,12,32,JUAREZ,835,2,URBANO(A)
19,12,32,JUAREZ,837,2,URBANO(A)
19,12,32,JUAREZ,838,2,URBANO(A)
19,12,32,JUAREZ,839,2,URBANO(A)
19,12,32,JUAREZ,841,2,URBANO(A)
19,12,32,JUAREZ,843,2,URBANO(A)
19,12,32,JUAREZ,846,2,URBANO(A)
19,12,32,JUAREZ,847,2,URBANO(A)
19,12,32,JUAREZ,848,2,URBANO(A)
19,12,32,JUAREZ,849,2,URBANO(A)
19,12,32,JUAREZ,851,4,RURAL
19,12,32,JUAREZ,852,4,RURAL
19,12,32,JUAREZ,853,4,RURAL
19,13,33,LAMPAZOS DE NARANJO,854,3,MIXTO(A)
19,13,33,LAMPAZOS DE NARANJO,855,3,MIXTO(A)
19,13,33,LAMPAZOS DE NARANJO,856,3,MIXTO(A)
19,13,33,LAMPAZOS DE NARANJO,857,3,MIXTO(A)
19,13,33,LAMPAZOS DE NARANJO,858,4,RURAL
19,9,34,LINARES,860,2,URBANO(A)
19,9,34,LINARES,861,2,URBANO(A)
19,9,34,LINARES,862,2,URBANO(A)
19,9,34,LINARES,863,2,URBANO(A)
19,9,34,LINARES,864,2,URBANO(A)
19,9,34,LINARES,865,3,MIXTO(A)
19,9,34,LINARES,866,2,URBANO(A)
19,9,34,LINARES,867,2,URBANO(A)
19,9,34,LINARES,868,2,URBANO(A)
19,9,34,LINARES,869,2,URBANO(A)
19,9,34,LINARES,870,2,URBANO(A)
19,9,34,LINARES,871,2,URBANO(A)
19,9,34,LINARES,872,2,URBANO(A)
19,9,34,LINARES,873,2,URBANO(A)
19,9,34,LINARES,874,2,URBANO(A)
19,9,34,LINARES,875,2,URBANO(A)
19,9,34,LINARES,876,2,URBANO(A)
19,9,34,LINARES,877,2,URBANO(A)
19,9,34,LINARES,878,2,URBANO(A)
19,9,34,LINARES,879,2,URBANO(A)
19,9,34,LINARES,880,2,URBANO(A)
19,9,34,LINARES,881,3,MIXTO(A)
19,9,34,LINARES,882,3,MIXTO(A)
19,9,34,LINARES,883,3,MIXTO(A)
19,9,34,LINARES,884,2,URBANO(A)
19,9,34,LINARES,885,2,URBANO(A)
19,9,34,LINARES,886,2,URBANO(A)
19,9,34,LINARES,887,2,URBANO(A)
19,9,34,LINARES,888,4,RURAL
19,9,34,LINARES,889,4,RURAL
19,9,34,LINARES,890,4,RURAL
19,9,34,LINARES,891,4,RURAL
19,9,34,LINARES,892,4,RURAL
19,9,34,LINARES,893,4,RURAL
19,9,34,LINARES,894,4,RURAL
19,9,34,LINARES,895,4,RURAL
19,9,34,LINARES,896,4,RURAL
19,9,34,LINARES,897,4,RURAL
19,9,34,LINARES,898,4,RURAL
19,9,34,LINARES,899,4,RURAL
19,9,34,LINARES,900,4,RURAL
19,9,34,LINARES,901,4,RURAL
19,9,34,LINARES,902,4,RURAL
19,9,34,LINARES,903,4,RURAL
19,9,34,LINARES,904,4,RURAL
19,9,34,LINARES,906,4,RURAL
19,9,34,LINARES,907,4,RURAL
19,14,35,MARIN,908,3,MIXTO(A)
19,14,35,MARIN,909,2,URBANO(A)
19,14,35,MARIN,910,3,MIXTO(A)
19,14,36,MELCHOR OCAMPO,911,2,URBANO(A)
19,14,36,MELCHOR OCAMPO,912,3,MIXTO(A)
19,9,37,MIER Y NORIEGA,913,3,MIXTO(A)
19,9,37,MIER Y NORIEGA,914,2,URBANO(A)
19,9,37,MIER Y NORIEGA,915,4,RURAL
19,9,37,MIER Y NORIEGA,916,4,RURAL
19,9,37,MIER Y NORIEGA,917,4,RURAL
19,9,37,MIER Y NORIEGA,918,4,RURAL
19,9,37,MIER Y NORIEGA,919,4,RURAL
19,9,37,MIER Y NORIEGA,920,4,RURAL
19,9,37,MIER Y NORIEGA,921,4,RURAL
19,9,37,MIER Y NORIEGA,922,4,RURAL
19,13,38,MINA,925,3,MIXTO(A)
19,13,38,MINA,927,4,RURAL
19,13,38,MINA,928,4,RURAL
19,13,38,MINA,930,4,RURAL
19,9,39,MONTEMORELOS,931,2,URBANO(A)
19,9,39,MONTEMORELOS,932,2,URBANO(A)
19,9,39,MONTEMORELOS,933,2,URBANO(A)
19,9,39,MONTEMORELOS,934,2,URBANO(A)
19,9,39,MONTEMORELOS,935,2,URBANO(A)
19,9,39,MONTEMORELOS,936,2,URBANO(A)
19,9,39,MONTEMORELOS,937,2,URBANO(A)
19,9,39,MONTEMORELOS,938,2,URBANO(A)
19,9,39,MONTEMORELOS,939,2,URBANO(A)
19,9,39,MONTEMORELOS,940,2,URBANO(A)
19,9,39,MONTEMORELOS,941,2,URBANO(A)
19,9,39,MONTEMORELOS,942,2,URBANO(A)
19,9,39,MONTEMORELOS,943,2,URBANO(A)
19,9,39,MONTEMORELOS,944,2,URBANO(A)
19,9,39,MONTEMORELOS,945,2,URBANO(A)
19,9,39,MONTEMORELOS,946,2,URBANO(A)
19,9,39,MONTEMORELOS,947,3,MIXTO(A)
19,9,39,MONTEMORELOS,948,2,URBANO(A)
19,9,39,MONTEMORELOS,949,2,URBANO(A)
19,9,39,MONTEMORELOS,950,2,URBANO(A)
19,9,39,MONTEMORELOS,951,2,URBANO(A)
19,9,39,MONTEMORELOS,952,2,URBANO(A)
19,9,39,MONTEMORELOS,953,4,RURAL
19,9,39,MONTEMORELOS,954,4,RURAL
19,9,39,MONTEMORELOS,956,4,RURAL
19,9,39,MONTEMORELOS,957,4,RURAL
19,9,39,MONTEMORELOS,958,4,RURAL
19,9,39,MONTEMORELOS,959,4,RURAL
19,9,39,MONTEMORELOS,960,4,RURAL
19,9,39,MONTEMORELOS,961,3,MIXTO(A)
19,9,39,MONTEMORELOS,962,4,RURAL
19,9,39,MONTEMORELOS,963,4,RURAL
19,9,39,MONTEMORELOS,964,4,RURAL
19,9,39,MONTEMORELOS,965,4,RURAL
19,9,39,MONTEMORELOS,966,4,RURAL
19,9,39,MONTEMORELOS,967,4,RURAL
19,9,39,MONTEMORELOS,968,4,RURAL
19,9,39,MONTEMORELOS,969,4,RURAL
19,9,39,MONTEMORELOS,970,4,RURAL
19,9,39,MONTEMORELOS,971,4,RURAL
19,9,39,MONTEMORELOS,972,4,RURAL
19,9,39,MONTEMORELOS,973,4,RURAL
19,5,40,MONTERREY,975,2,URBANO(A)
19,5,40,MONTERREY,976,2,URBANO(A)
19,5,40,MONTERREY,977,2,URBANO(A)
19,5,40,MONTERREY,978,2,URBANO(A)
19,5,40,MONTERREY,979,2,URBANO(A)
19,5,40,MONTERREY,980,2,URBANO(A)
19,5,40,MONTERREY,981,2,URBANO(A)
19,5,40,MONTERREY,982,2,URBANO(A)
19,5,40,MONTERREY,983,2,URBANO(A)
19,5,40,MONTERREY,984,2,URBANO(A)
19,6,40,MONTERREY,985,2,URBANO(A)
19,6,40,MONTERREY,986,2,URBANO(A)
19,5,40,MONTERREY,987,2,URBANO(A)
19,6,40,MONTERREY,988,2,URBANO(A)
19,6,40,MONTERREY,989,2,URBANO(A)
19,6,40,MONTERREY,990,2,URBANO(A)
19,6,40,MONTERREY,991,2,URBANO(A)
19,6,40,MONTERREY,992,2,URBANO(A)
19,6,40,MONTERREY,993,2,URBANO(A)
19,6,40,MONTERREY,994,2,URBANO(A)
19,6,40,MONTERREY,995,2,URBANO(A)
19,6,40,MONTERREY,996,2,URBANO(A)
19,6,40,MONTERREY,997,2,URBANO(A)
19,6,40,MONTERREY,998,2,URBANO(A)
19,6,40,MONTERREY,999,2,URBANO(A)
19,6,40,MONTERREY,1000,2,URBANO(A)
19,6,40,MONTERREY,1001,2,URBANO(A)
19,6,40,MONTERREY,1002,2,URBANO(A)
19,6,40,MONTERREY,1003,2,URBANO(A)
19,6,40,MONTERREY,1004,2,URBANO(A)
19,6,40,MONTERREY,1005,2,URBANO(A)
19,6,40,MONTERREY,1006,2,URBANO(A)
19,6,40,MONTERREY,1007,2,URBANO(A)
19,6,40,MONTERREY,1008,2,URBANO(A)
19,6,40,MONTERREY,1009,2,URBANO(A)
19,6,40,MONTERREY,1010,2,URBANO(A)
19,6,40,MONTERREY,1011,2,URBANO(A)
19,6,40,MONTERREY,1012,2,URBANO(A)
19,6,40,MONTERREY,1013,2,URBANO(A)
19,6,40,MONTERREY,1014,2,URBANO(A)
19,6,40,MONTERREY,1015,2,URBANO(A)
19,6,40,MONTERREY,1016,2,URBANO(A)
19,6,40,MONTERREY,1017,2,URBANO(A)
19,6,40,MONTERREY,1018,2,URBANO(A)
19,6,40,MONTERREY,1019,2,URBANO(A)
19,6,40,MONTERREY,1020,2,URBANO(A)
19,6,40,MONTERREY,1021,2,URBANO(A)
19,6,40,MONTERREY,1022,2,URBANO(A)
19,6,40,MONTERREY,1023,2,URBANO(A)
19,6,40,MONTERREY,1024,2,URBANO(A)
19,6,40,MONTERREY,1025,2,URBANO(A)
19,6,40,MONTERREY,1026,2,URBANO(A)
19,6,40,MONTERREY,1027,2,URBANO(A)
19,6,40,MONTERREY,1028,2,URBANO(A)
19,6,40,MONTERREY,1029,2,URBANO(A)
19,6,40,MONTERREY,1030,2,URBANO(A)
19,6,40,MONTERREY,1031,2,URBANO(A)
19,6,40,MONTERREY,1032,2,URBANO(A)
19,6,40,MONTERREY,1033,2,URBANO(A)
19,6,40,MONTERREY,1034,2,URBANO(A)
19,6,40,MONTERREY,1035,2,URBANO(A)
19,6,40,MONTERREY,1036,2,URBANO(A)
19,6,40,MONTERREY,1037,2,URBANO(A)
19,6,40,MONTERREY,1038,2,URBANO(A)
19,6,40,MONTERREY,1039,2,URBANO(A)
19,6,40,MONTERREY,1040,2,URBANO(A)
19,6,40,MONTERREY,1041,2,URBANO(A)
19,6,40,MONTERREY,1042,2,URBANO(A)
19,6,40,MONTERREY,1043,2,URBANO(A)
19,6,40,MONTERREY,1044,2,URBANO(A)
19,6,40,MONTERREY,1045,2,URBANO(A)
19,6,40,MONTERREY,1046,2,URBANO(A)
19,6,40,MONTERREY,1047,2,URBANO(A)
19,6,40,MONTERREY,1048,2,URBANO(A)
19,6,40,MONTERREY,1049,2,URBANO(A)
19,6,40,MONTERREY,1050,2,URBANO(A)
19,6,40,MONTERREY,1051,2,URBANO(A)
19,6,40,MONTERREY,1052,2,URBANO(A)
19,6,40,MONTERREY,1053,2,URBANO(A)
19,6,40,MONTERREY,1054,2,URBANO(A)
19,6,40,MONTERREY,1055,2,URBANO(A)
19,6,40,MONTERREY,1056,2,URBANO(A)
19,6,40,MONTERREY,1057,2,URBANO(A)
19,6,40,MONTERREY,1058,2,URBANO(A)
19,6,40,MONTERREY,1059,2,URBANO(A)
19,6,40,MONTERREY,1060,2,URBANO(A)
19,6,40,MONTERREY,1061,2,URBANO(A)
19,6,40,MONTERREY,1062,2,URBANO(A)
19,6,40,MONTERREY,1063,2,URBANO(A)
19,6,40,MONTERREY,1064,2,URBANO(A)
19,6,40,MONTERREY,1065,2,URBANO(A)
19,6,40,MONTERREY,1066,2,URBANO(A)
19,6,40,MONTERREY,1067,2,URBANO(A)
19,6,40,MONTERREY,1068,2,URBANO(A)
19,6,40,MONTERREY,1069,2,URBANO(A)
19,6,40,MONTERREY,1070,2,URBANO(A)
19,6,40,MONTERREY,1071,2,URBANO(A)
19,6,40,MONTERREY,1072,2,URBANO(A)
19,6,40,MONTERREY,1073,2,URBANO(A)
19,6,40,MONTERREY,1074,2,URBANO(A)
19,6,40,MONTERREY,1075,2,URBANO(A)
19,6,40,MONTERREY,1076,2,URBANO(A)
19,6,40,MONTERREY,1077,2,URBANO(A)
19,6,40,MONTERREY,1078,2,URBANO(A)
19,6,40,MONTERREY,1079,2,URBANO(A)
19,6,40,MONTERREY,1080,2,URBANO(A)
19,6,40,MONTERREY,1081,2,URBANO(A)
19,6,40,MONTERREY,1082,2,URBANO(A)
19,6,40,MONTERREY,1083,2,URBANO(A)
19,6,40,MONTERREY,1084,2,URBANO(A)
19,6,40,MONTERREY,1085,2,URBANO(A)
19,6,40,MONTERREY,1086,2,URBANO(A)
19,6,40,MONTERREY,1087,2,URBANO(A)
19,6,40,MONTERREY,1088,2,URBANO(A)
19,6,40,MONTERREY,1089,2,URBANO(A)
19,6,40,MONTERREY,1090,2,URBANO(A)
19,6,40,MONTERREY,1091,2,URBANO(A)
19,6,40,MONTERREY,1092,2,URBANO(A)
19,6,40,MONTERREY,1093,2,URBANO(A)
19,6,40,MONTERREY,1094,2,URBANO(A)
19,6,40,MONTERREY,1095,2,URBANO(A)
19,6,40,MONTERREY,1096,2,URBANO(A)
19,6,40,MONTERREY,1097,2,URBANO(A)
19,6,40,MONTERREY,1098,2,URBANO(A)
19,6,40,MONTERREY,1099,2,URBANO(A)
19,6,40,MONTERREY,1100,2,URBANO(A)
19,6,40,MONTERREY,1101,2,URBANO(A)
19,6,40,MONTERREY,1102,2,URBANO(A)
19,6,40,MONTERREY,1103,2,URBANO(A)
19,6,40,MONTERREY,1104,2,URBANO(A)
19,6,40,MONTERREY,1105,2,URBANO(A)
19,6,40,MONTERREY,1106,2,URBANO(A)
19,6,40,MONTERREY,1107,2,URBANO(A)
19,6,40,MONTERREY,1108,2,URBANO(A)
19,6,40,MONTERREY,1109,2,URBANO(A)
19,6,40,MONTERREY,1110,2,URBANO(A)
19,6,40,MONTERREY,1111,2,URBANO(A)
19,6,40,MONTERREY,1112,2,URBANO(A)
19,6,40,MONTERREY,1113,2,URBANO(A)
19,6,40,MONTERREY,1114,2,URBANO(A)
19,6,40,MONTERREY,1115,2,URBANO(A)
19,6,40,MONTERREY,1116,2,URBANO(A)
19,6,40,MONTERREY,1117,2,URBANO(A)
19,6,40,MONTERREY,1118,2,URBANO(A)
19,6,40,MONTERREY,1119,2,URBANO(A)
19,6,40,MONTERREY,1120,2,URBANO(A)
19,6,40,MONTERREY,1121,2,URBANO(A)
19,6,40,MONTERREY,1122,2,URBANO(A)
19,6,40,MONTERREY,1123,2,URBANO(A)
19,6,40,MONTERREY,1124,2,URBANO(A)
19,6,40,MONTERREY,1125,2,URBANO(A)
19,6,40,MONTERREY,1126,2,URBANO(A)
19,6,40,MONTERREY,1127,2,URBANO(A)
19,6,40,MONTERREY,1128,2,URBANO(A)
19,6,40,MONTERREY,1129,2,URBANO(A)
19,6,40,MONTERREY,1130,2,URBANO(A)
19,6,40,MONTERREY,1131,2,URBANO(A)
19,10,40,MONTERREY,1133,2,URBANO(A)
19,10,40,MONTERREY,1134,2,URBANO(A)
19,10,40,MONTERREY,1135,2,URBANO(A)
19,10,40,MONTERREY,1136,2,URBANO(A)
19,10,40,MONTERREY,1137,2,URBANO(A)
19,10,40,MONTERREY,1138,2,URBANO(A)
19,6,40,MONTERREY,1139,2,URBANO(A)
19,6,40,MONTERREY,1140,2,URBANO(A)
19,6,40,MONTERREY,1141,2,URBANO(A)
19,6,40,MONTERREY,1143,2,URBANO(A)
19,6,40,MONTERREY,1144,2,URBANO(A)
19,6,40,MONTERREY,1145,2,URBANO(A)
19,6,40,MONTERREY,1146,2,URBANO(A)
19,10,40,MONTERREY,1147,2,URBANO(A)
19,10,40,MONTERREY,1148,2,URBANO(A)
19,10,40,MONTERREY,1149,2,URBANO(A)
19,10,40,MONTERREY,1150,2,URBANO(A)
19,10,40,MONTERREY,1151,2,URBANO(A)
19,10,40,MONTERREY,1152,2,URBANO(A)
19,10,40,MONTERREY,1153,2,URBANO(A)
19,10,40,MONTERREY,1154,2,URBANO(A)
19,10,40,MONTERREY,1155,2,URBANO(A)
19,6,40,MONTERREY,1156,2,URBANO(A)
19,6,40,MONTERREY,1157,2,URBANO(A)
19,6,40,MONTERREY,1158,2,URBANO(A)
19,6,40,MONTERREY,1159,2,URBANO(A)
19,6,40,MONTERREY,1160,2,URBANO(A)
19,6,40,MONTERREY,1161,2,URBANO(A)
19,10,40,MONTERREY,1162,2,URBANO(A)
19,10,40,MONTERREY,1163,2,URBANO(A)
19,10,40,MONTERREY,1164,2,URBANO(A)
19,10,40,MONTERREY,1165,2,URBANO(A)
19,10,40,MONTERREY,1166,2,URBANO(A)
19,10,40,MONTERREY,1167,2,URBANO(A)
19,10,40,MONTERREY,1168,2,URBANO(A)
19,10,40,MONTERREY,1169,2,URBANO(A)
19,10,40,MONTERREY,1173,2,URBANO(A)
19,10,40,MONTERREY,1174,2,URBANO(A)
19,10,40,MONTERREY,1175,2,URBANO(A)
19,10,40,MONTERREY,1176,2,URBANO(A)
19,10,40,MONTERREY,1177,2,URBANO(A)
19,10,40,MONTERREY,1178,2,URBANO(A)
19,6,40,MONTERREY,1180,2,URBANO(A)
19,6,40,MONTERREY,1181,2,URBANO(A)
19,6,40,MONTERREY,1182,2,URBANO(A)
19,6,40,MONTERREY,1183,2,URBANO(A)
19,10,40,MONTERREY,1184,2,URBANO(A)
19,10,40,MONTERREY,1186,2,URBANO(A)
19,10,40,MONTERREY,1187,2,URBANO(A)
19,10,40,MONTERREY,1188,2,URBANO(A)
19,10,40,MONTERREY,1189,2,URBANO(A)
19,10,40,MONTERREY,1191,2,URBANO(A)
19,10,40,MONTERREY,1193,2,URBANO(A)
19,10,40,MONTERREY,1194,2,URBANO(A)
19,6,40,MONTERREY,1195,2,URBANO(A)
19,6,40,MONTERREY,1196,2,URBANO(A)
19,10,40,MONTERREY,1198,2,URBANO(A)
19,10,40,MONTERREY,1201,2,URBANO(A)
19,10,40,MONTERREY,1202,2,URBANO(A)
19,6,40,MONTERREY,1203,2,URBANO(A)
19,6,40,MONTERREY,1204,2,URBANO(A)
19,6,40,MONTERREY,1205,2,URBANO(A)
19,6,40,MONTERREY,1206,2,URBANO(A)
19,10,40,MONTERREY,1207,2,URBANO(A)
19,10,40,MONTERREY,1208,2,URBANO(A)
19,10,40,MONTERREY,1209,2,URBANO(A)
19,10,40,MONTERREY,1210,2,URBANO(A)
19,10,40,MONTERREY,1211,2,URBANO(A)
19,10,40,MONTERREY,1212,2,URBANO(A)
19,10,40,MONTERREY,1213,2,URBANO(A)
19,10,40,MONTERREY,1214,2,URBANO(A)
19,10,40,MONTERREY,1215,2,URBANO(A)
19,10,40,MONTERREY,1216,2,URBANO(A)
19,10,40,MONTERREY,1217,2,URBANO(A)
19,10,40,MONTERREY,1218,2,URBANO(A)
19,10,40,MONTERREY,1219,2,URBANO(A)
19,10,40,MONTERREY,1220,2,URBANO(A)
19,10,40,MONTERREY,1221,2,URBANO(A)
19,10,40,MONTERREY,1222,2,URBANO(A)
19,10,40,MONTERREY,1223,2,URBANO(A)
19,10,40,MONTERREY,1224,2,URBANO(A)
19,10,40,MONTERREY,1225,2,URBANO(A)
19,6,40,MONTERREY,1226,2,URBANO(A)
19,6,40,MONTERREY,1227,2,URBANO(A)
19,6,40,MONTERREY,1228,2,URBANO(A)
19,6,40,MONTERREY,1229,2,URBANO(A)
19,10,40,MONTERREY,1230,2,URBANO(A)
19,10,40,MONTERREY,1231,2,URBANO(A)
19,10,40,MONTERREY,1232,2,URBANO(A)
19,10,40,MONTERREY,1233,2,URBANO(A)
19,10,40,MONTERREY,1234,2,URBANO(A)
19,10,40,MONTERREY,1235,2,URBANO(A)
19,10,40,MONTERREY,1236,2,URBANO(A)
19,10,40,MONTERREY,1237,2,URBANO(A)
19,10,40,MONTERREY,1238,2,URBANO(A)
19,10,40,MONTERREY,1239,2,URBANO(A)
19,10,40,MONTERREY,1240,2,URBANO(A)
19,10,40,MONTERREY,1241,2,URBANO(A)
19,10,40,MONTERREY,1242,2,URBANO(A)
19,10,40,MONTERREY,1243,2,URBANO(A)
19,10,40,MONTERREY,1244,2,URBANO(A)
19,10,40,MONTERREY,1245,2,URBANO(A)
19,10,40,MONTERREY,1246,2,URBANO(A)
19,10,40,MONTERREY,1247,2,URBANO(A)
19,10,40,MONTERREY,1248,2,URBANO(A)
19,10,40,MONTERREY,1249,2,URBANO(A)
19,10,40,MONTERREY,1250,2,URBANO(A)
19,10,40,MONTERREY,1251,2,URBANO(A)
19,10,40,MONTERREY,1252,2,URBANO(A)
19,10,40,MONTERREY,1253,2,URBANO(A)
19,10,40,MONTERREY,1254,2,URBANO(A)
19,10,40,MONTERREY,1255,2,URBANO(A)
19,10,40,MONTERREY,1256,2,URBANO(A)
19,10,40,MONTERREY,1257,2,URBANO(A)
19,10,40,MONTERREY,1258,2,URBANO(A)
19,10,40,MONTERREY,1259,2,URBANO(A)
19,10,40,MONTERREY,1260,2,URBANO(A)
19,10,40,MONTERREY,1261,2,URBANO(A)
19,10,40,MONTERREY,1262,2,URBANO(A)
19,10,40,MONTERREY,1263,2,URBANO(A)
19,10,40,MONTERREY,1264,2,URBANO(A)
19,10,40,MONTERREY,1266,2,URBANO(A)
19,10,40,MONTERREY,1267,2,URBANO(A)
19,10,40,MONTERREY,1268,2,URBANO(A)
19,10,40,MONTERREY,1269,2,URBANO(A)
19,10,40,MONTERREY,1270,2,URBANO(A)
19,10,40,MONTERREY,1271,2,URBANO(A)
19,10,40,MONTERREY,1272,2,URBANO(A)
19,10,40,MONTERREY,1273,2,URBANO(A)
19,10,40,MONTERREY,1274,2,URBANO(A)
19,10,40,MONTERREY,1275,2,URBANO(A)
19,10,40,MONTERREY,1276,2,URBANO(A)
19,10,40,MONTERREY,1277,2,URBANO(A)
19,10,40,MONTERREY,1278,2,URBANO(A)
19,10,40,MONTERREY,1279,2,URBANO(A)
19,10,40,MONTERREY,1280,2,URBANO(A)
19,10,40,MONTERREY,1281,2,URBANO(A)
19,10,40,MONTERREY,1282,2,URBANO(A)
19,10,40,MONTERREY,1283,2,URBANO(A)
19,10,40,MONTERREY,1284,2,URBANO(A)
19,10,40,MONTERREY,1285,2,URBANO(A)
19,10,40,MONTERREY,1286,2,URBANO(A)
19,10,40,MONTERREY,1287,2,URBANO(A)
19,10,40,MONTERREY,1288,2,URBANO(A)
19,10,40,MONTERREY,1289,2,URBANO(A)
19,10,40,MONTERREY,1290,2,URBANO(A)
19,10,40,MONTERREY,1291,2,URBANO(A)
19,10,40,MONTERREY,1292,2,URBANO(A)
19,10,40,MONTERREY,1293,2,URBANO(A)
19,10,40,MONTERREY,1294,2,URBANO(A)
19,10,40,MONTERREY,1295,2,URBANO(A)
19,10,40,MONTERREY,1296,2,URBANO(A)
19,10,40,MONTERREY,1297,2,URBANO(A)
19,10,40,MONTERREY,1298,2,URBANO(A)
19,10,40,MONTERREY,1299,2,URBANO(A)
19,10,40,MONTERREY,1300,2,URBANO(A)
19,10,40,MONTERREY,1301,2,URBANO(A)
19,10,40,MONTERREY,1302,2,URBANO(A)
19,10,40,MONTERREY,1303,2,URBANO(A)
19,10,40,MONTERREY,1304,2,URBANO(A)
19,10,40,MONTERREY,1305,2,URBANO(A)
19,10,40,MONTERREY,1306,2,URBANO(A)
19,10,40,MONTERREY,1307,2,URBANO(A)
19,10,40,MONTERREY,1308,2,URBANO(A)
19,10,40,MONTERREY,1309,2,URBANO(A)
19,10,40,MONTERREY,1310,2,URBANO(A)
19,10,40,MONTERREY,1311,2,URBANO(A)
19,10,40,MONTERREY,1312,2,URBANO(A)
19,10,40,MONTERREY,1313,2,URBANO(A)
19,10,40,MONTERREY,1314,2,URBANO(A)
19,10,40,MONTERREY,1315,2,URBANO(A)
19,10,40,MONTERREY,1316,2,URBANO(A)
19,10,40,MONTERREY,1317,2,URBANO(A)
19,10,40,MONTERREY,1318,2,URBANO(A)
19,10,40,MONTERREY,1319,2,URBANO(A)
19,10,40,MONTERREY,1320,2,URBANO(A)
19,10,40,MONTERREY,1321,2,URBANO(A)
19,10,40,MONTERREY,1322,2,URBANO(A)
19,10,40,MONTERREY,1323,2,URBANO(A)
19,10,40,MONTERREY,1324,2,URBANO(A)
19,10,40,MONTERREY,1325,2,URBANO(A)
19,10,40,MONTERREY,1326,2,URBANO(A)
19,10,40,MONTERREY,1327,2,URBANO(A)
19,10,40,MONTERREY,1328,2,URBANO(A)
19,10,40,MONTERREY,1329,2,URBANO(A)
19,10,40,MONTERREY,1330,2,URBANO(A)
19,10,40,MONTERREY,1331,2,URBANO(A)
19,10,40,MONTERREY,1332,2,URBANO(A)
19,10,40,MONTERREY,1333,2,URBANO(A)
19,10,40,MONTERREY,1334,2,URBANO(A)
19,10,40,MONTERREY,1335,2,URBANO(A)
19,10,40,MONTERREY,1336,2,URBANO(A)
19,10,40,MONTERREY,1337,2,URBANO(A)
19,10,40,MONTERREY,1338,2,URBANO(A)
19,10,40,MONTERREY,1339,2,URBANO(A)
19,10,40,MONTERREY,1340,2,URBANO(A)
19,10,40,MONTERREY,1341,2,URBANO(A)
19,10,40,MONTERREY,1342,2,URBANO(A)
19,10,40,MONTERREY,1343,2,URBANO(A)
19,10,40,MONTERREY,1344,2,URBANO(A)
19,10,40,MONTERREY,1345,2,URBANO(A)
19,10,40,MONTERREY,1346,2,URBANO(A)
19,10,40,MONTERREY,1347,2,URBANO(A)
19,10,40,MONTERREY,1348,2,URBANO(A)
19,10,40,MONTERREY,1349,2,URBANO(A)
19,10,40,MONTERREY,1350,2,URBANO(A)
19,10,40,MONTERREY,1351,2,URBANO(A)
19,10,40,MONTERREY,1352,2,URBANO(A)
19,10,40,MONTERREY,1353,2,URBANO(A)
19,10,40,MONTERREY,1354,2,URBANO(A)
19,10,40,MONTERREY,1355,2,URBANO(A)
19,10,40,MONTERREY,1356,2,URBANO(A)
19,10,40,MONTERREY,1357,2,URBANO(A)
19,10,40,MONTERREY,1358,2,URBANO(A)
19,10,40,MONTERREY,1359,2,URBANO(A)
19,10,40,MONTERREY,1360,2,URBANO(A)
19,10,40,MONTERREY,1361,2,URBANO(A)
19,10,40,MONTERREY,1362,2,URBANO(A)
19,10,40,MONTERREY,1363,2,URBANO(A)
19,10,40,MONTERREY,1364,2,URBANO(A)
19,10,40,MONTERREY,1365,2,URBANO(A)
19,10,40,MONTERREY,1366,2,URBANO(A)
19,10,40,MONTERREY,1367,2,URBANO(A)
19,10,40,MONTERREY,1368,2,URBANO(A)
19,10,40,MONTERREY,1369,2,URBANO(A)
19,10,40,MONTERREY,1370,2,URBANO(A)
19,10,40,MONTERREY,1371,2,URBANO(A)
19,10,40,MONTERREY,1372,2,URBANO(A)
19,10,40,MONTERREY,1373,2,URBANO(A)
19,10,40,MONTERREY,1374,2,URBANO(A)
19,10,40,MONTERREY,1375,2,URBANO(A)
19,10,40,MONTERREY,1376,2,URBANO(A)
19,10,40,MONTERREY,1377,2,URBANO(A)
19,10,40,MONTERREY,1378,2,URBANO(A)
19,10,40,MONTERREY,1379,2,URBANO(A)
19,10,40,MONTERREY,1380,2,URBANO(A)
19,10,40,MONTERREY,1381,2,URBANO(A)
19,10,40,MONTERREY,1382,2,URBANO(A)
19,10,40,MONTERREY,1383,2,URBANO(A)
19,10,40,MONTERREY,1384,2,URBANO(A)
19,10,40,MONTERREY,1385,2,URBANO(A)
19,10,40,MONTERREY,1386,2,URBANO(A)
19,10,40,MONTERREY,1387,2,URBANO(A)
19,10,40,MONTERREY,1388,2,URBANO(A)
19,10,40,MONTERREY,1389,2,URBANO(A)
19,10,40,MONTERREY,1390,2,URBANO(A)
19,10,40,MONTERREY,1391,2,URBANO(A)
19,10,40,MONTERREY,1392,2,URBANO(A)
19,10,40,MONTERREY,1393,2,URBANO(A)
19,10,40,MONTERREY,1394,2,URBANO(A)
19,10,40,MONTERREY,1395,2,URBANO(A)
19,10,40,MONTERREY,1396,2,URBANO(A)
19,10,40,MONTERREY,1397,2,URBANO(A)
19,10,40,MONTERREY,1398,2,URBANO(A)
19,10,40,MONTERREY,1399,2,URBANO(A)
19,10,40,MONTERREY,1400,2,URBANO(A)
19,10,40,MONTERREY,1401,2,URBANO(A)
19,10,40,MONTERREY,1402,2,URBANO(A)
19,10,40,MONTERREY,1403,2,URBANO(A)
19,10,40,MONTERREY,1404,2,URBANO(A)
19,10,40,MONTERREY,1405,2,URBANO(A)
19,10,40,MONTERREY,1406,2,URBANO(A)
19,10,40,MONTERREY,1407,2,URBANO(A)
19,10,40,MONTERREY,1408,2,URBANO(A)
19,10,40,MONTERREY,1409,2,URBANO(A)
19,10,40,MONTERREY,1410,2,URBANO(A)
19,10,40,MONTERREY,1411,2,URBANO(A)
19,10,40,MONTERREY,1412,2,URBANO(A)
19,10,40,MONTERREY,1413,2,URBANO(A)
19,10,40,MONTERREY,1414,2,URBANO(A)
19,10,40,MONTERREY,1415,2,URBANO(A)
19,10,40,MONTERREY,1416,2,URBANO(A)
19,10,40,MONTERREY,1417,2,URBANO(A)
19,10,40,MONTERREY,1418,2,URBANO(A)
19,10,40,MONTERREY,1419,2,URBANO(A)
19,10,40,MONTERREY,1420,2,URBANO(A)
19,10,40,MONTERREY,1421,2,URBANO(A)
19,10,40,MONTERREY,1423,2,URBANO(A)
19,10,40,MONTERREY,1424,2,URBANO(A)
19,10,40,MONTERREY,1425,2,URBANO(A)
19,10,40,MONTERREY,1426,2,URBANO(A)
19,10,40,MONTERREY,1427,2,URBANO(A)
19,10,40,MONTERREY,1428,2,URBANO(A)
19,10,40,MONTERREY,1429,2,URBANO(A)
19,10,40,MONTERREY,1430,2,URBANO(A)
19,10,40,MONTERREY,1431,2,URBANO(A)
19,5,40,MONTERREY,1432,2,URBANO(A)
19,5,40,MONTERREY,1433,2,URBANO(A)
19,5,40,MONTERREY,1434,2,URBANO(A)
19,5,40,MONTERREY,1435,2,URBANO(A)
19,5,40,MONTERREY,1436,2,URBANO(A)
19,5,40,MONTERREY,1437,2,URBANO(A)
19,5,40,MONTERREY,1438,2,URBANO(A)
19,5,40,MONTERREY,1439,2,URBANO(A)
19,5,40,MONTERREY,1440,2,URBANO(A)
19,5,40,MONTERREY,1441,2,URBANO(A)
19,5,40,MONTERREY,1442,2,URBANO(A)
19,5,40,MONTERREY,1443,2,URBANO(A)
19,5,40,MONTERREY,1444,2,URBANO(A)
19,5,40,MONTERREY,1445,2,URBANO(A)
19,5,40,MONTERREY,1446,2,URBANO(A)
19,5,40,MONTERREY,1447,2,URBANO(A)
19,5,40,MONTERREY,1448,2,URBANO(A)
19,5,40,MONTERREY,1449,2,URBANO(A)
19,5,40,MONTERREY,1450,2,URBANO(A)
19,5,40,MONTERREY,1451,2,URBANO(A)
19,5,40,MONTERREY,1452,2,URBANO(A)
19,5,40,MONTERREY,1453,2,URBANO(A)
19,5,40,MONTERREY,1454,2,URBANO(A)
19,5,40,MONTERREY,1455,2,URBANO(A)
19,5,40,MONTERREY,1456,2,URBANO(A)
19,5,40,MONTERREY,1457,2,URBANO(A)
19,5,40,MONTERREY,1458,2,URBANO(A)
19,5,40,MONTERREY,1459,2,URBANO(A)
19,5,40,MONTERREY,1460,2,URBANO(A)
19,5,40,MONTERREY,1461,2,URBANO(A)
19,5,40,MONTERREY,1462,2,URBANO(A)
19,5,40,MONTERREY,1463,2,URBANO(A)
19,5,40,MONTERREY,1464,2,URBANO(A)
19,5,40,MONTERREY,1465,2,URBANO(A)
19,5,40,MONTERREY,1466,2,URBANO(A)
19,5,40,MONTERREY,1467,2,URBANO(A)
19,5,40,MONTERREY,1468,2,URBANO(A)
19,5,40,MONTERREY,1469,2,URBANO(A)
19,5,40,MONTERREY,1470,2,URBANO(A)
19,5,40,MONTERREY,1471,2,URBANO(A)
19,5,40,MONTERREY,1472,2,URBANO(A)
19,5,40,MONTERREY,1473,2,URBANO(A)
19,5,40,MONTERREY,1474,2,URBANO(A)
19,5,40,MONTERREY,1475,2,URBANO(A)
19,5,40,MONTERREY,1476,2,URBANO(A)
19,5,40,MONTERREY,1477,2,URBANO(A)
19,5,40,MONTERREY,1478,2,URBANO(A)
19,5,40,MONTERREY,1479,2,URBANO(A)
19,5,40,MONTERREY,1480,2,URBANO(A)
19,5,40,MONTERREY,1481,2,URBANO(A)
19,5,40,MONTERREY,1482,2,URBANO(A)
19,5,40,MONTERREY,1483,2,URBANO(A)
19,5,40,MONTERREY,1484,2,URBANO(A)
19,5,40,MONTERREY,1485,2,URBANO(A)
19,5,40,MONTERREY,1486,2,URBANO(A)
19,5,40,MONTERREY,1487,2,URBANO(A)
19,6,40,MONTERREY,1488,2,URBANO(A)
19,6,40,MONTERREY,1489,2,URBANO(A)
19,5,40,MONTERREY,1490,2,URBANO(A)
19,5,40,MONTERREY,1491,2,URBANO(A)
19,6,40,MONTERREY,1492,2,URBANO(A)
19,5,40,MONTERREY,1493,2,URBANO(A)
19,5,40,MONTERREY,1494,2,URBANO(A)
19,5,40,MONTERREY,1495,2,URBANO(A)
19,5,40,MONTERREY,1496,2,URBANO(A)
19,5,40,MONTERREY,1497,2,URBANO(A)
19,5,40,MONTERREY,1498,2,URBANO(A)
19,5,40,MONTERREY,1499,2,URBANO(A)
19,5,40,MONTERREY,1500,2,URBANO(A)
19,5,40,MONTERREY,1501,2,URBANO(A)
19,5,40,MONTERREY,1502,2,URBANO(A)
19,5,40,MONTERREY,1503,2,URBANO(A)
19,6,40,MONTERREY,1504,2,URBANO(A)
19,6,40,MONTERREY,1505,2,URBANO(A)
19,6,40,MONTERREY,1506,2,URBANO(A)
19,6,40,MONTERREY,1508,2,URBANO(A)
19,6,40,MONTERREY,1509,2,URBANO(A)
19,6,40,MONTERREY,1510,2,URBANO(A)
19,6,40,MONTERREY,1511,2,URBANO(A)
19,6,40,MONTERREY,1512,2,URBANO(A)
19,6,40,MONTERREY,1513,2,URBANO(A)
19,5,40,MONTERREY,1514,2,URBANO(A)
19,5,40,MONTERREY,1515,2,URBANO(A)
19,5,40,MONTERREY,1516,2,URBANO(A)
19,5,40,MONTERREY,1517,2,URBANO(A)
19,5,40,MONTERREY,1518,2,URBANO(A)
19,5,40,MONTERREY,1519,2,URBANO(A)
19,5,40,MONTERREY,1520,2,URBANO(A)
19,5,40,MONTERREY,1521,2,URBANO(A)
19,5,40,MONTERREY,1522,2,URBANO(A)
19,5,40,MONTERREY,1523,2,URBANO(A)
19,5,40,MONTERREY,1524,2,URBANO(A)
19,5,40,MONTERREY,1525,2,URBANO(A)
19,5,40,MONTERREY,1526,2,URBANO(A)
19,5,40,MONTERREY,1527,2,URBANO(A)
19,6,40,MONTERREY,1528,2,URBANO(A)
19,6,40,MONTERREY,1529,2,URBANO(A)
19,6,40,MONTERREY,1530,2,URBANO(A)
19,6,40,MONTERREY,1531,2,URBANO(A)
19,6,40,MONTERREY,1532,2,URBANO(A)
19,6,40,MONTERREY,1533,2,URBANO(A)
19,6,40,MONTERREY,1534,2,URBANO(A)
19,6,40,MONTERREY,1535,2,URBANO(A)
19,6,40,MONTERREY,1536,2,URBANO(A)
19,6,40,MONTERREY,1537,2,URBANO(A)
19,6,40,MONTERREY,1538,2,URBANO(A)
19,6,40,MONTERREY,1539,2,URBANO(A)
19,6,40,MONTERREY,1540,2,URBANO(A)
19,6,40,MONTERREY,1541,2,URBANO(A)
19,5,40,MONTERREY,1542,2,URBANO(A)
19,5,40,MONTERREY,1543,2,URBANO(A)
19,5,40,MONTERREY,1544,2,URBANO(A)
19,5,40,MONTERREY,1545,2,URBANO(A)
19,5,40,MONTERREY,1546,2,URBANO(A)
19,5,40,MONTERREY,1547,2,URBANO(A)
19,5,40,MONTERREY,1548,2,URBANO(A)
19,5,40,MONTERREY,1549,2,URBANO(A)
19,5,40,MONTERREY,1550,2,URBANO(A)
19,5,40,MONTERREY,1551,2,URBANO(A)
19,5,40,MONTERREY,1552,2,URBANO(A)
19,5,40,MONTERREY,1553,2,URBANO(A)
19,5,40,MONTERREY,1554,2,URBANO(A)
19,5,40,MONTERREY,1555,2,URBANO(A)
19,5,40,MONTERREY,1556,2,URBANO(A)
19,5,40,MONTERREY,1557,2,URBANO(A)
19,5,40,MONTERREY,1558,2,URBANO(A)
19,5,40,MONTERREY,1559,2,URBANO(A)
19,5,40,MONTERREY,1560,2,URBANO(A)
19,6,40,MONTERREY,1561,2,URBANO(A)
19,6,40,MONTERREY,1562,2,URBANO(A)
19,6,40,MONTERREY,1563,2,URBANO(A)
19,6,40,MONTERREY,1564,2,URBANO(A)
19,6,40,MONTERREY,1565,2,URBANO(A)
19,6,40,MONTERREY,1566,2,URBANO(A)
19,6,40,MONTERREY,1567,2,URBANO(A)
19,6,40,MONTERREY,1568,2,URBANO(A)
19,6,40,MONTERREY,1569,2,URBANO(A)
19,6,40,MONTERREY,1570,2,URBANO(A)
19,6,40,MONTERREY,1571,2,URBANO(A)
19,6,40,MONTERREY,1572,2,URBANO(A)
19,6,40,MONTERREY,1573,2,URBANO(A)
19,6,40,MONTERREY,1574,2,URBANO(A)
19,6,40,MONTERREY,1575,2,URBANO(A)
19,6,40,MONTERREY,1576,2,URBANO(A)
19,6,40,MONTERREY,1577,2,URBANO(A)
19,6,40,MONTERREY,1578,2,URBANO(A)
19,6,40,MONTERREY,1579,2,URBANO(A)
19,6,40,MONTERREY,1580,2,URBANO(A)
19,6,40,MONTERREY,1581,2,URBANO(A)
19,6,40,MONTERREY,1582,2,URBANO(A)
19,6,40,MONTERREY,1583,2,URBANO(A)
19,6,40,MONTERREY,1584,2,URBANO(A)
19,6,40,MONTERREY,1585,2,URBANO(A)
19,5,40,MONTERREY,1586,2,URBANO(A)
19,6,40,MONTERREY,1587,2,URBANO(A)
19,5,40,MONTERREY,1588,2,URBANO(A)
19,5,40,MONTERREY,1589,2,URBANO(A)
19,5,40,MONTERREY,1590,2,URBANO(A)
19,5,40,MONTERREY,1591,2,URBANO(A)
19,5,40,MONTERREY,1592,2,URBANO(A)
19,5,40,MONTERREY,1593,2,URBANO(A)
19,6,40,MONTERREY,1594,2,URBANO(A)
19,6,40,MONTERREY,1595,2,URBANO(A)
19,6,40,MONTERREY,1596,2,URBANO(A)
19,6,40,MONTERREY,1597,2,URBANO(A)
19,6,40,MONTERREY,1598,2,URBANO(A)
19,6,40,MONTERREY,1599,2,URBANO(A)
19,6,40,MONTERREY,1600,2,URBANO(A)
19,6,40,MONTERREY,1601,2,URBANO(A)
19,6,40,MONTERREY,1602,2,URBANO(A)
19,6,40,MONTERREY,1603,2,URBANO(A)
19,6,40,MONTERREY,1604,2,URBANO(A)
19,6,40,MONTERREY,1605,2,URBANO(A)
19,6,40,MONTERREY,1606,2,URBANO(A)
19,6,40,MONTERREY,1607,2,URBANO(A)
19,6,40,MONTERREY,1608,2,URBANO(A)
19,6,40,MONTERREY,1609,2,URBANO(A)
19,6,40,MONTERREY,1610,2,URBANO(A)
19,6,40,MONTERREY,1611,2,URBANO(A)
19,5,40,MONTERREY,1612,2,URBANO(A)
19,5,40,MONTERREY,1613,2,URBANO(A)
19,5,40,MONTERREY,1614,2,URBANO(A)
19,5,40,MONTERREY,1615,2,URBANO(A)
19,5,40,MONTERREY,1616,2,URBANO(A)
19,5,40,MONTERREY,1617,2,URBANO(A)
19,5,40,MONTERREY,1618,2,URBANO(A)
19,5,40,MONTERREY,1619,2,URBANO(A)
19,5,40,MONTERREY,1620,2,URBANO(A)
19,5,40,MONTERREY,1621,2,URBANO(A)
19,5,40,MONTERREY,1622,2,URBANO(A)
19,5,40,MONTERREY,1623,2,URBANO(A)
19,5,40,MONTERREY,1624,2,URBANO(A)
19,5,40,MONTERREY,1625,2,URBANO(A)
19,5,40,MONTERREY,1626,2,URBANO(A)
19,5,40,MONTERREY,1627,2,URBANO(A)
19,5,40,MONTERREY,1628,2,URBANO(A)
19,6,40,MONTERREY,1629,2,URBANO(A)
19,5,40,MONTERREY,1630,2,URBANO(A)
19,5,40,MONTERREY,1631,2,URBANO(A)
19,6,40,MONTERREY,1632,2,URBANO(A)
19,6,40,MONTERREY,1633,2,URBANO(A)
19,6,40,MONTERREY,1634,2,URBANO(A)
19,6,40,MONTERREY,1635,2,URBANO(A)
19,6,40,MONTERREY,1636,2,URBANO(A)
19,6,40,MONTERREY,1637,2,URBANO(A)
19,6,40,MONTERREY,1638,2,URBANO(A)
19,6,40,MONTERREY,1639,2,URBANO(A)
19,10,40,MONTERREY,1641,2,URBANO(A)
19,10,40,MONTERREY,1642,2,URBANO(A)
19,6,40,MONTERREY,1643,2,URBANO(A)
19,6,40,MONTERREY,1644,2,URBANO(A)
19,6,40,MONTERREY,1645,2,URBANO(A)
19,6,40,MONTERREY,1646,2,URBANO(A)
19,6,40,MONTERREY,1647,2,URBANO(A)
19,6,40,MONTERREY,1648,2,URBANO(A)
19,6,40,MONTERREY,1649,2,URBANO(A)
19,10,40,MONTERREY,1650,2,URBANO(A)
19,10,40,MONTERREY,1651,2,URBANO(A)
19,10,40,MONTERREY,1652,2,URBANO(A)
19,10,40,MONTERREY,1653,2,URBANO(A)
19,10,40,MONTERREY,1654,2,URBANO(A)
19,10,40,MONTERREY,1655,2,URBANO(A)
19,10,40,MONTERREY,1656,2,URBANO(A)
19,10,40,MONTERREY,1657,2,URBANO(A)
19,10,40,MONTERREY,1658,2,URBANO(A)
19,10,40,MONTERREY,1659,2,URBANO(A)
19,10,40,MONTERREY,1660,2,URBANO(A)
19,10,40,MONTERREY,1661,2,URBANO(A)
19,10,40,MONTERREY,1662,2,URBANO(A)
19,10,40,MONTERREY,1663,2,URBANO(A)
19,10,40,MONTERREY,1664,2,URBANO(A)
19,10,40,MONTERREY,1665,2,URBANO(A)
19,10,40,MONTERREY,1666,2,URBANO(A)
19,10,40,MONTERREY,1667,2,URBANO(A)
19,10,40,MONTERREY,1668,2,URBANO(A)
19,10,40,MONTERREY,1669,2,URBANO(A)
19,10,40,MONTERREY,1670,2,URBANO(A)
19,10,40,MONTERREY,1671,2,URBANO(A)
19,10,40,MONTERREY,1672,2,URBANO(A)
19,10,40,MONTERREY,1673,2,URBANO(A)
19,10,40,MONTERREY,1674,2,URBANO(A)
19,10,40,MONTERREY,1675,2,URBANO(A)
19,10,40,MONTERREY,1676,2,URBANO(A)
19,10,40,MONTERREY,1677,2,URBANO(A)
19,10,40,MONTERREY,1678,2,URBANO(A)
19,10,40,MONTERREY,1679,2,URBANO(A)
19,10,40,MONTERREY,1680,2,URBANO(A)
19,10,40,MONTERREY,1681,2,URBANO(A)
19,10,40,MONTERREY,1682,2,URBANO(A)
19,10,40,MONTERREY,1683,2,URBANO(A)
19,10,40,MONTERREY,1684,2,URBANO(A)
19,10,40,MONTERREY,1685,2,URBANO(A)
19,10,40,MONTERREY,1686,2,URBANO(A)
19,10,40,MONTERREY,1687,2,URBANO(A)
19,10,40,MONTERREY,1688,2,URBANO(A)
19,10,40,MONTERREY,1689,2,URBANO(A)
19,10,40,MONTERREY,1690,2,URBANO(A)
19,10,40,MONTERREY,1691,2,URBANO(A)
19,10,40,MONTERREY,1692,2,URBANO(A)
19,10,40,MONTERREY,1693,2,URBANO(A)
19,10,40,MONTERREY,1694,2,URBANO(A)
19,10,40,MONTERREY,1695,2,URBANO(A)
19,10,40,MONTERREY,1696,2,URBANO(A)
19,10,40,MONTERREY,1697,2,URBANO(A)
19,10,40,MONTERREY,1698,2,URBANO(A)
19,10,40,MONTERREY,1699,2,URBANO(A)
19,13,41,PARAS,1700,3,MIXTO(A)
19,13,41,PARAS,1701,3,MIXTO(A)
19,13,41,PARAS,1702,4,RURAL
19,14,42,PESQUERIA,1703,2,URBANO(A)
19,14,42,PESQUERIA,1704,3,MIXTO(A)
19,14,42,PESQUERIA,1707,4,RURAL
19,14,42,PESQUERIA,1709,4,RURAL
19,14,42,PESQUERIA,1710,4,RURAL
19,14,42,PESQUERIA,1711,4,RURAL
19,14,43,LOS RAMONES,1712,3,MIXTO(A)
19,14,43,LOS RAMONES,1713,3,MIXTO(A)
19,14,43,LOS RAMONES,1714,4,RURAL
19,14,43,LOS RAMONES,1715,4,RURAL
19,14,43,LOS RAMONES,1716,4,RURAL
19,14,43,LOS RAMONES,1717,4,RURAL
19,14,43,LOS RAMONES,1718,4,RURAL
19,14,43,LOS RAMONES,1719,4,RURAL
19,14,43,LOS RAMONES,1720,4,RURAL
19,14,43,LOS RAMONES,1721,4,RURAL
19,14,43,LOS RAMONES,1722,4,RURAL
19,14,43,LOS RAMONES,1723,4,RURAL
19,9,44,RAYONES,1724,3,MIXTO(A)
19,9,44,RAYONES,1725,4,RURAL
19,9,44,RAYONES,1726,4,RURAL
19,9,44,RAYONES,1727,4,RURAL
19,9,44,RAYONES,1728,4,RURAL
19,13,45,SABINAS HIDALGO,1730,2,URBANO(A)
19,13,45,SABINAS HIDALGO,1731,2,URBANO(A)
19,13,45,SABINAS HIDALGO,1732,2,URBANO(A)
19,13,45,SABINAS HIDALGO,1733,3,MIXTO(A)
19,13,45,SABINAS HIDALGO,1734,3,MIXTO(A)
19,13,45,SABINAS HIDALGO,1735,3,MIXTO(A)
19,13,45,SABINAS HIDALGO,1736,2,URBANO(A)
19,13,45,SABINAS HIDALGO,1737,2,URBANO(A)
19,13,45,SABINAS HIDALGO,1738,3,MIXTO(A)
19,13,45,SABINAS HIDALGO,1739,2,URBANO(A)
19,13,45,SABINAS HIDALGO,1740,2,URBANO(A)
19,13,45,SABINAS HIDALGO,1741,2,URBANO(A)
19,13,45,SABINAS HIDALGO,1742,2,URBANO(A)
19,13,45,SABINAS HIDALGO,1743,2,URBANO(A)
19,13,45,SABINAS HIDALGO,1744,3,MIXTO(A)
19,13,45,SABINAS HIDALGO,1745,2,URBANO(A)
19,13,45,SABINAS HIDALGO,1746,3,MIXTO(A)
19,13,45,SABINAS HIDALGO,1749,4,RURAL
19,13,45,SABINAS HIDALGO,1751,4,RURAL
19,13,46,SALINAS VICTORIA,1752,3,MIXTO(A)
19,13,46,SALINAS VICTORIA,1753,2,URBANO(A)
19,13,46,SALINAS VICTORIA,1754,2,URBANO(A)
19,13,46,SALINAS VICTORIA,1755,3,MIXTO(A)
19,13,46,SALINAS VICTORIA,1756,4,RURAL
19,13,46,SALINAS VICTORIA,1757,4,RURAL
19,13,46,SALINAS VICTORIA,1758,4,RURAL
19,13,46,SALINAS VICTORIA,1759,4,RURAL
19,4,47,SAN NICOLAS DE LOS GARZA,1761,2,URBANO(A)
19,4,47,SAN NICOLAS DE LOS GARZA,1762,2,URBANO(A)
19,4,47,SAN NICOLAS DE LOS GARZA,1763,2,URBANO(A)
19,4,47,SAN NICOLAS DE LOS GARZA,1764,2,URBANO(A)
19,4,47,SAN NICOLAS DE LOS GARZA,1765,2,URBANO(A)
19,4,47,SAN NICOLAS DE LOS GARZA,1766,2,URBANO(A)
19,4,47,SAN NICOLAS DE LOS GARZA,1767,2,URBANO(A)
19,4,47,SAN NICOLAS DE LOS GARZA,1768,2,URBANO(A)
19,4,47,SAN NICOLAS DE LOS GARZA,1769,2,URBANO(A)
19,4,47,SAN NICOLAS DE LOS GARZA,1770,2,URBANO(A)
19,4,47,SAN NICOLAS DE LOS GARZA,1771,2,URBANO(A)
19,4,47,SAN NICOLAS DE LOS GARZA,1772,2,URBANO(A)
19,4,47,SAN NICOLAS DE LOS GARZA,1773,2,URBANO(A)
19,4,47,SAN NICOLAS DE LOS GARZA,1774,2,URBANO(A)
19,4,47,SAN NICOLAS DE LOS GARZA,1775,2,URBANO(A)
19,4,47,SAN NICOLAS DE LOS GARZA,1776,2,URBANO(A)
19,4,47,SAN NICOLAS DE LOS GARZA,1777,2,URBANO(A)
19,4,47,SAN NICOLAS DE LOS GARZA,1778,2,URBANO(A)
19,4,47,SAN NICOLAS DE LOS GARZA,1779,2,URBANO(A)
19,4,47,SAN NICOLAS DE LOS GARZA,1780,2,URBANO(A)
19,4,47,SAN NICOLAS DE LOS GARZA,1781,2,URBANO(A)
19,4,47,SAN NICOLAS DE LOS GARZA,1782,2,URBANO(A)
19,4,47,SAN NICOLAS DE LOS GARZA,1783,2,URBANO(A)
19,4,47,SAN NICOLAS DE LOS GARZA,1784,2,URBANO(A)
19,4,47,SAN NICOLAS DE LOS GARZA,1785,2,URBANO(A)
19,4,47,SAN NICOLAS DE LOS GARZA,1786,2,URBANO(A)
19,4,47,SAN NICOLAS DE LOS GARZA,1787,2,URBANO(A)
19,4,47,SAN NICOLAS DE LOS GARZA,1788,2,URBANO(A)
19,4,47,SAN NICOLAS DE LOS GARZA,1789,2,URBANO(A)
19,4,47,SAN NICOLAS DE LOS GARZA,1790,2,URBANO(A)
19,4,47,SAN NICOLAS DE LOS GARZA,1791,2,URBANO(A)
19,4,47,SAN NICOLAS DE LOS GARZA,1792,2,URBANO(A)
19,4,47,SAN NICOLAS DE LOS GARZA,1793,2,URBANO(A)
19,4,47,SAN NICOLAS DE LOS GARZA,1794,2,URBANO(A)
19,4,47,SAN NICOLAS DE LOS GARZA,1795,2,URBANO(A)
19,4,47,SAN NICOLAS DE LOS GARZA,1796,2,URBANO(A)
19,4,47,SAN NICOLAS DE LOS GARZA,1797,2,URBANO(A)
19,4,47,SAN NICOLAS DE LOS GARZA,1798,2,URBANO(A)
19,4,47,SAN NICOLAS DE LOS GARZA,1799,2,URBANO(A)
19,4,47,SAN NICOLAS DE LOS GARZA,1800,2,URBANO(A)
19,4,47,SAN NICOLAS DE LOS GARZA,1801,2,URBANO(A)
19,4,47,SAN NICOLAS DE LOS GARZA,1802,2,URBANO(A)
19,4,47,SAN NICOLAS DE LOS GARZA,1803,2,URBANO(A)
19,4,47,SAN NICOLAS DE LOS GARZA,1804,2,URBANO(A)
19,4,47,SAN NICOLAS DE LOS GARZA,1805,2,URBANO(A)
19,4,47,SAN NICOLAS DE LOS GARZA,1806,2,URBANO(A)
19,4,47,SAN NICOLAS DE LOS GARZA,1807,2,URBANO(A)
19,4,47,SAN NICOLAS DE LOS GARZA,1808,2,URBANO(A)
19,4,47,SAN NICOLAS DE LOS GARZA,1809,2,URBANO(A)
19,4,47,SAN NICOLAS DE LOS GARZA,1810,2,URBANO(A)
19,4,47,SAN NICOLAS DE LOS GARZA,1811,2,URBANO(A)
19,4,47,SAN NICOLAS DE LOS GARZA,1812,2,URBANO(A)
19,4,47,SAN NICOLAS DE LOS GARZA,1813,2,URBANO(A)
19,4,47,SAN NICOLAS DE LOS GARZA,1814,2,URBANO(A)
19,4,47,SAN NICOLAS DE LOS GARZA,1815,2,URBANO(A)
19,4,47,SAN NICOLAS DE LOS GARZA,1816,2,URBANO(A)
19,4,47,SAN NICOLAS DE LOS GARZA,1817,2,URBANO(A)
19,4,47,SAN NICOLAS DE LOS GARZA,1818,2,URBANO(A)
19,4,47,SAN NICOLAS DE LOS GARZA,1819,2,URBANO(A)
19,4,47,SAN NICOLAS DE LOS GARZA,1820,2,URBANO(A)
19,4,47,SAN NICOLAS DE LOS GARZA,1821,2,URBANO(A)
19,4,47,SAN NICOLAS DE LOS GARZA,1822,2,URBANO(A)
19,4,47,SAN NICOLAS DE LOS GARZA,1823,2,URBANO(A)
19,4,47,SAN NICOLAS DE LOS GARZA,1824,2,URBANO(A)
19,4,47,SAN NICOLAS DE LOS GARZA,1825,2,URBANO(A)
19,4,47,SAN NICOLAS DE LOS GARZA,1826,2,URBANO(A)
19,4,47,SAN NICOLAS DE LOS GARZA,1827,2,URBANO(A)
19,4,47,SAN NICOLAS DE LOS GARZA,1828,2,URBANO(A)
19,4,47,SAN NICOLAS DE LOS GARZA,1829,2,URBANO(A)
19,4,47,SAN NICOLAS DE LOS GARZA,1830,2,URBANO(A)
19,4,47,SAN NICOLAS DE LOS GARZA,1831,2,URBANO(A)
19,4,47,SAN NICOLAS DE LOS GARZA,1832,2,URBANO(A)
19,4,47,SAN NICOLAS DE LOS GARZA,1833,2,URBANO(A)
19,4,47,SAN NICOLAS DE LOS GARZA,1834,2,URBANO(A)
19,4,47,SAN NICOLAS DE LOS GARZA,1835,2,URBANO(A)
19,4,47,SAN NICOLAS DE LOS GARZA,1836,2,URBANO(A)
19,4,47,SAN NICOLAS DE LOS GARZA,1837,2,URBANO(A)
19,4,47,SAN NICOLAS DE LOS GARZA,1838,2,URBANO(A)
19,4,47,SAN NICOLAS DE LOS GARZA,1839,2,URBANO(A)
19,4,47,SAN NICOLAS DE LOS GARZA,1840,2,URBANO(A)
19,4,47,SAN NICOLAS DE LOS GARZA,1841,2,URBANO(A)
19,4,47,SAN NICOLAS DE LOS GARZA,1842,2,URBANO(A)
19,4,47,SAN NICOLAS DE LOS GARZA,1843,2,URBANO(A)
19,4,47,SAN NICOLAS DE LOS GARZA,1844,2,URBANO(A)
19,4,47,SAN NICOLAS DE LOS GARZA,1845,2,URBANO(A)
19,4,47,SAN NICOLAS DE LOS GARZA,1846,2,URBANO(A)
19,4,47,SAN NICOLAS DE LOS GARZA,1847,2,URBANO(A)
19,4,47,SAN NICOLAS DE LOS GARZA,1848,2,URBANO(A)
19,4,47,SAN NICOLAS DE LOS GARZA,1849,2,URBANO(A)
19,4,47,SAN NICOLAS DE LOS GARZA,1850,2,URBANO(A)
19,4,47,SAN NICOLAS DE LOS GARZA,1851,2,URBANO(A)
19,4,47,SAN NICOLAS DE LOS GARZA,1852,2,URBANO(A)
19,4,47,SAN NICOLAS DE LOS GARZA,1853,2,URBANO(A)
19,4,47,SAN NICOLAS DE LOS GARZA,1854,2,URBANO(A)
19,4,47,SAN NICOLAS DE LOS GARZA,1855,2,URBANO(A)
19,4,47,SAN NICOLAS DE LOS GARZA,1856,2,URBANO(A)
19,4,47,SAN NICOLAS DE LOS GARZA,1857,2,URBANO(A)
19,4,47,SAN NICOLAS DE LOS GARZA,1858,2,URBANO(A)
19,4,47,SAN NICOLAS DE LOS GARZA,1859,2,URBANO(A)
19,4,47,SAN NICOLAS DE LOS GARZA,1860,2,URBANO(A)
19,4,47,SAN NICOLAS DE LOS GARZA,1861,2,URBANO(A)
19,4,47,SAN NICOLAS DE LOS GARZA,1862,2,URBANO(A)
19,4,47,SAN NICOLAS DE LOS GARZA,1863,2,URBANO(A)
19,4,47,SAN NICOLAS DE LOS GARZA,1864,2,URBANO(A)
19,4,47,SAN NICOLAS DE LOS GARZA,1865,2,URBANO(A)
19,4,47,SAN NICOLAS DE LOS GARZA,1866,2,URBANO(A)
19,4,47,SAN NICOLAS DE LOS GARZA,1867,2,URBANO(A)
19,4,47,SAN NICOLAS DE LOS GARZA,1868,2,URBANO(A)
19,4,47,SAN NICOLAS DE LOS GARZA,1869,2,URBANO(A)
19,4,47,SAN NICOLAS DE LOS GARZA,1870,2,URBANO(A)
19,4,47,SAN NICOLAS DE LOS GARZA,1871,2,URBANO(A)
19,4,47,SAN NICOLAS DE LOS GARZA,1872,2,URBANO(A)
19,4,47,SAN NICOLAS DE LOS GARZA,1873,2,URBANO(A)
19,4,47,SAN NICOLAS DE LOS GARZA,1874,2,URBANO(A)
19,4,47,SAN NICOLAS DE LOS GARZA,1876,2,URBANO(A)
19,4,47,SAN NICOLAS DE LOS GARZA,1877,2,URBANO(A)
19,4,47,SAN NICOLAS DE LOS GARZA,1878,2,URBANO(A)
19,4,47,SAN NICOLAS DE LOS GARZA,1879,2,URBANO(A)
19,4,47,SAN NICOLAS DE LOS GARZA,1880,2,URBANO(A)
19,4,47,SAN NICOLAS DE LOS GARZA,1881,2,URBANO(A)
19,4,47,SAN NICOLAS DE LOS GARZA,1882,2,URBANO(A)
19,4,47,SAN NICOLAS DE LOS GARZA,1883,2,URBANO(A)
19,4,47,SAN NICOLAS DE LOS GARZA,1884,2,URBANO(A)
19,4,47,SAN NICOLAS DE LOS GARZA,1885,2,URBANO(A)
19,4,47,SAN NICOLAS DE LOS GARZA,1886,2,URBANO(A)
19,4,47,SAN NICOLAS DE LOS GARZA,1887,2,URBANO(A)
19,4,47,SAN NICOLAS DE LOS GARZA,1888,2,URBANO(A)
19,4,47,SAN NICOLAS DE LOS GARZA,1889,2,URBANO(A)
19,4,47,SAN NICOLAS DE LOS GARZA,1890,2,URBANO(A)
19,4,47,SAN NICOLAS DE LOS GARZA,1891,2,URBANO(A)
19,4,47,SAN NICOLAS DE LOS GARZA,1892,2,URBANO(A)
19,4,47,SAN NICOLAS DE LOS GARZA,1893,2,URBANO(A)
19,4,47,SAN NICOLAS DE LOS GARZA,1894,2,URBANO(A)
19,4,47,SAN NICOLAS DE LOS GARZA,1895,2,URBANO(A)
19,4,47,SAN NICOLAS DE LOS GARZA,1896,2,URBANO(A)
19,4,47,SAN NICOLAS DE LOS GARZA,1897,2,URBANO(A)
19,4,47,SAN NICOLAS DE LOS GARZA,1898,2,URBANO(A)
19,4,47,SAN NICOLAS DE LOS GARZA,1899,2,URBANO(A)
19,4,47,SAN NICOLAS DE LOS GARZA,1900,2,URBANO(A)
19,4,47,SAN NICOLAS DE LOS GARZA,1901,2,URBANO(A)
19,4,47,SAN NICOLAS DE LOS GARZA,1902,2,URBANO(A)
19,4,47,SAN NICOLAS DE LOS GARZA,1903,2,URBANO(A)
19,4,47,SAN NICOLAS DE LOS GARZA,1904,2,URBANO(A)
19,4,47,SAN NICOLAS DE LOS GARZA,1905,2,URBANO(A)
19,4,47,SAN NICOLAS DE LOS GARZA,1906,2,URBANO(A)
19,4,47,SAN NICOLAS DE LOS GARZA,1907,2,URBANO(A)
19,4,47,SAN NICOLAS DE LOS GARZA,1908,2,URBANO(A)
19,4,47,SAN NICOLAS DE LOS GARZA,1909,2,URBANO(A)
19,4,47,SAN NICOLAS DE LOS GARZA,1910,2,URBANO(A)
19,4,47,SAN NICOLAS DE LOS GARZA,1911,2,URBANO(A)
19,4,47,SAN NICOLAS DE LOS GARZA,1912,2,URBANO(A)
19,4,47,SAN NICOLAS DE LOS GARZA,1913,2,URBANO(A)
19,4,47,SAN NICOLAS DE LOS GARZA,1914,2,URBANO(A)
19,4,47,SAN NICOLAS DE LOS GARZA,1915,2,URBANO(A)
19,4,47,SAN NICOLAS DE LOS GARZA,1916,2,URBANO(A)
19,4,47,SAN NICOLAS DE LOS GARZA,1917,2,URBANO(A)
19,4,47,SAN NICOLAS DE LOS GARZA,1918,2,URBANO(A)
19,4,47,SAN NICOLAS DE LOS GARZA,1919,2,URBANO(A)
19,4,47,SAN NICOLAS DE LOS GARZA,1920,2,URBANO(A)
19,4,47,SAN NICOLAS DE LOS GARZA,1921,2,URBANO(A)
19,4,47,SAN NICOLAS DE LOS GARZA,1922,2,URBANO(A)
19,4,47,SAN NICOLAS DE LOS GARZA,1923,2,URBANO(A)
19,4,47,SAN NICOLAS DE LOS GARZA,1924,2,URBANO(A)
19,4,47,SAN NICOLAS DE LOS GARZA,1925,2,URBANO(A)
19,4,47,SAN NICOLAS DE LOS GARZA,1926,2,URBANO(A)
19,4,47,SAN NICOLAS DE LOS GARZA,1927,2,URBANO(A)
19,4,47,SAN NICOLAS DE LOS GARZA,1928,2,URBANO(A)
19,4,47,SAN NICOLAS DE LOS GARZA,1929,2,URBANO(A)
19,4,47,SAN NICOLAS DE LOS GARZA,1930,2,URBANO(A)
19,4,47,SAN NICOLAS DE LOS GARZA,1931,2,URBANO(A)
19,4,47,SAN NICOLAS DE LOS GARZA,1932,2,URBANO(A)
19,4,47,SAN NICOLAS DE LOS GARZA,1933,2,URBANO(A)
19,4,47,SAN NICOLAS DE LOS GARZA,1934,2,URBANO(A)
19,4,47,SAN NICOLAS DE LOS GARZA,1935,2,URBANO(A)
19,4,47,SAN NICOLAS DE LOS GARZA,1936,2,URBANO(A)
19,4,47,SAN NICOLAS DE LOS GARZA,1937,2,URBANO(A)
19,4,47,SAN NICOLAS DE LOS GARZA,1938,2,URBANO(A)
19,4,47,SAN NICOLAS DE LOS GARZA,1939,2,URBANO(A)
19,4,47,SAN NICOLAS DE LOS GARZA,1940,2,URBANO(A)
19,4,47,SAN NICOLAS DE LOS GARZA,1941,2,URBANO(A)
19,4,47,SAN NICOLAS DE LOS GARZA,1942,2,URBANO(A)
19,4,47,SAN NICOLAS DE LOS GARZA,1943,2,URBANO(A)
19,4,47,SAN NICOLAS DE LOS GARZA,1944,2,URBANO(A)
19,4,47,SAN NICOLAS DE LOS GARZA,1945,2,URBANO(A)
19,4,47,SAN NICOLAS DE LOS GARZA,1946,2,URBANO(A)
19,4,47,SAN NICOLAS DE LOS GARZA,1947,2,URBANO(A)
19,4,47,SAN NICOLAS DE LOS GARZA,1948,2,URBANO(A)
19,4,47,SAN NICOLAS DE LOS GARZA,1949,2,URBANO(A)
19,4,47,SAN NICOLAS DE LOS GARZA,1950,2,URBANO(A)
19,4,47,SAN NICOLAS DE LOS GARZA,1951,2,URBANO(A)
19,4,47,SAN NICOLAS DE LOS GARZA,1952,2,URBANO(A)
19,4,47,SAN NICOLAS DE LOS GARZA,1953,2,URBANO(A)
19,4,47,SAN NICOLAS DE LOS GARZA,1954,2,URBANO(A)
19,4,47,SAN NICOLAS DE LOS GARZA,1955,2,URBANO(A)
19,4,47,SAN NICOLAS DE LOS GARZA,1956,2,URBANO(A)
19,4,47,SAN NICOLAS DE LOS GARZA,1957,2,URBANO(A)
19,4,47,SAN NICOLAS DE LOS GARZA,1958,2,URBANO(A)
19,4,47,SAN NICOLAS DE LOS GARZA,1959,2,URBANO(A)
19,4,47,SAN NICOLAS DE LOS GARZA,1960,2,URBANO(A)
19,4,47,SAN NICOLAS DE LOS GARZA,1961,2,URBANO(A)
19,4,47,SAN NICOLAS DE LOS GARZA,1962,2,URBANO(A)
19,4,47,SAN NICOLAS DE LOS GARZA,1963,2,URBANO(A)
19,4,47,SAN NICOLAS DE LOS GARZA,1964,2,URBANO(A)
19,4,47,SAN NICOLAS DE LOS GARZA,1965,2,URBANO(A)
19,4,47,SAN NICOLAS DE LOS GARZA,1966,2,URBANO(A)
19,4,47,SAN NICOLAS DE LOS GARZA,1967,2,URBANO(A)
19,4,47,SAN NICOLAS DE LOS GARZA,1968,2,URBANO(A)
19,4,47,SAN NICOLAS DE LOS GARZA,1969,2,URBANO(A)
19,4,47,SAN NICOLAS DE LOS GARZA,1970,2,URBANO(A)
19,4,47,SAN NICOLAS DE LOS GARZA,1971,2,URBANO(A)
19,4,47,SAN NICOLAS DE LOS GARZA,1972,2,URBANO(A)
19,4,47,SAN NICOLAS DE LOS GARZA,1973,2,URBANO(A)
19,4,47,SAN NICOLAS DE LOS GARZA,1975,2,URBANO(A)
19,4,47,SAN NICOLAS DE LOS GARZA,1976,2,URBANO(A)
19,4,47,SAN NICOLAS DE LOS GARZA,1977,2,URBANO(A)
19,4,47,SAN NICOLAS DE LOS GARZA,1978,2,URBANO(A)
19,4,47,SAN NICOLAS DE LOS GARZA,1979,2,URBANO(A)
19,4,47,SAN NICOLAS DE LOS GARZA,1980,2,URBANO(A)
19,4,47,SAN NICOLAS DE LOS GARZA,1981,2,URBANO(A)
19,4,47,SAN NICOLAS DE LOS GARZA,1982,2,URBANO(A)
19,4,47,SAN NICOLAS DE LOS GARZA,1983,2,URBANO(A)
19,4,47,SAN NICOLAS DE LOS GARZA,1984,2,URBANO(A)
19,4,47,SAN NICOLAS DE LOS GARZA,1985,2,URBANO(A)
19,4,47,SAN NICOLAS DE LOS GARZA,1986,2,URBANO(A)
19,4,47,SAN NICOLAS DE LOS GARZA,1987,2,URBANO(A)
19,4,47,SAN NICOLAS DE LOS GARZA,1988,2,URBANO(A)
19,4,47,SAN NICOLAS DE LOS GARZA,1989,2,URBANO(A)
19,4,47,SAN NICOLAS DE LOS GARZA,1990,2,URBANO(A)
19,4,47,SAN NICOLAS DE LOS GARZA,1991,2,URBANO(A)
19,4,47,SAN NICOLAS DE LOS GARZA,1992,2,URBANO(A)
19,4,47,SAN NICOLAS DE LOS GARZA,1993,2,URBANO(A)
19,4,47,SAN NICOLAS DE LOS GARZA,1994,2,URBANO(A)
19,4,47,SAN NICOLAS DE LOS GARZA,1995,2,URBANO(A)
19,4,47,SAN NICOLAS DE LOS GARZA,1996,2,URBANO(A)
19,4,47,SAN NICOLAS DE LOS GARZA,1997,2,URBANO(A)
19,4,47,SAN NICOLAS DE LOS GARZA,1998,2,URBANO(A)
19,1,48,SANTA CATARINA,1999,2,URBANO(A)
19,1,48,SANTA CATARINA,2000,2,URBANO(A)
19,1,48,SANTA CATARINA,2001,2,URBANO(A)
19,1,48,SANTA CATARINA,2003,2,URBANO(A)
19,1,48,SANTA CATARINA,2004,2,URBANO(A)
19,1,48,SANTA CATARINA,2005,2,URBANO(A)
19,1,48,SANTA CATARINA,2007,2,URBANO(A)
19,1,48,SANTA CATARINA,2008,2,URBANO(A)
19,1,48,SANTA CATARINA,2009,2,URBANO(A)
19,1,48,SANTA CATARINA,2010,2,URBANO(A)
19,1,48,SANTA CATARINA,2011,2,URBANO(A)
19,1,48,SANTA CATARINA,2012,2,URBANO(A)
19,1,48,SANTA CATARINA,2013,2,URBANO(A)
19,1,48,SANTA CATARINA,2014,2,URBANO(A)
19,1,48,SANTA CATARINA,2015,2,URBANO(A)
19,1,48,SANTA CATARINA,2016,2,URBANO(A)
19,1,48,SANTA CATARINA,2017,2,URBANO(A)
19,1,48,SANTA CATARINA,2018,2,URBANO(A)
19,1,48,SANTA CATARINA,2019,2,URBANO(A)
19,1,48,SANTA CATARINA,2020,2,URBANO(A)
19,1,48,SANTA CATARINA,2021,2,URBANO(A)
19,1,48,SANTA CATARINA,2022,2,URBANO(A)
19,1,48,SANTA CATARINA,2023,2,URBANO(A)
19,1,48,SANTA CATARINA,2024,2,URBANO(A)
19,1,48,SANTA CATARINA,2025,2,URBANO(A)
19,1,48,SANTA CATARINA,2026,2,URBANO(A)
19,1,48,SANTA CATARINA,2027,2,URBANO(A)
19,1,48,SANTA CATARINA,2028,2,URBANO(A)
19,1,48,SANTA CATARINA,2029,2,URBANO(A)
19,1,48,SANTA CATARINA,2030,2,URBANO(A)
19,1,48,SANTA CATARINA,2031,2,URBANO(A)
19,1,48,SANTA CATARINA,2032,2,URBANO(A)
19,1,48,SANTA CATARINA,2033,2,URBANO(A)
19,1,48,SANTA CATARINA,2034,2,URBANO(A)
19,1,48,SANTA CATARINA,2035,2,URBANO(A)
19,1,48,SANTA CATARINA,2036,2,URBANO(A)
19,1,48,SANTA CATARINA,2037,2,URBANO(A)
19,1,48,SANTA CATARINA,2038,2,URBANO(A)
19,1,48,SANTA CATARINA,2039,2,URBANO(A)
19,1,48,SANTA CATARINA,2043,2,URBANO(A)
19,1,48,SANTA CATARINA,2044,2,URBANO(A)
19,1,48,SANTA CATARINA,2045,2,URBANO(A)
19,1,48,SANTA CATARINA,2046,2,URBANO(A)
19,1,48,SANTA CATARINA,2048,2,URBANO(A)
19,1,48,SANTA CATARINA,2049,3,MIXTO(A)
19,1,48,SANTA CATARINA,2050,2,URBANO(A)
19,1,48,SANTA CATARINA,2051,2,URBANO(A)
19,1,48,SANTA CATARINA,2052,2,URBANO(A)
19,1,48,SANTA CATARINA,2053,2,URBANO(A)
19,1,48,SANTA CATARINA,2054,2,URBANO(A)
19,1,48,SANTA CATARINA,2055,2,URBANO(A)
19,1,48,SANTA CATARINA,2056,2,URBANO(A)
19,1,48,SANTA CATARINA,2057,2,URBANO(A)
19,1,48,SANTA CATARINA,2058,2,URBANO(A)
19,1,48,SANTA CATARINA,2059,2,URBANO(A)
19,1,48,SANTA CATARINA,2060,2,URBANO(A)
19,1,48,SANTA CATARINA,2061,2,URBANO(A)
19,1,48,SANTA CATARINA,2062,2,URBANO(A)
19,1,48,SANTA CATARINA,2063,2,URBANO(A)
19,1,48,SANTA CATARINA,2064,2,URBANO(A)
19,1,48,SANTA CATARINA,2065,2,URBANO(A)
19,1,48,SANTA CATARINA,2066,2,URBANO(A)
19,1,48,SANTA CATARINA,2067,2,URBANO(A)
19,1,48,SANTA CATARINA,2068,2,URBANO(A)
19,1,48,SANTA CATARINA,2069,2,URBANO(A)
19,1,48,SANTA CATARINA,2070,2,URBANO(A)
19,1,48,SANTA CATARINA,2071,2,URBANO(A)
19,1,48,SANTA CATARINA,2072,2,URBANO(A)
19,1,48,SANTA CATARINA,2074,2,URBANO(A)
19,1,48,SANTA CATARINA,2075,2,URBANO(A)
19,1,48,SANTA CATARINA,2076,2,URBANO(A)
19,1,48,SANTA CATARINA,2077,2,URBANO(A)
19,1,48,SANTA CATARINA,2078,2,URBANO(A)
19,1,48,SANTA CATARINA,2079,3,MIXTO(A)
19,1,48,SANTA CATARINA,2080,2,URBANO(A)
19,1,48,SANTA CATARINA,2081,2,URBANO(A)
19,1,48,SANTA CATARINA,2082,2,URBANO(A)
19,1,48,SANTA CATARINA,2083,2,URBANO(A)
19,1,48,SANTA CATARINA,2084,4,RURAL
19,1,48,SANTA CATARINA,2085,4,RURAL
19,9,49,SANTIAGO,2086,2,URBANO(A)
19,9,49,SANTIAGO,2087,2,URBANO(A)
19,9,49,SANTIAGO,2088,2,URBANO(A)
19,9,49,SANTIAGO,2089,2,URBANO(A)
19,9,49,SANTIAGO,2090,2,URBANO(A)
19,9,49,SANTIAGO,2091,2,URBANO(A)
19,9,49,SANTIAGO,2092,2,URBANO(A)
19,9,49,SANTIAGO,2093,2,URBANO(A)
19,9,49,SANTIAGO,2094,2,URBANO(A)
19,9,49,SANTIAGO,2095,2,URBANO(A)
19,9,49,SANTIAGO,2096,2,URBANO(A)
19,9,49,SANTIAGO,2097,2,URBANO(A)
19,9,49,SANTIAGO,2098,2,URBANO(A)
19,9,49,SANTIAGO,2099,2,URBANO(A)
19,9,49,SANTIAGO,2100,2,URBANO(A)
19,9,49,SANTIAGO,2101,2,URBANO(A)
19,9,49,SANTIAGO,2102,2,URBANO(A)
19,9,49,SANTIAGO,2103,2,URBANO(A)
19,9,49,SANTIAGO,2104,2,URBANO(A)
19,9,49,SANTIAGO,2105,2,URBANO(A)
19,9,49,SANTIAGO,2106,4,RURAL
19,9,49,SANTIAGO,2107,4,RURAL
19,9,49,SANTIAGO,2108,4,RURAL
19,9,49,SANTIAGO,2109,4,RURAL
19,9,49,SANTIAGO,2110,4,RURAL
19,13,50,VALLECILLO,2111,3,MIXTO(A)
19,13,50,VALLECILLO,2112,3,MIXTO(A)
19,13,50,VALLECILLO,2113,4,RURAL
19,13,50,VALLECILLO,2114,4,RURAL
19,13,50,VALLECILLO,2115,4,RURAL
19,13,50,VALLECILLO,2116,4,RURAL
19,13,50,VALLECILLO,2117,4,RURAL
19,13,51,VILLALDAMA,2118,2,URBANO(A)
19,13,51,VILLALDAMA,2119,3,MIXTO(A)
19,13,51,VILLALDAMA,2120,2,URBANO(A)
19,13,51,VILLALDAMA,2121,4,RURAL
19,13,51,VILLALDAMA,2122,4,RURAL
19,13,51,VILLALDAMA,2123,4,RURAL
19,5,40,MONTERREY,2125,2,URBANO(A)
19,5,40,MONTERREY,2127,2,URBANO(A)
19,5,40,MONTERREY,2128,2,URBANO(A)
19,5,40,MONTERREY,2129,2,URBANO(A)
19,5,40,MONTERREY,2130,2,URBANO(A)
19,5,40,MONTERREY,2132,2,URBANO(A)
19,5,40,MONTERREY,2133,2,URBANO(A)
19,3,21,GRAL. ESCOBEDO,2137,4,RURAL
19,3,21,GRAL. ESCOBEDO,2138,4,RURAL
19,3,21,GRAL. ESCOBEDO,2139,2,URBANO(A)
19,3,21,GRAL. ESCOBEDO,2140,2,URBANO(A)
19,3,21,GRAL. ESCOBEDO,2141,2,URBANO(A)
19,3,21,GRAL. ESCOBEDO,2142,2,URBANO(A)
19,3,21,GRAL. ESCOBEDO,2143,2,URBANO(A)
19,3,21,GRAL. ESCOBEDO,2144,2,URBANO(A)
19,3,21,GRAL. ESCOBEDO,2145,2,URBANO(A)
19,3,21,GRAL. ESCOBEDO,2146,2,URBANO(A)
19,3,21,GRAL. ESCOBEDO,2147,2,URBANO(A)
19,3,21,GRAL. ESCOBEDO,2148,2,URBANO(A)
19,3,21,GRAL. ESCOBEDO,2149,2,URBANO(A)
19,3,21,GRAL. ESCOBEDO,2150,2,URBANO(A)
19,3,21,GRAL. ESCOBEDO,2151,2,URBANO(A)
19,3,21,GRAL. ESCOBEDO,2152,2,URBANO(A)
19,3,21,GRAL. ESCOBEDO,2153,2,URBANO(A)
19,3,21,GRAL. ESCOBEDO,2154,2,URBANO(A)
19,3,21,GRAL. ESCOBEDO,2155,2,URBANO(A)
19,3,21,GRAL. ESCOBEDO,2156,2,URBANO(A)
19,3,21,GRAL. ESCOBEDO,2157,2,URBANO(A)
19,3,21,GRAL. ESCOBEDO,2158,2,URBANO(A)
19,3,21,GRAL. ESCOBEDO,2159,2,URBANO(A)
19,3,21,GRAL. ESCOBEDO,2160,2,URBANO(A)
19,3,21,GRAL. ESCOBEDO,2161,2,URBANO(A)
19,3,21,GRAL. ESCOBEDO,2162,2,URBANO(A)
19,3,21,GRAL. ESCOBEDO,2163,2,URBANO(A)
19,3,21,GRAL. ESCOBEDO,2164,2,URBANO(A)
19,3,21,GRAL. ESCOBEDO,2165,2,URBANO(A)
19,2,6,APODACA,2166,3,MIXTO(A)
19,2,6,APODACA,2167,2,URBANO(A)
19,2,6,APODACA,2168,2,URBANO(A)
19,2,6,APODACA,2169,2,URBANO(A)
19,2,6,APODACA,2170,2,URBANO(A)
19,2,6,APODACA,2171,2,URBANO(A)
19,2,6,APODACA,2172,2,URBANO(A)
19,2,6,APODACA,2173,2,URBANO(A)
19,2,6,APODACA,2174,2,URBANO(A)
19,2,6,APODACA,2175,2,URBANO(A)
19,2,6,APODACA,2176,3,MIXTO(A)
19,2,6,APODACA,2177,2,URBANO(A)
19,2,6,APODACA,2178,2,URBANO(A)
19,2,6,APODACA,2179,2,URBANO(A)
19,2,6,APODACA,2180,2,URBANO(A)
19,2,6,APODACA,2181,2,URBANO(A)
19,2,6,APODACA,2182,2,URBANO(A)
19,2,6,APODACA,2183,2,URBANO(A)
19,2,6,APODACA,2184,2,URBANO(A)
19,2,6,APODACA,2185,2,URBANO(A)
19,2,6,APODACA,2186,2,URBANO(A)
19,2,6,APODACA,2187,2,URBANO(A)
19,2,6,APODACA,2188,2,URBANO(A)
19,2,6,APODACA,2189,2,URBANO(A)
19,2,6,APODACA,2190,2,URBANO(A)
19,2,6,APODACA,2191,2,URBANO(A)
19,2,6,APODACA,2192,2,URBANO(A)
19,2,6,APODACA,2193,2,URBANO(A)
19,2,6,APODACA,2194,2,URBANO(A)
19,2,6,APODACA,2195,2,URBANO(A)
19,2,6,APODACA,2197,3,MIXTO(A)
19,2,6,APODACA,2198,2,URBANO(A)
19,8,6,APODACA,2199,2,URBANO(A)
19,8,6,APODACA,2200,2,URBANO(A)
19,8,6,APODACA,2201,2,URBANO(A)
19,8,6,APODACA,2202,2,URBANO(A)
19,8,6,APODACA,2203,2,URBANO(A)
19,8,6,APODACA,2204,2,URBANO(A)
19,8,6,APODACA,2205,2,URBANO(A)
19,8,6,APODACA,2206,2,URBANO(A)
19,8,6,APODACA,2207,2,URBANO(A)
19,8,6,APODACA,2208,2,URBANO(A)
19,8,6,APODACA,2209,2,URBANO(A)
19,8,6,APODACA,2210,2,URBANO(A)
19,8,6,APODACA,2211,2,URBANO(A)
19,8,6,APODACA,2212,2,URBANO(A)
19,8,6,APODACA,2213,2,URBANO(A)
19,8,6,APODACA,2214,2,URBANO(A)
19,8,6,APODACA,2215,2,URBANO(A)
19,8,6,APODACA,2216,2,URBANO(A)
19,8,6,APODACA,2217,2,URBANO(A)
19,8,6,APODACA,2218,2,URBANO(A)
19,8,6,APODACA,2219,2,URBANO(A)
19,8,6,APODACA,2220,2,URBANO(A)
19,8,6,APODACA,2221,2,URBANO(A)
19,8,6,APODACA,2222,2,URBANO(A)
19,8,6,APODACA,2223,2,URBANO(A)
19,8,6,APODACA,2224,2,URBANO(A)
19,8,6,APODACA,2225,2,URBANO(A)
19,8,6,APODACA,2226,2,URBANO(A)
19,8,6,APODACA,2227,2,URBANO(A)
19,8,6,APODACA,2228,2,URBANO(A)
19,8,6,APODACA,2229,2,URBANO(A)
19,8,6,APODACA,2230,2,URBANO(A)
19,8,6,APODACA,2231,2,URBANO(A)
19,8,6,APODACA,2232,2,URBANO(A)
19,8,6,APODACA,2233,2,URBANO(A)
19,8,6,APODACA,2234,2,URBANO(A)
19,8,6,APODACA,2235,2,URBANO(A)
19,8,6,APODACA,2236,2,URBANO(A)
19,8,6,APODACA,2237,2,URBANO(A)
19,8,6,APODACA,2238,2,URBANO(A)
19,8,6,APODACA,2239,2,URBANO(A)
19,8,6,APODACA,2240,2,URBANO(A)
19,8,6,APODACA,2241,2,URBANO(A)
19,8,6,APODACA,2242,2,URBANO(A)
19,8,6,APODACA,2243,2,URBANO(A)
19,8,6,APODACA,2244,2,URBANO(A)
19,8,6,APODACA,2245,2,URBANO(A)
19,8,6,APODACA,2246,2,URBANO(A)
19,8,6,APODACA,2247,2,URBANO(A)
19,8,6,APODACA,2248,2,URBANO(A)
19,8,6,APODACA,2249,2,URBANO(A)
19,8,6,APODACA,2250,2,URBANO(A)
19,8,6,APODACA,2251,2,URBANO(A)
19,8,6,APODACA,2252,2,URBANO(A)
19,8,6,APODACA,2253,2,URBANO(A)
19,8,6,APODACA,2254,2,URBANO(A)
19,8,6,APODACA,2255,2,URBANO(A)
19,8,6,APODACA,2256,2,URBANO(A)
19,8,6,APODACA,2257,2,URBANO(A)
19,8,6,APODACA,2258,2,URBANO(A)
19,8,6,APODACA,2259,2,URBANO(A)
19,8,6,APODACA,2260,2,URBANO(A)
19,8,6,APODACA,2261,2,URBANO(A)
19,8,6,APODACA,2262,2,URBANO(A)
19,8,6,APODACA,2263,2,URBANO(A)
19,8,6,APODACA,2264,2,URBANO(A)
19,8,6,APODACA,2265,2,URBANO(A)
19,8,6,APODACA,2266,2,URBANO(A)
19,8,6,APODACA,2267,2,URBANO(A)
19,8,6,APODACA,2268,2,URBANO(A)
19,8,6,APODACA,2269,2,URBANO(A)
19,8,6,APODACA,2270,2,URBANO(A)
19,8,6,APODACA,2271,3,MIXTO(A)
19,8,6,APODACA,2272,3,MIXTO(A)
19,8,6,APODACA,2273,2,URBANO(A)
19,7,18,GARCIA,2274,2,URBANO(A)
19,7,18,GARCIA,2275,2,URBANO(A)
19,7,18,GARCIA,2276,2,URBANO(A)
19,7,18,GARCIA,2277,2,URBANO(A)
19,7,18,GARCIA,2278,2,URBANO(A)
19,7,18,GARCIA,2279,2,URBANO(A)
19,7,18,GARCIA,2280,2,URBANO(A)
19,7,18,GARCIA,2281,2,URBANO(A)
19,7,18,GARCIA,2282,2,URBANO(A)
19,7,18,GARCIA,2283,2,URBANO(A)
19,7,18,GARCIA,2284,2,URBANO(A)
19,7,18,GARCIA,2285,2,URBANO(A)
19,7,18,GARCIA,2286,2,URBANO(A)
19,7,18,GARCIA,2287,2,URBANO(A)
19,7,18,GARCIA,2288,2,URBANO(A)
19,7,18,GARCIA,2289,2,URBANO(A)
19,7,18,GARCIA,2290,2,URBANO(A)
19,7,18,GARCIA,2291,2,URBANO(A)
19,7,18,GARCIA,2292,2,URBANO(A)
19,7,18,GARCIA,2293,2,URBANO(A)
19,7,18,GARCIA,2294,2,URBANO(A)
19,7,18,GARCIA,2295,2,URBANO(A)
19,7,18,GARCIA,2296,2,URBANO(A)
19,7,18,GARCIA,2297,2,URBANO(A)
19,7,18,GARCIA,2298,2,URBANO(A)
19,7,18,GARCIA,2299,2,URBANO(A)
19,7,18,GARCIA,2300,2,URBANO(A)
19,7,18,GARCIA,2301,2,URBANO(A)
19,7,18,GARCIA,2302,2,URBANO(A)
19,7,18,GARCIA,2303,2,URBANO(A)
19,7,18,GARCIA,2304,2,URBANO(A)
19,7,18,GARCIA,2306,2,URBANO(A)
19,12,32,JUAREZ,2308,3,MIXTO(A)
19,12,32,JUAREZ,2309,4,RURAL
19,12,32,JUAREZ,2310,2,URBANO(A)
19,12,32,JUAREZ,2311,2,URBANO(A)
19,12,32,JUAREZ,2312,2,URBANO(A)
19,12,32,JUAREZ,2313,2,URBANO(A)
19,12,32,JUAREZ,2314,2,URBANO(A)
19,12,32,JUAREZ,2315,2,URBANO(A)
19,12,32,JUAREZ,2316,2,URBANO(A)
19,12,32,JUAREZ,2317,2,URBANO(A)
19,12,32,JUAREZ,2318,2,URBANO(A)
19,12,32,JUAREZ,2319,2,URBANO(A)
19,12,32,JUAREZ,2320,2,URBANO(A)
19,12,32,JUAREZ,2321,2,URBANO(A)
19,12,32,JUAREZ,2322,2,URBANO(A)
19,12,32,JUAREZ,2323,2,URBANO(A)
19,12,32,JUAREZ,2324,2,URBANO(A)
19,12,32,JUAREZ,2325,2,URBANO(A)
19,12,32,JUAREZ,2326,2,URBANO(A)
19,12,32,JUAREZ,2327,2,URBANO(A)
19,12,32,JUAREZ,2328,2,URBANO(A)
19,12,32,JUAREZ,2330,4,RURAL
19,12,32,JUAREZ,2331,4,RURAL
19,12,32,JUAREZ,2332,4,RURAL
19,12,32,JUAREZ,2333,4,RURAL
19,12,32,JUAREZ,2334,3,MIXTO(A)
19,12,32,JUAREZ,2335,2,URBANO(A)
19,12,32,JUAREZ,2336,2,URBANO(A)
19,12,32,JUAREZ,2337,3,MIXTO(A)
19,12,32,JUAREZ,2338,2,URBANO(A)
19,12,32,JUAREZ,2339,2,URBANO(A)
19,12,32,JUAREZ,2340,2,URBANO(A)
19,12,32,JUAREZ,2341,2,URBANO(A)
19,12,32,JUAREZ,2342,2,URBANO(A)
19,12,32,JUAREZ,2343,2,URBANO(A)
19,12,32,JUAREZ,2344,2,URBANO(A)
19,12,32,JUAREZ,2345,3,MIXTO(A)
19,12,32,JUAREZ,2346,2,URBANO(A)
19,12,32,JUAREZ,2347,2,URBANO(A)
19,12,32,JUAREZ,2348,2,URBANO(A)
19,12,32,JUAREZ,2349,2,URBANO(A)
19,12,32,JUAREZ,2350,2,URBANO(A)
19,12,32,JUAREZ,2351,4,RURAL
19,12,32,JUAREZ,2352,3,MIXTO(A)
19,12,32,JUAREZ,2353,2,URBANO(A)
19,12,32,JUAREZ,2354,4,RURAL
19,12,32,JUAREZ,2355,2,URBANO(A)
19,12,32,JUAREZ,2356,2,URBANO(A)
19,12,32,JUAREZ,2357,2,URBANO(A)
19,12,32,JUAREZ,2358,2,URBANO(A)
19,12,32,JUAREZ,2359,4,RURAL
19,12,32,JUAREZ,2360,3,MIXTO(A)
19,12,32,JUAREZ,2361,4,RURAL
19,12,32,JUAREZ,2362,2,URBANO(A)
19,12,32,JUAREZ,2363,3,MIXTO(A)
19,12,32,JUAREZ,2364,2,URBANO(A)
19,12,32,JUAREZ,2365,2,URBANO(A)
19,12,32,JUAREZ,2366,2,URBANO(A)
19,12,32,JUAREZ,2367,2,URBANO(A)
19,12,32,JUAREZ,2368,2,URBANO(A)
19,12,32,JUAREZ,2369,2,URBANO(A)
19,12,32,JUAREZ,2370,2,URBANO(A)
19,12,32,JUAREZ,2371,2,URBANO(A)
19,12,32,JUAREZ,2372,2,URBANO(A)
19,12,32,JUAREZ,2373,3,MIXTO(A)
19,12,32,JUAREZ,2374,4,RURAL
19,12,32,JUAREZ,2375,2,URBANO(A)
19,12,32,JUAREZ,2376,2,URBANO(A)
19,12,32,JUAREZ,2377,2,URBANO(A)
19,12,32,JUAREZ,2378,2,URBANO(A)
19,12,32,JUAREZ,2379,2,URBANO(A)
19,12,32,JUAREZ,2381,2,URBANO(A)
19,12,32,JUAREZ,2382,2,URBANO(A)
19,12,32,JUAREZ,2383,3,MIXTO(A)
19,12,32,JUAREZ,2384,2,URBANO(A)
19,12,32,JUAREZ,2385,2,URBANO(A)
19,12,32,JUAREZ,2386,2,URBANO(A)
19,12,32,JUAREZ,2387,2,URBANO(A)
19,12,32,JUAREZ,2388,2,URBANO(A)
19,12,32,JUAREZ,2389,2,URBANO(A)
19,12,32,JUAREZ,2390,2,URBANO(A)
19,12,32,JUAREZ,2391,2,URBANO(A)
19,12,32,JUAREZ,2392,2,URBANO(A)
19,12,32,JUAREZ,2393,2,URBANO(A)
19,12,32,JUAREZ,2394,2,URBANO(A)
19,12,32,JUAREZ,2395,2,URBANO(A)
19,12,32,JUAREZ,2396,2,URBANO(A)
19,12,32,JUAREZ,2397,3,MIXTO(A)
19,12,32,JUAREZ,2398,2,URBANO(A)
19,12,32,JUAREZ,2399,2,URBANO(A)
19,12,32,JUAREZ,2400,2,URBANO(A)
19,12,32,JUAREZ,2401,2,URBANO(A)
19,12,32,JUAREZ,2402,2,URBANO(A)
19,12,32,JUAREZ,2403,2,URBANO(A)
19,12,32,JUAREZ,2404,2,URBANO(A)
19,12,32,JUAREZ,2405,2,URBANO(A)
19,12,32,JUAREZ,2406,3,MIXTO(A)
19,12,32,JUAREZ,2407,4,RURAL
19,13,38,MINA,2408,3,MIXTO(A)
19,13,38,MINA,2409,2,URBANO(A)
19,13,38,MINA,2410,3,MIXTO(A)
19,13,45,SABINAS HIDALGO,2411,3,MIXTO(A)
19,13,45,SABINAS HIDALGO,2412,3,MIXTO(A)
19,13,45,SABINAS HIDALGO,2413,2,URBANO(A)
19,13,45,SABINAS HIDALGO,2414,2,URBANO(A)
19,13,45,SABINAS HIDALGO,2415,3,MIXTO(A)
19,2,6,APODACA,2416,2,URBANO(A)
19,2,6,APODACA,2417,2,URBANO(A)
19,2,6,APODACA,2418,2,URBANO(A)
19,2,6,APODACA,2419,2,URBANO(A)
19,2,6,APODACA,2420,2,URBANO(A)
19,2,6,APODACA,2421,2,URBANO(A)
19,2,6,APODACA,2422,2,URBANO(A)
19,2,6,APODACA,2423,2,URBANO(A)
19,2,6,APODACA,2424,2,URBANO(A)
19,2,6,APODACA,2425,2,URBANO(A)
19,2,6,APODACA,2426,2,URBANO(A)
19,2,6,APODACA,2427,2,URBANO(A)
19,2,6,APODACA,2428,2,URBANO(A)
19,2,6,APODACA,2429,2,URBANO(A)
19,2,6,APODACA,2430,2,URBANO(A)
19,2,6,APODACA,2431,2,URBANO(A)
19,2,6,APODACA,2432,2,URBANO(A)
19,2,6,APODACA,2433,2,URBANO(A)
19,2,6,APODACA,2434,2,URBANO(A)
19,2,6,APODACA,2435,2,URBANO(A)
19,2,6,APODACA,2436,2,URBANO(A)
19,13,10,CARMEN,2437,4,RURAL
19,2,6,APODACA,2438,3,MIXTO(A)
19,2,6,APODACA,2439,2,URBANO(A)
19,2,6,APODACA,2440,3,MIXTO(A)
19,2,6,APODACA,2441,2,URBANO(A)
19,2,6,APODACA,2442,2,URBANO(A)
19,2,6,APODACA,2443,2,URBANO(A)
19,2,6,APODACA,2444,2,URBANO(A)
19,2,6,APODACA,2445,2,URBANO(A)
19,2,6,APODACA,2446,2,URBANO(A)
19,2,6,APODACA,2447,2,URBANO(A)
19,2,6,APODACA,2448,2,URBANO(A)
19,2,6,APODACA,2449,2,URBANO(A)
19,2,6,APODACA,2450,2,URBANO(A)
19,2,6,APODACA,2451,2,URBANO(A)
19,2,6,APODACA,2452,2,URBANO(A)
19,2,6,APODACA,2453,2,URBANO(A)
19,2,6,APODACA,2454,2,URBANO(A)
19,2,6,APODACA,2455,2,URBANO(A)
19,2,6,APODACA,2456,2,URBANO(A)
19,2,6,APODACA,2457,2,URBANO(A)
19,2,6,APODACA,2458,2,URBANO(A)
19,2,6,APODACA,2459,2,URBANO(A)
19,2,6,APODACA,2460,2,URBANO(A)
19,2,6,APODACA,2461,2,URBANO(A)
19,2,6,APODACA,2462,2,URBANO(A)
19,2,6,APODACA,2463,2,URBANO(A)
19,2,6,APODACA,2464,2,URBANO(A)
19,2,6,APODACA,2465,2,URBANO(A)
19,2,6,APODACA,2466,2,URBANO(A)
19,2,6,APODACA,2467,2,URBANO(A)
19,2,6,APODACA,2468,2,URBANO(A)
19,2,6,APODACA,2469,2,URBANO(A)
19,2,6,APODACA,2470,2,URBANO(A)
19,2,6,APODACA,2471,2,URBANO(A)
19,2,6,APODACA,2472,2,URBANO(A)
19,2,6,APODACA,2473,2,URBANO(A)
19,2,6,APODACA,2474,2,URBANO(A)
19,2,6,APODACA,2475,2,URBANO(A)
19,2,6,APODACA,2476,2,URBANO(A)
19,2,6,APODACA,2477,2,URBANO(A)
19,2,6,APODACA,2478,2,URBANO(A)
19,2,6,APODACA,2479,2,URBANO(A)
19,2,6,APODACA,2480,2,URBANO(A)
19,2,6,APODACA,2481,2,URBANO(A)
19,2,6,APODACA,2482,2,URBANO(A)
19,2,6,APODACA,2483,2,URBANO(A)
19,2,6,APODACA,2484,2,URBANO(A)
19,2,6,APODACA,2485,2,URBANO(A)
19,2,6,APODACA,2486,2,URBANO(A)
19,2,6,APODACA,2487,2,URBANO(A)
19,2,6,APODACA,2488,2,URBANO(A)
19,2,6,APODACA,2489,2,URBANO(A)
19,2,6,APODACA,2490,2,URBANO(A)
19,2,6,APODACA,2491,2,URBANO(A)
19,2,6,APODACA,2492,2,URBANO(A)
19,2,6,APODACA,2493,2,URBANO(A)
19,2,6,APODACA,2494,2,URBANO(A)
19,2,6,APODACA,2495,3,MIXTO(A)
19,2,6,APODACA,2496,2,URBANO(A)
19,2,6,APODACA,2497,2,URBANO(A)
19,2,6,APODACA,2498,2,URBANO(A)
19,2,6,APODACA,2499,2,URBANO(A)
19,2,6,APODACA,2500,2,URBANO(A)
19,2,6,APODACA,2501,2,URBANO(A)
19,2,6,APODACA,2502,2,URBANO(A)
19,2,6,APODACA,2503,2,URBANO(A)
19,2,6,APODACA,2504,2,URBANO(A)
19,2,6,APODACA,2505,2,URBANO(A)
19,2,6,APODACA,2506,2,URBANO(A)
19,2,6,APODACA,2507,2,URBANO(A)
19,2,6,APODACA,2508,2,URBANO(A)
19,2,6,APODACA,2509,2,URBANO(A)
19,2,6,APODACA,2510,2,URBANO(A)
19,2,6,APODACA,2511,2,URBANO(A)
19,2,6,APODACA,2512,2,URBANO(A)
19,2,6,APODACA,2513,2,URBANO(A)
19,2,6,APODACA,2514,2,URBANO(A)
19,3,21,GRAL. ESCOBEDO,2515,2,URBANO(A)
19,3,21,GRAL. ESCOBEDO,2516,2,URBANO(A)
19,3,21,GRAL. ESCOBEDO,2517,2,URBANO(A)
19,3,21,GRAL. ESCOBEDO,2518,2,URBANO(A)
19,3,21,GRAL. ESCOBEDO,2519,2,URBANO(A)
19,3,21,GRAL. ESCOBEDO,2520,2,URBANO(A)
19,3,21,GRAL. ESCOBEDO,2521,2,URBANO(A)
19,3,21,GRAL. ESCOBEDO,2522,2,URBANO(A)
19,3,21,GRAL. ESCOBEDO,2523,2,URBANO(A)
19,3,21,GRAL. ESCOBEDO,2524,2,URBANO(A)
19,3,21,GRAL. ESCOBEDO,2525,2,URBANO(A)
19,3,21,GRAL. ESCOBEDO,2526,2,URBANO(A)
19,3,21,GRAL. ESCOBEDO,2527,2,URBANO(A)
19,3,21,GRAL. ESCOBEDO,2528,2,URBANO(A)
19,3,21,GRAL. ESCOBEDO,2529,2,URBANO(A)
19,3,21,GRAL. ESCOBEDO,2530,2,URBANO(A)
19,3,21,GRAL. ESCOBEDO,2531,2,URBANO(A)
19,3,21,GRAL. ESCOBEDO,2532,2,URBANO(A)
19,4,21,GRAL. ESCOBEDO,2533,2,URBANO(A)
19,4,21,GRAL. ESCOBEDO,2534,2,URBANO(A)
19,3,21,GRAL. ESCOBEDO,2535,2,URBANO(A)
19,4,21,GRAL. ESCOBEDO,2536,2,URBANO(A)
19,4,21,GRAL. ESCOBEDO,2537,2,URBANO(A)
19,3,21,GRAL. ESCOBEDO,2538,2,URBANO(A)
19,4,21,GRAL. ESCOBEDO,2539,2,URBANO(A)
19,3,21,GRAL. ESCOBEDO,2540,2,URBANO(A)
19,4,21,GRAL. ESCOBEDO,2541,2,URBANO(A)
19,4,21,GRAL. ESCOBEDO,2542,2,URBANO(A)
19,4,21,GRAL. ESCOBEDO,2543,2,URBANO(A)
19,3,21,GRAL. ESCOBEDO,2544,2,URBANO(A)
19,3,21,GRAL. ESCOBEDO,2545,2,URBANO(A)
19,3,21,GRAL. ESCOBEDO,2546,2,URBANO(A)
19,7,18,GARCIA,2547,4,RURAL
19,7,18,GARCIA,2548,3,MIXTO(A)
19,7,18,GARCIA,2550,3,MIXTO(A)
19,7,18,GARCIA,2551,2,URBANO(A)
19,7,18,GARCIA,2552,3,MIXTO(A)
19,7,18,GARCIA,2553,3,MIXTO(A)
19,7,18,GARCIA,2554,2,URBANO(A)
19,7,18,GARCIA,2555,2,URBANO(A)
19,7,18,GARCIA,2556,2,URBANO(A)
19,7,18,GARCIA,2557,2,URBANO(A)
19,7,18,GARCIA,2558,2,URBANO(A)
19,7,18,GARCIA,2559,3,MIXTO(A)
19,7,18,GARCIA,2560,3,MIXTO(A)
19,7,18,GARCIA,2561,3,MIXTO(A)
19,7,18,GARCIA,2562,2,URBANO(A)
19,7,18,GARCIA,2563,2,URBANO(A)
19,7,18,GARCIA,2564,2,URBANO(A)
19,7,18,GARCIA,2565,2,URBANO(A)
19,7,18,GARCIA,2566,2,URBANO(A)
19,7,18,GARCIA,2567,3,MIXTO(A)
19,7,18,GARCIA,2568,4,RURAL
19,7,18,GARCIA,2569,4,RURAL
19,7,18,GARCIA,2570,4,RURAL
19,7,18,GARCIA,2571,2,URBANO(A)
19,7,18,GARCIA,2572,4,RURAL
19,7,18,GARCIA,2573,3,MIXTO(A)
19,7,18,GARCIA,2574,2,URBANO(A)
19,7,18,GARCIA,2575,4,RURAL
19,7,18,GARCIA,2576,2,URBANO(A)
19,7,18,GARCIA,2577,2,URBANO(A)
19,7,18,GARCIA,2578,4,RURAL
19,7,18,GARCIA,2579,4,RURAL
19,7,18,GARCIA,2580,2,URBANO(A)
19,7,18,GARCIA,2581,2,URBANO(A)
19,7,18,GARCIA,2582,4,RURAL
19,7,18,GARCIA,2583,2,URBANO(A)
19,7,18,GARCIA,2584,4,RURAL
19,7,18,GARCIA,2585,4,RURAL
19,7,18,GARCIA,2586,4,RURAL
19,7,18,GARCIA,2587,2,URBANO(A)
19,7,18,GARCIA,2588,4,RURAL
19,7,18,GARCIA,2589,4,RURAL
19,7,18,GARCIA,2590,4,RURAL
19,7,18,GARCIA,2591,4,RURAL
19,7,18,GARCIA,2592,2,URBANO(A)
19,7,18,GARCIA,2593,4,RURAL
19,7,18,GARCIA,2594,2,URBANO(A)
19,7,18,GARCIA,2595,4,RURAL
19,7,18,GARCIA,2596,4,RURAL
19,7,18,GARCIA,2597,2,URBANO(A)
19,7,18,GARCIA,2599,2,URBANO(A)
19,7,18,GARCIA,2600,2,URBANO(A)
19,7,18,GARCIA,2601,2,URBANO(A)
19,7,18,GARCIA,2602,4,RURAL
19,7,18,GARCIA,2603,2,URBANO(A)
19,7,18,GARCIA,2604,2,URBANO(A)
19,7,18,GARCIA,2605,2,URBANO(A)
19,7,18,GARCIA,2606,2,URBANO(A)
19,7,18,GARCIA,2607,2,URBANO(A)
19,7,18,GARCIA,2608,3,MIXTO(A)
19,7,18,GARCIA,2609,4,RURAL
19,7,18,GARCIA,2610,2,URBANO(A)
19,7,18,GARCIA,2611,4,RURAL
19,7,18,GARCIA,2612,2,URBANO(A)
19,7,18,GARCIA,2613,2,URBANO(A)
19,7,18,GARCIA,2614,3,MIXTO(A)
19,7,18,GARCIA,2615,2,URBANO(A)
19,7,18,GARCIA,2616,2,URBANO(A)
19,7,18,GARCIA,2617,2,URBANO(A)
19,7,18,GARCIA,2618,2,URBANO(A)
19,14,25,GRAL. ZUAZUA,2619,4,RURAL
19,14,25,GRAL. ZUAZUA,2620,4,RURAL
19,14,25,GRAL. ZUAZUA,2621,4,RURAL
19,14,25,GRAL. ZUAZUA,2622,4,RURAL
19,14,25,GRAL. ZUAZUA,2623,2,URBANO(A)
19,14,25,GRAL. ZUAZUA,2624,2,URBANO(A)
19,14,25,GRAL. ZUAZUA,2625,2,URBANO(A)
19,14,25,GRAL. ZUAZUA,2626,2,URBANO(A)
19,14,25,GRAL. ZUAZUA,2627,3,MIXTO(A)
19,14,25,GRAL. ZUAZUA,2628,2,URBANO(A)
19,14,25,GRAL. ZUAZUA,2629,2,URBANO(A)
19,14,25,GRAL. ZUAZUA,2630,2,URBANO(A)
19,14,25,GRAL. ZUAZUA,2631,3,MIXTO(A)
19,14,25,GRAL. ZUAZUA,2632,2,URBANO(A)
19,14,25,GRAL. ZUAZUA,2633,4,RURAL
19,14,25,GRAL. ZUAZUA,2634,2,URBANO(A)
19,14,25,GRAL. ZUAZUA,2635,2,URBANO(A)
19,14,25,GRAL. ZUAZUA,2636,2,URBANO(A)
19,14,25,GRAL. ZUAZUA,2637,2,URBANO(A)
19,14,25,GRAL. ZUAZUA,2638,2,URBANO(A)
19,14,25,GRAL. ZUAZUA,2639,2,URBANO(A)
19,14,25,GRAL. ZUAZUA,2640,2,URBANO(A)
19,14,25,GRAL. ZUAZUA,2641,2,URBANO(A)
19,14,25,GRAL. ZUAZUA,2642,2,URBANO(A)
19,14,25,GRAL. ZUAZUA,2643,2,URBANO(A)
19,14,25,GRAL. ZUAZUA,2644,2,URBANO(A)
19,14,25,GRAL. ZUAZUA,2645,2,URBANO(A)
19,14,25,GRAL. ZUAZUA,2646,2,URBANO(A)
19,14,25,GRAL. ZUAZUA,2647,2,URBANO(A)
19,14,25,GRAL. ZUAZUA,2648,2,URBANO(A)
19,14,25,GRAL. ZUAZUA,2649,3,MIXTO(A)
19,14,25,GRAL. ZUAZUA,2650,3,MIXTO(A)
19,14,25,GRAL. ZUAZUA,2651,2,URBANO(A)
19,14,25,GRAL. ZUAZUA,2652,2,URBANO(A)
19,14,25,GRAL. ZUAZUA,2653,2,URBANO(A)
19,14,25,GRAL. ZUAZUA,2654,2,URBANO(A)
19,14,25,GRAL. ZUAZUA,2655,2,URBANO(A)
19,14,25,GRAL. ZUAZUA,2656,2,URBANO(A)
19,14,25,GRAL. ZUAZUA,2657,2,URBANO(A)
19,14,25,GRAL. ZUAZUA,2658,2,URBANO(A)
19,14,25,GRAL. ZUAZUA,2659,2,URBANO(A)
19,14,25,GRAL. ZUAZUA,2660,2,URBANO(A)
19,12,32,JUAREZ,2662,2,URBANO(A)
19,12,32,JUAREZ,2663,2,URBANO(A)
19,12,32,JUAREZ,2664,3,MIXTO(A)
19,12,32,JUAREZ,2665,2,URBANO(A)
19,12,32,JUAREZ,2666,2,URBANO(A)
19,12,32,JUAREZ,2667,2,URBANO(A)
19,12,32,JUAREZ,2668,2,URBANO(A)
19,12,32,JUAREZ,2669,2,URBANO(A)
19,12,32,JUAREZ,2670,2,URBANO(A)
19,12,32,JUAREZ,2671,2,URBANO(A)
19,12,32,JUAREZ,2672,2,URBANO(A)
19,12,32,JUAREZ,2673,2,URBANO(A)
19,12,32,JUAREZ,2674,2,URBANO(A)
19,12,32,JUAREZ,2675,2,URBANO(A)
19,12,32,JUAREZ,2676,2,URBANO(A)
19,12,32,JUAREZ,2677,2,URBANO(A)
19,12,32,JUAREZ,2678,2,URBANO(A)
19,12,32,JUAREZ,2679,2,URBANO(A)
19,12,32,JUAREZ,2680,2,URBANO(A)
19,12,32,JUAREZ,2681,2,URBANO(A)
19,12,32,JUAREZ,2682,2,URBANO(A)
19,12,32,JUAREZ,2683,2,URBANO(A)
19,12,32,JUAREZ,2684,2,URBANO(A)
19,12,32,JUAREZ,2685,2,URBANO(A)
19,12,32,JUAREZ,2686,2,URBANO(A)
19,12,32,JUAREZ,2687,2,URBANO(A)
19,12,32,JUAREZ,2688,2,URBANO(A)
19,12,32,JUAREZ,2689,2,URBANO(A)
19,12,32,JUAREZ,2690,2,URBANO(A)
19,12,32,JUAREZ,2691,3,MIXTO(A)
19,12,32,JUAREZ,2692,2,URBANO(A)
19,12,32,JUAREZ,2693,2,URBANO(A)
19,12,32,JUAREZ,2694,2,URBANO(A)
19,8,26,GUADALUPE,2695,2,URBANO(A)
19,8,26,GUADALUPE,2696,2,URBANO(A)
19,8,26,GUADALUPE,2697,2,URBANO(A)
19,8,26,GUADALUPE,2698,2,URBANO(A)
19,8,26,GUADALUPE,2699,2,URBANO(A)
19,8,26,GUADALUPE,2700,2,URBANO(A)
19,8,26,GUADALUPE,2701,2,URBANO(A)
19,8,26,GUADALUPE,2702,2,URBANO(A)
19,8,26,GUADALUPE,2703,2,URBANO(A)
19,8,26,GUADALUPE,2704,2,URBANO(A)
19,8,26,GUADALUPE,2705,2,URBANO(A)
19,8,26,GUADALUPE,2706,2,URBANO(A)
19,8,26,GUADALUPE,2707,2,URBANO(A)
19,8,26,GUADALUPE,2708,2,URBANO(A)
19,8,26,GUADALUPE,2709,2,URBANO(A)
19,14,42,PESQUERIA,2712,2,URBANO(A)
19,14,42,PESQUERIA,2713,3,MIXTO(A)
19,14,42,PESQUERIA,2714,3,MIXTO(A)
19,14,42,PESQUERIA,2715,2,URBANO(A)
19,6,40,MONTERREY,2717,2,URBANO(A)
19,12,32,JUAREZ,2723,2,URBANO(A)
19,10,40,MONTERREY,2724,2,URBANO(A)
19,10,40,MONTERREY,2725,2,URBANO(A)
19,10,40,MONTERREY,2726,2,URBANO(A)
19,14,9,CADEREYTA JIMENEZ,2727,3,MIXTO(A)
19,14,9,CADEREYTA JIMENEZ,2728,2,URBANO(A)
19,14,9,CADEREYTA JIMENEZ,2729,2,URBANO(A)
19,14,9,CADEREYTA JIMENEZ,2730,3,MIXTO(A)
19,14,9,CADEREYTA JIMENEZ,2731,2,URBANO(A)
19,8,26,GUADALUPE,2732,2,URBANO(A)
19,8,6,APODACA,2733,2,URBANO(A)
19,4,47,SAN NICOLAS DE LOS GARZA,2734,2,URBANO(A)
19,2,6,APODACA,2735,2,URBANO(A)
19,2,6,APODACA,2736,2,URBANO(A)
19,14,9,CADEREYTA JIMENEZ,2738,3,MIXTO(A)
19,14,9,CADEREYTA JIMENEZ,2739,3,MIXTO(A)
19,14,9,CADEREYTA JIMENEZ,2740,3,MIXTO(A)
19,14,9,CADEREYTA JIMENEZ,2741,2,URBANO(A)
19,14,9,CADEREYTA JIMENEZ,2742,2,URBANO(A)
19,14,9,CADEREYTA JIMENEZ,2743,2,URBANO(A)
19,14,9,CADEREYTA JIMENEZ,2744,2,URBANO(A)
19,14,9,CADEREYTA JIMENEZ,2745,2,URBANO(A)
19,14,9,CADEREYTA JIMENEZ,2746,2,URBANO(A)
19,3,21,GRAL. ESCOBEDO,2747,3,MIXTO(A)
19,3,21,GRAL. ESCOBEDO,2748,2,URBANO(A)
19,3,21,GRAL. ESCOBEDO,2749,2,URBANO(A)
19,3,21,GRAL. ESCOBEDO,2750,2,URBANO(A)
19,3,21,GRAL. ESCOBEDO,2751,2,URBANO(A)
19,3,21,GRAL. ESCOBEDO,2752,2,URBANO(A)
19,3,21,GRAL. ESCOBEDO,2753,2,URBANO(A)
19,3,21,GRAL. ESCOBEDO,2754,2,URBANO(A)
19,3,21,GRAL. ESCOBEDO,2755,2,URBANO(A)
19,3,21,GRAL. ESCOBEDO,2756,2,URBANO(A)
19,3,21,GRAL. ESCOBEDO,2757,2,URBANO(A)
19,3,21,GRAL. ESCOBEDO,2758,2,URBANO(A)
19,3,21,GRAL. ESCOBEDO,2759,2,URBANO(A)
19,3,21,GRAL. ESCOBEDO,2760,2,URBANO(A)
19,3,21,GRAL. ESCOBEDO,2761,2,URBANO(A)
19,3,21,GRAL. ESCOBEDO,2762,2,URBANO(A)
19,3,21,GRAL. ESCOBEDO,2763,2,URBANO(A)
19,3,21,GRAL. ESCOBEDO,2764,2,URBANO(A)
19,3,21,GRAL. ESCOBEDO,2765,2,URBANO(A)
19,3,21,GRAL. ESCOBEDO,2766,2,URBANO(A)
19,13,46,SALINAS VICTORIA,2767,3,MIXTO(A)
19,13,46,SALINAS VICTORIA,2768,3,MIXTO(A)
19,13,46,SALINAS VICTORIA,2769,2,URBANO(A)
19,13,46,SALINAS VICTORIA,2770,2,URBANO(A)
19,13,46,SALINAS VICTORIA,2771,2,URBANO(A)
19,13,46,SALINAS VICTORIA,2772,2,URBANO(A)
19,13,46,SALINAS VICTORIA,2773,2,URBANO(A)
19,13,46,SALINAS VICTORIA,2774,3,MIXTO(A)
19,13,46,SALINAS VICTORIA,2775,2,URBANO(A)
19,13,46,SALINAS VICTORIA,2776,3,MIXTO(A)
19,13,46,SALINAS VICTORIA,2777,2,URBANO(A)
19,13,46,SALINAS VICTORIA,2778,3,MIXTO(A)
19,13,46,SALINAS VICTORIA,2779,2,URBANO(A)
19,13,46,SALINAS VICTORIA,2780,2,URBANO(A)
19,13,46,SALINAS VICTORIA,2781,3,MIXTO(A)
19,13,46,SALINAS VICTORIA,2782,2,URBANO(A)
19,13,46,SALINAS VICTORIA,2783,2,URBANO(A)
19,13,46,SALINAS VICTORIA,2784,2,URBANO(A)
19,13,46,SALINAS VICTORIA,2785,2,URBANO(A)
19,1,48,SANTA CATARINA,2786,3,MIXTO(A)
19,1,48,SANTA CATARINA,2787,3,MIXTO(A)
19,1,48,SANTA CATARINA,2788,2,URBANO(A)
19,1,48,SANTA CATARINA,2789,2,URBANO(A)
19,1,48,SANTA CATARINA,2790,2,URBANO(A)
19,1,48,SANTA CATARINA,2791,2,URBANO(A)
19,1,48,SANTA CATARINA,2792,2,URBANO(A)
19,1,48,SANTA CATARINA,2793,2,URBANO(A)
19,1,48,SANTA CATARINA,2794,3,MIXTO(A)
19,1,48,SANTA CATARINA,2795,2,URBANO(A)
19,1,48,SANTA CATARINA,2796,2,URBANO(A)
19,1,48,SANTA CATARINA,2797,2,URBANO(A)
19,1,48,SANTA CATARINA,2798,2,URBANO(A)
19,6,40,MONTERREY,2799,2,URBANO(A)
19,6,40,MONTERREY,2800,2,URBANO(A)
19,6,40,MONTERREY,2801,2,URBANO(A)
19,6,40,MONTERREY,2802,2,URBANO(A)
19,6,40,MONTERREY,2803,2,URBANO(A)
19,6,40,MONTERREY,2804,2,URBANO(A)
19,6,40,MONTERREY,2805,2,URBANO(A)
19,6,40,MONTERREY,2806,2,URBANO(A)
19,6,40,MONTERREY,2807,2,URBANO(A)
19,6,40,MONTERREY,2808,2,URBANO(A)
19,3,21,GRAL. ESCOBEDO,2809,3,MIXTO(A)
19,3,21,GRAL. ESCOBEDO,2810,2,URBANO(A)
19,3,21,GRAL. ESCOBEDO,2811,2,URBANO(A)
19,3,21,GRAL. ESCOBEDO,2812,2,URBANO(A)
19,3,21,GRAL. ESCOBEDO,2813,2,URBANO(A)
19,3,21,GRAL. ESCOBEDO,2814,2,URBANO(A)
19,3,21,GRAL. ESCOBEDO,2815,2,URBANO(A)
19,3,21,GRAL. ESCOBEDO,2816,2,URBANO(A)
19,3,21,GRAL. ESCOBEDO,2817,3,MIXTO(A)
19,3,21,GRAL. ESCOBEDO,2818,2,URBANO(A)
19,3,21,GRAL. ESCOBEDO,2819,2,URBANO(A)
19,3,21,GRAL. ESCOBEDO,2820,3,MIXTO(A)
19,3,21,GRAL. ESCOBEDO,2821,2,URBANO(A)
19,3,21,GRAL. ESCOBEDO,2822,2,URBANO(A)
19,7,18,GARCIA,2823,3,MIXTO(A)
19,7,18,GARCIA,2824,3,MIXTO(A)
19,7,18,GARCIA,2825,3,MIXTO(A)
19,7,18,GARCIA,2826,3,MIXTO(A)
19,7,18,GARCIA,2827,2,URBANO(A)
19,7,18,GARCIA,2828,2,URBANO(A)
19,7,18,GARCIA,2829,2,URBANO(A)
19,7,18,GARCIA,2830,2,URBANO(A)
19,7,18,GARCIA,2831,2,URBANO(A)
19,7,18,GARCIA,2832,2,URBANO(A)
19,7,18,GARCIA,2833,2,URBANO(A)
19,7,18,GARCIA,2834,2,URBANO(A)
19,7,18,GARCIA,2835,2,URBANO(A)
19,7,18,GARCIA,2836,2,URBANO(A)
19,7,18,GARCIA,2837,2,URBANO(A)
19,7,18,GARCIA,2838,2,URBANO(A)
19,7,18,GARCIA,2839,2,URBANO(A)
19,7,18,GARCIA,2840,2,URBANO(A)
19,7,18,GARCIA,2841,2,URBANO(A)
19,7,18,GARCIA,2842,2,URBANO(A)
19,7,18,GARCIA,2843,3,MIXTO(A)
19,7,18,GARCIA,2844,2,URBANO(A)
19,7,18,GARCIA,2845,2,URBANO(A)
19,13,12,CIENEGA DE FLORES,2846,3,MIXTO(A)
19,13,12,CIENEGA DE FLORES,2847,2,URBANO(A)
19,13,12,CIENEGA DE FLORES,2848,3,MIXTO(A)
19,13,12,CIENEGA DE FLORES,2849,3,MIXTO(A)
19,13,12,CIENEGA DE FLORES,2850,2,URBANO(A)
19,13,12,CIENEGA DE FLORES,2851,2,URBANO(A)
19,13,12,CIENEGA DE FLORES,2852,2,URBANO(A)
19,13,12,CIENEGA DE FLORES,2853,3,MIXTO(A)
19,13,12,CIENEGA DE FLORES,2854,2,URBANO(A)
19,13,12,CIENEGA DE FLORES,2855,3,MIXTO(A)
19,13,12,CIENEGA DE FLORES,2856,3,MIXTO(A)
19,13,12,CIENEGA DE FLORES,2857,2,URBANO(A)
19,13,12,CIENEGA DE FLORES,2858,2,URBANO(A)
19,13,12,CIENEGA DE FLORES,2859,3,MIXTO(A)
19,13,12,CIENEGA DE FLORES,2860,2,URBANO(A)
19,13,12,CIENEGA DE FLORES,2861,2,URBANO(A)
19,12,32,JUAREZ,2862,2,URBANO(A)
19,12,32,JUAREZ,2863,3,MIXTO(A)
19,12,32,JUAREZ,2864,2,URBANO(A)
19,12,32,JUAREZ,2865,2,URBANO(A)
19,12,32,JUAREZ,2866,2,URBANO(A)
19,12,32,JUAREZ,2867,2,URBANO(A)
19,12,32,JUAREZ,2868,2,URBANO(A)
19,12,32,JUAREZ,2869,2,URBANO(A)
19,12,32,JUAREZ,2870,2,URBANO(A)
19,12,32,JUAREZ,2871,2,URBANO(A)
19,12,32,JUAREZ,2872,2,URBANO(A)
19,12,32,JUAREZ,2873,2,URBANO(A)
19,12,32,JUAREZ,2874,2,URBANO(A)
19,12,32,JUAREZ,2875,2,URBANO(A)
19,12,32,JUAREZ,2876,2,URBANO(A)
19,12,32,JUAREZ,2877,2,URBANO(A)
19,12,32,JUAREZ,2878,2,URBANO(A)
19,12,32,JUAREZ,2879,2,URBANO(A)
19,12,32,JUAREZ,2880,2,URBANO(A)
19,12,32,JUAREZ,2881,2,URBANO(A)
19,12,32,JUAREZ,2882,2,URBANO(A)
19,14,42,PESQUERIA,2883,3,MIXTO(A)
19,14,42,PESQUERIA,2884,3,MIXTO(A)
19,14,42,PESQUERIA,2885,3,MIXTO(A)
19,14,42,PESQUERIA,2886,2,URBANO(A)
19,14,42,PESQUERIA,2887,2,URBANO(A)
19,14,42,PESQUERIA,2888,2,URBANO(A)
19,14,42,PESQUERIA,2889,2,URBANO(A)
19,14,42,PESQUERIA,2890,2,URBANO(A)
19,14,42,PESQUERIA,2891,2,URBANO(A)
19,14,42,PESQUERIA,2892,2,URBANO(A)
19,14,42,PESQUERIA,2893,2,URBANO(A)
19,14,42,PESQUERIA,2894,2,URBANO(A)
19,14,42,PESQUERIA,2895,3,MIXTO(A)
19,14,42,PESQUERIA,2896,2,URBANO(A)
19,14,42,PESQUERIA,2897,2,URBANO(A)
19,8,26,GUADALUPE,2898,2,URBANO(A)
19,8,26,GUADALUPE,2899,2,URBANO(A)
19,8,26,GUADALUPE,2900,2,URBANO(A)
19,11,26,GUADALUPE,2901,2,URBANO(A)
19,8,26,GUADALUPE,2902,2,URBANO(A)
19,8,26,GUADALUPE,2903,2,URBANO(A)
19,14,9,CADEREYTA JIMENEZ,2904,2,URBANO(A)
19,14,9,CADEREYTA JIMENEZ,2905,2,URBANO(A)
19,14,9,CADEREYTA JIMENEZ,2906,2,URBANO(A)
19,8,26,GUADALUPE,2908,2,URBANO(A)
19,12,32,JUAREZ,2909,2,URBANO(A)
19,12,32,JUAREZ,2910,2,URBANO(A)
19,1,48,SANTA CATARINA,2911,2,URBANO(A)
19,1,48,SANTA CATARINA,2912,2,URBANO(A)
19,1,48,SANTA CATARINA,2913,2,URBANO(A)
19,1,48,SANTA CATARINA,2914,2,URBANO(A)
19,1,48,SANTA CATARINA,2915,2,URBANO(A)
19,1,48,SANTA CATARINA,2916,2,URBANO(A)
19,2,6,APODACA,2917,2,URBANO(A)
19,2,6,APODACA,2918,2,URBANO(A)
19,2,6,APODACA,2919,2,URBANO(A)
19,2,6,APODACA,2920,2,URBANO(A)
19,2,6,APODACA,2921,2,URBANO(A)
19,2,6,APODACA,2922,2,URBANO(A)
19,2,6,APODACA,2923,2,URBANO(A)
19,2,6,APODACA,2924,2,URBANO(A)
19,2,6,APODACA,2925,2,URBANO(A)
19,2,6,APODACA,2926,2,URBANO(A)
19,2,6,APODACA,2927,2,URBANO(A)
19,8,6,APODACA,2928,2,URBANO(A)
19,8,6,APODACA,2929,2,URBANO(A)
19,8,6,APODACA,2930,2,URBANO(A)
19,8,6,APODACA,2931,2,URBANO(A)
19,3,21,GRAL. ESCOBEDO,2932,2,URBANO(A)
19,3,21,GRAL. ESCOBEDO,2933,2,URBANO(A)
19,3,21,GRAL. ESCOBEDO,2934,2,URBANO(A)
19,3,21,GRAL. ESCOBEDO,2935,2,URBANO(A)
19,3,21,GRAL. ESCOBEDO,2936,2,URBANO(A)
19,3,21,GRAL. ESCOBEDO,2937,2,URBANO(A)
19,3,21,GRAL. ESCOBEDO,2938,2,URBANO(A)
19,3,21,GRAL. ESCOBEDO,2939,2,URBANO(A)
19,3,21,GRAL. ESCOBEDO,2940,2,URBANO(A)
19,3,21,GRAL. ESCOBEDO,2941,2,URBANO(A)
19,3,21,GRAL. ESCOBEDO,2942,2,URBANO(A)
19,3,21,GRAL. ESCOBEDO,2943,2,URBANO(A)
19,3,21,GRAL. ESCOBEDO,2944,2,URBANO(A)
19,3,21,GRAL. ESCOBEDO,2945,2,URBANO(A)
19,3,21,GRAL. ESCOBEDO,2946,2,URBANO(A)
19,4,47,SAN NICOLAS DE LOS GARZA,2947,2,URBANO(A)
19,4,47,SAN NICOLAS DE LOS GARZA,2948,2,URBANO(A)
19,4,47,SAN NICOLAS DE LOS GARZA,2949,2,URBANO(A)
19,5,40,MONTERREY,2950,2,URBANO(A)
19,5,40,MONTERREY,2951,2,URBANO(A)
19,8,6,APODACA,2952,2,URBANO(A)
19,8,6,APODACA,2953,2,URBANO(A)
19,8,6,APODACA,2954,2,URBANO(A)
19,8,6,APODACA,2955,2,URBANO(A)
19,8,6,APODACA,2956,2,URBANO(A)
19,8,26,GUADALUPE,2957,2,URBANO(A)
19,8,26,GUADALUPE,2958,2,URBANO(A)
19,8,26,GUADALUPE,2959,2,URBANO(A)
19,8,26,GUADALUPE,2960,2,URBANO(A)
19,8,26,GUADALUPE,2961,2,URBANO(A)
19,8,26,GUADALUPE,2962,2,URBANO(A)
19,8,26,GUADALUPE,2963,2,URBANO(A)
19,8,26,GUADALUPE,2964,2,URBANO(A)
19,8,26,GUADALUPE,2965,2,URBANO(A)
19,1,48,SANTA CATARINA,2966,2,URBANO(A)
19,1,48,SANTA CATARINA,2967,2,URBANO(A)
19,1,48,SANTA CATARINA,2968,2,URBANO(A)
19,1,48,SANTA CATARINA,2969,2,URBANO(A)
19,1,48,SANTA CATARINA,2970,2,URBANO(A)
19,1,48,SANTA CATARINA,2971,2,URBANO(A)
19,2,6,APODACA,2972,2,URBANO(A)
19,2,6,APODACA,2973,2,URBANO(A)
19,2,6,APODACA,2974,2,URBANO(A)
19,2,6,APODACA,2975,2,URBANO(A)
19,2,6,APODACA,2976,2,URBANO(A)
19,2,6,APODACA,2977,2,URBANO(A)
19,2,6,APODACA,2978,2,URBANO(A)
19,2,6,APODACA,2979,2,URBANO(A)
19,2,6,APODACA,2980,2,URBANO(A)
19,3,21,GRAL. ESCOBEDO,2981,2,URBANO(A)
19,3,21,GRAL. ESCOBEDO,2982,2,URBANO(A)
19,3,21,GRAL. ESCOBEDO,2983,2,URBANO(A)
19,3,21,GRAL. ESCOBEDO,2984,2,URBANO(A)
19,3,21,GRAL. ESCOBEDO,2985,2,URBANO(A)
19,3,21,GRAL. ESCOBEDO,2986,2,URBANO(A)
19,4,47,SAN NICOLAS DE LOS GARZA,2987,2,URBANO(A)
19,4,47,SAN NICOLAS DE LOS GARZA,2988,2,URBANO(A)
19,4,47,SAN NICOLAS DE LOS GARZA,2989,2,URBANO(A)
19,5,40,MONTERREY,2990,2,URBANO(A)
19,5,40,MONTERREY,2991,2,URBANO(A)
19,5,40,MONTERREY,2992,2,URBANO(A)
19,5,40,MONTERREY,2993,2,URBANO(A)
19,5,40,MONTERREY,2994,2,URBANO(A)
19,5,40,MONTERREY,2995,2,URBANO(A)
19,5,40,MONTERREY,2996,2,URBANO(A)
19,6,40,MONTERREY,2997,2,URBANO(A)
19,6,40,MONTERREY,2998,2,URBANO(A)
19,6,40,MONTERREY,2999,2,URBANO(A)
19,7,18,GARCIA,3000,3,MIXTO(A)
19,7,18,GARCIA,3001,2,URBANO(A)
19,7,18,GARCIA,3002,2,URBANO(A)
19,7,18,GARCIA,3003,2,URBANO(A)
19,7,18,GARCIA,3004,2,URBANO(A)
19,7,18,GARCIA,3005,3,MIXTO(A)
19,7,18,GARCIA,3006,2,URBANO(A)
19,7,18,GARCIA,3007,3,MIXTO(A)
19,7,18,GARCIA,3008,3,MIXTO(A)
19,8,26,GUADALUPE,3009,2,URBANO(A)
19,8,26,GUADALUPE,3010,2,URBANO(A)
19,8,26,GUADALUPE,3011,2,URBANO(A)
19,8,26,GUADALUPE,3012,2,URBANO(A)
19,10,40,MONTERREY,3013,2,URBANO(A)
19,10,40,MONTERREY,3014,2,URBANO(A)
19,10,40,MONTERREY,3015,2,URBANO(A)
19,10,40,MONTERREY,3016,2,URBANO(A)
19,10,40,MONTERREY,3017,2,URBANO(A)
19,10,40,MONTERREY,3018,2,URBANO(A)
19,10,40,MONTERREY,3019,2,URBANO(A)
19,10,40,MONTERREY,3020,2,URBANO(A)
19,11,26,GUADALUPE,3021,2,URBANO(A)
19,11,26,GUADALUPE,3022,2,URBANO(A)
19,11,26,GUADALUPE,3023,2,URBANO(A)
19,11,26,GUADALUPE,3024,2,URBANO(A)
19,14,42,PESQUERIA,3025,3,MIXTO(A)
19,14,42,PESQUERIA,3026,4,RURAL
19,14,42,PESQUERIA,3027,2,URBANO(A)
19,14,42,PESQUERIA,3028,2,URBANO(A)
19,14,42,PESQUERIA,3029,2,URBANO(A)
19,14,42,PESQUERIA,3030,2,URBANO(A)
19,14,42,PESQUERIA,3031,2,URBANO(A)
19,14,42,PESQUERIA,3032,2,URBANO(A)
19,14,42,PESQUERIA,3033,2,URBANO(A)
19,14,42,PESQUERIA,3034,2,URBANO(A)
19,14,42,PESQUERIA,3035,2,URBANO(A)
19,14,42,PESQUERIA,3036,2,URBANO(A)
19,14,42,PESQUERIA,3037,2,URBANO(A)
19,14,42,PESQUERIA,3038,2,URBANO(A)
19,14,42,PESQUERIA,3039,2,URBANO(A)
19,14,42,PESQUERIA,3040,2,URBANO(A)
19,14,42,PESQUERIA,3041,2,URBANO(A)
19,14,42,PESQUERIA,3042,2,URBANO(A)
19,14,42,PESQUERIA,3043,2,URBANO(A)
19,2,6,APODACA,3044,2,URBANO(A)
19,2,6,APODACA,3045,2,URBANO(A)
19,2,6,APODACA,3046,2,URBANO(A)
19,2,6,APODACA,3047,2,URBANO(A)
19,2,6,APODACA,3048,2,URBANO(A)
19,2,6,APODACA,3049,2,URBANO(A)
19,3,21,GRAL. ESCOBEDO,3050,2,URBANO(A)
19,3,21,GRAL. ESCOBEDO,3051,2,URBANO(A)
19,3,21,GRAL. ESCOBEDO,3052,2,URBANO(A)
19,3,21,GRAL. ESCOBEDO,3053,2,URBANO(A)
19,3,21,GRAL. ESCOBEDO,3054,2,URBANO(A)
19,5,40,MONTERREY,3055,2,URBANO(A)
19,5,40,MONTERREY,3056,2,URBANO(A)
19,5,40,MONTERREY,3057,2,URBANO(A)
19,5,40,MONTERREY,3058,2,URBANO(A)
19,5,40,MONTERREY,3059,2,URBANO(A)
19,5,40,MONTERREY,3060,2,URBANO(A)
19,13,10,CARMEN,3061,3,MIXTO(A)
19,13,10,CARMEN,3062,3,MIXTO(A)
19,13,10,CARMEN,3063,3,MIXTO(A)
19,13,10,CARMEN,3064,2,URBANO(A)
19,13,10,CARMEN,3065,2,URBANO(A)
19,13,10,CARMEN,3066,2,URBANO(A)
19,13,10,CARMEN,3067,2,URBANO(A)
19,13,10,CARMEN,3068,2,URBANO(A)
19,13,10,CARMEN,3069,3,MIXTO(A)
19,13,10,CARMEN,3070,3,MIXTO(A)
19,13,10,CARMEN,3071,2,URBANO(A)
19,13,10,CARMEN,3072,3,MIXTO(A)
19,13,10,CARMEN,3073,3,MIXTO(A)
19,13,10,CARMEN,3074,3,MIXTO(A)
19,13,10,CARMEN,3075,3,MIXTO(A)
19,13,10,CARMEN,3076,3,MIXTO(A)
19,13,10,CARMEN,3077,2,URBANO(A)
19,13,10,CARMEN,3078,3,MIXTO(A)
19,13,10,CARMEN,3079,2,URBANO(A)
19,13,10,CARMEN,3080,2,URBANO(A)
19,13,10,CARMEN,3081,2,URBANO(A)
19,13,10,CARMEN,3082,2,URBANO(A)
19,13,12,CIENEGA DE FLORES,3083,3,MIXTO(A)
19,13,12,CIENEGA DE FLORES,3084,3,MIXTO(A)
19,13,12,CIENEGA DE FLORES,3085,3,MIXTO(A)
19,13,12,CIENEGA DE FLORES,3086,3,MIXTO(A)
19,13,12,CIENEGA DE FLORES,3087,3,MIXTO(A)
19,13,12,CIENEGA DE FLORES,3088,3,MIXTO(A)
19,13,12,CIENEGA DE FLORES,3089,2,URBANO(A)
19,7,18,GARCIA,3090,2,URBANO(A)
19,7,18,GARCIA,3091,2,URBANO(A)
19,7,18,GARCIA,3092,2,URBANO(A)
19,7,18,GARCIA,3093,2,URBANO(A)
19,7,18,GARCIA,3094,2,URBANO(A)
19,7,18,GARCIA,3095,2,URBANO(A)
19,7,18,GARCIA,3096,2,URBANO(A)
19,7,18,GARCIA,3097,3,MIXTO(A)
19,7,18,GARCIA,3098,2,URBANO(A)
19,7,18,GARCIA,3099,3,MIXTO(A)
19,7,18,GARCIA,3100,3,MIXTO(A)
19,7,18,GARCIA,3101,2,URBANO(A)
19,7,18,GARCIA,3102,2,URBANO(A)
19,7,18,GARCIA,3103,3,MIXTO(A)
19,12,32,JUAREZ,3104,2,URBANO(A)
19,12,32,JUAREZ,3105,2,URBANO(A)
19,12,32,JUAREZ,3106,2,URBANO(A)
19,12,32,JUAREZ,3107,2,URBANO(A)
19,12,32,JUAREZ,3108,2,URBANO(A)
19,12,32,JUAREZ,3109,2,URBANO(A)
19,12,32,JUAREZ,3110,2,URBANO(A)
19,12,32,JUAREZ,3111,2,URBANO(A)
19,12,32,JUAREZ,3112,2,URBANO(A)
19,12,32,JUAREZ,3113,3,MIXTO(A)
19,12,32,JUAREZ,3114,2,URBANO(A)
19,1,48,SANTA CATARINA,3115,2,URBANO(A)
19,1,48,SANTA CATARINA,3116,2,URBANO(A)
19,1,48,SANTA CATARINA,3117,2,URBANO(A)
19,1,48,SANTA CATARINA,3118,2,URBANO(A)
19,1,48,SANTA CATARINA,3119,2,URBANO(A)
19,1,48,SANTA CATARINA,3120,2,URBANO(A)
19,1,48,SANTA CATARINA,3121,2,URBANO(A)
19,1,48,SANTA CATARINA,3122,2,URBANO(A)
19,1,48,SANTA CATARINA,3123,2,URBANO(A)
19,1,48,SANTA CATARINA,3124,2,URBANO(A)
19,1,48,SANTA CATARINA,3125,2,URBANO(A)
19,1,48,SANTA CATARINA,3126,2,URBANO(A)
19,2,6,APODACA,3127,2,URBANO(A)
19,2,6,APODACA,3128,2,URBANO(A)
19,2,6,APODACA,3129,2,URBANO(A)
19,2,6,APODACA,3130,2,URBANO(A)
19,2,6,APODACA,3131,2,URBANO(A)
19,2,6,APODACA,3132,3,MIXTO(A)
19,2,6,APODACA,3133,2,URBANO(A)
19,2,6,APODACA,3134,3,MIXTO(A)
19,2,6,APODACA,3135,2,URBANO(A)
19,2,6,APODACA,3136,2,URBANO(A)
19,2,6,APODACA,3137,2,URBANO(A)
19,2,6,APODACA,3138,2,URBANO(A)
19,2,6,APODACA,3139,2,URBANO(A)
19,2,6,APODACA,3140,2,URBANO(A)
19,2,6,APODACA,3141,2,URBANO(A)
19,2,6,APODACA,3142,3,MIXTO(A)
19,2,6,APODACA,3143,2,URBANO(A)
19,2,6,APODACA,3144,2,URBANO(A)
19,2,6,APODACA,3145,2,URBANO(A)
19,2,6,APODACA,3146,2,URBANO(A)
19,2,6,APODACA,3147,2,URBANO(A)
19,3,21,GRAL. ESCOBEDO,3148,2,URBANO(A)
19,3,21,GRAL. ESCOBEDO,3149,2,URBANO(A)
19,3,21,GRAL. ESCOBEDO,3150,2,URBANO(A)
19,3,21,GRAL. ESCOBEDO,3151,2,URBANO(A)
19,3,21,GRAL. ESCOBEDO,3152,2,URBANO(A)
19,3,21,GRAL. ESCOBEDO,3153,2,URBANO(A)
19,3,21,GRAL. ESCOBEDO,3154,2,URBANO(A)
19,3,21,GRAL. ESCOBEDO,3155,2,URBANO(A)
19,3,21,GRAL. ESCOBEDO,3156,2,URBANO(A)
19,3,21,GRAL. ESCOBEDO,3157,2,URBANO(A)
19,3,21,GRAL. ESCOBEDO,3158,2,URBANO(A)
19,3,21,GRAL. ESCOBEDO,3159,2,URBANO(A)
19,3,21,GRAL. ESCOBEDO,3160,2,URBANO(A)
19,3,21,GRAL. ESCOBEDO,3161,2,URBANO(A)
19,5,40,MONTERREY,3162,2,URBANO(A)
19,5,40,MONTERREY,3163,2,URBANO(A)
19,5,40,MONTERREY,3164,2,URBANO(A)
19,5,40,MONTERREY,3165,2,URBANO(A)
19,5,40,MONTERREY,3166,2,URBANO(A)
19,7,18,GARCIA,3167,4,RURAL
19,7,18,GARCIA,3168,4,RURAL
19,7,18,GARCIA,3169,4,RURAL
19,7,18,GARCIA,3170,4,RURAL
19,7,18,GARCIA,3171,4,RURAL
19,7,18,GARCIA,3172,4,RURAL
19,7,18,GARCIA,3173,4,RURAL
19,7,18,GARCIA,3174,4,RURAL
19,7,18,GARCIA,3175,4,RURAL
19,7,18,GARCIA,3176,4,RURAL
19,7,18,GARCIA,3177,4,RURAL
19,7,18,GARCIA,3178,4,RURAL
19,7,18,GARCIA,3179,4,RURAL
19,7,18,GARCIA,3180,4,RURAL
19,7,18,GARCIA,3181,4,RURAL
19,7,18,GARCIA,3182,4,RURAL
19,7,18,GARCIA,3183,3,MIXTO(A)
19,7,18,GARCIA,3184,4,RURAL
19,7,18,GARCIA,3185,4,RURAL
19,7,18,GARCIA,3186,4,RURAL
19,7,18,GARCIA,3187,2,URBANO(A)
19,7,18,GARCIA,3188,4,RURAL
19,7,18,GARCIA,3189,2,URBANO(A)
19,7,18,GARCIA,3190,3,MIXTO(A)
19,7,18,GARCIA,3191,2,URBANO(A)
19,7,18,GARCIA,3192,4,RURAL
19,7,18,GARCIA,3193,3,MIXTO(A)
19,7,18,GARCIA,3194,2,URBANO(A)
19,7,18,GARCIA,3195,3,MIXTO(A)
19,8,6,APODACA,3196,2,URBANO(A)
19,8,6,APODACA,3197,2,URBANO(A)
19,8,6,APODACA,3198,2,URBANO(A)
19,8,6,APODACA,3199,2,URBANO(A)
19,8,6,APODACA,3200,2,URBANO(A)
19,8,6,APODACA,3201,2,URBANO(A)
19,8,6,APODACA,3202,2,URBANO(A)
19,8,6,APODACA,3203,2,URBANO(A)
19,8,6,APODACA,3204,2,URBANO(A)
19,8,26,GUADALUPE,3205,2,URBANO(A)
19,8,26,GUADALUPE,3206,2,URBANO(A)
19,8,26,GUADALUPE,3207,2,URBANO(A)
19,8,26,GUADALUPE,3208,2,URBANO(A)
19,8,26,GUADALUPE,3209,2,URBANO(A)
19,8,26,GUADALUPE,3210,2,URBANO(A)
19,11,26,GUADALUPE,3211,2,URBANO(A)
19,11,26,GUADALUPE,3212,2,URBANO(A)
19,11,26,GUADALUPE,3213,2,URBANO(A)
19,11,26,GUADALUPE,3214,2,URBANO(A)
19,11,26,GUADALUPE,3215,2,URBANO(A)
19,11,26,GUADALUPE,3216,2,URBANO(A)
19,11,26,GUADALUPE,3217,2,URBANO(A)
19,11,26,GUADALUPE,3218,2,URBANO(A)
19,11,26,GUADALUPE,3219,2,URBANO(A)
19,11,26,GUADALUPE,3220,2,URBANO(A)
19,12,32,JUAREZ,3221,2,URBANO(A)
19,12,32,JUAREZ,3222,2,URBANO(A)
19,12,32,JUAREZ,3223,2,URBANO(A)
19,12,32,JUAREZ,3224,2,URBANO(A)
19,12,32,JUAREZ,3225,2,URBANO(A)
19,12,32,JUAREZ,3226,2,URBANO(A)
19,12,32,JUAREZ,3227,3,MIXTO(A)
19,12,32,JUAREZ,3228,4,RURAL
19,12,32,JUAREZ,3229,4,RURAL
19,12,32,JUAREZ,3230,4,RURAL
19,12,32,JUAREZ,3231,4,RURAL
19,12,32,JUAREZ,3232,4,RURAL
19,12,32,JUAREZ,3233,4,RURAL
19,12,32,JUAREZ,3234,4,RURAL
19,12,32,JUAREZ,3235,4,RURAL
19,12,32,JUAREZ,3236,4,RURAL
19,12,32,JUAREZ,3237,2,URBANO(A)
19,12,32,JUAREZ,3238,2,URBANO(A)
19,12,32,JUAREZ,3239,2,URBANO(A)
19,12,32,JUAREZ,3240,2,URBANO(A)
19,12,32,JUAREZ,3241,2,URBANO(A)
19,12,32,JUAREZ,3242,2,URBANO(A)
19,12,32,JUAREZ,3243,2,URBANO(A)
19,12,32,JUAREZ,3244,2,URBANO(A)
19,12,32,JUAREZ,3245,2,URBANO(A)
19,12,32,JUAREZ,3246,2,URBANO(A)
19,12,32,JUAREZ,3247,2,URBANO(A)
19,12,32,JUAREZ,3248,2,URBANO(A)
19,14,25,GRAL. ZUAZUA,3249,2,URBANO(A)
19,14,25,GRAL. ZUAZUA,3250,2,URBANO(A)
19,14,25,GRAL. ZUAZUA,3251,2,URBANO(A)
19,14,25,GRAL. ZUAZUA,3252,2,URBANO(A)
19,14,25,GRAL. ZUAZUA,3253,2,URBANO(A)
19,14,25,GRAL. ZUAZUA,3254,2,URBANO(A)
19,14,25,GRAL. ZUAZUA,3255,2,URBANO(A)
19,14,25,GRAL. ZUAZUA,3256,2,URBANO(A)
19,14,42,PESQUERIA,3257,3,MIXTO(A)
19,14,42,PESQUERIA,3258,2,URBANO(A)
19,14,42,PESQUERIA,3259,2,URBANO(A)
19,14,42,PESQUERIA,3260,3,MIXTO(A)
19,14,42,PESQUERIA,3261,2,URBANO(A)
19,14,42,PESQUERIA,3262,2,URBANO(A)
19,14,42,PESQUERIA,3263,2,URBANO(A)
19,14,42,PESQUERIA,3264,2,URBANO(A)
19,14,42,PESQUERIA,3265,2,URBANO(A)
19,14,42,PESQUERIA,3266,2,URBANO(A)
19,14,42,PESQUERIA,3267,2,URBANO(A)
19,14,42,PESQUERIA,3268,2,URBANO(A)
19,14,42,PESQUERIA,3269,2,URBANO(A)
19,14,42,PESQUERIA,3270,2,URBANO(A)
19,14,42,PESQUERIA,3271,2,URBANO(A)
19,14,42,PESQUERIA,3272,2,URBANO(A)
19,14,42,PESQUERIA,3273,2,URBANO(A)
19,14,42,PESQUERIA,3274,2,URBANO(A)
19,14,42,PESQUERIA,3275,2,URBANO(A)
19,14,42,PESQUERIA,3276,2,URBANO(A)
