ENTIDAD,DISTRITO,MUNICIPIO,NOMBRE_MUNICIPIO,SECCION,TIPO_SECCION,TIPO_NOMBRE
25,2,1,AHOME,2,2,URBANO(A)
25,2,1,AHOME,3,2,URBANO(A)
25,2,1,AHOME,4,2,URBANO(A)
25,2,1,AHOME,5,2,URBANO(A)
25,2,1,AHOME,6,2,URBANO(A)
25,2,1,AHOME,7,2,URBANO(A)
25,2,1,AHOME,8,2,URBANO(A)
25,2,1,AHOME,9,2,URBANO(A)
25,2,1,AHOME,10,2,URBANO(A)
25,2,1,AHOME,11,2,URBANO(A)
25,2,1,AHOME,12,2,URBANO(A)
25,2,1,AHOME,13,2,URBANO(A)
25,2,1,AHOME,14,2,URBANO(A)
25,2,1,AHOME,15,2,URBANO(A)
25,2,1,AHOME,16,2,URBANO(A)
25,2,1,AHOME,17,2,URBANO(A)
25,2,1,AHOME,18,2,URBANO(A)
25,2,1,AHOME,19,2,URBANO(A)
25,2,1,AHOME,20,2,URBANO(A)
25,2,1,AHOME,21,2,URBANO(A)
25,2,1,AHOME,22,2,URBANO(A)
25,2,1,AHOME,23,2,URBANO(A)
25,2,1,AHOME,26,2,URBANO(A)
25,2,1,AHOME,27,2,URBANO(A)
25,2,1,AHOME,28,2,URBANO(A)
25,2,1,AHOME,29,2,URBANO(A)
25,2,1,AHOME,30,2,URBANO(A)
25,2,1,AHOME,31,2,URBANO(A)
25,2,1,AHOME,32,2,URBANO(A)
25,2,1,AHOME,33,2,URBANO(A)
25,2,1,AHOME,34,2,URBANO(A)
25,2,1,AHOME,35,2,URBANO(A)
25,2,1,AHOME,36,2,URBANO(A)
25,2,1,AHOME,37,2,URBANO(A)
25,2,1,AHOME,38,2,URBANO(A)
25,2,1,AHOME,40,2,URBANO(A)
25,2,1,AHOME,41,2,URBANO(A)
25,2,1,AHOME,42,2,URBANO(A)
25,2,1,AHOME,44,2,URBANO(A)
25,2,1,AHOME,45,2,URBANO(A)
25,2,1,AHOME,46,2,URBANO(A)
25,2,1,AHOME,47,2,URBANO(A)
25,2,1,AHOME,48,2,URBANO(A)
25,2,1,AHOME,50,2,URBANO(A)
25,2,1,AHOME,51,2,URBANO(A)
25,2,1,AHOME,52,2,URBANO(A)
25,2,1,AHOME,53,2,URBANO(A)
25,2,1,AHOME,54,2,URBANO(A)
25,2,1,AHOME,55,2,URBANO(A)
25,2,1,AHOME,56,2,URBANO(A)
25,2,1,AHOME,57,2,URBANO(A)
25,2,1,AHOME,58,2,URBANO(A)
25,2,1,AHOME,59,2,URBANO(A)
25,2,1,AHOME,60,2,URBANO(A)
25,2,1,AHOME,61,2,URBANO(A)
25,2,1,AHOME,62,2,URBANO(A)
25,2,1,AHOME,63,2,URBANO(A)
25,2,1,AHOME,64,2,URBANO(A)
25,2,1,AHOME,65,2,URBANO(A)
25,2,1,AHOME,66,2,URBANO(A)
25,2,1,AHOME,67,2,URBANO(A)
25,2,1,AHOME,68,2,URBANO(A)
25,2,1,AHOME,69,2,URBANO(A)
25,2,1,AHOME,70,2,URBANO(A)
25,2,1,AHOME,71,2,URBANO(A)
25,2,1,AHOME,72,2,URBANO(A)
25,2,1,AHOME,73,2,URBANO(A)
25,2,1,AHOME,74,2,URBANO(A)
25,2,1,AHOME,75,2,URBANO(A)
25,2,1,AHOME,76,2,URBANO(A)
25,2,1,AHOME,77,2,URBANO(A)
25,2,1,AHOME,78,2,URBANO(A)
25,2,1,AHOME,79,2,URBANO(A)
25,2,1,AHOME,80,2,URBANO(A)
25,2,1,AHOME,82,2,URBANO(A)
25,2,1,AHOME,85,2,URBANO(A)
25,2,1,AHOME,88,2,URBANO(A)
25,2,1,AHOME,89,2,URBANO(A)
25,2,1,AHOME,90,2,URBANO(A)
25,2,1,AHOME,91,2,URBANO(A)
25,2,1,AHOME,92,2,URBANO(A)
25,2,1,AHOME,93,2,URBANO(A)
25,2,1,AHOME,94,2,URBANO(A)
25,2,1,AHOME,95,2,URBANO(A)
25,2,1,AHOME,96,2,URBANO(A)
25,2,1,AHOME,97,2,URBANO(A)
25,2,1,AHOME,98,2,URBANO(A)
25,2,1,AHOME,99,2,URBANO(A)
25,2,1,AHOME,100,2,URBANO(A)
25,2,1,AHOME,101,2,URBANO(A)
25,2,1,AHOME,102,3,MIXTO(A)
25,2,1,AHOME,104,2,URBANO(A)
25,2,1,AHOME,105,2,URBANO(A)
25,2,1,AHOME,106,2,URBANO(A)
25,2,1,AHOME,107,2,URBANO(A)
25,2,1,AHOME,108,2,URBANO(A)
25,2,1,AHOME,109,2,URBANO(A)
25,2,1,AHOME,110,2,URBANO(A)
25,2,1,AHOME,111,2,URBANO(A)
25,2,1,AHOME,112,2,URBANO(A)
25,2,1,AHOME,113,2,URBANO(A)
25,2,1,AHOME,114,2,URBANO(A)
25,2,1,AHOME,115,2,URBANO(A)
25,2,1,AHOME,116,2,URBANO(A)
25,2,1,AHOME,117,2,URBANO(A)
25,2,1,AHOME,118,2,URBANO(A)
25,2,1,AHOME,119,2,URBANO(A)
25,2,1,AHOME,120,2,URBANO(A)
25,2,1,AHOME,121,2,URBANO(A)
25,2,1,AHOME,122,2,URBANO(A)
25,2,1,AHOME,123,2,URBANO(A)
25,2,1,AHOME,124,2,URBANO(A)
25,2,1,AHOME,125,2,URBANO(A)
25,2,1,AHOME,126,2,URBANO(A)
25,2,1,AHOME,127,2,URBANO(A)
25,2,1,AHOME,128,2,URBANO(A)
25,2,1,AHOME,129,2,URBANO(A)
25,2,1,AHOME,130,2,URBANO(A)
25,2,1,AHOME,131,2,URBANO(A)
25,2,1,AHOME,132,2,URBANO(A)
25,2,1,AHOME,133,2,URBANO(A)
25,2,1,AHOME,134,2,URBANO(A)
25,2,1,AHOME,135,2,URBANO(A)
25,2,1,AHOME,136,2,URBANO(A)
25,2,1,AHOME,137,2,URBANO(A)
25,2,1,AHOME,138,2,URBANO(A)
25,2,1,AHOME,139,2,URBANO(A)
25,2,1,AHOME,140,2,URBANO(A)
25,2,1,AHOME,141,2,URBANO(A)
25,2,1,AHOME,143,2,URBANO(A)
25,2,1,AHOME,144,2,URBANO(A)
25,2,1,AHOME,145,2,URBANO(A)
25,2,1,AHOME,146,2,URBANO(A)
25,2,1,AHOME,147,2,URBANO(A)
25,2,1,AHOME,148,2,URBANO(A)
25,2,1,AHOME,149,2,URBANO(A)
25,2,1,AHOME,150,2,URBANO(A)
25,2,1,AHOME,151,2,URBANO(A)
25,2,1,AHOME,152,2,URBANO(A)
25,2,1,AHOME,153,2,URBANO(A)
25,2,1,AHOME,154,2,URBANO(A)
25,2,1,AHOME,155,2,URBANO(A)
25,2,1,AHOME,156,2,URBANO(A)
25,2,1,AHOME,157,2,URBANO(A)
25,2,1,AHOME,158,2,URBANO(A)
25,2,1,AHOME,159,2,URBANO(A)
25,2,1,AHOME,160,2,URBANO(A)
25,2,1,AHOME,161,2,URBANO(A)
25,2,1,AHOME,162,2,URBANO(A)
25,2,1,AHOME,163,2,URBANO(A)
25,2,1,AHOME,165,2,URBANO(A)
25,2,1,AHOME,166,2,URBANO(A)
25,2,1,AHOME,167,2,URBANO(A)
25,2,1,AHOME,168,2,URBANO(A)
25,2,1,AHOME,169,2,URBANO(A)
25,2,1,AHOME,170,2,URBANO(A)
25,2,1,AHOME,171,2,URBANO(A)
25,2,1,AHOME,172,2,URBANO(A)
25,2,1,AHOME,173,2,URBANO(A)
25,2,1,AHOME,174,2,URBANO(A)
25,2,1,AHOME,175,2,URBANO(A)
25,2,1,AHOME,176,2,URBANO(A)
25,2,1,AHOME,177,2,URBANO(A)
25,2,1,AHOME,178,2,URBANO(A)
25,2,1,AHOME,179,2,URBANO(A)
25,2,1,AHOME,180,2,URBANO(A)
25,2,1,AHOME,181,2,URBANO(A)
25,2,1,AHOME,182,2,URBANO(A)
25,2,1,AHOME,183,2,URBANO(A)
25,2,1,AHOME,184,2,URBANO(A)
25,2,1,AHOME,185,2,URBANO(A)
25,2,1,AHOME,186,2,URBANO(A)
25,2,1,AHOME,187,2,URBANO(A)
25,2,1,AHOME,188,2,URBANO(A)
25,2,1,AHOME,189,2,URBANO(A)
25,2,1,AHOME,190,2,URBANO(A)
25,2,1,AHOME,191,2,URBANO(A)
25,2,1,AHOME,192,2,URBANO(A)
25,2,1,AHOME,193,2,URBANO(A)
25,2,1,AHOME,194,2,URBANO(A)
25,2,1,AHOME,195,2,URBANO(A)
25,2,1,AHOME,196,2,URBANO(A)
25,2,1,AHOME,197,2,URBANO(A)
25,2,1,AHOME,198,2,URBANO(A)
25,2,1,AHOME,199,2,URBANO(A)
25,2,1,AHOME,200,2,URBANO(A)
25,2,1,AHOME,201,2,URBANO(A)
25,2,1,AHOME,202,2,URBANO(A)
25,2,1,AHOME,203,2,URBANO(A)
25,2,1,AHOME,204,2,URBANO(A)
25,2,1,AHOME,205,3,MIXTO(A)
25,2,1,AHOME,206,3,MIXTO(A)
25,2,1,AHOME,207,2,URBANO(A)
25,2,1,AHOME,208,3,MIXTO(A)
25,2,1,AHOME,209,2,URBANO(A)
25,2,1,AHOME,210,2,URBANO(A)
25,2,1,AHOME,211,2,URBANO(A)
25,2,1,AHOME,212,2,URBANO(A)
25,2,1,AHOME,213,2,URBANO(A)
25,2,1,AHOME,214,2,URBANO(A)
25,2,1,AHOME,215,2,URBANO(A)
25,2,1,AHOME,216,2,URBANO(A)
25,2,1,AHOME,217,2,URBANO(A)
25,2,1,AHOME,218,2,URBANO(A)
25,2,1,AHOME,219,2,URBANO(A)
25,2,1,AHOME,220,2,URBANO(A)
25,2,1,AHOME,221,2,URBANO(A)
25,2,1,AHOME,222,2,URBANO(A)
25,2,1,AHOME,223,2,URBANO(A)
25,2,1,AHOME,224,2,URBANO(A)
25,2,1,AHOME,225,2,URBANO(A)
25,2,1,AHOME,226,2,URBANO(A)
25,2,1,AHOME,227,2,URBANO(A)
25,2,1,AHOME,228,2,URBANO(A)
25,2,1,AHOME,229,2,URBANO(A)
25,2,1,AHOME,230,2,URBANO(A)
25,2,1,AHOME,231,2,URBANO(A)
25,2,1,AHOME,232,2,URBANO(A)
25,2,1,AHOME,233,2,URBANO(A)
25,2,1,AHOME,234,2,URBANO(A)
25,2,1,AHOME,235,2,URBANO(A)
25,2,1,AHOME,236,2,URBANO(A)
25,2,1,AHOME,237,2,URBANO(A)
25,2,1,AHOME,238,2,URBANO(A)
25,2,1,AHOME,239,2,URBANO(A)
25,2,1,AHOME,240,2,URBANO(A)
25,2,1,AHOME,241,2,URBANO(A)
25,2,1,AHOME,242,4,RURAL
25,2,1,AHOME,243,4,RURAL
25,2,1,AHOME,244,3,MIXTO(A)
25,2,1,AHOME,245,2,URBANO(A)
25,2,1,AHOME,246,3,MIXTO(A)
25,2,1,AHOME,247,3,MIXTO(A)
25,2,20,JUAN JOSE RIOS,248,2,URBANO(A)
25,2,20,JUAN JOSE RIOS,249,2,URBANO(A)
25,2,20,JUAN JOSE RIOS,250,2,URBANO(A)
25,2,20,JUAN JOSE RIOS,251,2,URBANO(A)
25,2,20,JUAN JOSE RIOS,252,3,MIXTO(A)
25,2,1,AHOME,253,2,URBANO(A)
25,2,1,AHOME,254,3,MIXTO(A)
25,2,1,AHOME,255,2,URBANO(A)
25,2,1,AHOME,256,2,URBANO(A)
25,2,1,AHOME,257,4,RURAL
25,2,1,AHOME,258,2,URBANO(A)
25,2,1,AHOME,259,2,URBANO(A)
25,2,1,AHOME,260,3,MIXTO(A)
25,2,1,AHOME,261,2,URBANO(A)
25,2,1,AHOME,262,3,MIXTO(A)
25,2,1,AHOME,263,2,URBANO(A)
25,2,1,AHOME,264,2,URBANO(A)
25,2,1,AHOME,265,2,URBANO(A)
25,2,1,AHOME,266,4,RURAL
25,2,1,AHOME,267,3,MIXTO(A)
25,2,1,AHOME,268,3,MIXTO(A)
25,2,1,AHOME,269,3,MIXTO(A)
25,2,1,AHOME,270,3,MIXTO(A)
25,2,1,AHOME,271,3,MIXTO(A)
25,2,1,AHOME,272,2,URBANO(A)
25,2,1,AHOME,273,4,RURAL
25,2,1,AHOME,274,4,RURAL
25,2,1,AHOME,275,3,MIXTO(A)
25,2,1,AHOME,276,2,URBANO(A)
25,2,1,AHOME,277,2,URBANO(A)
25,2,1,AHOME,278,2,URBANO(A)
25,2,1,AHOME,279,2,URBANO(A)
25,2,1,AHOME,280,2,URBANO(A)
25,2,1,AHOME,281,3,MIXTO(A)
25,2,1,AHOME,282,3,MIXTO(A)
25,2,1,AHOME,283,3,MIXTO(A)
25,2,1,AHOME,284,3,MIXTO(A)
25,2,1,AHOME,285,2,URBANO(A)
25,2,1,AHOME,286,2,URBANO(A)
25,2,1,AHOME,287,2,URBANO(A)
25,2,1,AHOME,288,2,URBANO(A)
25,2,1,AHOME,289,2,URBANO(A)
25,2,1,AHOME,290,2,URBANO(A)
25,2,1,AHOME,291,2,URBANO(A)
25,2,1,AHOME,292,2,URBANO(A)
25,2,1,AHOME,293,2,URBANO(A)
25,2,1,AHOME,294,2,URBANO(A)
25,2,1,AHOME,295,2,URBANO(A)
25,2,1,AHOME,296,3,MIXTO(A)
25,2,1,AHOME,297,2,URBANO(A)
25,2,1,AHOME,298,3,MIXTO(A)
25,2,1,AHOME,299,4,RURAL
25,2,1,AHOME,300,4,RURAL
25,2,1,AHOME,301,4,RURAL
25,2,1,AHOME,302,2,URBANO(A)
25,2,1,AHOME,303,2,URBANO(A)
25,2,1,AHOME,304,3,MIXTO(A)
25,2,1,AHOME,305,2,URBANO(A)
25,2,1,AHOME,306,2,URBANO(A)
25,2,1,AHOME,307,2,URBANO(A)
25,2,1,AHOME,308,2,URBANO(A)
25,2,1,AHOME,309,2,URBANO(A)
25,2,1,AHOME,310,3,MIXTO(A)
25,2,1,AHOME,311,3,MIXTO(A)
25,2,1,AHOME,312,4,RURAL
25,2,1,AHOME,313,2,URBANO(A)
25,2,1,AHOME,314,2,URBANO(A)
25,2,1,AHOME,315,2,URBANO(A)
25,2,1,AHOME,316,2,URBANO(A)
25,2,1,AHOME,317,2,URBANO(A)
25,2,1,AHOME,318,2,URBANO(A)
25,2,1,AHOME,319,2,URBANO(A)
25,2,1,AHOME,320,3,MIXTO(A)
25,2,1,AHOME,321,2,URBANO(A)
25,2,1,AHOME,322,2,URBANO(A)
25,2,1,AHOME,323,3,MIXTO(A)
25,2,1,AHOME,324,3,MIXTO(A)
25,2,1,AHOME,325,2,URBANO(A)
25,2,1,AHOME,326,2,URBANO(A)
25,2,1,AHOME,327,2,URBANO(A)
25,2,1,AHOME,328,2,URBANO(A)
25,2,1,AHOME,329,4,RURAL
25,2,1,AHOME,330,4,RURAL
25,2,1,AHOME,331,2,URBANO(A)
25,2,1,AHOME,332,2,URBANO(A)
25,2,1,AHOME,333,2,URBANO(A)
25,2,1,AHOME,334,3,MIXTO(A)
25,2,1,AHOME,335,2,URBANO(A)
25,2,1,AHOME,336,2,URBANO(A)
25,2,1,AHOME,337,2,URBANO(A)
25,2,1,AHOME,338,4,RURAL
25,2,1,AHOME,339,2,URBANO(A)
25,2,1,AHOME,340,2,URBANO(A)
25,2,1,AHOME,341,4,RURAL
25,2,1,AHOME,342,3,MIXTO(A)
25,2,1,AHOME,343,3,MIXTO(A)
25,2,1,AHOME,344,4,RURAL
25,2,1,AHOME,345,4,RURAL
25,2,1,AHOME,346,2,URBANO(A)
25,2,1,AHOME,348,2,URBANO(A)
25,2,1,AHOME,349,2,URBANO(A)
25,2,1,AHOME,350,2,URBANO(A)
25,2,1,AHOME,351,2,URBANO(A)
25,2,1,AHOME,352,2,URBANO(A)
25,2,1,AHOME,353,3,MIXTO(A)
25,2,1,AHOME,354,2,URBANO(A)
25,2,1,AHOME,355,2,URBANO(A)
25,2,1,AHOME,356,2,URBANO(A)
25,2,1,AHOME,357,3,MIXTO(A)
25,2,1,AHOME,358,4,RURAL
25,2,1,AHOME,359,4,RURAL
25,2,1,AHOME,360,3,MIXTO(A)
25,2,1,AHOME,361,2,URBANO(A)
25,2,1,AHOME,362,2,URBANO(A)
25,2,1,AHOME,363,2,URBANO(A)
25,2,1,AHOME,364,2,URBANO(A)
25,2,1,AHOME,365,2,URBANO(A)
25,2,20,JUAN JOSE RIOS,366,4,RURAL
25,2,20,JUAN JOSE RIOS,367,4,RURAL
25,2,1,AHOME,368,2,URBANO(A)
25,2,1,AHOME,369,2,URBANO(A)
25,2,1,AHOME,370,3,MIXTO(A)
25,2,1,AHOME,371,2,URBANO(A)
25,2,1,AHOME,372,2,URBANO(A)
25,2,1,AHOME,373,2,URBANO(A)
25,2,1,AHOME,374,3,MIXTO(A)
25,2,1,AHOME,375,4,RURAL
25,2,1,AHOME,377,4,RURAL
25,2,1,AHOME,378,4,RURAL
25,2,1,AHOME,379,4,RURAL
25,2,1,AHOME,380,4,RURAL
25,2,1,AHOME,381,4,RURAL
25,2,1,AHOME,382,2,URBANO(A)
25,2,1,AHOME,383,2,URBANO(A)
25,2,1,AHOME,384,2,URBANO(A)
25,2,1,AHOME,385,2,URBANO(A)
25,2,1,AHOME,386,2,URBANO(A)
25,2,1,AHOME,387,4,RURAL
25,2,1,AHOME,388,2,URBANO(A)
25,2,1,AHOME,389,3,MIXTO(A)
25,2,1,AHOME,390,2,URBANO(A)
25,2,1,AHOME,391,3,MIXTO(A)
25,2,1,AHOME,392,2,URBANO(A)
25,2,1,AHOME,393,2,URBANO(A)
25,2,1,AHOME,394,2,URBANO(A)
25,2,1,AHOME,395,2,URBANO(A)
25,2,1,AHOME,396,2,URBANO(A)
25,2,1,AHOME,397,2,URBANO(A)
25,2,1,AHOME,398,3,MIXTO(A)
25,2,1,AHOME,399,3,MIXTO(A)
25,2,1,AHOME,400,2,URBANO(A)
25,2,1,AHOME,401,2,URBANO(A)
25,2,1,AHOME,402,2,URBANO(A)
25,2,1,AHOME,403,3,MIXTO(A)
25,2,1,AHOME,404,2,URBANO(A)
25,2,1,AHOME,405,4,RURAL
25,2,1,AHOME,406,4,RURAL
25,2,1,AHOME,407,4,RURAL
25,2,1,AHOME,408,4,RURAL
25,2,1,AHOME,409,4,RURAL
25,2,1,AHOME,410,4,RURAL
25,2,1,AHOME,411,3,MIXTO(A)
25,2,1,AHOME,412,4,RURAL
25,2,1,AHOME,413,4,RURAL
25,2,1,AHOME,414,2,URBANO(A)
25,2,1,AHOME,415,2,URBANO(A)
25,2,1,AHOME,416,3,MIXTO(A)
25,2,1,AHOME,417,2,URBANO(A)
25,2,1,AHOME,418,2,URBANO(A)
25,2,1,AHOME,419,2,URBANO(A)
25,2,1,AHOME,420,2,URBANO(A)
25,2,1,AHOME,421,3,MIXTO(A)
25,2,1,AHOME,422,4,RURAL
25,2,1,AHOME,423,4,RURAL
25,2,1,AHOME,424,4,RURAL
25,2,1,AHOME,425,4,RURAL
25,2,1,AHOME,426,4,RURAL
25,2,1,AHOME,427,4,RURAL
25,2,1,AHOME,428,4,RURAL
25,2,1,AHOME,429,2,URBANO(A)
25,2,1,AHOME,430,2,URBANO(A)
25,2,1,AHOME,431,2,URBANO(A)
25,2,1,AHOME,432,4,RURAL
25,2,1,AHOME,433,4,RURAL
25,2,1,AHOME,434,3,MIXTO(A)
25,2,1,AHOME,435,2,URBANO(A)
25,2,1,AHOME,436,4,RURAL
25,2,1,AHOME,437,4,RURAL
25,2,1,AHOME,438,3,MIXTO(A)
25,2,1,AHOME,439,3,MIXTO(A)
25,2,1,AHOME,440,4,RURAL
25,2,1,AHOME,441,4,RURAL
25,2,1,AHOME,442,2,URBANO(A)
25,2,1,AHOME,443,2,URBANO(A)
25,2,1,AHOME,444,3,MIXTO(A)
25,2,1,AHOME,445,2,URBANO(A)
25,2,1,AHOME,446,3,MIXTO(A)
25,2,1,AHOME,447,3,MIXTO(A)
25,2,1,AHOME,448,2,URBANO(A)
25,2,1,AHOME,449,3,MIXTO(A)
25,2,1,AHOME,450,2,URBANO(A)
25,2,1,AHOME,451,2,URBANO(A)
25,2,1,AHOME,452,2,URBANO(A)
25,2,1,AHOME,453,2,URBANO(A)
25,2,1,AHOME,454,2,URBANO(A)
25,2,1,AHOME,455,4,RURAL
25,3,2,ANGOSTURA,456,2,URBANO(A)
25,3,2,ANGOSTURA,457,2,URBANO(A)
25,3,2,ANGOSTURA,458,2,URBANO(A)
25,3,2,ANGOSTURA,459,3,MIXTO(A)
25,3,2,ANGOSTURA,460,2,URBANO(A)
25,3,2,ANGOSTURA,461,2,URBANO(A)
25,3,2,ANGOSTURA,462,2,URBANO(A)
25,3,2,ANGOSTURA,463,3,MIXTO(A)
25,3,2,ANGOSTURA,464,3,MIXTO(A)
25,3,2,ANGOSTURA,465,4,RURAL
25,3,2,ANGOSTURA,466,4,RURAL
25,3,2,ANGOSTURA,467,3,MIXTO(A)
25,3,2,ANGOSTURA,468,3,MIXTO(A)
25,3,2,ANGOSTURA,470,3,MIXTO(A)
25,3,2,ANGOSTURA,471,2,URBANO(A)
25,3,2,ANGOSTURA,472,2,URBANO(A)
25,3,2,ANGOSTURA,473,2,URBANO(A)
25,3,2,ANGOSTURA,474,2,URBANO(A)
25,3,2,ANGOSTURA,475,2,URBANO(A)
25,3,2,ANGOSTURA,476,3,MIXTO(A)
25,3,2,ANGOSTURA,477,3,MIXTO(A)
25,3,2,ANGOSTURA,478,4,RURAL
25,3,2,ANGOSTURA,479,3,MIXTO(A)
25,3,2,ANGOSTURA,480,3,MIXTO(A)
25,3,2,ANGOSTURA,481,4,RURAL
25,3,2,ANGOSTURA,482,4,RURAL
25,3,2,ANGOSTURA,483,2,URBANO(A)
25,3,2,ANGOSTURA,484,3,MIXTO(A)
25,3,2,ANGOSTURA,485,4,RURAL
25,3,2,ANGOSTURA,486,2,URBANO(A)
25,3,2,ANGOSTURA,487,3,MIXTO(A)
25,3,2,ANGOSTURA,488,4,RURAL
25,3,2,ANGOSTURA,489,4,RURAL
25,3,2,ANGOSTURA,490,4,RURAL
25,3,2,ANGOSTURA,491,4,RURAL
25,3,2,ANGOSTURA,492,2,URBANO(A)
25,3,2,ANGOSTURA,493,2,URBANO(A)
25,3,2,ANGOSTURA,494,2,URBANO(A)
25,3,2,ANGOSTURA,495,3,MIXTO(A)
25,3,2,ANGOSTURA,496,4,RURAL
25,3,2,ANGOSTURA,498,4,RURAL
25,3,2,ANGOSTURA,499,4,RURAL
25,3,2,ANGOSTURA,500,4,RURAL
25,3,2,ANGOSTURA,501,2,URBANO(A)
25,3,2,ANGOSTURA,502,3,MIXTO(A)
25,3,2,ANGOSTURA,503,4,RURAL
25,3,2,ANGOSTURA,504,2,URBANO(A)
25,3,2,ANGOSTURA,505,2,URBANO(A)
25,3,2,ANGOSTURA,506,3,MIXTO(A)
25,3,2,ANGOSTURA,507,2,URBANO(A)
25,3,2,ANGOSTURA,508,4,RURAL
25,3,2,ANGOSTURA,509,2,URBANO(A)
25,3,2,ANGOSTURA,510,2,URBANO(A)
25,3,2,ANGOSTURA,511,3,MIXTO(A)
25,3,2,ANGOSTURA,512,3,MIXTO(A)
25,3,2,ANGOSTURA,513,4,RURAL
25,3,2,ANGOSTURA,514,4,RURAL
25,3,2,ANGOSTURA,515,4,RURAL
25,3,2,ANGOSTURA,517,4,RURAL
25,3,2,ANGOSTURA,518,4,RURAL
25,3,2,ANGOSTURA,519,4,RURAL
25,3,2,ANGOSTURA,520,2,URBANO(A)
25,3,2,ANGOSTURA,521,3,MIXTO(A)
25,3,2,ANGOSTURA,522,4,RURAL
25,3,2,ANGOSTURA,523,4,RURAL
25,3,2,ANGOSTURA,524,4,RURAL
25,3,2,ANGOSTURA,525,3,MIXTO(A)
25,3,2,ANGOSTURA,526,2,URBANO(A)
25,3,2,ANGOSTURA,527,2,URBANO(A)
25,3,2,ANGOSTURA,529,2,URBANO(A)
25,3,2,ANGOSTURA,530,2,URBANO(A)
25,3,2,ANGOSTURA,531,2,URBANO(A)
25,3,2,ANGOSTURA,532,2,URBANO(A)
25,3,2,ANGOSTURA,533,2,URBANO(A)
25,3,2,ANGOSTURA,534,2,URBANO(A)
25,3,2,ANGOSTURA,535,2,URBANO(A)
25,3,2,ANGOSTURA,536,2,URBANO(A)
25,3,2,ANGOSTURA,537,2,URBANO(A)
25,3,2,ANGOSTURA,538,3,MIXTO(A)
25,3,2,ANGOSTURA,539,4,RURAL
25,3,2,ANGOSTURA,540,2,URBANO(A)
25,3,2,ANGOSTURA,541,2,URBANO(A)
25,3,2,ANGOSTURA,542,2,URBANO(A)
25,3,2,ANGOSTURA,543,2,URBANO(A)
25,3,2,ANGOSTURA,544,2,URBANO(A)
25,3,2,ANGOSTURA,545,2,URBANO(A)
25,3,2,ANGOSTURA,546,2,URBANO(A)
25,3,2,ANGOSTURA,547,2,URBANO(A)
25,3,2,ANGOSTURA,548,2,URBANO(A)
25,3,2,ANGOSTURA,549,2,URBANO(A)
25,3,2,ANGOSTURA,550,2,URBANO(A)
25,3,2,ANGOSTURA,551,2,URBANO(A)
25,3,2,ANGOSTURA,552,2,URBANO(A)
25,3,2,ANGOSTURA,553,2,URBANO(A)
25,3,2,ANGOSTURA,554,2,URBANO(A)
25,3,2,ANGOSTURA,555,2,URBANO(A)
25,3,2,ANGOSTURA,556,2,URBANO(A)
25,3,2,ANGOSTURA,557,2,URBANO(A)
25,3,2,ANGOSTURA,558,2,URBANO(A)
25,3,2,ANGOSTURA,559,2,URBANO(A)
25,3,2,ANGOSTURA,560,2,URBANO(A)
25,3,2,ANGOSTURA,561,2,URBANO(A)
25,3,2,ANGOSTURA,562,3,MIXTO(A)
25,3,3,BADIRAGUATO,563,3,MIXTO(A)
25,3,3,BADIRAGUATO,564,2,URBANO(A)
25,3,3,BADIRAGUATO,565,3,MIXTO(A)
25,3,3,BADIRAGUATO,566,2,URBANO(A)
25,3,3,BADIRAGUATO,567,3,MIXTO(A)
25,3,3,BADIRAGUATO,568,3,MIXTO(A)
25,3,3,BADIRAGUATO,569,4,RURAL
25,3,3,BADIRAGUATO,570,4,RURAL
25,3,3,BADIRAGUATO,571,4,RURAL
25,3,3,BADIRAGUATO,572,4,RURAL
25,3,3,BADIRAGUATO,573,4,RURAL
25,3,3,BADIRAGUATO,574,4,RURAL
25,3,3,BADIRAGUATO,575,4,RURAL
25,3,3,BADIRAGUATO,576,4,RURAL
25,3,3,BADIRAGUATO,577,4,RURAL
25,3,3,BADIRAGUATO,578,4,RURAL
25,3,3,BADIRAGUATO,579,4,RURAL
25,3,3,BADIRAGUATO,580,4,RURAL
25,3,3,BADIRAGUATO,581,4,RURAL
25,3,3,BADIRAGUATO,582,4,RURAL
25,3,3,BADIRAGUATO,583,4,RURAL
25,3,3,BADIRAGUATO,584,4,RURAL
25,3,3,BADIRAGUATO,585,4,RURAL
25,3,3,BADIRAGUATO,586,4,RURAL
25,3,3,BADIRAGUATO,587,4,RURAL
25,3,3,BADIRAGUATO,588,4,RURAL
25,3,3,BADIRAGUATO,589,4,RURAL
25,3,3,BADIRAGUATO,590,4,RURAL
25,3,3,BADIRAGUATO,592,4,RURAL
25,3,3,BADIRAGUATO,593,4,RURAL
25,3,3,BADIRAGUATO,594,4,RURAL
25,3,3,BADIRAGUATO,595,4,RURAL
25,3,3,BADIRAGUATO,596,4,RURAL
25,3,3,BADIRAGUATO,597,4,RURAL
25,3,3,BADIRAGUATO,598,4,RURAL
25,3,3,BADIRAGUATO,599,4,RURAL
25,3,3,BADIRAGUATO,600,4,RURAL
25,3,3,BADIRAGUATO,601,4,RURAL
25,3,3,BADIRAGUATO,603,4,RURAL
25,3,3,BADIRAGUATO,604,4,RURAL
25,3,3,BADIRAGUATO,605,4,RURAL
25,3,3,BADIRAGUATO,607,4,RURAL
25,3,3,BADIRAGUATO,609,4,RURAL
25,3,3,BADIRAGUATO,610,4,RURAL
25,3,3,BADIRAGUATO,611,4,RURAL
25,3,3,BADIRAGUATO,613,4,RURAL
25,3,3,BADIRAGUATO,614,4,RURAL
25,3,3,BADIRAGUATO,616,4,RURAL
25,3,3,BADIRAGUATO,617,4,RURAL
25,3,3,BADIRAGUATO,618,4,RURAL
25,3,3,BADIRAGUATO,619,4,RURAL
25,3,3,BADIRAGUATO,620,4,RURAL
25,3,3,BADIRAGUATO,621,4,RURAL
25,3,3,BADIRAGUATO,622,4,RURAL
25,3,3,BADIRAGUATO,623,4,RURAL
25,3,3,BADIRAGUATO,625,4,RURAL
25,3,3,BADIRAGUATO,627,4,RURAL
25,3,3,BADIRAGUATO,628,4,RURAL
25,1,4,CONCORDIA,629,3,MIXTO(A)
25,1,4,CONCORDIA,630,2,URBANO(A)
25,1,4,CONCORDIA,631,3,MIXTO(A)
25,1,4,CONCORDIA,632,2,URBANO(A)
25,1,4,CONCORDIA,633,2,URBANO(A)
25,1,4,CONCORDIA,634,2,URBANO(A)
25,1,4,CONCORDIA,635,2,URBANO(A)
25,1,4,CONCORDIA,636,2,URBANO(A)
25,1,4,CONCORDIA,637,2,URBANO(A)
25,1,4,CONCORDIA,638,4,RURAL
25,1,4,CONCORDIA,639,4,RURAL
25,1,4,CONCORDIA,641,4,RURAL
25,1,4,CONCORDIA,642,4,RURAL
25,1,4,CONCORDIA,643,4,RURAL
25,1,4,CONCORDIA,644,4,RURAL
25,1,4,CONCORDIA,645,4,RURAL
25,1,4,CONCORDIA,646,4,RURAL
25,1,4,CONCORDIA,648,4,RURAL
25,1,4,CONCORDIA,649,4,RURAL
25,1,4,CONCORDIA,650,4,RURAL
25,1,4,CONCORDIA,651,3,MIXTO(A)
25,1,4,CONCORDIA,652,3,MIXTO(A)
25,1,4,CONCORDIA,653,2,URBANO(A)
25,1,4,CONCORDIA,654,3,MIXTO(A)
25,1,4,CONCORDIA,655,3,MIXTO(A)
25,1,4,CONCORDIA,656,3,MIXTO(A)
25,1,4,CONCORDIA,657,3,MIXTO(A)
25,1,4,CONCORDIA,658,4,RURAL
25,1,4,CONCORDIA,659,4,RURAL
25,1,4,CONCORDIA,660,4,RURAL
25,1,4,CONCORDIA,661,4,RURAL
25,1,4,CONCORDIA,662,4,RURAL
25,1,4,CONCORDIA,663,4,RURAL
25,1,4,CONCORDIA,664,3,MIXTO(A)
25,1,4,CONCORDIA,665,3,MIXTO(A)
25,1,4,CONCORDIA,666,4,RURAL
25,1,4,CONCORDIA,667,3,MIXTO(A)
25,1,4,CONCORDIA,668,3,MIXTO(A)
25,1,4,CONCORDIA,669,3,MIXTO(A)
25,1,4,CONCORDIA,670,2,URBANO(A)
25,1,4,CONCORDIA,671,3,MIXTO(A)
25,1,4,CONCORDIA,672,3,MIXTO(A)
25,1,4,CONCORDIA,673,2,URBANO(A)
25,6,5,COSALA,675,2,URBANO(A)
25,6,5,COSALA,676,2,URBANO(A)
25,6,5,COSALA,677,2,URBANO(A)
25,6,5,COSALA,678,3,MIXTO(A)
25,6,5,COSALA,679,2,URBANO(A)
25,6,5,COSALA,680,2,URBANO(A)
25,6,5,COSALA,681,2,URBANO(A)
25,6,5,COSALA,682,3,MIXTO(A)
25,6,5,COSALA,683,4,RURAL
25,6,5,COSALA,685,4,RURAL
25,6,5,COSALA,686,4,RURAL
25,6,5,COSALA,687,4,RURAL
25,6,5,COSALA,688,4,RURAL
25,6,5,COSALA,690,4,RURAL
25,6,5,COSALA,691,4,RURAL
25,6,5,COSALA,692,4,RURAL
25,6,5,COSALA,694,3,MIXTO(A)
25,6,5,COSALA,695,4,RURAL
25,6,5,COSALA,696,4,RURAL
25,6,5,COSALA,697,4,RURAL
25,6,5,COSALA,698,4,RURAL
25,6,5,COSALA,699,4,RURAL
25,6,5,COSALA,700,4,RURAL
25,6,5,COSALA,701,4,RURAL
25,6,5,COSALA,702,4,RURAL
25,6,5,COSALA,703,4,RURAL
25,6,5,COSALA,704,4,RURAL
25,6,5,COSALA,705,4,RURAL
25,6,5,COSALA,706,4,RURAL
25,6,5,COSALA,707,4,RURAL
25,6,5,COSALA,708,4,RURAL
25,6,5,COSALA,709,4,RURAL
25,7,6,CULIACAN,710,2,URBANO(A)
25,7,6,CULIACAN,711,2,URBANO(A)
25,7,6,CULIACAN,712,2,URBANO(A)
25,7,6,CULIACAN,713,2,URBANO(A)
25,7,6,CULIACAN,714,2,URBANO(A)
25,7,6,CULIACAN,715,2,URBANO(A)
25,7,6,CULIACAN,716,2,URBANO(A)
25,7,6,CULIACAN,717,2,URBANO(A)
25,7,6,CULIACAN,718,2,URBANO(A)
25,7,6,CULIACAN,719,2,URBANO(A)
25,7,6,CULIACAN,720,2,URBANO(A)
25,7,6,CULIACAN,721,2,URBANO(A)
25,7,6,CULIACAN,722,2,URBANO(A)
25,7,6,CULIACAN,723,2,URBANO(A)
25,7,6,CULIACAN,724,2,URBANO(A)
25,7,6,CULIACAN,725,2,URBANO(A)
25,7,6,CULIACAN,726,2,URBANO(A)
25,7,6,CULIACAN,727,2,URBANO(A)
25,7,6,CULIACAN,728,2,URBANO(A)
25,7,6,CULIACAN,729,2,URBANO(A)
25,7,6,CULIACAN,730,2,URBANO(A)
25,7,6,CULIACAN,731,2,URBANO(A)
25,7,6,CULIACAN,732,2,URBANO(A)
25,7,6,CULIACAN,733,2,URBANO(A)
25,7,6,CULIACAN,734,2,URBANO(A)
25,7,6,CULIACAN,735,2,URBANO(A)
25,7,6,CULIACAN,736,2,URBANO(A)
25,7,6,CULIACAN,737,2,URBANO(A)
25,7,6,CULIACAN,738,2,URBANO(A)
25,7,6,CULIACAN,739,2,URBANO(A)
25,7,6,CULIACAN,740,2,URBANO(A)
25,7,6,CULIACAN,741,2,URBANO(A)
25,7,6,CULIACAN,742,2,URBANO(A)
25,7,6,CULIACAN,743,2,URBANO(A)
25,7,6,CULIACAN,744,2,URBANO(A)
25,7,6,CULIACAN,745,2,URBANO(A)
25,7,6,CULIACAN,746,2,URBANO(A)
25,7,6,CULIACAN,747,2,URBANO(A)
25,7,6,CULIACAN,748,2,URBANO(A)
25,7,6,CULIACAN,749,2,URBANO(A)
25,7,6,CULIACAN,750,2,URBANO(A)
25,7,6,CULIACAN,751,2,URBANO(A)
25,7,6,CULIACAN,752,2,URBANO(A)
25,7,6,CULIACAN,753,2,URBANO(A)
25,7,6,CULIACAN,754,2,URBANO(A)
25,7,6,CULIACAN,755,2,URBANO(A)
25,7,6,CULIACAN,756,2,URBANO(A)
25,7,6,CULIACAN,757,2,URBANO(A)
25,7,6,CULIACAN,758,2,URBANO(A)
25,7,6,CULIACAN,759,2,URBANO(A)
25,7,6,CULIACAN,760,2,URBANO(A)
25,7,6,CULIACAN,761,2,URBANO(A)
25,7,6,CULIACAN,762,2,URBANO(A)
25,7,6,CULIACAN,763,2,URBANO(A)
25,7,6,CULIACAN,764,2,URBANO(A)
25,7,6,CULIACAN,765,2,URBANO(A)
25,7,6,CULIACAN,766,2,URBANO(A)
25,7,6,CULIACAN,767,2,URBANO(A)
25,7,6,CULIACAN,768,2,URBANO(A)
25,7,6,CULIACAN,769,2,URBANO(A)
25,7,6,CULIACAN,770,2,URBANO(A)
25,7,6,CULIACAN,771,2,URBANO(A)
25,7,6,CULIACAN,772,2,URBANO(A)
25,7,6,CULIACAN,773,2,URBANO(A)
25,7,6,CULIACAN,774,2,URBANO(A)
25,7,6,CULIACAN,775,2,URBANO(A)
25,7,6,CULIACAN,776,2,URBANO(A)
25,7,6,CULIACAN,777,2,URBANO(A)
25,7,6,CULIACAN,778,2,URBANO(A)
25,7,6,CULIACAN,779,2,URBANO(A)
25,7,6,CULIACAN,780,2,URBANO(A)
25,5,6,CULIACAN,781,2,URBANO(A)
25,7,6,CULIACAN,782,2,URBANO(A)
25,7,6,CULIACAN,783,2,URBANO(A)
25,7,6,CULIACAN,784,2,URBANO(A)
25,7,6,CULIACAN,785,2,URBANO(A)
25,7,6,CULIACAN,786,2,URBANO(A)
25,7,6,CULIACAN,787,2,URBANO(A)
25,7,6,CULIACAN,788,2,URBANO(A)
25,7,6,CULIACAN,789,2,URBANO(A)
25,7,6,CULIACAN,790,2,URBANO(A)
25,7,6,CULIACAN,791,2,URBANO(A)
25,7,6,CULIACAN,792,2,URBANO(A)
25,7,6,CULIACAN,793,2,URBANO(A)
25,7,6,CULIACAN,794,2,URBANO(A)
25,7,6,CULIACAN,795,2,URBANO(A)
25,7,6,CULIACAN,796,2,URBANO(A)
25,7,6,CULIACAN,797,2,URBANO(A)
25,7,6,CULIACAN,798,2,URBANO(A)
25,7,6,CULIACAN,799,2,URBANO(A)
25,7,6,CULIACAN,800,2,URBANO(A)
25,7,6,CULIACAN,801,2,URBANO(A)
25,7,6,CULIACAN,802,2,URBANO(A)
25,7,6,CULIACAN,803,2,URBANO(A)
25,7,6,CULIACAN,804,2,URBANO(A)
25,7,6,CULIACAN,805,2,URBANO(A)
25,7,6,CULIACAN,806,2,URBANO(A)
25,7,6,CULIACAN,807,2,URBANO(A)
25,7,6,CULIACAN,808,2,URBANO(A)
25,7,6,CULIACAN,810,2,URBANO(A)
25,7,6,CULIACAN,811,2,URBANO(A)
25,7,6,CULIACAN,812,2,URBANO(A)
25,7,6,CULIACAN,813,2,URBANO(A)
25,7,6,CULIACAN,814,2,URBANO(A)
25,7,6,CULIACAN,815,2,URBANO(A)
25,7,6,CULIACAN,817,2,URBANO(A)
25,7,6,CULIACAN,818,2,URBANO(A)
25,7,6,CULIACAN,819,2,URBANO(A)
25,7,6,CULIACAN,820,2,URBANO(A)
25,7,6,CULIACAN,821,2,URBANO(A)
25,7,6,CULIACAN,822,2,URBANO(A)
25,7,6,CULIACAN,823,2,URBANO(A)
25,7,6,CULIACAN,824,2,URBANO(A)
25,7,6,CULIACAN,825,2,URBANO(A)
25,7,6,CULIACAN,826,2,URBANO(A)
25,7,6,CULIACAN,827,2,URBANO(A)
25,7,6,CULIACAN,828,2,URBANO(A)
25,7,6,CULIACAN,829,2,URBANO(A)
25,7,6,CULIACAN,830,2,URBANO(A)
25,7,6,CULIACAN,831,2,URBANO(A)
25,7,6,CULIACAN,832,2,URBANO(A)
25,7,6,CULIACAN,833,2,URBANO(A)
25,7,6,CULIACAN,834,2,URBANO(A)
25,7,6,CULIACAN,835,2,URBANO(A)
25,7,6,CULIACAN,836,2,URBANO(A)
25,7,6,CULIACAN,837,2,URBANO(A)
25,7,6,CULIACAN,838,2,URBANO(A)
25,7,6,CULIACAN,839,2,URBANO(A)
25,7,6,CULIACAN,840,2,URBANO(A)
25,7,6,CULIACAN,841,2,URBANO(A)
25,7,6,CULIACAN,842,2,URBANO(A)
25,7,6,CULIACAN,843,2,URBANO(A)
25,7,6,CULIACAN,844,2,URBANO(A)
25,7,6,CULIACAN,845,2,URBANO(A)
25,7,6,CULIACAN,846,2,URBANO(A)
25,7,6,CULIACAN,847,2,URBANO(A)
25,7,6,CULIACAN,848,2,URBANO(A)
25,7,6,CULIACAN,849,2,URBANO(A)
25,7,6,CULIACAN,850,2,URBANO(A)
25,7,6,CULIACAN,851,2,URBANO(A)
25,7,6,CULIACAN,852,2,URBANO(A)
25,7,6,CULIACAN,853,2,URBANO(A)
25,7,6,CULIACAN,854,2,URBANO(A)
25,7,6,CULIACAN,856,2,URBANO(A)
25,7,6,CULIACAN,857,2,URBANO(A)
25,7,6,CULIACAN,858,2,URBANO(A)
25,7,6,CULIACAN,859,2,URBANO(A)
25,7,6,CULIACAN,860,2,URBANO(A)
25,7,6,CULIACAN,861,2,URBANO(A)
25,7,6,CULIACAN,862,2,URBANO(A)
25,7,6,CULIACAN,863,2,URBANO(A)
25,7,6,CULIACAN,864,2,URBANO(A)
25,7,6,CULIACAN,865,2,URBANO(A)
25,7,6,CULIACAN,866,2,URBANO(A)
25,7,6,CULIACAN,867,2,URBANO(A)
25,7,6,CULIACAN,868,2,URBANO(A)
25,5,6,CULIACAN,869,2,URBANO(A)
25,7,6,CULIACAN,870,2,URBANO(A)
25,7,6,CULIACAN,871,2,URBANO(A)
25,7,6,CULIACAN,872,2,URBANO(A)
25,7,6,CULIACAN,873,2,URBANO(A)
25,7,6,CULIACAN,874,2,URBANO(A)
25,7,6,CULIACAN,875,2,URBANO(A)
25,7,6,CULIACAN,876,2,URBANO(A)
25,7,6,CULIACAN,877,2,URBANO(A)
25,7,6,CULIACAN,878,2,URBANO(A)
25,7,6,CULIACAN,879,2,URBANO(A)
25,7,6,CULIACAN,880,2,URBANO(A)
25,7,6,CULIACAN,881,2,URBANO(A)
25,7,6,CULIACAN,882,2,URBANO(A)
25,7,6,CULIACAN,883,2,URBANO(A)
25,5,6,CULIACAN,884,2,URBANO(A)
25,7,6,CULIACAN,885,2,URBANO(A)
25,7,6,CULIACAN,886,2,URBANO(A)
25,5,6,CULIACAN,888,2,URBANO(A)
25,5,6,CULIACAN,889,2,URBANO(A)
25,5,6,CULIACAN,890,2,URBANO(A)
25,5,6,CULIACAN,891,2,URBANO(A)
25,5,6,CULIACAN,892,2,URBANO(A)
25,5,6,CULIACAN,893,2,URBANO(A)
25,5,6,CULIACAN,894,2,URBANO(A)
25,5,6,CULIACAN,895,2,URBANO(A)
25,5,6,CULIACAN,896,2,URBANO(A)
25,5,6,CULIACAN,897,2,URBANO(A)
25,5,6,CULIACAN,898,2,URBANO(A)
25,5,6,CULIACAN,899,2,URBANO(A)
25,5,6,CULIACAN,900,2,URBANO(A)
25,5,6,CULIACAN,901,2,URBANO(A)
25,5,6,CULIACAN,902,2,URBANO(A)
25,5,6,CULIACAN,904,2,URBANO(A)
25,5,6,CULIACAN,905,2,URBANO(A)
25,5,6,CULIACAN,906,2,URBANO(A)
25,5,6,CULIACAN,907,2,URBANO(A)
25,5,6,CULIACAN,908,2,URBANO(A)
25,5,6,CULIACAN,909,2,URBANO(A)
25,5,6,CULIACAN,910,2,URBANO(A)
25,5,6,CULIACAN,911,2,URBANO(A)
25,5,6,CULIACAN,912,2,URBANO(A)
25,5,6,CULIACAN,913,2,URBANO(A)
25,5,6,CULIACAN,914,2,URBANO(A)
25,5,6,CULIACAN,915,2,URBANO(A)
25,5,6,CULIACAN,916,2,URBANO(A)
25,5,6,CULIACAN,917,2,URBANO(A)
25,5,6,CULIACAN,918,2,URBANO(A)
25,5,6,CULIACAN,919,2,URBANO(A)
25,5,6,CULIACAN,920,2,URBANO(A)
25,5,6,CULIACAN,921,2,URBANO(A)
25,5,6,CULIACAN,922,2,URBANO(A)
25,5,6,CULIACAN,923,2,URBANO(A)
25,5,6,CULIACAN,924,2,URBANO(A)
25,5,6,CULIACAN,925,2,URBANO(A)
25,5,6,CULIACAN,926,2,URBANO(A)
25,5,6,CULIACAN,927,2,URBANO(A)
25,5,6,CULIACAN,928,2,URBANO(A)
25,5,6,CULIACAN,929,2,URBANO(A)
25,5,6,CULIACAN,930,2,URBANO(A)
25,5,6,CULIACAN,931,2,URBANO(A)
25,5,6,CULIACAN,932,2,URBANO(A)
25,5,6,CULIACAN,933,2,URBANO(A)
25,5,6,CULIACAN,934,2,URBANO(A)
25,5,6,CULIACAN,935,2,URBANO(A)
25,5,6,CULIACAN,936,2,URBANO(A)
25,5,6,CULIACAN,937,2,URBANO(A)
25,5,6,CULIACAN,938,2,URBANO(A)
25,5,6,CULIACAN,939,2,URBANO(A)
25,5,6,CULIACAN,940,2,URBANO(A)
25,5,6,CULIACAN,941,2,URBANO(A)
25,5,6,CULIACAN,942,2,URBANO(A)
25,5,6,CULIACAN,944,2,URBANO(A)
25,5,6,CULIACAN,945,2,URBANO(A)
25,5,6,CULIACAN,946,2,URBANO(A)
25,5,6,CULIACAN,947,2,URBANO(A)
25,5,6,CULIACAN,948,2,URBANO(A)
25,5,6,CULIACAN,949,2,URBANO(A)
25,5,6,CULIACAN,950,2,URBANO(A)
25,5,6,CULIACAN,951,2,URBANO(A)
25,5,6,CULIACAN,952,2,URBANO(A)
25,5,6,CULIACAN,953,2,URBANO(A)
25,5,6,CULIACAN,954,2,URBANO(A)
25,5,6,CULIACAN,955,2,URBANO(A)
25,5,6,CULIACAN,956,2,URBANO(A)
25,5,6,CULIACAN,957,2,URBANO(A)
25,5,6,CULIACAN,960,2,URBANO(A)
25,5,6,CULIACAN,961,2,URBANO(A)
25,5,6,CULIACAN,963,2,URBANO(A)
25,5,6,CULIACAN,964,2,URBANO(A)
25,5,6,CULIACAN,966,2,URBANO(A)
25,5,6,CULIACAN,967,2,URBANO(A)
25,5,6,CULIACAN,968,2,URBANO(A)
25,5,6,CULIACAN,970,2,URBANO(A)
25,5,6,CULIACAN,972,2,URBANO(A)
25,5,6,CULIACAN,973,2,URBANO(A)
25,5,6,CULIACAN,975,2,URBANO(A)
25,5,6,CULIACAN,976,2,URBANO(A)
25,5,6,CULIACAN,977,2,URBANO(A)
25,5,6,CULIACAN,978,2,URBANO(A)
25,5,6,CULIACAN,979,2,URBANO(A)
25,5,6,CULIACAN,980,2,URBANO(A)
25,5,6,CULIACAN,981,2,URBANO(A)
25,5,6,CULIACAN,982,2,URBANO(A)
25,5,6,CULIACAN,983,2,URBANO(A)
25,5,6,CULIACAN,984,2,URBANO(A)
25,5,6,CULIACAN,985,2,URBANO(A)
25,5,6,CULIACAN,986,2,URBANO(A)
25,5,6,CULIACAN,987,2,URBANO(A)
25,5,6,CULIACAN,988,2,URBANO(A)
25,5,6,CULIACAN,989,2,URBANO(A)
25,5,6,CULIACAN,990,2,URBANO(A)
25,5,6,CULIACAN,991,2,URBANO(A)
25,5,6,CULIACAN,992,3,MIXTO(A)
25,5,6,CULIACAN,993,2,URBANO(A)
25,5,6,CULIACAN,994,2,URBANO(A)
25,5,6,CULIACAN,995,2,URBANO(A)
25,5,6,CULIACAN,996,3,MIXTO(A)
25,5,6,CULIACAN,997,2,URBANO(A)
25,5,6,CULIACAN,998,2,URBANO(A)
25,5,6,CULIACAN,999,3,MIXTO(A)
25,5,6,CULIACAN,1001,2,URBANO(A)
25,5,6,CULIACAN,1002,2,URBANO(A)
25,5,6,CULIACAN,1003,2,URBANO(A)
25,5,6,CULIACAN,1004,2,URBANO(A)
25,5,6,CULIACAN,1005,2,URBANO(A)
25,5,6,CULIACAN,1006,2,URBANO(A)
25,5,6,CULIACAN,1007,2,URBANO(A)
25,5,6,CULIACAN,1008,2,URBANO(A)
25,5,6,CULIACAN,1009,2,URBANO(A)
25,5,6,CULIACAN,1010,2,URBANO(A)
25,5,6,CULIACAN,1011,2,URBANO(A)
25,5,6,CULIACAN,1012,2,URBANO(A)
25,5,6,CULIACAN,1013,2,URBANO(A)
25,5,6,CULIACAN,1014,2,URBANO(A)
25,5,6,CULIACAN,1015,2,URBANO(A)
25,5,6,CULIACAN,1016,2,URBANO(A)
25,5,6,CULIACAN,1017,2,URBANO(A)
25,5,6,CULIACAN,1018,2,URBANO(A)
25,5,6,CULIACAN,1019,2,URBANO(A)
25,5,6,CULIACAN,1020,2,URBANO(A)
25,5,6,CULIACAN,1021,2,URBANO(A)
25,5,6,CULIACAN,1022,2,URBANO(A)
25,5,6,CULIACAN,1023,2,URBANO(A)
25,5,6,CULIACAN,1024,2,URBANO(A)
25,5,6,CULIACAN,1025,2,URBANO(A)
25,5,6,CULIACAN,1026,2,URBANO(A)
25,5,6,CULIACAN,1027,2,URBANO(A)
25,5,6,CULIACAN,1028,2,URBANO(A)
25,5,6,CULIACAN,1029,2,URBANO(A)
25,5,6,CULIACAN,1030,2,URBANO(A)
25,5,6,CULIACAN,1031,2,URBANO(A)
25,5,6,CULIACAN,1032,2,URBANO(A)
25,5,6,CULIACAN,1033,2,URBANO(A)
25,5,6,CULIACAN,1034,2,URBANO(A)
25,5,6,CULIACAN,1035,2,URBANO(A)
25,5,6,CULIACAN,1036,2,URBANO(A)
25,5,6,CULIACAN,1037,2,URBANO(A)
25,5,6,CULIACAN,1038,2,URBANO(A)
25,5,6,CULIACAN,1039,2,URBANO(A)
25,5,6,CULIACAN,1040,2,URBANO(A)
25,5,6,CULIACAN,1041,2,URBANO(A)
25,5,6,CULIACAN,1042,2,URBANO(A)
25,5,6,CULIACAN,1043,2,URBANO(A)
25,5,6,CULIACAN,1044,2,URBANO(A)
25,5,6,CULIACAN,1045,2,URBANO(A)
25,5,6,CULIACAN,1046,2,URBANO(A)
25,5,6,CULIACAN,1047,2,URBANO(A)
25,5,6,CULIACAN,1048,2,URBANO(A)
25,5,6,CULIACAN,1049,2,URBANO(A)
25,5,6,CULIACAN,1050,2,URBANO(A)
25,5,6,CULIACAN,1051,2,URBANO(A)
25,5,6,CULIACAN,1052,2,URBANO(A)
25,5,6,CULIACAN,1053,2,URBANO(A)
25,5,6,CULIACAN,1054,2,URBANO(A)
25,5,6,CULIACAN,1055,2,URBANO(A)
25,5,6,CULIACAN,1056,2,URBANO(A)
25,5,6,CULIACAN,1057,2,URBANO(A)
25,5,6,CULIACAN,1058,2,URBANO(A)
25,5,6,CULIACAN,1059,2,URBANO(A)
25,5,6,CULIACAN,1060,2,URBANO(A)
25,5,6,CULIACAN,1061,2,URBANO(A)
25,5,6,CULIACAN,1062,2,URBANO(A)
25,5,6,CULIACAN,1063,2,URBANO(A)
25,5,6,CULIACAN,1064,2,URBANO(A)
25,5,6,CULIACAN,1065,2,URBANO(A)
25,5,6,CULIACAN,1066,2,URBANO(A)
25,5,6,CULIACAN,1067,2,URBANO(A)
25,5,6,CULIACAN,1068,2,URBANO(A)
25,5,6,CULIACAN,1069,2,URBANO(A)
25,5,6,CULIACAN,1070,2,URBANO(A)
25,5,6,CULIACAN,1071,2,URBANO(A)
25,5,6,CULIACAN,1072,2,URBANO(A)
25,5,6,CULIACAN,1073,2,URBANO(A)
25,5,6,CULIACAN,1074,2,URBANO(A)
25,5,6,CULIACAN,1075,2,URBANO(A)
25,5,6,CULIACAN,1076,2,URBANO(A)
25,5,6,CULIACAN,1077,2,URBANO(A)
25,5,6,CULIACAN,1078,2,URBANO(A)
25,5,6,CULIACAN,1079,2,URBANO(A)
25,5,6,CULIACAN,1080,2,URBANO(A)
25,5,6,CULIACAN,1081,2,URBANO(A)
25,5,6,CULIACAN,1082,2,URBANO(A)
25,5,6,CULIACAN,1083,2,URBANO(A)
25,5,6,CULIACAN,1084,2,URBANO(A)
25,5,6,CULIACAN,1085,2,URBANO(A)
25,5,6,CULIACAN,1086,2,URBANO(A)
25,5,6,CULIACAN,1087,2,URBANO(A)
25,5,6,CULIACAN,1088,2,URBANO(A)
25,5,6,CULIACAN,1089,2,URBANO(A)
25,5,6,CULIACAN,1090,2,URBANO(A)
25,5,6,CULIACAN,1091,2,URBANO(A)
25,5,6,CULIACAN,1092,2,URBANO(A)
25,5,6,CULIACAN,1093,2,URBANO(A)
25,5,6,CULIACAN,1094,2,URBANO(A)
25,5,6,CULIACAN,1095,2,URBANO(A)
25,5,6,CULIACAN,1096,2,URBANO(A)
25,5,6,CULIACAN,1097,2,URBANO(A)
25,5,6,CULIACAN,1098,2,URBANO(A)
25,5,6,CULIACAN,1099,2,URBANO(A)
25,5,6,CULIACAN,1100,2,URBANO(A)
25,5,6,CULIACAN,1101,2,URBANO(A)
25,5,6,CULIACAN,1102,2,URBANO(A)
25,5,6,CULIACAN,1103,2,URBANO(A)
25,5,6,CULIACAN,1104,2,URBANO(A)
25,5,6,CULIACAN,1105,2,URBANO(A)
25,5,6,CULIACAN,1106,2,URBANO(A)
25,5,6,CULIACAN,1107,2,URBANO(A)
25,5,6,CULIACAN,1108,2,URBANO(A)
25,5,6,CULIACAN,1109,2,URBANO(A)
25,5,6,CULIACAN,1110,2,URBANO(A)
25,5,6,CULIACAN,1111,2,URBANO(A)
25,5,6,CULIACAN,1112,2,URBANO(A)
25,5,6,CULIACAN,1113,2,URBANO(A)
25,5,6,CULIACAN,1114,2,URBANO(A)
25,5,6,CULIACAN,1115,2,URBANO(A)
25,5,6,CULIACAN,1116,2,URBANO(A)
25,5,6,CULIACAN,1117,2,URBANO(A)
25,5,6,CULIACAN,1118,2,URBANO(A)
25,5,6,CULIACAN,1119,2,URBANO(A)
25,5,6,CULIACAN,1120,2,URBANO(A)
25,5,6,CULIACAN,1121,2,URBANO(A)
25,5,6,CULIACAN,1122,2,URBANO(A)
25,5,6,CULIACAN,1123,2,URBANO(A)
25,5,6,CULIACAN,1124,2,URBANO(A)
25,5,6,CULIACAN,1125,2,URBANO(A)
25,5,6,CULIACAN,1126,2,URBANO(A)
25,5,6,CULIACAN,1127,2,URBANO(A)
25,5,6,CULIACAN,1128,2,URBANO(A)
25,5,6,CULIACAN,1129,2,URBANO(A)
25,5,6,CULIACAN,1130,2,URBANO(A)
25,5,6,CULIACAN,1131,2,URBANO(A)
25,5,6,CULIACAN,1132,2,URBANO(A)
25,5,6,CULIACAN,1133,2,URBANO(A)
25,5,6,CULIACAN,1134,2,URBANO(A)
25,5,6,CULIACAN,1135,2,URBANO(A)
25,5,6,CULIACAN,1136,2,URBANO(A)
25,5,6,CULIACAN,1137,2,URBANO(A)
25,5,6,CULIACAN,1138,2,URBANO(A)
25,5,6,CULIACAN,1139,2,URBANO(A)
25,5,6,CULIACAN,1140,2,URBANO(A)
25,5,6,CULIACAN,1141,2,URBANO(A)
25,5,6,CULIACAN,1142,2,URBANO(A)
25,5,6,CULIACAN,1143,2,URBANO(A)
25,5,6,CULIACAN,1144,2,URBANO(A)
25,5,6,CULIACAN,1145,2,URBANO(A)
25,5,6,CULIACAN,1146,2,URBANO(A)
25,5,6,CULIACAN,1147,2,URBANO(A)
25,5,6,CULIACAN,1148,2,URBANO(A)
25,5,6,CULIACAN,1149,2,URBANO(A)
25,5,6,CULIACAN,1150,2,URBANO(A)
25,5,6,CULIACAN,1152,2,URBANO(A)
25,5,6,CULIACAN,1153,2,URBANO(A)
25,5,6,CULIACAN,1154,2,URBANO(A)
25,5,6,CULIACAN,1155,2,URBANO(A)
25,5,6,CULIACAN,1156,2,URBANO(A)
25,5,6,CULIACAN,1157,2,URBANO(A)
25,5,6,CULIACAN,1158,2,URBANO(A)
25,5,6,CULIACAN,1159,2,URBANO(A)
25,5,6,CULIACAN,1160,2,URBANO(A)
25,5,6,CULIACAN,1161,2,URBANO(A)
25,5,6,CULIACAN,1162,2,URBANO(A)
25,5,6,CULIACAN,1163,2,URBANO(A)
25,5,6,CULIACAN,1164,2,URBANO(A)
25,5,6,CULIACAN,1165,2,URBANO(A)
25,5,6,CULIACAN,1166,2,URBANO(A)
25,5,6,CULIACAN,1167,2,URBANO(A)
25,5,6,CULIACAN,1168,2,URBANO(A)
25,5,6,CULIACAN,1169,2,URBANO(A)
25,5,6,CULIACAN,1170,2,URBANO(A)
25,5,6,CULIACAN,1171,2,URBANO(A)
25,5,6,CULIACAN,1172,2,URBANO(A)
25,5,6,CULIACAN,1173,2,URBANO(A)
25,5,6,CULIACAN,1174,2,URBANO(A)
25,5,6,CULIACAN,1175,2,URBANO(A)
25,5,6,CULIACAN,1176,2,URBANO(A)
25,5,6,CULIACAN,1177,2,URBANO(A)
25,5,6,CULIACAN,1178,2,URBANO(A)
25,5,6,CULIACAN,1179,2,URBANO(A)
25,5,6,CULIACAN,1180,2,URBANO(A)
25,5,6,CULIACAN,1181,2,URBANO(A)
25,5,6,CULIACAN,1182,2,URBANO(A)
25,5,6,CULIACAN,1183,2,URBANO(A)
25,5,6,CULIACAN,1184,2,URBANO(A)
25,5,6,CULIACAN,1185,2,URBANO(A)
25,5,6,CULIACAN,1187,2,URBANO(A)
25,5,6,CULIACAN,1188,2,URBANO(A)
25,5,6,CULIACAN,1189,2,URBANO(A)
25,5,6,CULIACAN,1190,2,URBANO(A)
25,5,6,CULIACAN,1191,2,URBANO(A)
25,5,6,CULIACAN,1192,2,URBANO(A)
25,5,6,CULIACAN,1193,2,URBANO(A)
25,5,6,CULIACAN,1194,2,URBANO(A)
25,5,6,CULIACAN,1195,2,URBANO(A)
25,5,6,CULIACAN,1196,2,URBANO(A)
25,5,6,CULIACAN,1197,2,URBANO(A)
25,5,6,CULIACAN,1198,2,URBANO(A)
25,5,6,CULIACAN,1199,2,URBANO(A)
25,5,6,CULIACAN,1200,2,URBANO(A)
25,5,6,CULIACAN,1201,2,URBANO(A)
25,5,6,CULIACAN,1202,2,URBANO(A)
25,5,6,CULIACAN,1203,2,URBANO(A)
25,5,6,CULIACAN,1204,2,URBANO(A)
25,7,6,CULIACAN,1206,2,URBANO(A)
25,7,6,CULIACAN,1207,2,URBANO(A)
25,7,6,CULIACAN,1208,2,URBANO(A)
25,7,6,CULIACAN,1209,2,URBANO(A)
25,7,6,CULIACAN,1211,2,URBANO(A)
25,7,6,CULIACAN,1212,2,URBANO(A)
25,7,6,CULIACAN,1213,2,URBANO(A)
25,7,6,CULIACAN,1214,2,URBANO(A)
25,7,6,CULIACAN,1215,2,URBANO(A)
25,7,6,CULIACAN,1216,2,URBANO(A)
25,7,6,CULIACAN,1217,2,URBANO(A)
25,7,6,CULIACAN,1219,2,URBANO(A)
25,7,6,CULIACAN,1220,2,URBANO(A)
25,7,6,CULIACAN,1221,4,RURAL
25,7,6,CULIACAN,1222,3,MIXTO(A)
25,7,6,CULIACAN,1223,2,URBANO(A)
25,7,6,CULIACAN,1224,2,URBANO(A)
25,7,6,CULIACAN,1225,4,RURAL
25,7,6,CULIACAN,1226,4,RURAL
25,7,6,CULIACAN,1227,4,RURAL
25,7,6,CULIACAN,1228,4,RURAL
25,7,6,CULIACAN,1229,4,RURAL
25,7,6,CULIACAN,1230,4,RURAL
25,7,6,CULIACAN,1231,4,RURAL
25,7,6,CULIACAN,1232,4,RURAL
25,7,6,CULIACAN,1233,4,RURAL
25,7,6,CULIACAN,1234,4,RURAL
25,7,6,CULIACAN,1235,4,RURAL
25,7,6,CULIACAN,1236,4,RURAL
25,7,6,CULIACAN,1237,4,RURAL
25,7,6,CULIACAN,1238,4,RURAL
25,7,6,CULIACAN,1239,2,URBANO(A)
25,7,6,CULIACAN,1240,4,RURAL
25,7,6,CULIACAN,1241,4,RURAL
25,7,6,CULIACAN,1242,4,RURAL
25,7,6,CULIACAN,1243,4,RURAL
25,7,6,CULIACAN,1244,3,MIXTO(A)
25,7,6,CULIACAN,1245,3,MIXTO(A)
25,7,6,CULIACAN,1246,3,MIXTO(A)
25,7,6,CULIACAN,1247,3,MIXTO(A)
25,7,6,CULIACAN,1248,3,MIXTO(A)
25,7,6,CULIACAN,1249,2,URBANO(A)
25,7,6,CULIACAN,1250,3,MIXTO(A)
25,7,6,CULIACAN,1251,2,URBANO(A)
25,7,6,CULIACAN,1252,3,MIXTO(A)
25,7,6,CULIACAN,1253,2,URBANO(A)
25,7,6,CULIACAN,1254,2,URBANO(A)
25,7,6,CULIACAN,1255,4,RURAL
25,7,6,CULIACAN,1256,4,RURAL
25,7,6,CULIACAN,1257,4,RURAL
25,7,6,CULIACAN,1258,4,RURAL
25,7,6,CULIACAN,1259,3,MIXTO(A)
25,7,6,CULIACAN,1260,3,MIXTO(A)
25,7,6,CULIACAN,1261,3,MIXTO(A)
25,7,6,CULIACAN,1262,2,URBANO(A)
25,5,6,CULIACAN,1263,4,RURAL
25,5,6,CULIACAN,1264,4,RURAL
25,5,6,CULIACAN,1265,2,URBANO(A)
25,5,6,CULIACAN,1266,3,MIXTO(A)
25,5,6,CULIACAN,1267,4,RURAL
25,5,6,CULIACAN,1268,4,RURAL
25,5,6,CULIACAN,1269,2,URBANO(A)
25,5,6,CULIACAN,1270,2,URBANO(A)
25,5,6,CULIACAN,1271,3,MIXTO(A)
25,5,6,CULIACAN,1272,2,URBANO(A)
25,5,6,CULIACAN,1273,3,MIXTO(A)
25,5,6,CULIACAN,1274,2,URBANO(A)
25,5,6,CULIACAN,1276,3,MIXTO(A)
25,5,6,CULIACAN,1277,3,MIXTO(A)
25,7,6,CULIACAN,1278,4,RURAL
25,5,6,CULIACAN,1280,2,URBANO(A)
25,5,6,CULIACAN,1281,3,MIXTO(A)
25,5,6,CULIACAN,1282,3,MIXTO(A)
25,5,6,CULIACAN,1283,2,URBANO(A)
25,5,6,CULIACAN,1284,2,URBANO(A)
25,5,6,CULIACAN,1285,2,URBANO(A)
25,5,6,CULIACAN,1286,2,URBANO(A)
25,5,6,CULIACAN,1287,2,URBANO(A)
25,5,6,CULIACAN,1288,2,URBANO(A)
25,5,6,CULIACAN,1289,2,URBANO(A)
25,5,6,CULIACAN,1290,2,URBANO(A)
25,5,6,CULIACAN,1291,2,URBANO(A)
25,5,6,CULIACAN,1292,2,URBANO(A)
25,5,6,CULIACAN,1293,3,MIXTO(A)
25,5,6,CULIACAN,1294,4,RURAL
25,7,6,CULIACAN,1295,2,URBANO(A)
25,7,6,CULIACAN,1296,2,URBANO(A)
25,7,6,CULIACAN,1297,2,URBANO(A)
25,7,6,CULIACAN,1298,2,URBANO(A)
25,7,6,CULIACAN,1299,2,URBANO(A)
25,7,6,CULIACAN,1300,2,URBANO(A)
25,7,6,CULIACAN,1301,2,URBANO(A)
25,7,6,CULIACAN,1302,2,URBANO(A)
25,7,6,CULIACAN,1303,2,URBANO(A)
25,7,6,CULIACAN,1304,2,URBANO(A)
25,7,6,CULIACAN,1305,2,URBANO(A)
25,7,6,CULIACAN,1306,2,URBANO(A)
25,7,6,CULIACAN,1307,2,URBANO(A)
25,7,6,CULIACAN,1308,2,URBANO(A)
25,7,6,CULIACAN,1309,2,URBANO(A)
25,7,6,CULIACAN,1311,2,URBANO(A)
25,7,6,CULIACAN,1312,2,URBANO(A)
25,7,6,CULIACAN,1313,2,URBANO(A)
25,7,6,CULIACAN,1314,2,URBANO(A)
25,7,6,CULIACAN,1315,2,URBANO(A)
25,7,6,CULIACAN,1316,2,URBANO(A)
25,7,6,CULIACAN,1317,2,URBANO(A)
25,7,6,CULIACAN,1318,2,URBANO(A)
25,7,6,CULIACAN,1319,2,URBANO(A)
25,7,6,CULIACAN,1320,2,URBANO(A)
25,7,6,CULIACAN,1321,2,URBANO(A)
25,7,6,CULIACAN,1322,2,URBANO(A)
25,7,6,CULIACAN,1323,2,URBANO(A)
25,7,6,CULIACAN,1324,2,URBANO(A)
25,7,6,CULIACAN,1325,2,URBANO(A)
25,7,6,CULIACAN,1326,2,URBANO(A)
25,7,6,CULIACAN,1327,2,URBANO(A)
25,7,6,CULIACAN,1328,2,URBANO(A)
25,7,6,CULIACAN,1329,2,URBANO(A)
25,7,6,CULIACAN,1331,2,URBANO(A)
25,7,6,CULIACAN,1332,2,URBANO(A)
25,7,6,CULIACAN,1333,2,URBANO(A)
25,7,6,CULIACAN,1334,2,URBANO(A)
25,7,6,CULIACAN,1335,2,URBANO(A)
25,7,6,CULIACAN,1336,2,URBANO(A)
25,7,6,CULIACAN,1337,2,URBANO(A)
25,7,6,CULIACAN,1338,2,URBANO(A)
25,7,6,CULIACAN,1339,2,URBANO(A)
25,7,6,CULIACAN,1340,2,URBANO(A)
25,7,6,CULIACAN,1341,2,URBANO(A)
25,7,6,CULIACAN,1342,2,URBANO(A)
25,7,6,CULIACAN,1343,2,URBANO(A)
25,7,6,CULIACAN,1344,2,URBANO(A)
25,7,6,CULIACAN,1345,2,URBANO(A)
25,7,6,CULIACAN,1346,2,URBANO(A)
25,7,6,CULIACAN,1347,2,URBANO(A)
25,7,6,CULIACAN,1348,2,URBANO(A)
25,7,6,CULIACAN,1349,2,URBANO(A)
25,7,6,CULIACAN,1350,2,URBANO(A)
25,7,6,CULIACAN,1351,2,URBANO(A)
25,7,6,CULIACAN,1352,2,URBANO(A)
25,7,6,CULIACAN,1353,2,URBANO(A)
25,7,6,CULIACAN,1354,2,URBANO(A)
25,7,6,CULIACAN,1355,2,URBANO(A)
25,7,6,CULIACAN,1356,2,URBANO(A)
25,7,6,CULIACAN,1357,2,URBANO(A)
25,7,6,CULIACAN,1358,2,URBANO(A)
25,7,6,CULIACAN,1359,2,URBANO(A)
25,7,6,CULIACAN,1360,2,URBANO(A)
25,7,6,CULIACAN,1361,2,URBANO(A)
25,7,6,CULIACAN,1362,2,URBANO(A)
25,7,6,CULIACAN,1363,2,URBANO(A)
25,7,6,CULIACAN,1364,2,URBANO(A)
25,7,6,CULIACAN,1365,2,URBANO(A)
25,7,6,CULIACAN,1366,2,URBANO(A)
25,7,6,CULIACAN,1367,2,URBANO(A)
25,7,6,CULIACAN,1368,2,URBANO(A)
25,7,6,CULIACAN,1369,2,URBANO(A)
25,7,6,CULIACAN,1370,2,URBANO(A)
25,7,6,CULIACAN,1371,2,URBANO(A)
25,7,6,CULIACAN,1372,2,URBANO(A)
25,7,6,CULIACAN,1373,2,URBANO(A)
25,7,6,CULIACAN,1374,2,URBANO(A)
25,7,6,CULIACAN,1375,2,URBANO(A)
25,7,6,CULIACAN,1376,2,URBANO(A)
25,7,6,CULIACAN,1377,2,URBANO(A)
25,7,6,CULIACAN,1378,2,URBANO(A)
25,7,6,CULIACAN,1379,2,URBANO(A)
25,7,6,CULIACAN,1380,2,URBANO(A)
25,7,6,CULIACAN,1381,2,URBANO(A)
25,7,6,CULIACAN,1382,2,URBANO(A)
25,7,6,CULIACAN,1383,2,URBANO(A)
25,7,6,CULIACAN,1384,2,URBANO(A)
25,7,6,CULIACAN,1385,2,URBANO(A)
25,7,6,CULIACAN,1386,2,URBANO(A)
25,7,6,CULIACAN,1387,2,URBANO(A)
25,7,6,CULIACAN,1388,2,URBANO(A)
25,7,6,CULIACAN,1389,2,URBANO(A)
25,7,6,CULIACAN,1390,2,URBANO(A)
25,7,6,CULIACAN,1391,2,URBANO(A)
25,7,6,CULIACAN,1392,2,URBANO(A)
25,7,6,CULIACAN,1393,2,URBANO(A)
25,7,6,CULIACAN,1394,2,URBANO(A)
25,7,6,CULIACAN,1395,2,URBANO(A)
25,7,6,CULIACAN,1396,2,URBANO(A)
25,7,6,CULIACAN,1397,2,URBANO(A)
25,7,6,CULIACAN,1398,2,URBANO(A)
25,7,6,CULIACAN,1399,2,URBANO(A)
25,7,6,CULIACAN,1400,2,URBANO(A)
25,7,6,CULIACAN,1401,2,URBANO(A)
25,7,6,CULIACAN,1402,2,URBANO(A)
25,7,6,CULIACAN,1403,2,URBANO(A)
25,7,6,CULIACAN,1404,2,URBANO(A)
25,7,6,CULIACAN,1405,2,URBANO(A)
25,7,6,CULIACAN,1406,2,URBANO(A)
25,7,6,CULIACAN,1407,2,URBANO(A)
25,7,6,CULIACAN,1408,2,URBANO(A)
25,7,6,CULIACAN,1409,2,URBANO(A)
25,7,6,CULIACAN,1410,2,URBANO(A)
25,7,6,CULIACAN,1411,2,URBANO(A)
25,7,6,CULIACAN,1412,2,URBANO(A)
25,7,6,CULIACAN,1413,2,URBANO(A)
25,7,6,CULIACAN,1414,2,URBANO(A)
25,7,6,CULIACAN,1415,2,URBANO(A)
25,7,6,CULIACAN,1416,2,URBANO(A)
25,7,6,CULIACAN,1417,2,URBANO(A)
25,7,6,CULIACAN,1418,2,URBANO(A)
25,7,6,CULIACAN,1419,2,URBANO(A)
25,7,6,CULIACAN,1420,2,URBANO(A)
25,7,6,CULIACAN,1421,2,URBANO(A)
25,7,6,CULIACAN,1422,2,URBANO(A)
25,7,6,CULIACAN,1423,2,URBANO(A)
25,7,6,CULIACAN,1424,2,URBANO(A)
25,7,6,CULIACAN,1425,2,URBANO(A)
25,7,6,CULIACAN,1426,2,URBANO(A)
25,7,6,CULIACAN,1427,2,URBANO(A)
25,7,6,CULIACAN,1428,2,URBANO(A)
25,7,6,CULIACAN,1429,2,URBANO(A)
25,7,6,CULIACAN,1430,2,URBANO(A)
25,7,6,CULIACAN,1431,2,URBANO(A)
25,7,6,CULIACAN,1432,2,URBANO(A)
25,7,6,CULIACAN,1433,2,URBANO(A)
25,7,6,CULIACAN,1434,2,URBANO(A)
25,7,6,CULIACAN,1435,2,URBANO(A)
25,7,6,CULIACAN,1436,2,URBANO(A)
25,7,6,CULIACAN,1437,2,URBANO(A)
25,7,6,CULIACAN,1438,2,URBANO(A)
25,7,6,CULIACAN,1439,2,URBANO(A)
25,7,6,CULIACAN,1440,2,URBANO(A)
25,7,6,CULIACAN,1441,2,URBANO(A)
25,7,6,CULIACAN,1442,2,URBANO(A)
25,7,6,CULIACAN,1443,2,URBANO(A)
25,7,6,CULIACAN,1444,2,URBANO(A)
25,7,6,CULIACAN,1445,2,URBANO(A)
25,7,6,CULIACAN,1446,2,URBANO(A)
25,7,6,CULIACAN,1447,2,URBANO(A)
25,7,6,CULIACAN,1448,2,URBANO(A)
25,7,6,CULIACAN,1449,2,URBANO(A)
25,7,6,CULIACAN,1450,2,URBANO(A)
25,7,6,CULIACAN,1451,2,URBANO(A)
25,7,6,CULIACAN,1452,2,URBANO(A)
25,7,6,CULIACAN,1453,2,URBANO(A)
25,7,6,CULIACAN,1454,2,URBANO(A)
25,7,6,CULIACAN,1455,2,URBANO(A)
25,7,6,CULIACAN,1456,2,URBANO(A)
25,7,6,CULIACAN,1457,2,URBANO(A)
25,7,6,CULIACAN,1458,2,URBANO(A)
25,7,6,CULIACAN,1459,2,URBANO(A)
25,7,6,CULIACAN,1460,2,URBANO(A)
25,7,6,CULIACAN,1461,2,URBANO(A)
25,7,6,CULIACAN,1462,2,URBANO(A)
25,7,6,CULIACAN,1463,2,URBANO(A)
25,7,6,CULIACAN,1464,2,URBANO(A)
25,7,6,CULIACAN,1465,2,URBANO(A)
25,7,6,CULIACAN,1466,2,URBANO(A)
25,7,6,CULIACAN,1467,2,URBANO(A)
25,7,6,CULIACAN,1468,2,URBANO(A)
25,7,6,CULIACAN,1469,2,URBANO(A)
25,7,6,CULIACAN,1470,2,URBANO(A)
25,7,6,CULIACAN,1471,2,URBANO(A)
25,7,6,CULIACAN,1472,2,URBANO(A)
25,7,6,CULIACAN,1473,2,URBANO(A)
25,7,6,CULIACAN,1474,2,URBANO(A)
25,7,6,CULIACAN,1475,2,URBANO(A)
25,7,6,CULIACAN,1476,2,URBANO(A)
25,7,6,CULIACAN,1479,2,URBANO(A)
25,7,6,CULIACAN,1480,2,URBANO(A)
25,7,6,CULIACAN,1481,2,URBANO(A)
25,7,6,CULIACAN,1483,2,URBANO(A)
25,7,6,CULIACAN,1484,2,URBANO(A)
25,7,6,CULIACAN,1485,2,URBANO(A)
25,7,6,CULIACAN,1486,2,URBANO(A)
25,7,6,CULIACAN,1487,4,RURAL
25,7,6,CULIACAN,1488,4,RURAL
25,7,6,CULIACAN,1489,4,RURAL
25,7,6,CULIACAN,1490,4,RURAL
25,7,6,CULIACAN,1491,4,RURAL
25,7,6,CULIACAN,1492,4,RURAL
25,7,6,CULIACAN,1493,2,URBANO(A)
25,7,6,CULIACAN,1494,3,MIXTO(A)
25,7,6,CULIACAN,1495,4,RURAL
25,7,6,CULIACAN,1496,4,RURAL
25,7,6,CULIACAN,1497,4,RURAL
25,7,6,CULIACAN,1498,4,RURAL
25,7,6,CULIACAN,1499,4,RURAL
25,7,6,CULIACAN,1500,3,MIXTO(A)
25,7,6,CULIACAN,1501,4,RURAL
25,7,6,CULIACAN,1502,4,RURAL
25,7,6,CULIACAN,1503,3,MIXTO(A)
25,7,6,CULIACAN,1504,3,MIXTO(A)
25,7,6,CULIACAN,1505,4,RURAL
25,7,6,CULIACAN,1506,4,RURAL
25,7,6,CULIACAN,1507,4,RURAL
25,7,6,CULIACAN,1508,3,MIXTO(A)
25,7,6,CULIACAN,1509,2,URBANO(A)
25,7,6,CULIACAN,1510,2,URBANO(A)
25,7,6,CULIACAN,1511,2,URBANO(A)
25,7,6,CULIACAN,1512,3,MIXTO(A)
25,7,6,CULIACAN,1513,4,RURAL
25,7,6,CULIACAN,1514,4,RURAL
25,7,6,CULIACAN,1515,4,RURAL
25,7,6,CULIACAN,1516,4,RURAL
25,7,6,CULIACAN,1517,4,RURAL
25,7,6,CULIACAN,1518,4,RURAL
25,7,6,CULIACAN,1519,4,RURAL
25,7,6,CULIACAN,1520,4,RURAL
25,7,6,CULIACAN,1521,3,MIXTO(A)
25,7,6,CULIACAN,1522,4,RURAL
25,7,6,CULIACAN,1523,4,RURAL
25,6,6,CULIACAN,1524,4,RURAL
25,6,6,CULIACAN,1526,4,RURAL
25,7,6,CULIACAN,1527,4,RURAL
25,6,6,CULIACAN,1528,4,RURAL
25,6,6,CULIACAN,1531,4,RURAL
25,7,6,CULIACAN,1532,4,RURAL
25,7,6,CULIACAN,1533,4,RURAL
25,7,6,CULIACAN,1534,4,RURAL
25,7,6,CULIACAN,1535,4,RURAL
25,7,6,CULIACAN,1536,4,RURAL
25,7,6,CULIACAN,1537,4,RURAL
25,7,6,CULIACAN,1538,4,RURAL
25,7,6,CULIACAN,1539,4,RURAL
25,6,6,CULIACAN,1540,4,RURAL
25,7,6,CULIACAN,1541,4,RURAL
25,7,6,CULIACAN,1542,4,RURAL
25,6,6,CULIACAN,1543,4,RURAL
25,7,6,CULIACAN,1544,4,RURAL
25,6,6,CULIACAN,1545,4,RURAL
25,6,6,CULIACAN,1546,4,RURAL
25,6,6,CULIACAN,1547,4,RURAL
25,6,6,CULIACAN,1548,4,RURAL
25,6,6,CULIACAN,1549,4,RURAL
25,6,6,CULIACAN,1550,4,RURAL
25,6,6,CULIACAN,1551,4,RURAL
25,6,6,CULIACAN,1552,4,RURAL
25,6,6,CULIACAN,1553,2,URBANO(A)
25,6,6,CULIACAN,1554,2,URBANO(A)
25,6,6,CULIACAN,1555,2,URBANO(A)
25,6,6,CULIACAN,1556,2,URBANO(A)
25,6,6,CULIACAN,1557,2,URBANO(A)
25,6,6,CULIACAN,1558,2,URBANO(A)
25,6,6,CULIACAN,1559,2,URBANO(A)
25,6,6,CULIACAN,1560,2,URBANO(A)
25,6,6,CULIACAN,1561,2,URBANO(A)
25,6,6,CULIACAN,1562,2,URBANO(A)
25,6,6,CULIACAN,1563,2,URBANO(A)
25,6,6,CULIACAN,1564,2,URBANO(A)
25,6,6,CULIACAN,1565,2,URBANO(A)
25,6,6,CULIACAN,1566,2,URBANO(A)
25,6,6,CULIACAN,1567,2,URBANO(A)
25,6,6,CULIACAN,1568,2,URBANO(A)
25,6,6,CULIACAN,1569,2,URBANO(A)
25,6,6,CULIACAN,1570,2,URBANO(A)
25,6,6,CULIACAN,1571,2,URBANO(A)
25,6,6,CULIACAN,1572,2,URBANO(A)
25,6,6,CULIACAN,1573,2,URBANO(A)
25,6,6,CULIACAN,1574,3,MIXTO(A)
25,6,6,CULIACAN,1575,2,URBANO(A)
25,6,6,CULIACAN,1576,2,URBANO(A)
25,6,6,CULIACAN,1577,2,URBANO(A)
25,6,6,CULIACAN,1578,2,URBANO(A)
25,6,6,CULIACAN,1579,2,URBANO(A)
25,6,6,CULIACAN,1580,2,URBANO(A)
25,6,6,CULIACAN,1581,2,URBANO(A)
25,6,6,CULIACAN,1582,2,URBANO(A)
25,6,6,CULIACAN,1583,2,URBANO(A)
25,6,6,CULIACAN,1584,2,URBANO(A)
25,6,6,CULIACAN,1585,2,URBANO(A)
25,6,6,CULIACAN,1586,2,URBANO(A)
25,6,6,CULIACAN,1587,4,RURAL
25,6,6,CULIACAN,1588,4,RURAL
25,6,6,CULIACAN,1589,4,RURAL
25,6,6,CULIACAN,1590,4,RURAL
25,6,6,CULIACAN,1591,3,MIXTO(A)
25,6,6,CULIACAN,1592,2,URBANO(A)
25,6,6,CULIACAN,1593,4,RURAL
25,6,6,CULIACAN,1594,4,RURAL
25,6,6,CULIACAN,1595,4,RURAL
25,6,6,CULIACAN,1596,3,MIXTO(A)
25,6,6,CULIACAN,1597,3,MIXTO(A)
25,6,6,CULIACAN,1598,3,MIXTO(A)
25,6,6,CULIACAN,1599,4,RURAL
25,6,6,CULIACAN,1600,4,RURAL
25,6,6,CULIACAN,1603,4,RURAL
25,6,6,CULIACAN,1604,4,RURAL
25,6,6,CULIACAN,1605,4,RURAL
25,6,6,CULIACAN,1606,4,RURAL
25,6,6,CULIACAN,1607,4,RURAL
25,6,6,CULIACAN,1608,4,RURAL
25,6,6,CULIACAN,1609,4,RURAL
25,6,6,CULIACAN,1610,4,RURAL
25,6,6,CULIACAN,1611,4,RURAL
25,6,6,CULIACAN,1612,2,URBANO(A)
25,6,6,CULIACAN,1613,2,URBANO(A)
25,6,6,CULIACAN,1614,2,URBANO(A)
25,6,6,CULIACAN,1615,2,URBANO(A)
25,6,6,CULIACAN,1616,4,RURAL
25,6,6,CULIACAN,1617,4,RURAL
25,6,19,ELDORADO,1618,4,RURAL
25,6,19,ELDORADO,1619,2,URBANO(A)
25,6,19,ELDORADO,1620,2,URBANO(A)
25,6,19,ELDORADO,1621,2,URBANO(A)
25,6,19,ELDORADO,1622,4,RURAL
25,6,19,ELDORADO,1623,4,RURAL
25,6,6,CULIACAN,1624,4,RURAL
25,6,6,CULIACAN,1625,3,MIXTO(A)
25,6,6,CULIACAN,1626,2,URBANO(A)
25,6,6,CULIACAN,1627,4,RURAL
25,6,6,CULIACAN,1628,4,RURAL
25,6,6,CULIACAN,1629,4,RURAL
25,6,6,CULIACAN,1630,4,RURAL
25,6,6,CULIACAN,1631,4,RURAL
25,6,6,CULIACAN,1632,2,URBANO(A)
25,6,6,CULIACAN,1633,3,MIXTO(A)
25,6,6,CULIACAN,1634,2,URBANO(A)
25,6,6,CULIACAN,1635,2,URBANO(A)
25,6,6,CULIACAN,1636,3,MIXTO(A)
25,6,6,CULIACAN,1637,2,URBANO(A)
25,6,6,CULIACAN,1638,3,MIXTO(A)
25,6,19,ELDORADO,1639,4,RURAL
25,6,19,ELDORADO,1640,4,RURAL
25,6,19,ELDORADO,1641,4,RURAL
25,6,19,ELDORADO,1642,4,RURAL
25,6,19,ELDORADO,1643,4,RURAL
25,6,19,ELDORADO,1644,2,URBANO(A)
25,6,19,ELDORADO,1645,2,URBANO(A)
25,6,6,CULIACAN,1646,4,RURAL
25,6,6,CULIACAN,1647,2,URBANO(A)
25,6,6,CULIACAN,1648,3,MIXTO(A)
25,6,6,CULIACAN,1649,2,URBANO(A)
25,6,6,CULIACAN,1650,3,MIXTO(A)
25,6,6,CULIACAN,1651,4,RURAL
25,6,6,CULIACAN,1652,4,RURAL
25,6,6,CULIACAN,1653,2,URBANO(A)
25,6,6,CULIACAN,1654,2,URBANO(A)
25,6,6,CULIACAN,1655,2,URBANO(A)
25,6,6,CULIACAN,1656,3,MIXTO(A)
25,6,6,CULIACAN,1657,2,URBANO(A)
25,6,6,CULIACAN,1658,4,RURAL
25,6,19,ELDORADO,1659,4,RURAL
25,6,19,ELDORADO,1660,2,URBANO(A)
25,6,19,ELDORADO,1661,2,URBANO(A)
25,6,19,ELDORADO,1662,3,MIXTO(A)
25,6,19,ELDORADO,1663,4,RURAL
25,6,19,ELDORADO,1664,4,RURAL
25,6,6,CULIACAN,1665,4,RURAL
25,6,6,CULIACAN,1666,4,RURAL
25,6,19,ELDORADO,1667,4,RURAL
25,6,19,ELDORADO,1668,2,URBANO(A)
25,6,19,ELDORADO,1669,2,URBANO(A)
25,6,19,ELDORADO,1670,4,RURAL
25,6,19,ELDORADO,1671,2,URBANO(A)
25,6,19,ELDORADO,1672,2,URBANO(A)
25,6,19,ELDORADO,1673,2,URBANO(A)
25,6,19,ELDORADO,1674,2,URBANO(A)
25,6,19,ELDORADO,1675,2,URBANO(A)
25,6,19,ELDORADO,1676,2,URBANO(A)
25,6,19,ELDORADO,1677,2,URBANO(A)
25,6,19,ELDORADO,1678,2,URBANO(A)
25,6,19,ELDORADO,1679,2,URBANO(A)
25,6,19,ELDORADO,1680,2,URBANO(A)
25,6,19,ELDORADO,1681,2,URBANO(A)
25,6,19,ELDORADO,1682,2,URBANO(A)
25,6,19,ELDORADO,1683,2,URBANO(A)
25,6,19,ELDORADO,1684,2,URBANO(A)
25,6,19,ELDORADO,1685,2,URBANO(A)
25,6,19,ELDORADO,1686,2,URBANO(A)
25,6,19,ELDORADO,1687,2,URBANO(A)
25,6,19,ELDORADO,1688,3,MIXTO(A)
25,6,19,ELDORADO,1689,2,URBANO(A)
25,6,19,ELDORADO,1690,2,URBANO(A)
25,6,19,ELDORADO,1691,2,URBANO(A)
25,6,19,ELDORADO,1692,2,URBANO(A)
25,6,19,ELDORADO,1693,2,URBANO(A)
25,6,19,ELDORADO,1694,2,URBANO(A)
25,6,19,ELDORADO,1695,2,URBANO(A)
25,6,6,CULIACAN,1696,3,MIXTO(A)
25,6,6,CULIACAN,1697,3,MIXTO(A)
25,6,6,CULIACAN,1698,2,URBANO(A)
25,6,6,CULIACAN,1699,2,URBANO(A)
25,6,6,CULIACAN,1700,2,URBANO(A)
25,6,6,CULIACAN,1701,2,URBANO(A)
25,6,6,CULIACAN,1702,4,RURAL
25,6,6,CULIACAN,1703,3,MIXTO(A)
25,6,6,CULIACAN,1704,3,MIXTO(A)
25,6,6,CULIACAN,1706,4,RURAL
25,6,6,CULIACAN,1707,4,RURAL
25,6,6,CULIACAN,1708,4,RURAL
25,6,6,CULIACAN,1709,3,MIXTO(A)
25,6,6,CULIACAN,1710,3,MIXTO(A)
25,6,6,CULIACAN,1711,4,RURAL
25,6,19,ELDORADO,1712,4,RURAL
25,6,19,ELDORADO,1713,4,RURAL
25,6,19,ELDORADO,1714,3,MIXTO(A)
25,6,19,ELDORADO,1715,3,MIXTO(A)
25,6,6,CULIACAN,1716,4,RURAL
25,6,6,CULIACAN,1718,4,RURAL
25,6,6,CULIACAN,1719,4,RURAL
25,6,6,CULIACAN,1720,4,RURAL
25,6,6,CULIACAN,1721,4,RURAL
25,6,6,CULIACAN,1722,4,RURAL
25,6,6,CULIACAN,1723,4,RURAL
25,6,6,CULIACAN,1724,4,RURAL
25,6,6,CULIACAN,1725,4,RURAL
25,4,7,CHOIX,1726,3,MIXTO(A)
25,4,7,CHOIX,1727,3,MIXTO(A)
25,4,7,CHOIX,1728,2,URBANO(A)
25,4,7,CHOIX,1729,2,URBANO(A)
25,4,7,CHOIX,1730,2,URBANO(A)
25,4,7,CHOIX,1731,2,URBANO(A)
25,4,7,CHOIX,1732,2,URBANO(A)
25,4,7,CHOIX,1733,3,MIXTO(A)
25,4,7,CHOIX,1734,2,URBANO(A)
25,4,7,CHOIX,1735,3,MIXTO(A)
25,4,7,CHOIX,1736,4,RURAL
25,4,7,CHOIX,1737,4,RURAL
25,4,7,CHOIX,1740,4,RURAL
25,4,7,CHOIX,1741,4,RURAL
25,4,7,CHOIX,1742,4,RURAL
25,4,7,CHOIX,1743,4,RURAL
25,4,7,CHOIX,1744,4,RURAL
25,4,7,CHOIX,1745,4,RURAL
25,4,7,CHOIX,1746,4,RURAL
25,4,7,CHOIX,1748,4,RURAL
25,4,7,CHOIX,1749,4,RURAL
25,4,7,CHOIX,1750,4,RURAL
25,4,7,CHOIX,1751,4,RURAL
25,4,7,CHOIX,1752,4,RURAL
25,4,7,CHOIX,1753,4,RURAL
25,4,7,CHOIX,1754,4,RURAL
25,4,7,CHOIX,1755,4,RURAL
25,4,7,CHOIX,1756,4,RURAL
25,4,7,CHOIX,1757,4,RURAL
25,4,7,CHOIX,1758,4,RURAL
25,4,7,CHOIX,1759,4,RURAL
25,4,7,CHOIX,1761,4,RURAL
25,4,7,CHOIX,1762,4,RURAL
25,4,7,CHOIX,1763,4,RURAL
25,4,7,CHOIX,1764,4,RURAL
25,4,7,CHOIX,1765,4,RURAL
25,4,7,CHOIX,1766,4,RURAL
25,4,7,CHOIX,1767,4,RURAL
25,4,7,CHOIX,1768,4,RURAL
25,4,7,CHOIX,1769,2,URBANO(A)
25,4,7,CHOIX,1770,4,RURAL
25,4,7,CHOIX,1771,3,MIXTO(A)
25,4,7,CHOIX,1772,2,URBANO(A)
25,4,7,CHOIX,1773,4,RURAL
25,4,7,CHOIX,1774,4,RURAL
25,4,7,CHOIX,1775,3,MIXTO(A)
25,4,7,CHOIX,1776,3,MIXTO(A)
25,4,7,CHOIX,1777,4,RURAL
25,4,7,CHOIX,1778,4,RURAL
25,4,7,CHOIX,1779,4,RURAL
25,4,7,CHOIX,1780,4,RURAL
25,4,7,CHOIX,1781,4,RURAL
25,4,7,CHOIX,1782,4,RURAL
25,4,7,CHOIX,1783,4,RURAL
25,4,7,CHOIX,1784,4,RURAL
25,4,7,CHOIX,1785,4,RURAL
25,4,7,CHOIX,1786,4,RURAL
25,4,7,CHOIX,1787,2,URBANO(A)
25,4,7,CHOIX,1788,2,URBANO(A)
25,4,7,CHOIX,1789,2,URBANO(A)
25,4,7,CHOIX,1790,4,RURAL
25,4,7,CHOIX,1791,4,RURAL
25,4,7,CHOIX,1792,4,RURAL
25,4,7,CHOIX,1793,4,RURAL
25,4,7,CHOIX,1794,4,RURAL
25,4,7,CHOIX,1795,4,RURAL
25,4,7,CHOIX,1796,4,RURAL
25,4,7,CHOIX,1797,4,RURAL
25,4,7,CHOIX,1798,4,RURAL
25,6,8,ELOTA,1799,2,URBANO(A)
25,6,8,ELOTA,1800,3,MIXTO(A)
25,6,8,ELOTA,1801,2,URBANO(A)
25,6,8,ELOTA,1802,2,URBANO(A)
25,6,8,ELOTA,1803,2,URBANO(A)
25,6,8,ELOTA,1804,2,URBANO(A)
25,6,8,ELOTA,1805,2,URBANO(A)
25,6,8,ELOTA,1806,2,URBANO(A)
25,6,8,ELOTA,1807,2,URBANO(A)
25,6,8,ELOTA,1808,2,URBANO(A)
25,6,8,ELOTA,1809,2,URBANO(A)
25,6,8,ELOTA,1810,2,URBANO(A)
25,6,8,ELOTA,1811,2,URBANO(A)
25,6,8,ELOTA,1812,2,URBANO(A)
25,6,8,ELOTA,1813,2,URBANO(A)
25,6,8,ELOTA,1814,2,URBANO(A)
25,6,8,ELOTA,1815,4,RURAL
25,6,8,ELOTA,1816,4,RURAL
25,6,8,ELOTA,1817,4,RURAL
25,6,8,ELOTA,1818,4,RURAL
25,6,8,ELOTA,1820,4,RURAL
25,6,8,ELOTA,1821,4,RURAL
25,6,8,ELOTA,1822,2,URBANO(A)
25,6,8,ELOTA,1823,3,MIXTO(A)
25,6,8,ELOTA,1824,3,MIXTO(A)
25,6,8,ELOTA,1825,4,RURAL
25,6,8,ELOTA,1826,4,RURAL
25,6,8,ELOTA,1827,4,RURAL
25,6,8,ELOTA,1828,4,RURAL
25,6,8,ELOTA,1829,4,RURAL
25,6,8,ELOTA,1830,4,RURAL
25,6,8,ELOTA,1831,4,RURAL
25,6,8,ELOTA,1832,4,RURAL
25,6,8,ELOTA,1833,4,RURAL
25,6,8,ELOTA,1834,4,RURAL
25,6,8,ELOTA,1835,4,RURAL
25,6,8,ELOTA,1836,2,URBANO(A)
25,6,8,ELOTA,1837,2,URBANO(A)
25,6,8,ELOTA,1838,4,RURAL
25,6,8,ELOTA,1839,4,RURAL
25,6,8,ELOTA,1840,2,URBANO(A)
25,6,8,ELOTA,1841,3,MIXTO(A)
25,6,8,ELOTA,1842,2,URBANO(A)
25,6,8,ELOTA,1843,4,RURAL
25,6,8,ELOTA,1844,4,RURAL
25,6,8,ELOTA,1845,4,RURAL
25,6,8,ELOTA,1846,4,RURAL
25,6,8,ELOTA,1847,4,RURAL
25,6,8,ELOTA,1849,4,RURAL
25,6,8,ELOTA,1850,2,URBANO(A)
25,6,8,ELOTA,1851,2,URBANO(A)
25,6,8,ELOTA,1852,4,RURAL
25,6,8,ELOTA,1853,3,MIXTO(A)
25,6,8,ELOTA,1854,4,RURAL
25,6,8,ELOTA,1855,4,RURAL
25,6,8,ELOTA,1856,4,RURAL
25,6,8,ELOTA,1857,4,RURAL
25,6,8,ELOTA,1858,4,RURAL
25,6,8,ELOTA,1859,4,RURAL
25,1,9,ESCUINAPA,1860,2,URBANO(A)
25,1,9,ESCUINAPA,1861,3,MIXTO(A)
25,1,9,ESCUINAPA,1862,2,URBANO(A)
25,1,9,ESCUINAPA,1863,2,URBANO(A)
25,1,9,ESCUINAPA,1864,2,URBANO(A)
25,1,9,ESCUINAPA,1865,2,URBANO(A)
25,1,9,ESCUINAPA,1866,2,URBANO(A)
25,1,9,ESCUINAPA,1867,2,URBANO(A)
25,1,9,ESCUINAPA,1868,2,URBANO(A)
25,1,9,ESCUINAPA,1869,2,URBANO(A)
25,1,9,ESCUINAPA,1870,2,URBANO(A)
25,1,9,ESCUINAPA,1871,2,URBANO(A)
25,1,9,ESCUINAPA,1872,2,URBANO(A)
25,1,9,ESCUINAPA,1873,2,URBANO(A)
25,1,9,ESCUINAPA,1874,2,URBANO(A)
25,1,9,ESCUINAPA,1875,2,URBANO(A)
25,1,9,ESCUINAPA,1876,3,MIXTO(A)
25,1,9,ESCUINAPA,1877,2,URBANO(A)
25,1,9,ESCUINAPA,1878,2,URBANO(A)
25,1,9,ESCUINAPA,1879,2,URBANO(A)
25,1,9,ESCUINAPA,1880,2,URBANO(A)
25,1,9,ESCUINAPA,1881,2,URBANO(A)
25,1,9,ESCUINAPA,1882,2,URBANO(A)
25,1,9,ESCUINAPA,1883,2,URBANO(A)
25,1,9,ESCUINAPA,1884,3,MIXTO(A)
25,1,9,ESCUINAPA,1885,2,URBANO(A)
25,1,9,ESCUINAPA,1886,2,URBANO(A)
25,1,9,ESCUINAPA,1887,2,URBANO(A)
25,1,9,ESCUINAPA,1888,2,URBANO(A)
25,1,9,ESCUINAPA,1889,2,URBANO(A)
25,1,9,ESCUINAPA,1890,2,URBANO(A)
25,1,9,ESCUINAPA,1891,2,URBANO(A)
25,1,9,ESCUINAPA,1892,2,URBANO(A)
25,1,9,ESCUINAPA,1893,2,URBANO(A)
25,1,9,ESCUINAPA,1894,2,URBANO(A)
25,1,9,ESCUINAPA,1895,3,MIXTO(A)
25,1,9,ESCUINAPA,1896,4,RURAL
25,1,9,ESCUINAPA,1897,4,RURAL
25,1,9,ESCUINAPA,1900,4,RURAL
25,1,9,ESCUINAPA,1901,4,RURAL
25,1,9,ESCUINAPA,1902,4,RURAL
25,1,9,ESCUINAPA,1903,3,MIXTO(A)
25,1,9,ESCUINAPA,1904,3,MIXTO(A)
25,1,9,ESCUINAPA,1905,4,RURAL
25,1,9,ESCUINAPA,1906,4,RURAL
25,1,9,ESCUINAPA,1907,4,RURAL
25,1,9,ESCUINAPA,1908,2,URBANO(A)
25,1,9,ESCUINAPA,1909,3,MIXTO(A)
25,1,9,ESCUINAPA,1910,2,URBANO(A)
25,1,9,ESCUINAPA,1911,3,MIXTO(A)
25,1,9,ESCUINAPA,1912,3,MIXTO(A)
25,1,9,ESCUINAPA,1913,3,MIXTO(A)
25,1,9,ESCUINAPA,1914,3,MIXTO(A)
25,1,9,ESCUINAPA,1915,2,URBANO(A)
25,1,9,ESCUINAPA,1916,2,URBANO(A)
25,1,9,ESCUINAPA,1917,2,URBANO(A)
25,1,9,ESCUINAPA,1918,3,MIXTO(A)
25,1,9,ESCUINAPA,1919,2,URBANO(A)
25,1,9,ESCUINAPA,1920,2,URBANO(A)
25,1,9,ESCUINAPA,1921,2,URBANO(A)
25,1,9,ESCUINAPA,1922,3,MIXTO(A)
25,1,9,ESCUINAPA,1923,4,RURAL
25,1,9,ESCUINAPA,1924,4,RURAL
25,4,10,EL FUERTE,1925,2,URBANO(A)
25,4,10,EL FUERTE,1926,2,URBANO(A)
25,4,10,EL FUERTE,1927,2,URBANO(A)
25,4,10,EL FUERTE,1928,2,URBANO(A)
25,4,10,EL FUERTE,1929,3,MIXTO(A)
25,4,10,EL FUERTE,1930,2,URBANO(A)
25,4,10,EL FUERTE,1931,2,URBANO(A)
25,4,10,EL FUERTE,1932,2,URBANO(A)
25,4,10,EL FUERTE,1933,2,URBANO(A)
25,4,10,EL FUERTE,1934,3,MIXTO(A)
25,4,10,EL FUERTE,1935,2,URBANO(A)
25,4,10,EL FUERTE,1936,2,URBANO(A)
25,4,10,EL FUERTE,1937,2,URBANO(A)
25,4,10,EL FUERTE,1938,2,URBANO(A)
25,4,10,EL FUERTE,1939,2,URBANO(A)
25,4,10,EL FUERTE,1940,2,URBANO(A)
25,4,10,EL FUERTE,1941,2,URBANO(A)
25,4,10,EL FUERTE,1942,2,URBANO(A)
25,4,10,EL FUERTE,1943,4,RURAL
25,4,10,EL FUERTE,1944,4,RURAL
25,4,10,EL FUERTE,1945,4,RURAL
25,4,10,EL FUERTE,1946,4,RURAL
25,4,10,EL FUERTE,1948,4,RURAL
25,4,10,EL FUERTE,1949,4,RURAL
25,4,10,EL FUERTE,1951,4,RURAL
25,4,10,EL FUERTE,1952,4,RURAL
25,4,10,EL FUERTE,1953,4,RURAL
25,4,10,EL FUERTE,1954,4,RURAL
25,4,10,EL FUERTE,1955,2,URBANO(A)
25,4,10,EL FUERTE,1956,3,MIXTO(A)
25,4,10,EL FUERTE,1957,3,MIXTO(A)
25,4,10,EL FUERTE,1960,3,MIXTO(A)
25,4,10,EL FUERTE,1961,3,MIXTO(A)
25,4,10,EL FUERTE,1962,2,URBANO(A)
25,4,10,EL FUERTE,1963,4,RURAL
25,4,10,EL FUERTE,1965,4,RURAL
25,4,10,EL FUERTE,1966,3,MIXTO(A)
25,4,10,EL FUERTE,1967,2,URBANO(A)
25,4,10,EL FUERTE,1969,4,RURAL
25,4,10,EL FUERTE,1970,4,RURAL
25,4,10,EL FUERTE,1971,3,MIXTO(A)
25,4,10,EL FUERTE,1972,3,MIXTO(A)
25,4,10,EL FUERTE,1973,4,RURAL
25,4,10,EL FUERTE,1974,4,RURAL
25,4,10,EL FUERTE,1976,4,RURAL
25,4,10,EL FUERTE,1977,4,RURAL
25,4,10,EL FUERTE,1978,4,RURAL
25,4,10,EL FUERTE,1979,4,RURAL
25,4,10,EL FUERTE,1980,4,RURAL
25,4,10,EL FUERTE,1981,4,RURAL
25,4,10,EL FUERTE,1982,4,RURAL
25,4,10,EL FUERTE,1983,4,RURAL
25,4,10,EL FUERTE,1985,4,RURAL
25,4,10,EL FUERTE,1986,4,RURAL
25,4,10,EL FUERTE,1987,4,RURAL
25,4,10,EL FUERTE,1988,4,RURAL
25,4,10,EL FUERTE,1989,3,MIXTO(A)
25,4,10,EL FUERTE,1990,3,MIXTO(A)
25,4,10,EL FUERTE,1991,4,RURAL
25,4,10,EL FUERTE,1992,4,RURAL
25,4,10,EL FUERTE,1993,4,RURAL
25,4,10,EL FUERTE,1994,4,RURAL
25,4,10,EL FUERTE,1995,4,RURAL
25,4,10,EL FUERTE,1996,4,RURAL
25,4,10,EL FUERTE,1997,4,RURAL
25,4,10,EL FUERTE,1998,4,RURAL
25,4,10,EL FUERTE,1999,4,RURAL
25,4,10,EL FUERTE,2000,4,RURAL
25,4,10,EL FUERTE,2001,4,RURAL
25,4,10,EL FUERTE,2002,4,RURAL
25,4,10,EL FUERTE,2003,4,RURAL
25,4,10,EL FUERTE,2004,4,RURAL
25,4,10,EL FUERTE,2005,2,URBANO(A)
25,4,10,EL FUERTE,2006,2,URBANO(A)
25,4,10,EL FUERTE,2007,2,URBANO(A)
25,4,10,EL FUERTE,2008,2,URBANO(A)
25,4,10,EL FUERTE,2009,2,URBANO(A)
25,4,10,EL FUERTE,2010,2,URBANO(A)
25,4,10,EL FUERTE,2011,2,URBANO(A)
25,4,10,EL FUERTE,2012,3,MIXTO(A)
25,4,10,EL FUERTE,2013,4,RURAL
25,4,10,EL FUERTE,2014,4,RURAL
25,4,10,EL FUERTE,2015,4,RURAL
25,4,10,EL FUERTE,2016,4,RURAL
25,4,10,EL FUERTE,2017,4,RURAL
25,4,10,EL FUERTE,2018,4,RURAL
25,4,10,EL FUERTE,2019,4,RURAL
25,4,10,EL FUERTE,2020,4,RURAL
25,4,10,EL FUERTE,2021,4,RURAL
25,4,10,EL FUERTE,2022,4,RURAL
25,4,10,EL FUERTE,2023,2,URBANO(A)
25,4,10,EL FUERTE,2024,2,URBANO(A)
25,4,10,EL FUERTE,2025,2,URBANO(A)
25,4,10,EL FUERTE,2026,2,URBANO(A)
25,4,10,EL FUERTE,2027,2,URBANO(A)
25,4,10,EL FUERTE,2028,2,URBANO(A)
25,4,10,EL FUERTE,2029,2,URBANO(A)
25,4,10,EL FUERTE,2030,2,URBANO(A)
25,4,10,EL FUERTE,2031,2,URBANO(A)
25,4,10,EL FUERTE,2032,2,URBANO(A)
25,4,10,EL FUERTE,2033,2,URBANO(A)
25,4,10,EL FUERTE,2034,2,URBANO(A)
25,4,10,EL FUERTE,2035,2,URBANO(A)
25,4,10,EL FUERTE,2036,4,RURAL
25,4,10,EL FUERTE,2037,4,RURAL
25,4,10,EL FUERTE,2039,4,RURAL
25,4,10,EL FUERTE,2040,4,RURAL
25,4,10,EL FUERTE,2041,3,MIXTO(A)
25,4,10,EL FUERTE,2042,2,URBANO(A)
25,4,10,EL FUERTE,2043,2,URBANO(A)
25,4,10,EL FUERTE,2044,3,MIXTO(A)
25,4,10,EL FUERTE,2045,4,RURAL
25,4,10,EL FUERTE,2046,4,RURAL
25,4,10,EL FUERTE,2047,3,MIXTO(A)
25,4,10,EL FUERTE,2048,3,MIXTO(A)
25,4,10,EL FUERTE,2049,3,MIXTO(A)
25,4,10,EL FUERTE,2050,2,URBANO(A)
25,4,10,EL FUERTE,2051,4,RURAL
25,4,10,EL FUERTE,2052,4,RURAL
25,4,10,EL FUERTE,2053,4,RURAL
25,4,10,EL FUERTE,2054,4,RURAL
25,4,10,EL FUERTE,2055,4,RURAL
25,4,10,EL FUERTE,2056,4,RURAL
25,4,10,EL FUERTE,2057,4,RURAL
25,4,10,EL FUERTE,2058,4,RURAL
25,4,10,EL FUERTE,2059,4,RURAL
25,4,10,EL FUERTE,2060,4,RURAL
25,4,10,EL FUERTE,2061,2,URBANO(A)
25,4,10,EL FUERTE,2062,2,URBANO(A)
25,4,10,EL FUERTE,2063,4,RURAL
25,4,10,EL FUERTE,2064,4,RURAL
25,4,10,EL FUERTE,2065,3,MIXTO(A)
25,4,10,EL FUERTE,2066,2,URBANO(A)
25,4,10,EL FUERTE,2067,2,URBANO(A)
25,4,10,EL FUERTE,2068,2,URBANO(A)
25,4,10,EL FUERTE,2069,3,MIXTO(A)
25,4,10,EL FUERTE,2070,2,URBANO(A)
25,4,10,EL FUERTE,2071,4,RURAL
25,4,10,EL FUERTE,2072,2,URBANO(A)
25,4,10,EL FUERTE,2073,3,MIXTO(A)
25,4,10,EL FUERTE,2074,2,URBANO(A)
25,4,10,EL FUERTE,2075,2,URBANO(A)
25,4,10,EL FUERTE,2076,3,MIXTO(A)
25,4,10,EL FUERTE,2077,4,RURAL
25,4,10,EL FUERTE,2078,4,RURAL
25,4,10,EL FUERTE,2079,3,MIXTO(A)
25,4,10,EL FUERTE,2080,2,URBANO(A)
25,4,10,EL FUERTE,2081,4,RURAL
25,4,10,EL FUERTE,2082,2,URBANO(A)
25,4,10,EL FUERTE,2083,2,URBANO(A)
25,4,10,EL FUERTE,2084,4,RURAL
25,4,20,JUAN JOSE RIOS,2085,2,URBANO(A)
25,4,20,JUAN JOSE RIOS,2086,3,MIXTO(A)
25,4,20,JUAN JOSE RIOS,2087,4,RURAL
25,4,10,EL FUERTE,2088,4,RURAL
25,4,10,EL FUERTE,2089,4,RURAL
25,4,10,EL FUERTE,2090,4,RURAL
25,4,10,EL FUERTE,2091,3,MIXTO(A)
25,4,10,EL FUERTE,2092,3,MIXTO(A)
25,4,10,EL FUERTE,2093,2,URBANO(A)
25,4,10,EL FUERTE,2094,4,RURAL
25,4,10,EL FUERTE,2095,4,RURAL
25,4,10,EL FUERTE,2096,4,RURAL
25,4,10,EL FUERTE,2097,4,RURAL
25,4,10,EL FUERTE,2098,4,RURAL
25,4,10,EL FUERTE,2099,4,RURAL
25,4,10,EL FUERTE,2100,4,RURAL
25,4,11,GUASAVE,2101,3,MIXTO(A)
25,4,11,GUASAVE,2102,2,URBANO(A)
25,4,11,GUASAVE,2103,2,URBANO(A)
25,4,11,GUASAVE,2104,2,URBANO(A)
25,4,11,GUASAVE,2105,2,URBANO(A)
25,4,11,GUASAVE,2106,2,URBANO(A)
25,4,11,GUASAVE,2107,2,URBANO(A)
25,4,11,GUASAVE,2108,2,URBANO(A)
25,4,11,GUASAVE,2109,2,URBANO(A)
25,4,11,GUASAVE,2110,2,URBANO(A)
25,4,11,GUASAVE,2111,2,URBANO(A)
25,4,11,GUASAVE,2112,2,URBANO(A)
25,4,11,GUASAVE,2113,2,URBANO(A)
25,4,11,GUASAVE,2114,2,URBANO(A)
25,4,11,GUASAVE,2115,2,URBANO(A)
25,4,11,GUASAVE,2116,2,URBANO(A)
25,4,11,GUASAVE,2117,2,URBANO(A)
25,4,11,GUASAVE,2118,2,URBANO(A)
25,4,11,GUASAVE,2119,2,URBANO(A)
25,4,11,GUASAVE,2120,2,URBANO(A)
25,4,11,GUASAVE,2121,2,URBANO(A)
25,4,11,GUASAVE,2122,2,URBANO(A)
25,4,11,GUASAVE,2123,2,URBANO(A)
25,4,11,GUASAVE,2124,2,URBANO(A)
25,4,11,GUASAVE,2125,2,URBANO(A)
25,4,11,GUASAVE,2126,2,URBANO(A)
25,4,11,GUASAVE,2127,2,URBANO(A)
25,4,11,GUASAVE,2128,2,URBANO(A)
25,4,11,GUASAVE,2129,2,URBANO(A)
25,4,11,GUASAVE,2130,2,URBANO(A)
25,4,11,GUASAVE,2131,2,URBANO(A)
25,4,11,GUASAVE,2132,2,URBANO(A)
25,4,11,GUASAVE,2133,2,URBANO(A)
25,4,11,GUASAVE,2134,2,URBANO(A)
25,4,11,GUASAVE,2135,2,URBANO(A)
25,4,11,GUASAVE,2136,2,URBANO(A)
25,4,11,GUASAVE,2137,2,URBANO(A)
25,4,11,GUASAVE,2138,2,URBANO(A)
25,4,11,GUASAVE,2139,2,URBANO(A)
25,4,11,GUASAVE,2140,2,URBANO(A)
25,4,11,GUASAVE,2141,2,URBANO(A)
25,4,11,GUASAVE,2142,2,URBANO(A)
25,4,11,GUASAVE,2143,2,URBANO(A)
25,4,11,GUASAVE,2144,2,URBANO(A)
25,4,11,GUASAVE,2145,2,URBANO(A)
25,4,11,GUASAVE,2146,2,URBANO(A)
25,4,11,GUASAVE,2147,2,URBANO(A)
25,4,11,GUASAVE,2148,2,URBANO(A)
25,4,11,GUASAVE,2149,2,URBANO(A)
25,4,11,GUASAVE,2150,2,URBANO(A)
25,4,11,GUASAVE,2151,2,URBANO(A)
25,4,11,GUASAVE,2152,2,URBANO(A)
25,4,11,GUASAVE,2153,2,URBANO(A)
25,4,11,GUASAVE,2154,2,URBANO(A)
25,4,11,GUASAVE,2156,2,URBANO(A)
25,4,11,GUASAVE,2157,2,URBANO(A)
25,4,11,GUASAVE,2158,2,URBANO(A)
25,4,11,GUASAVE,2159,2,URBANO(A)
25,4,11,GUASAVE,2160,2,URBANO(A)
25,4,11,GUASAVE,2161,2,URBANO(A)
25,4,11,GUASAVE,2162,2,URBANO(A)
25,4,11,GUASAVE,2163,2,URBANO(A)
25,4,11,GUASAVE,2164,2,URBANO(A)
25,4,11,GUASAVE,2165,2,URBANO(A)
25,4,11,GUASAVE,2166,2,URBANO(A)
25,4,11,GUASAVE,2167,2,URBANO(A)
25,4,11,GUASAVE,2168,2,URBANO(A)
25,4,11,GUASAVE,2169,2,URBANO(A)
25,4,11,GUASAVE,2170,2,URBANO(A)
25,4,11,GUASAVE,2171,2,URBANO(A)
25,4,11,GUASAVE,2172,2,URBANO(A)
25,4,11,GUASAVE,2173,2,URBANO(A)
25,4,11,GUASAVE,2174,2,URBANO(A)
25,4,11,GUASAVE,2175,2,URBANO(A)
25,4,11,GUASAVE,2176,2,URBANO(A)
25,4,11,GUASAVE,2177,2,URBANO(A)
25,4,11,GUASAVE,2178,2,URBANO(A)
25,4,11,GUASAVE,2179,2,URBANO(A)
25,4,11,GUASAVE,2180,2,URBANO(A)
25,4,11,GUASAVE,2181,2,URBANO(A)
25,4,11,GUASAVE,2182,2,URBANO(A)
25,4,11,GUASAVE,2183,2,URBANO(A)
25,4,11,GUASAVE,2184,2,URBANO(A)
25,4,11,GUASAVE,2185,2,URBANO(A)
25,4,11,GUASAVE,2186,2,URBANO(A)
25,4,20,JUAN JOSE RIOS,2187,4,RURAL
25,4,20,JUAN JOSE RIOS,2188,4,RURAL
25,4,20,JUAN JOSE RIOS,2189,4,RURAL
25,4,20,JUAN JOSE RIOS,2190,2,URBANO(A)
25,4,20,JUAN JOSE RIOS,2191,2,URBANO(A)
25,4,20,JUAN JOSE RIOS,2192,2,URBANO(A)
25,4,20,JUAN JOSE RIOS,2193,2,URBANO(A)
25,4,20,JUAN JOSE RIOS,2194,2,URBANO(A)
25,4,20,JUAN JOSE RIOS,2195,2,URBANO(A)
25,4,20,JUAN JOSE RIOS,2196,2,URBANO(A)
25,4,20,JUAN JOSE RIOS,2197,2,URBANO(A)
25,4,20,JUAN JOSE RIOS,2198,2,URBANO(A)
25,4,20,JUAN JOSE RIOS,2199,2,URBANO(A)
25,4,20,JUAN JOSE RIOS,2200,2,URBANO(A)
25,4,20,JUAN JOSE RIOS,2201,2,URBANO(A)
25,4,20,JUAN JOSE RIOS,2202,2,URBANO(A)
25,4,20,JUAN JOSE RIOS,2203,2,URBANO(A)
25,4,20,JUAN JOSE RIOS,2204,2,URBANO(A)
25,4,20,JUAN JOSE RIOS,2205,2,URBANO(A)
25,4,20,JUAN JOSE RIOS,2206,2,URBANO(A)
25,4,20,JUAN JOSE RIOS,2207,2,URBANO(A)
25,4,20,JUAN JOSE RIOS,2208,2,URBANO(A)
25,4,20,JUAN JOSE RIOS,2209,2,URBANO(A)
25,4,20,JUAN JOSE RIOS,2210,2,URBANO(A)
25,4,20,JUAN JOSE RIOS,2211,2,URBANO(A)
25,4,20,JUAN JOSE RIOS,2212,2,URBANO(A)
25,4,20,JUAN JOSE RIOS,2213,2,URBANO(A)
25,4,20,JUAN JOSE RIOS,2214,2,URBANO(A)
25,4,20,JUAN JOSE RIOS,2215,2,URBANO(A)
25,4,20,JUAN JOSE RIOS,2216,2,URBANO(A)
25,4,20,JUAN JOSE RIOS,2217,2,URBANO(A)
25,4,20,JUAN JOSE RIOS,2218,2,URBANO(A)
25,4,20,JUAN JOSE RIOS,2219,2,URBANO(A)
25,4,20,JUAN JOSE RIOS,2220,2,URBANO(A)
25,4,20,JUAN JOSE RIOS,2221,2,URBANO(A)
25,4,20,JUAN JOSE RIOS,2222,2,URBANO(A)
25,4,20,JUAN JOSE RIOS,2223,4,RURAL
25,4,11,GUASAVE,2224,4,RURAL
25,4,11,GUASAVE,2225,4,RURAL
25,4,11,GUASAVE,2226,2,URBANO(A)
25,4,11,GUASAVE,2227,2,URBANO(A)
25,4,11,GUASAVE,2228,2,URBANO(A)
25,4,11,GUASAVE,2229,2,URBANO(A)
25,4,11,GUASAVE,2230,2,URBANO(A)
25,4,11,GUASAVE,2231,2,URBANO(A)
25,4,11,GUASAVE,2232,3,MIXTO(A)
25,4,11,GUASAVE,2233,4,RURAL
25,4,11,GUASAVE,2234,4,RURAL
25,4,11,GUASAVE,2235,2,URBANO(A)
25,4,11,GUASAVE,2236,2,URBANO(A)
25,4,11,GUASAVE,2237,2,URBANO(A)
25,4,11,GUASAVE,2238,2,URBANO(A)
25,4,11,GUASAVE,2239,4,RURAL
25,4,11,GUASAVE,2240,3,MIXTO(A)
25,4,11,GUASAVE,2241,2,URBANO(A)
25,4,11,GUASAVE,2242,2,URBANO(A)
25,4,11,GUASAVE,2243,2,URBANO(A)
25,4,11,GUASAVE,2244,2,URBANO(A)
25,4,11,GUASAVE,2245,2,URBANO(A)
25,4,11,GUASAVE,2246,3,MIXTO(A)
25,4,11,GUASAVE,2247,4,RURAL
25,4,11,GUASAVE,2248,2,URBANO(A)
25,4,11,GUASAVE,2249,2,URBANO(A)
25,4,11,GUASAVE,2250,2,URBANO(A)
25,4,11,GUASAVE,2251,2,URBANO(A)
25,4,11,GUASAVE,2252,2,URBANO(A)
25,4,11,GUASAVE,2253,2,URBANO(A)
25,4,11,GUASAVE,2254,3,MIXTO(A)
25,4,11,GUASAVE,2255,2,URBANO(A)
25,4,11,GUASAVE,2256,2,URBANO(A)
25,4,11,GUASAVE,2257,2,URBANO(A)
25,4,11,GUASAVE,2258,3,MIXTO(A)
25,4,11,GUASAVE,2259,2,URBANO(A)
25,4,11,GUASAVE,2260,2,URBANO(A)
25,4,11,GUASAVE,2261,3,MIXTO(A)
25,4,11,GUASAVE,2262,2,URBANO(A)
25,4,11,GUASAVE,2263,2,URBANO(A)
25,4,11,GUASAVE,2264,4,RURAL
25,4,11,GUASAVE,2265,4,RURAL
25,4,11,GUASAVE,2266,3,MIXTO(A)
25,4,11,GUASAVE,2267,2,URBANO(A)
25,4,11,GUASAVE,2268,2,URBANO(A)
25,4,11,GUASAVE,2269,2,URBANO(A)
25,4,11,GUASAVE,2270,2,URBANO(A)
25,4,11,GUASAVE,2271,3,MIXTO(A)
25,4,11,GUASAVE,2272,2,URBANO(A)
25,4,11,GUASAVE,2273,2,URBANO(A)
25,4,11,GUASAVE,2274,2,URBANO(A)
25,4,11,GUASAVE,2275,2,URBANO(A)
25,4,11,GUASAVE,2276,2,URBANO(A)
25,4,11,GUASAVE,2277,2,URBANO(A)
25,4,11,GUASAVE,2278,2,URBANO(A)
25,4,11,GUASAVE,2279,2,URBANO(A)
25,4,11,GUASAVE,2280,2,URBANO(A)
25,4,11,GUASAVE,2281,3,MIXTO(A)
25,4,11,GUASAVE,2282,2,URBANO(A)
25,4,20,JUAN JOSE RIOS,2283,3,MIXTO(A)
25,4,20,JUAN JOSE RIOS,2284,2,URBANO(A)
25,4,20,JUAN JOSE RIOS,2285,2,URBANO(A)
25,4,20,JUAN JOSE RIOS,2286,2,URBANO(A)
25,4,20,JUAN JOSE RIOS,2287,2,URBANO(A)
25,4,20,JUAN JOSE RIOS,2288,2,URBANO(A)
25,4,11,GUASAVE,2289,2,URBANO(A)
25,4,11,GUASAVE,2290,2,URBANO(A)
25,4,11,GUASAVE,2291,4,RURAL
25,4,11,GUASAVE,2292,4,RURAL
25,4,11,GUASAVE,2293,3,MIXTO(A)
25,4,11,GUASAVE,2294,3,MIXTO(A)
25,4,11,GUASAVE,2295,4,RURAL
25,4,11,GUASAVE,2296,4,RURAL
25,4,11,GUASAVE,2297,4,RURAL
25,4,11,GUASAVE,2298,3,MIXTO(A)
25,4,11,GUASAVE,2299,3,MIXTO(A)
25,4,11,GUASAVE,2300,3,MIXTO(A)
25,4,11,GUASAVE,2301,3,MIXTO(A)
25,4,11,GUASAVE,2302,2,URBANO(A)
25,4,11,GUASAVE,2303,4,RURAL
25,4,11,GUASAVE,2304,2,URBANO(A)
25,4,11,GUASAVE,2305,2,URBANO(A)
25,4,11,GUASAVE,2306,3,MIXTO(A)
25,4,11,GUASAVE,2307,2,URBANO(A)
25,4,11,GUASAVE,2308,2,URBANO(A)
25,4,11,GUASAVE,2309,2,URBANO(A)
25,4,11,GUASAVE,2310,2,URBANO(A)
25,4,11,GUASAVE,2311,4,RURAL
25,4,11,GUASAVE,2312,4,RURAL
25,4,11,GUASAVE,2313,4,RURAL
25,4,11,GUASAVE,2314,4,RURAL
25,4,11,GUASAVE,2315,4,RURAL
25,4,11,GUASAVE,2316,4,RURAL
25,4,11,GUASAVE,2317,4,RURAL
25,4,11,GUASAVE,2318,4,RURAL
25,4,11,GUASAVE,2319,4,RURAL
25,4,11,GUASAVE,2320,2,URBANO(A)
25,4,11,GUASAVE,2321,2,URBANO(A)
25,4,11,GUASAVE,2322,2,URBANO(A)
25,4,11,GUASAVE,2323,2,URBANO(A)
25,4,11,GUASAVE,2324,2,URBANO(A)
25,4,11,GUASAVE,2325,2,URBANO(A)
25,4,11,GUASAVE,2326,3,MIXTO(A)
25,4,11,GUASAVE,2327,2,URBANO(A)
25,4,11,GUASAVE,2328,2,URBANO(A)
25,4,11,GUASAVE,2329,2,URBANO(A)
25,4,11,GUASAVE,2330,2,URBANO(A)
25,4,11,GUASAVE,2331,2,URBANO(A)
25,4,11,GUASAVE,2332,2,URBANO(A)
25,4,11,GUASAVE,2333,2,URBANO(A)
25,4,11,GUASAVE,2334,2,URBANO(A)
25,4,11,GUASAVE,2335,2,URBANO(A)
25,4,11,GUASAVE,2336,2,URBANO(A)
25,4,11,GUASAVE,2337,2,URBANO(A)
25,4,11,GUASAVE,2338,2,URBANO(A)
25,4,11,GUASAVE,2339,2,URBANO(A)
25,4,11,GUASAVE,2340,2,URBANO(A)
25,4,11,GUASAVE,2341,4,RURAL
25,4,11,GUASAVE,2342,2,URBANO(A)
25,4,11,GUASAVE,2343,3,MIXTO(A)
25,4,11,GUASAVE,2344,2,URBANO(A)
25,4,11,GUASAVE,2345,4,RURAL
25,4,11,GUASAVE,2346,4,RURAL
25,4,11,GUASAVE,2347,4,RURAL
25,4,11,GUASAVE,2348,4,RURAL
25,4,11,GUASAVE,2349,4,RURAL
25,4,11,GUASAVE,2350,4,RURAL
25,4,11,GUASAVE,2351,4,RURAL
25,4,11,GUASAVE,2352,2,URBANO(A)
25,4,11,GUASAVE,2353,2,URBANO(A)
25,4,11,GUASAVE,2354,2,URBANO(A)
25,4,11,GUASAVE,2355,2,URBANO(A)
25,4,11,GUASAVE,2356,2,URBANO(A)
25,4,11,GUASAVE,2357,4,RURAL
25,4,11,GUASAVE,2358,4,RURAL
25,4,11,GUASAVE,2359,3,MIXTO(A)
25,4,11,GUASAVE,2360,2,URBANO(A)
25,4,11,GUASAVE,2361,2,URBANO(A)
25,4,11,GUASAVE,2362,4,RURAL
25,4,11,GUASAVE,2363,4,RURAL
25,4,11,GUASAVE,2364,4,RURAL
25,4,11,GUASAVE,2365,4,RURAL
25,4,11,GUASAVE,2366,2,URBANO(A)
25,4,11,GUASAVE,2367,2,URBANO(A)
25,4,11,GUASAVE,2368,3,MIXTO(A)
25,4,11,GUASAVE,2369,3,MIXTO(A)
25,4,11,GUASAVE,2370,2,URBANO(A)
25,4,11,GUASAVE,2371,4,RURAL
25,4,11,GUASAVE,2372,3,MIXTO(A)
25,4,11,GUASAVE,2373,2,URBANO(A)
25,4,11,GUASAVE,2374,2,URBANO(A)
25,4,11,GUASAVE,2375,2,URBANO(A)
25,4,11,GUASAVE,2376,3,MIXTO(A)
25,4,11,GUASAVE,2377,4,RURAL
25,4,11,GUASAVE,2379,2,URBANO(A)
25,4,11,GUASAVE,2380,2,URBANO(A)
25,4,11,GUASAVE,2381,2,URBANO(A)
25,4,11,GUASAVE,2382,2,URBANO(A)
25,4,11,GUASAVE,2383,3,MIXTO(A)
25,4,11,GUASAVE,2384,3,MIXTO(A)
25,4,11,GUASAVE,2385,3,MIXTO(A)
25,4,11,GUASAVE,2386,4,RURAL
25,4,11,GUASAVE,2387,3,MIXTO(A)
25,4,11,GUASAVE,2388,3,MIXTO(A)
25,4,20,JUAN JOSE RIOS,2389,3,MIXTO(A)
25,4,20,JUAN JOSE RIOS,2390,2,URBANO(A)
25,4,20,JUAN JOSE RIOS,2391,2,URBANO(A)
25,4,11,GUASAVE,2392,4,RURAL
25,4,11,GUASAVE,2393,4,RURAL
25,4,11,GUASAVE,2394,3,MIXTO(A)
25,4,11,GUASAVE,2395,3,MIXTO(A)
25,4,11,GUASAVE,2396,4,RURAL
25,4,11,GUASAVE,2397,4,RURAL
25,4,11,GUASAVE,2398,4,RURAL
25,4,11,GUASAVE,2399,2,URBANO(A)
25,4,11,GUASAVE,2400,2,URBANO(A)
25,4,11,GUASAVE,2401,3,MIXTO(A)
25,4,11,GUASAVE,2402,4,RURAL
25,4,11,GUASAVE,2403,4,RURAL
25,4,11,GUASAVE,2404,4,RURAL
25,4,11,GUASAVE,2405,4,RURAL
25,4,11,GUASAVE,2406,4,RURAL
25,4,11,GUASAVE,2407,4,RURAL
25,4,11,GUASAVE,2408,2,URBANO(A)
25,4,11,GUASAVE,2409,2,URBANO(A)
25,4,11,GUASAVE,2410,2,URBANO(A)
25,4,11,GUASAVE,2411,4,RURAL
25,4,11,GUASAVE,2412,4,RURAL
25,4,11,GUASAVE,2413,4,RURAL
25,4,11,GUASAVE,2414,4,RURAL
25,4,11,GUASAVE,2415,4,RURAL
25,4,11,GUASAVE,2416,4,RURAL
25,4,11,GUASAVE,2417,4,RURAL
25,4,11,GUASAVE,2418,4,RURAL
25,4,11,GUASAVE,2419,4,RURAL
25,4,11,GUASAVE,2420,4,RURAL
25,4,11,GUASAVE,2421,4,RURAL
25,4,11,GUASAVE,2422,3,MIXTO(A)
25,4,11,GUASAVE,2423,3,MIXTO(A)
25,4,11,GUASAVE,2424,2,URBANO(A)
25,4,11,GUASAVE,2425,2,URBANO(A)
25,4,11,GUASAVE,2426,3,MIXTO(A)
25,4,11,GUASAVE,2427,2,URBANO(A)
25,4,11,GUASAVE,2428,2,URBANO(A)
25,4,11,GUASAVE,2429,2,URBANO(A)
25,4,11,GUASAVE,2430,2,URBANO(A)
25,4,11,GUASAVE,2431,2,URBANO(A)
25,4,11,GUASAVE,2432,2,URBANO(A)
25,4,11,GUASAVE,2433,2,URBANO(A)
25,4,11,GUASAVE,2434,2,URBANO(A)
25,4,11,GUASAVE,2435,3,MIXTO(A)
25,4,11,GUASAVE,2436,2,URBANO(A)
25,4,11,GUASAVE,2437,2,URBANO(A)
25,4,11,GUASAVE,2438,3,MIXTO(A)
25,4,11,GUASAVE,2439,4,RURAL
25,4,11,GUASAVE,2440,4,RURAL
25,4,11,GUASAVE,2441,4,RURAL
25,4,11,GUASAVE,2442,4,RURAL
25,4,11,GUASAVE,2443,4,RURAL
25,4,11,GUASAVE,2444,3,MIXTO(A)
25,4,11,GUASAVE,2445,2,URBANO(A)
25,4,11,GUASAVE,2446,2,URBANO(A)
25,4,11,GUASAVE,2447,4,RURAL
25,4,11,GUASAVE,2449,4,RURAL
25,4,11,GUASAVE,2450,4,RURAL
25,4,11,GUASAVE,2451,4,RURAL
25,4,11,GUASAVE,2452,4,RURAL
25,4,11,GUASAVE,2453,4,RURAL
25,4,11,GUASAVE,2454,4,RURAL
25,4,11,GUASAVE,2455,4,RURAL
25,4,11,GUASAVE,2456,3,MIXTO(A)
25,4,11,GUASAVE,2457,2,URBANO(A)
25,4,11,GUASAVE,2458,2,URBANO(A)
25,4,11,GUASAVE,2459,2,URBANO(A)
25,4,11,GUASAVE,2460,4,RURAL
25,4,11,GUASAVE,2461,4,RURAL
25,4,11,GUASAVE,2462,4,RURAL
25,4,11,GUASAVE,2463,4,RURAL
25,4,11,GUASAVE,2464,4,RURAL
25,4,11,GUASAVE,2465,4,RURAL
25,4,11,GUASAVE,2466,4,RURAL
25,4,11,GUASAVE,2467,4,RURAL
25,4,11,GUASAVE,2468,3,MIXTO(A)
25,4,11,GUASAVE,2469,2,URBANO(A)
25,4,11,GUASAVE,2470,2,URBANO(A)
25,4,11,GUASAVE,2471,2,URBANO(A)
25,4,11,GUASAVE,2472,4,RURAL
25,4,11,GUASAVE,2473,4,RURAL
25,4,11,GUASAVE,2474,4,RURAL
25,4,11,GUASAVE,2475,3,MIXTO(A)
25,4,11,GUASAVE,2476,2,URBANO(A)
25,4,11,GUASAVE,2478,4,RURAL
25,4,11,GUASAVE,2479,3,MIXTO(A)
25,4,11,GUASAVE,2480,3,MIXTO(A)
25,4,11,GUASAVE,2481,4,RURAL
25,4,11,GUASAVE,2482,4,RURAL
25,4,11,GUASAVE,2483,4,RURAL
25,4,11,GUASAVE,2484,2,URBANO(A)
25,4,11,GUASAVE,2485,2,URBANO(A)
25,4,11,GUASAVE,2486,2,URBANO(A)
25,4,11,GUASAVE,2487,3,MIXTO(A)
25,4,11,GUASAVE,2488,2,URBANO(A)
25,4,11,GUASAVE,2489,4,RURAL
25,4,11,GUASAVE,2490,2,URBANO(A)
25,4,11,GUASAVE,2491,3,MIXTO(A)
25,4,11,GUASAVE,2492,4,RURAL
25,4,11,GUASAVE,2493,4,RURAL
25,4,11,GUASAVE,2494,4,RURAL
25,4,11,GUASAVE,2495,4,RURAL
25,4,11,GUASAVE,2496,4,RURAL
25,4,11,GUASAVE,2497,2,URBANO(A)
25,4,11,GUASAVE,2498,3,MIXTO(A)
25,4,11,GUASAVE,2499,4,RURAL
25,4,11,GUASAVE,2500,4,RURAL
25,4,11,GUASAVE,2501,4,RURAL
25,4,11,GUASAVE,2502,3,MIXTO(A)
25,4,11,GUASAVE,2503,3,MIXTO(A)
25,4,11,GUASAVE,2504,2,URBANO(A)
25,4,11,GUASAVE,2505,3,MIXTO(A)
25,4,11,GUASAVE,2506,2,URBANO(A)
25,4,11,GUASAVE,2507,2,URBANO(A)
25,4,11,GUASAVE,2508,2,URBANO(A)
25,4,11,GUASAVE,2509,2,URBANO(A)
25,4,11,GUASAVE,2510,4,RURAL
25,4,11,GUASAVE,2511,3,MIXTO(A)
25,4,11,GUASAVE,2512,3,MIXTO(A)
25,4,11,GUASAVE,2513,4,RURAL
25,4,11,GUASAVE,2514,4,RURAL
25,4,11,GUASAVE,2515,4,RURAL
25,4,11,GUASAVE,2516,2,URBANO(A)
25,4,11,GUASAVE,2517,2,URBANO(A)
25,4,11,GUASAVE,2518,4,RURAL
25,4,11,GUASAVE,2519,4,RURAL
25,4,11,GUASAVE,2520,4,RURAL
25,4,11,GUASAVE,2521,4,RURAL
25,4,11,GUASAVE,2522,4,RURAL
25,4,11,GUASAVE,2523,4,RURAL
25,4,11,GUASAVE,2524,4,RURAL
25,4,11,GUASAVE,2525,4,RURAL
25,4,11,GUASAVE,2526,3,MIXTO(A)
25,4,11,GUASAVE,2527,2,URBANO(A)
25,4,11,GUASAVE,2528,3,MIXTO(A)
25,4,11,GUASAVE,2529,4,RURAL
25,4,11,GUASAVE,2530,4,RURAL
25,4,11,GUASAVE,2531,2,URBANO(A)
25,4,11,GUASAVE,2532,3,MIXTO(A)
25,4,11,GUASAVE,2533,2,URBANO(A)
25,4,11,GUASAVE,2534,2,URBANO(A)
25,4,11,GUASAVE,2535,2,URBANO(A)
25,4,11,GUASAVE,2536,2,URBANO(A)
25,4,11,GUASAVE,2537,4,RURAL
25,4,11,GUASAVE,2538,4,RURAL
25,4,11,GUASAVE,2539,4,RURAL
25,6,12,MAZATLAN,2540,2,URBANO(A)
25,6,12,MAZATLAN,2541,2,URBANO(A)
25,6,12,MAZATLAN,2542,2,URBANO(A)
25,6,12,MAZATLAN,2543,2,URBANO(A)
25,6,12,MAZATLAN,2544,2,URBANO(A)
25,6,12,MAZATLAN,2545,2,URBANO(A)
25,6,12,MAZATLAN,2546,2,URBANO(A)
25,6,12,MAZATLAN,2547,2,URBANO(A)
25,6,12,MAZATLAN,2548,2,URBANO(A)
25,6,12,MAZATLAN,2549,2,URBANO(A)
25,6,12,MAZATLAN,2550,2,URBANO(A)
25,6,12,MAZATLAN,2551,2,URBANO(A)
25,6,12,MAZATLAN,2552,2,URBANO(A)
25,6,12,MAZATLAN,2553,2,URBANO(A)
25,6,12,MAZATLAN,2554,2,URBANO(A)
25,6,12,MAZATLAN,2555,2,URBANO(A)
25,6,12,MAZATLAN,2556,2,URBANO(A)
25,6,12,MAZATLAN,2557,2,URBANO(A)
25,6,12,MAZATLAN,2558,2,URBANO(A)
25,6,12,MAZATLAN,2559,2,URBANO(A)
25,6,12,MAZATLAN,2560,2,URBANO(A)
25,6,12,MAZATLAN,2561,2,URBANO(A)
25,6,12,MAZATLAN,2562,2,URBANO(A)
25,6,12,MAZATLAN,2563,2,URBANO(A)
25,6,12,MAZATLAN,2564,2,URBANO(A)
25,6,12,MAZATLAN,2565,2,URBANO(A)
25,6,12,MAZATLAN,2566,2,URBANO(A)
25,6,12,MAZATLAN,2567,2,URBANO(A)
25,6,12,MAZATLAN,2568,2,URBANO(A)
25,6,12,MAZATLAN,2569,2,URBANO(A)
25,6,12,MAZATLAN,2570,2,URBANO(A)
25,6,12,MAZATLAN,2571,2,URBANO(A)
25,6,12,MAZATLAN,2572,2,URBANO(A)
25,6,12,MAZATLAN,2573,2,URBANO(A)
25,6,12,MAZATLAN,2574,2,URBANO(A)
25,6,12,MAZATLAN,2575,2,URBANO(A)
25,6,12,MAZATLAN,2576,2,URBANO(A)
25,6,12,MAZATLAN,2577,2,URBANO(A)
25,6,12,MAZATLAN,2578,2,URBANO(A)
25,6,12,MAZATLAN,2579,2,URBANO(A)
25,6,12,MAZATLAN,2581,2,URBANO(A)
25,6,12,MAZATLAN,2582,2,URBANO(A)
25,6,12,MAZATLAN,2583,2,URBANO(A)
25,6,12,MAZATLAN,2584,2,URBANO(A)
25,6,12,MAZATLAN,2585,2,URBANO(A)
25,6,12,MAZATLAN,2586,2,URBANO(A)
25,6,12,MAZATLAN,2587,2,URBANO(A)
25,6,12,MAZATLAN,2588,2,URBANO(A)
25,6,12,MAZATLAN,2589,2,URBANO(A)
25,6,12,MAZATLAN,2590,2,URBANO(A)
25,6,12,MAZATLAN,2591,2,URBANO(A)
25,6,12,MAZATLAN,2592,2,URBANO(A)
25,6,12,MAZATLAN,2593,2,URBANO(A)
25,6,12,MAZATLAN,2594,2,URBANO(A)
25,6,12,MAZATLAN,2595,2,URBANO(A)
25,6,12,MAZATLAN,2596,2,URBANO(A)
25,6,12,MAZATLAN,2597,2,URBANO(A)
25,6,12,MAZATLAN,2598,2,URBANO(A)
25,6,12,MAZATLAN,2599,2,URBANO(A)
25,6,12,MAZATLAN,2600,2,URBANO(A)
25,1,12,MAZATLAN,2601,2,URBANO(A)
25,1,12,MAZATLAN,2602,2,URBANO(A)
25,1,12,MAZATLAN,2603,2,URBANO(A)
25,1,12,MAZATLAN,2604,2,URBANO(A)
25,1,12,MAZATLAN,2605,2,URBANO(A)
25,1,12,MAZATLAN,2606,2,URBANO(A)
25,1,12,MAZATLAN,2607,2,URBANO(A)
25,1,12,MAZATLAN,2608,2,URBANO(A)
25,1,12,MAZATLAN,2609,2,URBANO(A)
25,1,12,MAZATLAN,2610,2,URBANO(A)
25,1,12,MAZATLAN,2611,2,URBANO(A)
25,1,12,MAZATLAN,2612,2,URBANO(A)
25,1,12,MAZATLAN,2613,2,URBANO(A)
25,1,12,MAZATLAN,2614,2,URBANO(A)
25,1,12,MAZATLAN,2615,2,URBANO(A)
25,1,12,MAZATLAN,2616,3,MIXTO(A)
25,1,12,MAZATLAN,2617,2,URBANO(A)
25,1,12,MAZATLAN,2618,3,MIXTO(A)
25,1,12,MAZATLAN,2619,3,MIXTO(A)
25,1,12,MAZATLAN,2620,4,RURAL
25,1,12,MAZATLAN,2621,2,URBANO(A)
25,1,12,MAZATLAN,2622,2,URBANO(A)
25,1,12,MAZATLAN,2623,2,URBANO(A)
25,1,12,MAZATLAN,2624,4,RURAL
25,1,12,MAZATLAN,2625,4,RURAL
25,1,12,MAZATLAN,2626,4,RURAL
25,1,12,MAZATLAN,2627,4,RURAL
25,1,12,MAZATLAN,2628,2,URBANO(A)
25,1,12,MAZATLAN,2629,3,MIXTO(A)
25,1,12,MAZATLAN,2630,2,URBANO(A)
25,1,12,MAZATLAN,2631,2,URBANO(A)
25,1,12,MAZATLAN,2632,2,URBANO(A)
25,1,12,MAZATLAN,2633,2,URBANO(A)
25,1,12,MAZATLAN,2634,2,URBANO(A)
25,1,12,MAZATLAN,2635,4,RURAL
25,1,12,MAZATLAN,2636,4,RURAL
25,1,12,MAZATLAN,2637,4,RURAL
25,1,12,MAZATLAN,2638,2,URBANO(A)
25,1,12,MAZATLAN,2639,2,URBANO(A)
25,1,12,MAZATLAN,2640,2,URBANO(A)
25,1,12,MAZATLAN,2641,3,MIXTO(A)
25,1,12,MAZATLAN,2642,2,URBANO(A)
25,1,12,MAZATLAN,2643,2,URBANO(A)
25,1,12,MAZATLAN,2644,2,URBANO(A)
25,1,12,MAZATLAN,2645,2,URBANO(A)
25,1,12,MAZATLAN,2646,2,URBANO(A)
25,1,12,MAZATLAN,2647,2,URBANO(A)
25,1,12,MAZATLAN,2648,2,URBANO(A)
25,1,12,MAZATLAN,2649,2,URBANO(A)
25,1,12,MAZATLAN,2651,2,URBANO(A)
25,1,12,MAZATLAN,2652,2,URBANO(A)
25,1,12,MAZATLAN,2653,2,URBANO(A)
25,1,12,MAZATLAN,2654,2,URBANO(A)
25,1,12,MAZATLAN,2655,3,MIXTO(A)
25,1,12,MAZATLAN,2656,2,URBANO(A)
25,1,12,MAZATLAN,2657,3,MIXTO(A)
25,1,12,MAZATLAN,2658,4,RURAL
25,1,12,MAZATLAN,2659,4,RURAL
25,1,12,MAZATLAN,2660,4,RURAL
25,1,12,MAZATLAN,2661,2,URBANO(A)
25,1,12,MAZATLAN,2662,3,MIXTO(A)
25,1,12,MAZATLAN,2663,2,URBANO(A)
25,1,12,MAZATLAN,2664,2,URBANO(A)
25,1,12,MAZATLAN,2665,3,MIXTO(A)
25,1,12,MAZATLAN,2666,2,URBANO(A)
25,6,12,MAZATLAN,2667,2,URBANO(A)
25,6,12,MAZATLAN,2668,2,URBANO(A)
25,6,12,MAZATLAN,2669,2,URBANO(A)
25,6,12,MAZATLAN,2670,2,URBANO(A)
25,6,12,MAZATLAN,2671,2,URBANO(A)
25,6,12,MAZATLAN,2673,2,URBANO(A)
25,6,12,MAZATLAN,2674,2,URBANO(A)
25,6,12,MAZATLAN,2675,2,URBANO(A)
25,6,12,MAZATLAN,2676,2,URBANO(A)
25,6,12,MAZATLAN,2677,2,URBANO(A)
25,6,12,MAZATLAN,2678,2,URBANO(A)
25,6,12,MAZATLAN,2679,2,URBANO(A)
25,6,12,MAZATLAN,2680,2,URBANO(A)
25,6,12,MAZATLAN,2681,2,URBANO(A)
25,6,12,MAZATLAN,2682,2,URBANO(A)
25,6,12,MAZATLAN,2683,2,URBANO(A)
25,6,12,MAZATLAN,2684,2,URBANO(A)
25,6,12,MAZATLAN,2685,2,URBANO(A)
25,6,12,MAZATLAN,2686,2,URBANO(A)
25,6,12,MAZATLAN,2687,2,URBANO(A)
25,6,12,MAZATLAN,2688,2,URBANO(A)
25,6,12,MAZATLAN,2689,2,URBANO(A)
25,6,12,MAZATLAN,2690,2,URBANO(A)
25,6,12,MAZATLAN,2692,2,URBANO(A)
25,6,12,MAZATLAN,2693,2,URBANO(A)
25,6,12,MAZATLAN,2695,2,URBANO(A)
25,6,12,MAZATLAN,2696,2,URBANO(A)
25,6,12,MAZATLAN,2697,2,URBANO(A)
25,6,12,MAZATLAN,2698,2,URBANO(A)
25,6,12,MAZATLAN,2699,2,URBANO(A)
25,6,12,MAZATLAN,2700,2,URBANO(A)
25,6,12,MAZATLAN,2701,2,URBANO(A)
25,6,12,MAZATLAN,2702,2,URBANO(A)
25,6,12,MAZATLAN,2703,2,URBANO(A)
25,6,12,MAZATLAN,2704,2,URBANO(A)
25,6,12,MAZATLAN,2705,2,URBANO(A)
25,6,12,MAZATLAN,2706,2,URBANO(A)
25,6,12,MAZATLAN,2707,2,URBANO(A)
25,6,12,MAZATLAN,2708,2,URBANO(A)
25,6,12,MAZATLAN,2709,2,URBANO(A)
25,6,12,MAZATLAN,2710,2,URBANO(A)
25,1,12,MAZATLAN,2711,2,URBANO(A)
25,1,12,MAZATLAN,2712,2,URBANO(A)
25,1,12,MAZATLAN,2713,2,URBANO(A)
25,1,12,MAZATLAN,2714,2,URBANO(A)
25,1,12,MAZATLAN,2715,2,URBANO(A)
25,1,12,MAZATLAN,2716,2,URBANO(A)
25,1,12,MAZATLAN,2717,2,URBANO(A)
25,6,12,MAZATLAN,2718,2,URBANO(A)
25,6,12,MAZATLAN,2719,2,URBANO(A)
25,6,12,MAZATLAN,2720,2,URBANO(A)
25,6,12,MAZATLAN,2721,2,URBANO(A)
25,6,12,MAZATLAN,2722,2,URBANO(A)
25,6,12,MAZATLAN,2723,2,URBANO(A)
25,6,12,MAZATLAN,2724,2,URBANO(A)
25,6,12,MAZATLAN,2725,2,URBANO(A)
25,6,12,MAZATLAN,2726,2,URBANO(A)
25,6,12,MAZATLAN,2727,2,URBANO(A)
25,6,12,MAZATLAN,2728,2,URBANO(A)
25,6,12,MAZATLAN,2729,2,URBANO(A)
25,6,12,MAZATLAN,2730,2,URBANO(A)
25,6,12,MAZATLAN,2731,2,URBANO(A)
25,6,12,MAZATLAN,2732,2,URBANO(A)
25,6,12,MAZATLAN,2733,2,URBANO(A)
25,1,12,MAZATLAN,2734,2,URBANO(A)
25,1,12,MAZATLAN,2735,2,URBANO(A)
25,1,12,MAZATLAN,2736,2,URBANO(A)
25,1,12,MAZATLAN,2737,2,URBANO(A)
25,1,12,MAZATLAN,2738,2,URBANO(A)
25,1,12,MAZATLAN,2739,2,URBANO(A)
25,1,12,MAZATLAN,2740,2,URBANO(A)
25,1,12,MAZATLAN,2741,2,URBANO(A)
25,1,12,MAZATLAN,2742,2,URBANO(A)
25,1,12,MAZATLAN,2743,2,URBANO(A)
25,1,12,MAZATLAN,2744,2,URBANO(A)
25,1,12,MAZATLAN,2745,2,URBANO(A)
25,1,12,MAZATLAN,2746,2,URBANO(A)
25,1,12,MAZATLAN,2747,2,URBANO(A)
25,1,12,MAZATLAN,2748,2,URBANO(A)
25,1,12,MAZATLAN,2749,2,URBANO(A)
25,1,12,MAZATLAN,2750,2,URBANO(A)
25,1,12,MAZATLAN,2751,2,URBANO(A)
25,1,12,MAZATLAN,2752,2,URBANO(A)
25,1,12,MAZATLAN,2753,2,URBANO(A)
25,1,12,MAZATLAN,2754,2,URBANO(A)
25,1,12,MAZATLAN,2755,2,URBANO(A)
25,1,12,MAZATLAN,2756,2,URBANO(A)
25,1,12,MAZATLAN,2757,2,URBANO(A)
25,1,12,MAZATLAN,2758,2,URBANO(A)
25,1,12,MAZATLAN,2759,2,URBANO(A)
25,1,12,MAZATLAN,2760,2,URBANO(A)
25,1,12,MAZATLAN,2761,2,URBANO(A)
25,1,12,MAZATLAN,2762,2,URBANO(A)
25,1,12,MAZATLAN,2763,2,URBANO(A)
25,6,12,MAZATLAN,2764,2,URBANO(A)
25,6,12,MAZATLAN,2765,2,URBANO(A)
25,6,12,MAZATLAN,2766,2,URBANO(A)
25,6,12,MAZATLAN,2767,2,URBANO(A)
25,6,12,MAZATLAN,2768,2,URBANO(A)
25,6,12,MAZATLAN,2769,2,URBANO(A)
25,6,12,MAZATLAN,2770,2,URBANO(A)
25,6,12,MAZATLAN,2771,2,URBANO(A)
25,6,12,MAZATLAN,2772,2,URBANO(A)
25,6,12,MAZATLAN,2773,2,URBANO(A)
25,6,12,MAZATLAN,2774,2,URBANO(A)
25,6,12,MAZATLAN,2775,2,URBANO(A)
25,6,12,MAZATLAN,2776,2,URBANO(A)
25,6,12,MAZATLAN,2777,2,URBANO(A)
25,6,12,MAZATLAN,2778,2,URBANO(A)
25,6,12,MAZATLAN,2779,2,URBANO(A)
25,6,12,MAZATLAN,2780,2,URBANO(A)
25,6,12,MAZATLAN,2781,2,URBANO(A)
25,6,12,MAZATLAN,2782,2,URBANO(A)
25,1,12,MAZATLAN,2783,2,URBANO(A)
25,1,12,MAZATLAN,2784,2,URBANO(A)
25,1,12,MAZATLAN,2785,2,URBANO(A)
25,1,12,MAZATLAN,2786,2,URBANO(A)
25,1,12,MAZATLAN,2787,2,URBANO(A)
25,1,12,MAZATLAN,2788,2,URBANO(A)
25,1,12,MAZATLAN,2789,2,URBANO(A)
25,1,12,MAZATLAN,2790,2,URBANO(A)
25,1,12,MAZATLAN,2791,2,URBANO(A)
25,1,12,MAZATLAN,2792,2,URBANO(A)
25,1,12,MAZATLAN,2793,2,URBANO(A)
25,1,12,MAZATLAN,2794,2,URBANO(A)
25,1,12,MAZATLAN,2795,2,URBANO(A)
25,1,12,MAZATLAN,2796,2,URBANO(A)
25,1,12,MAZATLAN,2797,2,URBANO(A)
25,1,12,MAZATLAN,2798,2,URBANO(A)
25,1,12,MAZATLAN,2799,2,URBANO(A)
25,1,12,MAZATLAN,2800,2,URBANO(A)
25,1,12,MAZATLAN,2801,2,URBANO(A)
25,1,12,MAZATLAN,2802,2,URBANO(A)
25,1,12,MAZATLAN,2803,2,URBANO(A)
25,1,12,MAZATLAN,2804,2,URBANO(A)
25,1,12,MAZATLAN,2805,2,URBANO(A)
25,1,12,MAZATLAN,2806,2,URBANO(A)
25,1,12,MAZATLAN,2807,2,URBANO(A)
25,1,12,MAZATLAN,2809,2,URBANO(A)
25,1,12,MAZATLAN,2810,2,URBANO(A)
25,1,12,MAZATLAN,2811,2,URBANO(A)
25,1,12,MAZATLAN,2812,2,URBANO(A)
25,1,12,MAZATLAN,2813,2,URBANO(A)
25,1,12,MAZATLAN,2814,2,URBANO(A)
25,1,12,MAZATLAN,2815,2,URBANO(A)
25,1,12,MAZATLAN,2816,2,URBANO(A)
25,1,12,MAZATLAN,2817,2,URBANO(A)
25,1,12,MAZATLAN,2818,2,URBANO(A)
25,1,12,MAZATLAN,2819,2,URBANO(A)
25,1,12,MAZATLAN,2820,2,URBANO(A)
25,1,12,MAZATLAN,2821,2,URBANO(A)
25,1,12,MAZATLAN,2822,2,URBANO(A)
25,1,12,MAZATLAN,2823,2,URBANO(A)
25,1,12,MAZATLAN,2824,2,URBANO(A)
25,1,12,MAZATLAN,2825,2,URBANO(A)
25,1,12,MAZATLAN,2826,2,URBANO(A)
25,1,12,MAZATLAN,2827,2,URBANO(A)
25,1,12,MAZATLAN,2828,2,URBANO(A)
25,1,12,MAZATLAN,2829,2,URBANO(A)
25,1,12,MAZATLAN,2830,2,URBANO(A)
25,1,12,MAZATLAN,2831,2,URBANO(A)
25,1,12,MAZATLAN,2832,2,URBANO(A)
25,6,12,MAZATLAN,2833,2,URBANO(A)
25,1,12,MAZATLAN,2834,2,URBANO(A)
25,1,12,MAZATLAN,2835,2,URBANO(A)
25,1,12,MAZATLAN,2836,2,URBANO(A)
25,1,12,MAZATLAN,2837,2,URBANO(A)
25,1,12,MAZATLAN,2838,2,URBANO(A)
25,1,12,MAZATLAN,2839,2,URBANO(A)
25,1,12,MAZATLAN,2840,2,URBANO(A)
25,1,12,MAZATLAN,2841,2,URBANO(A)
25,1,12,MAZATLAN,2842,2,URBANO(A)
25,1,12,MAZATLAN,2843,2,URBANO(A)
25,1,12,MAZATLAN,2844,2,URBANO(A)
25,1,12,MAZATLAN,2845,2,URBANO(A)
25,1,12,MAZATLAN,2846,2,URBANO(A)
25,1,12,MAZATLAN,2847,2,URBANO(A)
25,1,12,MAZATLAN,2848,2,URBANO(A)
25,1,12,MAZATLAN,2849,2,URBANO(A)
25,1,12,MAZATLAN,2850,2,URBANO(A)
25,1,12,MAZATLAN,2851,2,URBANO(A)
25,1,12,MAZATLAN,2852,2,URBANO(A)
25,1,12,MAZATLAN,2853,2,URBANO(A)
25,1,12,MAZATLAN,2854,2,URBANO(A)
25,1,12,MAZATLAN,2855,2,URBANO(A)
25,1,12,MAZATLAN,2856,2,URBANO(A)
25,1,12,MAZATLAN,2857,2,URBANO(A)
25,1,12,MAZATLAN,2858,2,URBANO(A)
25,1,12,MAZATLAN,2859,2,URBANO(A)
25,1,12,MAZATLAN,2860,2,URBANO(A)
25,1,12,MAZATLAN,2861,2,URBANO(A)
25,1,12,MAZATLAN,2862,2,URBANO(A)
25,1,12,MAZATLAN,2863,2,URBANO(A)
25,6,12,MAZATLAN,2864,2,URBANO(A)
25,1,12,MAZATLAN,2865,2,URBANO(A)
25,1,12,MAZATLAN,2866,2,URBANO(A)
25,1,12,MAZATLAN,2867,2,URBANO(A)
25,1,12,MAZATLAN,2868,2,URBANO(A)
25,1,12,MAZATLAN,2869,2,URBANO(A)
25,1,12,MAZATLAN,2870,2,URBANO(A)
25,1,12,MAZATLAN,2871,2,URBANO(A)
25,1,12,MAZATLAN,2872,2,URBANO(A)
25,1,12,MAZATLAN,2873,2,URBANO(A)
25,1,12,MAZATLAN,2874,2,URBANO(A)
25,1,12,MAZATLAN,2875,2,URBANO(A)
25,1,12,MAZATLAN,2876,2,URBANO(A)
25,1,12,MAZATLAN,2877,2,URBANO(A)
25,1,12,MAZATLAN,2878,2,URBANO(A)
25,1,12,MAZATLAN,2879,2,URBANO(A)
25,1,12,MAZATLAN,2880,2,URBANO(A)
25,1,12,MAZATLAN,2881,2,URBANO(A)
25,1,12,MAZATLAN,2882,2,URBANO(A)
25,1,12,MAZATLAN,2883,2,URBANO(A)
25,1,12,MAZATLAN,2884,2,URBANO(A)
25,1,12,MAZATLAN,2885,2,URBANO(A)
25,1,12,MAZATLAN,2886,2,URBANO(A)
25,1,12,MAZATLAN,2887,2,URBANO(A)
25,1,12,MAZATLAN,2888,2,URBANO(A)
25,1,12,MAZATLAN,2889,2,URBANO(A)
25,1,12,MAZATLAN,2890,2,URBANO(A)
25,1,12,MAZATLAN,2891,2,URBANO(A)
25,1,12,MAZATLAN,2892,2,URBANO(A)
25,1,12,MAZATLAN,2893,2,URBANO(A)
25,1,12,MAZATLAN,2894,2,URBANO(A)
25,6,12,MAZATLAN,2895,2,URBANO(A)
25,6,12,MAZATLAN,2896,2,URBANO(A)
25,6,12,MAZATLAN,2897,2,URBANO(A)
25,1,12,MAZATLAN,2898,2,URBANO(A)
25,1,12,MAZATLAN,2899,2,URBANO(A)
25,1,12,MAZATLAN,2900,2,URBANO(A)
25,1,12,MAZATLAN,2901,2,URBANO(A)
25,1,12,MAZATLAN,2902,2,URBANO(A)
25,1,12,MAZATLAN,2903,2,URBANO(A)
25,1,12,MAZATLAN,2904,2,URBANO(A)
25,1,12,MAZATLAN,2905,2,URBANO(A)
25,1,12,MAZATLAN,2906,2,URBANO(A)
25,1,12,MAZATLAN,2907,2,URBANO(A)
25,1,12,MAZATLAN,2908,2,URBANO(A)
25,1,12,MAZATLAN,2909,2,URBANO(A)
25,1,12,MAZATLAN,2910,2,URBANO(A)
25,1,12,MAZATLAN,2911,2,URBANO(A)
25,1,12,MAZATLAN,2912,2,URBANO(A)
25,1,12,MAZATLAN,2913,2,URBANO(A)
25,6,12,MAZATLAN,2914,2,URBANO(A)
25,6,12,MAZATLAN,2915,2,URBANO(A)
25,6,12,MAZATLAN,2916,2,URBANO(A)
25,6,12,MAZATLAN,2917,2,URBANO(A)
25,6,12,MAZATLAN,2918,2,URBANO(A)
25,6,12,MAZATLAN,2919,2,URBANO(A)
25,1,12,MAZATLAN,2920,2,URBANO(A)
25,1,12,MAZATLAN,2921,2,URBANO(A)
25,1,12,MAZATLAN,2922,2,URBANO(A)
25,1,12,MAZATLAN,2923,2,URBANO(A)
25,1,12,MAZATLAN,2924,2,URBANO(A)
25,6,12,MAZATLAN,2925,2,URBANO(A)
25,6,12,MAZATLAN,2926,2,URBANO(A)
25,1,12,MAZATLAN,2927,2,URBANO(A)
25,1,12,MAZATLAN,2928,2,URBANO(A)
25,6,12,MAZATLAN,2929,2,URBANO(A)
25,6,12,MAZATLAN,2930,2,URBANO(A)
25,6,12,MAZATLAN,2931,2,URBANO(A)
25,6,12,MAZATLAN,2932,2,URBANO(A)
25,6,12,MAZATLAN,2933,2,URBANO(A)
25,6,12,MAZATLAN,2934,2,URBANO(A)
25,6,12,MAZATLAN,2935,2,URBANO(A)
25,6,12,MAZATLAN,2936,2,URBANO(A)
25,6,12,MAZATLAN,2937,2,URBANO(A)
25,6,12,MAZATLAN,2938,2,URBANO(A)
25,6,12,MAZATLAN,2939,2,URBANO(A)
25,6,12,MAZATLAN,2940,2,URBANO(A)
25,6,12,MAZATLAN,2941,2,URBANO(A)
25,6,12,MAZATLAN,2942,2,URBANO(A)
25,6,12,MAZATLAN,2943,2,URBANO(A)
25,6,12,MAZATLAN,2944,2,URBANO(A)
25,6,12,MAZATLAN,2945,2,URBANO(A)
25,6,12,MAZATLAN,2946,2,URBANO(A)
25,6,12,MAZATLAN,2947,2,URBANO(A)
25,1,12,MAZATLAN,2948,2,URBANO(A)
25,1,12,MAZATLAN,2949,2,URBANO(A)
25,1,12,MAZATLAN,2950,2,URBANO(A)
25,1,12,MAZATLAN,2951,2,URBANO(A)
25,1,12,MAZATLAN,2953,4,RURAL
25,1,12,MAZATLAN,2955,4,RURAL
25,1,12,MAZATLAN,2956,4,RURAL
25,6,12,MAZATLAN,2957,4,RURAL
25,6,12,MAZATLAN,2958,3,MIXTO(A)
25,6,12,MAZATLAN,2959,3,MIXTO(A)
25,6,12,MAZATLAN,2960,3,MIXTO(A)
25,6,12,MAZATLAN,2961,3,MIXTO(A)
25,6,12,MAZATLAN,2962,3,MIXTO(A)
25,6,12,MAZATLAN,2963,2,URBANO(A)
25,6,12,MAZATLAN,2964,4,RURAL
25,6,12,MAZATLAN,2965,4,RURAL
25,6,12,MAZATLAN,2966,3,MIXTO(A)
25,6,12,MAZATLAN,2967,3,MIXTO(A)
25,1,12,MAZATLAN,2968,4,RURAL
25,1,12,MAZATLAN,2969,4,RURAL
25,1,12,MAZATLAN,2970,4,RURAL
25,6,12,MAZATLAN,2971,4,RURAL
25,6,12,MAZATLAN,2973,4,RURAL
25,6,12,MAZATLAN,2974,4,RURAL
25,6,12,MAZATLAN,2975,4,RURAL
25,6,12,MAZATLAN,2976,4,RURAL
25,6,12,MAZATLAN,2977,4,RURAL
25,1,12,MAZATLAN,2978,4,RURAL
25,1,12,MAZATLAN,2979,3,MIXTO(A)
25,1,12,MAZATLAN,2982,4,RURAL
25,6,12,MAZATLAN,2983,4,RURAL
25,6,12,MAZATLAN,2984,3,MIXTO(A)
25,6,12,MAZATLAN,2985,3,MIXTO(A)
25,6,12,MAZATLAN,2987,3,MIXTO(A)
25,1,12,MAZATLAN,2989,3,MIXTO(A)
25,1,12,MAZATLAN,2990,4,RURAL
25,1,12,MAZATLAN,2991,4,RURAL
25,1,12,MAZATLAN,2992,4,RURAL
25,1,12,MAZATLAN,2993,2,URBANO(A)
25,1,12,MAZATLAN,2994,2,URBANO(A)
25,1,12,MAZATLAN,2996,2,URBANO(A)
25,3,13,MOCORITO,2997,2,URBANO(A)
25,3,13,MOCORITO,2999,2,URBANO(A)
25,3,13,MOCORITO,3000,2,URBANO(A)
25,3,13,MOCORITO,3001,2,URBANO(A)
25,3,13,MOCORITO,3002,2,URBANO(A)
25,3,13,MOCORITO,3003,2,URBANO(A)
25,3,13,MOCORITO,3004,2,URBANO(A)
25,3,13,MOCORITO,3005,2,URBANO(A)
25,3,13,MOCORITO,3006,2,URBANO(A)
25,3,13,MOCORITO,3007,2,URBANO(A)
25,3,13,MOCORITO,3008,2,URBANO(A)
25,3,13,MOCORITO,3009,2,URBANO(A)
25,3,13,MOCORITO,3010,4,RURAL
25,3,13,MOCORITO,3012,4,RURAL
25,3,13,MOCORITO,3014,2,URBANO(A)
25,3,13,MOCORITO,3015,3,MIXTO(A)
25,3,13,MOCORITO,3016,4,RURAL
25,3,13,MOCORITO,3017,4,RURAL
25,3,13,MOCORITO,3018,4,RURAL
25,3,13,MOCORITO,3020,4,RURAL
25,3,13,MOCORITO,3021,4,RURAL
25,3,13,MOCORITO,3022,4,RURAL
25,3,13,MOCORITO,3023,3,MIXTO(A)
25,3,13,MOCORITO,3024,2,URBANO(A)
25,3,13,MOCORITO,3025,2,URBANO(A)
25,3,13,MOCORITO,3026,3,MIXTO(A)
25,3,13,MOCORITO,3027,3,MIXTO(A)
25,3,13,MOCORITO,3028,4,RURAL
25,3,13,MOCORITO,3029,4,RURAL
25,3,13,MOCORITO,3031,2,URBANO(A)
25,3,13,MOCORITO,3032,3,MIXTO(A)
25,3,13,MOCORITO,3034,4,RURAL
25,3,13,MOCORITO,3035,4,RURAL
25,3,13,MOCORITO,3039,3,MIXTO(A)
25,3,13,MOCORITO,3040,2,URBANO(A)
25,3,13,MOCORITO,3041,2,URBANO(A)
25,3,13,MOCORITO,3042,3,MIXTO(A)
25,3,13,MOCORITO,3043,4,RURAL
25,3,13,MOCORITO,3046,4,RURAL
25,3,13,MOCORITO,3047,2,URBANO(A)
25,3,13,MOCORITO,3048,3,MIXTO(A)
25,3,13,MOCORITO,3050,4,RURAL
25,3,13,MOCORITO,3051,4,RURAL
25,3,13,MOCORITO,3052,4,RURAL
25,3,13,MOCORITO,3053,4,RURAL
25,3,13,MOCORITO,3054,4,RURAL
25,3,13,MOCORITO,3055,4,RURAL
25,3,13,MOCORITO,3057,3,MIXTO(A)
25,3,13,MOCORITO,3058,3,MIXTO(A)
25,3,13,MOCORITO,3059,4,RURAL
25,3,13,MOCORITO,3060,4,RURAL
25,3,13,MOCORITO,3061,4,RURAL
25,3,13,MOCORITO,3063,4,RURAL
25,3,13,MOCORITO,3065,2,URBANO(A)
25,3,13,MOCORITO,3066,2,URBANO(A)
25,3,13,MOCORITO,3067,2,URBANO(A)
25,3,13,MOCORITO,3068,2,URBANO(A)
25,3,13,MOCORITO,3069,3,MIXTO(A)
25,3,13,MOCORITO,3070,3,MIXTO(A)
25,3,13,MOCORITO,3071,3,MIXTO(A)
25,3,13,MOCORITO,3072,4,RURAL
25,3,13,MOCORITO,3075,4,RURAL
25,3,13,MOCORITO,3076,4,RURAL
25,3,13,MOCORITO,3079,4,RURAL
25,3,13,MOCORITO,3082,4,RURAL
25,3,13,MOCORITO,3083,4,RURAL
25,3,13,MOCORITO,3084,4,RURAL
25,3,13,MOCORITO,3086,4,RURAL
25,3,13,MOCORITO,3087,4,RURAL
25,3,13,MOCORITO,3088,4,RURAL
25,3,13,MOCORITO,3089,3,MIXTO(A)
25,3,13,MOCORITO,3090,3,MIXTO(A)
25,3,13,MOCORITO,3091,3,MIXTO(A)
25,3,13,MOCORITO,3092,4,RURAL
25,3,13,MOCORITO,3093,4,RURAL
25,3,13,MOCORITO,3094,4,RURAL
25,3,13,MOCORITO,3095,4,RURAL
25,3,13,MOCORITO,3096,3,MIXTO(A)
25,3,13,MOCORITO,3097,3,MIXTO(A)
25,3,13,MOCORITO,3098,2,URBANO(A)
25,3,13,MOCORITO,3099,3,MIXTO(A)
25,3,13,MOCORITO,3100,2,URBANO(A)
25,3,13,MOCORITO,3101,2,URBANO(A)
25,3,13,MOCORITO,3102,2,URBANO(A)
25,3,13,MOCORITO,3103,2,URBANO(A)
25,3,13,MOCORITO,3104,2,URBANO(A)
25,3,13,MOCORITO,3105,3,MIXTO(A)
25,3,13,MOCORITO,3106,2,URBANO(A)
25,3,13,MOCORITO,3107,3,MIXTO(A)
25,3,13,MOCORITO,3108,2,URBANO(A)
25,3,13,MOCORITO,3109,3,MIXTO(A)
25,3,13,MOCORITO,3111,4,RURAL
25,3,13,MOCORITO,3113,3,MIXTO(A)
25,3,13,MOCORITO,3114,2,URBANO(A)
25,3,13,MOCORITO,3115,3,MIXTO(A)
25,3,13,MOCORITO,3116,4,RURAL
25,3,13,MOCORITO,3117,4,RURAL
25,3,13,MOCORITO,3119,4,RURAL
25,3,13,MOCORITO,3120,3,MIXTO(A)
25,3,13,MOCORITO,3121,3,MIXTO(A)
25,3,13,MOCORITO,3122,2,URBANO(A)
25,3,13,MOCORITO,3123,2,URBANO(A)
25,3,13,MOCORITO,3124,2,URBANO(A)
25,3,13,MOCORITO,3125,3,MIXTO(A)
25,3,13,MOCORITO,3126,2,URBANO(A)
25,3,13,MOCORITO,3127,3,MIXTO(A)
25,3,13,MOCORITO,3128,3,MIXTO(A)
25,3,13,MOCORITO,3129,3,MIXTO(A)
25,3,13,MOCORITO,3130,4,RURAL
25,1,14,ROSARIO,3131,2,URBANO(A)
25,1,14,ROSARIO,3132,3,MIXTO(A)
25,1,14,ROSARIO,3133,2,URBANO(A)
25,1,14,ROSARIO,3134,3,MIXTO(A)
25,1,14,ROSARIO,3135,2,URBANO(A)
25,1,14,ROSARIO,3136,2,URBANO(A)
25,1,14,ROSARIO,3137,2,URBANO(A)
25,1,14,ROSARIO,3138,2,URBANO(A)
25,1,14,ROSARIO,3139,2,URBANO(A)
25,1,14,ROSARIO,3140,2,URBANO(A)
25,1,14,ROSARIO,3141,2,URBANO(A)
25,1,14,ROSARIO,3142,2,URBANO(A)
25,1,14,ROSARIO,3143,2,URBANO(A)
25,1,14,ROSARIO,3144,2,URBANO(A)
25,1,14,ROSARIO,3145,2,URBANO(A)
25,1,14,ROSARIO,3146,2,URBANO(A)
25,1,14,ROSARIO,3147,2,URBANO(A)
25,1,14,ROSARIO,3148,2,URBANO(A)
25,1,14,ROSARIO,3149,2,URBANO(A)
25,1,14,ROSARIO,3150,2,URBANO(A)
25,1,14,ROSARIO,3151,4,RURAL
25,1,14,ROSARIO,3152,4,RURAL
25,1,14,ROSARIO,3154,4,RURAL
25,1,14,ROSARIO,3155,4,RURAL
25,1,14,ROSARIO,3158,4,RURAL
25,1,14,ROSARIO,3159,4,RURAL
25,1,14,ROSARIO,3161,2,URBANO(A)
25,1,14,ROSARIO,3162,3,MIXTO(A)
25,1,14,ROSARIO,3163,3,MIXTO(A)
25,1,14,ROSARIO,3164,3,MIXTO(A)
25,1,14,ROSARIO,3165,4,RURAL
25,1,14,ROSARIO,3166,4,RURAL
25,1,14,ROSARIO,3167,4,RURAL
25,1,14,ROSARIO,3168,4,RURAL
25,1,14,ROSARIO,3169,4,RURAL
25,1,14,ROSARIO,3170,4,RURAL
25,1,14,ROSARIO,3171,4,RURAL
25,1,14,ROSARIO,3172,4,RURAL
25,1,14,ROSARIO,3173,4,RURAL
25,1,14,ROSARIO,3174,4,RURAL
25,1,14,ROSARIO,3175,4,RURAL
25,1,14,ROSARIO,3177,3,MIXTO(A)
25,1,14,ROSARIO,3178,3,MIXTO(A)
25,1,14,ROSARIO,3179,4,RURAL
25,1,14,ROSARIO,3180,4,RURAL
25,1,14,ROSARIO,3181,4,RURAL
25,1,14,ROSARIO,3182,4,RURAL
25,1,14,ROSARIO,3183,4,RURAL
25,1,14,ROSARIO,3184,4,RURAL
25,1,14,ROSARIO,3185,4,RURAL
25,1,14,ROSARIO,3186,4,RURAL
25,1,14,ROSARIO,3187,4,RURAL
25,1,14,ROSARIO,3188,4,RURAL
25,1,14,ROSARIO,3189,4,RURAL
25,1,14,ROSARIO,3190,4,RURAL
25,1,14,ROSARIO,3191,4,RURAL
25,1,14,ROSARIO,3192,4,RURAL
25,1,14,ROSARIO,3193,4,RURAL
25,1,14,ROSARIO,3194,4,RURAL
25,1,14,ROSARIO,3195,4,RURAL
25,1,14,ROSARIO,3196,4,RURAL
25,1,14,ROSARIO,3199,4,RURAL
25,1,14,ROSARIO,3200,4,RURAL
25,1,14,ROSARIO,3201,3,MIXTO(A)
25,1,14,ROSARIO,3202,2,URBANO(A)
25,1,14,ROSARIO,3203,2,URBANO(A)
25,1,14,ROSARIO,3204,2,URBANO(A)
25,1,14,ROSARIO,3205,2,URBANO(A)
25,1,14,ROSARIO,3206,2,URBANO(A)
25,1,14,ROSARIO,3207,4,RURAL
25,1,14,ROSARIO,3208,4,RURAL
25,1,14,ROSARIO,3209,2,URBANO(A)
25,1,14,ROSARIO,3210,2,URBANO(A)
25,1,14,ROSARIO,3211,2,URBANO(A)
25,1,14,ROSARIO,3212,2,URBANO(A)
25,1,14,ROSARIO,3213,2,URBANO(A)
25,1,14,ROSARIO,3214,3,MIXTO(A)
25,1,14,ROSARIO,3215,2,URBANO(A)
25,1,14,ROSARIO,3216,3,MIXTO(A)
25,1,14,ROSARIO,3217,2,URBANO(A)
25,1,14,ROSARIO,3218,2,URBANO(A)
25,1,14,ROSARIO,3219,2,URBANO(A)
25,3,15,SALVADOR ALVARADO,3220,2,URBANO(A)
25,3,15,SALVADOR ALVARADO,3221,2,URBANO(A)
25,3,15,SALVADOR ALVARADO,3222,3,MIXTO(A)
25,3,15,SALVADOR ALVARADO,3223,2,URBANO(A)
25,3,15,SALVADOR ALVARADO,3224,2,URBANO(A)
25,3,15,SALVADOR ALVARADO,3225,2,URBANO(A)
25,3,15,SALVADOR ALVARADO,3226,2,URBANO(A)
25,3,15,SALVADOR ALVARADO,3227,2,URBANO(A)
25,3,15,SALVADOR ALVARADO,3228,2,URBANO(A)
25,3,15,SALVADOR ALVARADO,3229,2,URBANO(A)
25,3,15,SALVADOR ALVARADO,3230,2,URBANO(A)
25,3,15,SALVADOR ALVARADO,3231,2,URBANO(A)
25,3,15,SALVADOR ALVARADO,3232,2,URBANO(A)
25,3,15,SALVADOR ALVARADO,3233,2,URBANO(A)
25,3,15,SALVADOR ALVARADO,3234,2,URBANO(A)
25,3,15,SALVADOR ALVARADO,3235,2,URBANO(A)
25,3,15,SALVADOR ALVARADO,3236,2,URBANO(A)
25,3,15,SALVADOR ALVARADO,3237,2,URBANO(A)
25,3,15,SALVADOR ALVARADO,3238,2,URBANO(A)
25,3,15,SALVADOR ALVARADO,3239,2,URBANO(A)
25,3,15,SALVADOR ALVARADO,3241,2,URBANO(A)
25,3,15,SALVADOR ALVARADO,3242,2,URBANO(A)
25,3,15,SALVADOR ALVARADO,3243,2,URBANO(A)
25,3,15,SALVADOR ALVARADO,3244,2,URBANO(A)
25,3,15,SALVADOR ALVARADO,3245,2,URBANO(A)
25,3,15,SALVADOR ALVARADO,3246,2,URBANO(A)
25,3,15,SALVADOR ALVARADO,3247,2,URBANO(A)
25,3,15,SALVADOR ALVARADO,3248,2,URBANO(A)
25,3,15,SALVADOR ALVARADO,3249,2,URBANO(A)
25,3,15,SALVADOR ALVARADO,3250,2,URBANO(A)
25,3,15,SALVADOR ALVARADO,3251,2,URBANO(A)
25,3,15,SALVADOR ALVARADO,3252,2,URBANO(A)
25,3,15,SALVADOR ALVARADO,3253,2,URBANO(A)
25,3,15,SALVADOR ALVARADO,3254,2,URBANO(A)
25,3,15,SALVADOR ALVARADO,3255,2,URBANO(A)
25,3,15,SALVADOR ALVARADO,3256,2,URBANO(A)
25,3,15,SALVADOR ALVARADO,3257,2,URBANO(A)
25,3,15,SALVADOR ALVARADO,3258,2,URBANO(A)
25,3,15,SALVADOR ALVARADO,3259,2,URBANO(A)
25,3,15,SALVADOR ALVARADO,3260,2,URBANO(A)
25,3,15,SALVADOR ALVARADO,3262,2,URBANO(A)
25,3,15,SALVADOR ALVARADO,3263,2,URBANO(A)
25,3,15,SALVADOR ALVARADO,3265,2,URBANO(A)
25,3,15,SALVADOR ALVARADO,3267,2,URBANO(A)
25,3,15,SALVADOR ALVARADO,3268,2,URBANO(A)
25,3,15,SALVADOR ALVARADO,3269,2,URBANO(A)
25,3,15,SALVADOR ALVARADO,3270,2,URBANO(A)
25,3,15,SALVADOR ALVARADO,3271,2,URBANO(A)
25,3,15,SALVADOR ALVARADO,3272,2,URBANO(A)
25,3,15,SALVADOR ALVARADO,3273,2,URBANO(A)
25,3,15,SALVADOR ALVARADO,3274,2,URBANO(A)
25,3,15,SALVADOR ALVARADO,3275,2,URBANO(A)
25,3,15,SALVADOR ALVARADO,3276,2,URBANO(A)
25,3,15,SALVADOR ALVARADO,3277,2,URBANO(A)
25,3,15,SALVADOR ALVARADO,3278,2,URBANO(A)
25,3,15,SALVADOR ALVARADO,3279,2,URBANO(A)
25,3,15,SALVADOR ALVARADO,3280,2,URBANO(A)
25,3,15,SALVADOR ALVARADO,3281,2,URBANO(A)
25,3,15,SALVADOR ALVARADO,3282,2,URBANO(A)
25,3,15,SALVADOR ALVARADO,3283,2,URBANO(A)
25,3,15,SALVADOR ALVARADO,3284,2,URBANO(A)
25,3,15,SALVADOR ALVARADO,3285,2,URBANO(A)
25,3,15,SALVADOR ALVARADO,3286,2,URBANO(A)
25,3,15,SALVADOR ALVARADO,3287,2,URBANO(A)
25,3,15,SALVADOR ALVARADO,3288,2,URBANO(A)
25,3,15,SALVADOR ALVARADO,3289,2,URBANO(A)
25,3,15,SALVADOR ALVARADO,3290,2,URBANO(A)
25,3,15,SALVADOR ALVARADO,3291,2,URBANO(A)
25,3,15,SALVADOR ALVARADO,3292,2,URBANO(A)
25,3,15,SALVADOR ALVARADO,3293,2,URBANO(A)
25,3,15,SALVADOR ALVARADO,3294,2,URBANO(A)
25,3,15,SALVADOR ALVARADO,3295,2,URBANO(A)
25,3,15,SALVADOR ALVARADO,3296,2,URBANO(A)
25,3,15,SALVADOR ALVARADO,3297,2,URBANO(A)
25,3,15,SALVADOR ALVARADO,3298,2,URBANO(A)
25,3,15,SALVADOR ALVARADO,3299,2,URBANO(A)
25,3,15,SALVADOR ALVARADO,3300,2,URBANO(A)
25,3,15,SALVADOR ALVARADO,3301,2,URBANO(A)
25,3,15,SALVADOR ALVARADO,3302,2,URBANO(A)
25,3,15,SALVADOR ALVARADO,3303,2,URBANO(A)
25,3,15,SALVADOR ALVARADO,3304,2,URBANO(A)
25,3,15,SALVADOR ALVARADO,3305,2,URBANO(A)
25,3,15,SALVADOR ALVARADO,3306,2,URBANO(A)
25,3,15,SALVADOR ALVARADO,3307,2,URBANO(A)
25,3,15,SALVADOR ALVARADO,3308,2,URBANO(A)
25,3,15,SALVADOR ALVARADO,3309,2,URBANO(A)
25,3,15,SALVADOR ALVARADO,3310,2,URBANO(A)
25,3,15,SALVADOR ALVARADO,3311,2,URBANO(A)
25,3,15,SALVADOR ALVARADO,3312,2,URBANO(A)
25,3,15,SALVADOR ALVARADO,3313,2,URBANO(A)
25,3,15,SALVADOR ALVARADO,3314,3,MIXTO(A)
25,3,15,SALVADOR ALVARADO,3315,2,URBANO(A)
25,3,15,SALVADOR ALVARADO,3316,2,URBANO(A)
25,3,15,SALVADOR ALVARADO,3317,2,URBANO(A)
25,3,15,SALVADOR ALVARADO,3318,2,URBANO(A)
25,3,15,SALVADOR ALVARADO,3319,2,URBANO(A)
25,3,15,SALVADOR ALVARADO,3320,2,URBANO(A)
25,3,15,SALVADOR ALVARADO,3321,2,URBANO(A)
25,3,15,SALVADOR ALVARADO,3322,2,URBANO(A)
25,3,15,SALVADOR ALVARADO,3323,2,URBANO(A)
25,3,15,SALVADOR ALVARADO,3324,3,MIXTO(A)
25,3,15,SALVADOR ALVARADO,3325,4,RURAL
25,3,15,SALVADOR ALVARADO,3326,4,RURAL
25,3,15,SALVADOR ALVARADO,3327,4,RURAL
25,3,15,SALVADOR ALVARADO,3328,4,RURAL
25,3,15,SALVADOR ALVARADO,3329,3,MIXTO(A)
25,3,15,SALVADOR ALVARADO,3330,3,MIXTO(A)
25,3,15,SALVADOR ALVARADO,3331,4,RURAL
25,3,15,SALVADOR ALVARADO,3332,2,URBANO(A)
25,3,15,SALVADOR ALVARADO,3333,2,URBANO(A)
25,3,15,SALVADOR ALVARADO,3334,4,RURAL
25,3,15,SALVADOR ALVARADO,3335,4,RURAL
25,3,15,SALVADOR ALVARADO,3336,2,URBANO(A)
25,3,15,SALVADOR ALVARADO,3337,2,URBANO(A)
25,3,15,SALVADOR ALVARADO,3338,2,URBANO(A)
25,3,15,SALVADOR ALVARADO,3339,2,URBANO(A)
25,3,15,SALVADOR ALVARADO,3340,2,URBANO(A)
25,3,15,SALVADOR ALVARADO,3341,2,URBANO(A)
25,3,15,SALVADOR ALVARADO,3342,2,URBANO(A)
25,3,15,SALVADOR ALVARADO,3343,3,MIXTO(A)
25,3,15,SALVADOR ALVARADO,3344,2,URBANO(A)
25,3,15,SALVADOR ALVARADO,3345,2,URBANO(A)
25,3,15,SALVADOR ALVARADO,3346,2,URBANO(A)
25,3,15,SALVADOR ALVARADO,3347,2,URBANO(A)
25,3,15,SALVADOR ALVARADO,3348,3,MIXTO(A)
25,3,15,SALVADOR ALVARADO,3349,2,URBANO(A)
25,3,15,SALVADOR ALVARADO,3350,4,RURAL
25,3,15,SALVADOR ALVARADO,3351,3,MIXTO(A)
25,3,15,SALVADOR ALVARADO,3352,3,MIXTO(A)
25,3,15,SALVADOR ALVARADO,3353,3,MIXTO(A)
25,3,15,SALVADOR ALVARADO,3354,2,URBANO(A)
25,3,15,SALVADOR ALVARADO,3355,4,RURAL
25,3,15,SALVADOR ALVARADO,3356,4,RURAL
25,3,15,SALVADOR ALVARADO,3357,4,RURAL
25,3,15,SALVADOR ALVARADO,3358,4,RURAL
25,3,15,SALVADOR ALVARADO,3359,4,RURAL
25,3,15,SALVADOR ALVARADO,3360,4,RURAL
25,3,15,SALVADOR ALVARADO,3361,4,RURAL
25,3,15,SALVADOR ALVARADO,3362,4,RURAL
25,3,15,SALVADOR ALVARADO,3363,4,RURAL
25,3,15,SALVADOR ALVARADO,3365,4,RURAL
25,3,15,SALVADOR ALVARADO,3366,4,RURAL
25,3,15,SALVADOR ALVARADO,3367,4,RURAL
25,3,15,SALVADOR ALVARADO,3368,4,RURAL
25,6,16,SAN IGNACIO,3370,3,MIXTO(A)
25,6,16,SAN IGNACIO,3371,3,MIXTO(A)
25,6,16,SAN IGNACIO,3372,3,MIXTO(A)
25,6,16,SAN IGNACIO,3373,2,URBANO(A)
25,6,16,SAN IGNACIO,3374,2,URBANO(A)
25,6,16,SAN IGNACIO,3379,4,RURAL
25,6,16,SAN IGNACIO,3382,4,RURAL
25,6,16,SAN IGNACIO,3383,4,RURAL
25,6,16,SAN IGNACIO,3384,4,RURAL
25,6,16,SAN IGNACIO,3385,4,RURAL
25,6,16,SAN IGNACIO,3387,4,RURAL
25,6,16,SAN IGNACIO,3392,4,RURAL
25,6,16,SAN IGNACIO,3393,4,RURAL
25,6,16,SAN IGNACIO,3394,4,RURAL
25,6,16,SAN IGNACIO,3395,4,RURAL
25,6,16,SAN IGNACIO,3396,4,RURAL
25,6,16,SAN IGNACIO,3397,4,RURAL
25,6,16,SAN IGNACIO,3398,4,RURAL
25,6,16,SAN IGNACIO,3399,4,RURAL
25,6,16,SAN IGNACIO,3400,4,RURAL
25,6,16,SAN IGNACIO,3401,3,MIXTO(A)
25,6,16,SAN IGNACIO,3402,3,MIXTO(A)
25,6,16,SAN IGNACIO,3403,2,URBANO(A)
25,6,16,SAN IGNACIO,3404,4,RURAL
25,6,16,SAN IGNACIO,3405,4,RURAL
25,6,16,SAN IGNACIO,3406,4,RURAL
25,6,16,SAN IGNACIO,3407,4,RURAL
25,6,16,SAN IGNACIO,3408,4,RURAL
25,6,16,SAN IGNACIO,3409,3,MIXTO(A)
25,6,16,SAN IGNACIO,3410,3,MIXTO(A)
25,6,16,SAN IGNACIO,3411,4,RURAL
25,6,16,SAN IGNACIO,3412,2,URBANO(A)
25,6,16,SAN IGNACIO,3413,2,URBANO(A)
25,6,16,SAN IGNACIO,3414,2,URBANO(A)
25,6,16,SAN IGNACIO,3415,2,URBANO(A)
25,6,16,SAN IGNACIO,3416,3,MIXTO(A)
25,6,16,SAN IGNACIO,3417,4,RURAL
25,6,16,SAN IGNACIO,3418,4,RURAL
25,6,16,SAN IGNACIO,3419,4,RURAL
25,3,17,SINALOA,3420,2,URBANO(A)
25,3,17,SINALOA,3421,2,URBANO(A)
25,3,17,SINALOA,3422,2,URBANO(A)
25,3,17,SINALOA,3423,2,URBANO(A)
25,3,17,SINALOA,3424,2,URBANO(A)
25,3,17,SINALOA,3425,2,URBANO(A)
25,3,17,SINALOA,3426,4,RURAL
25,3,17,SINALOA,3427,4,RURAL
25,3,17,SINALOA,3429,4,RURAL
25,3,17,SINALOA,3430,4,RURAL
25,3,17,SINALOA,3431,4,RURAL
25,3,17,SINALOA,3432,4,RURAL
25,3,17,SINALOA,3433,4,RURAL
25,3,17,SINALOA,3434,4,RURAL
25,3,17,SINALOA,3435,4,RURAL
25,3,17,SINALOA,3436,4,RURAL
25,3,17,SINALOA,3439,4,RURAL
25,3,17,SINALOA,3441,4,RURAL
25,3,17,SINALOA,3446,4,RURAL
25,3,17,SINALOA,3447,4,RURAL
25,3,17,SINALOA,3448,4,RURAL
25,3,17,SINALOA,3450,4,RURAL
25,3,17,SINALOA,3451,2,URBANO(A)
25,3,17,SINALOA,3452,3,MIXTO(A)
25,3,17,SINALOA,3453,4,RURAL
25,3,17,SINALOA,3455,4,RURAL
25,3,17,SINALOA,3456,4,RURAL
25,3,17,SINALOA,3459,4,RURAL
25,3,17,SINALOA,3461,4,RURAL
25,3,17,SINALOA,3464,4,RURAL
25,3,17,SINALOA,3465,4,RURAL
25,3,17,SINALOA,3466,4,RURAL
25,3,17,SINALOA,3467,4,RURAL
25,3,17,SINALOA,3468,4,RURAL
25,3,17,SINALOA,3469,4,RURAL
25,3,17,SINALOA,3470,4,RURAL
25,3,17,SINALOA,3471,4,RURAL
25,3,17,SINALOA,3472,4,RURAL
25,3,17,SINALOA,3473,4,RURAL
25,3,17,SINALOA,3474,4,RURAL
25,3,17,SINALOA,3475,4,RURAL
25,3,17,SINALOA,3476,3,MIXTO(A)
25,3,17,SINALOA,3478,2,URBANO(A)
25,3,17,SINALOA,3479,2,URBANO(A)
25,3,17,SINALOA,3480,2,URBANO(A)
25,3,17,SINALOA,3481,2,URBANO(A)
25,3,17,SINALOA,3482,2,URBANO(A)
25,3,17,SINALOA,3483,4,RURAL
25,3,17,SINALOA,3484,4,RURAL
25,3,17,SINALOA,3485,4,RURAL
25,3,17,SINALOA,3486,4,RURAL
25,3,17,SINALOA,3487,4,RURAL
25,3,17,SINALOA,3488,2,URBANO(A)
25,3,17,SINALOA,3489,2,URBANO(A)
25,3,17,SINALOA,3490,2,URBANO(A)
25,3,17,SINALOA,3491,4,RURAL
25,3,17,SINALOA,3492,4,RURAL
25,3,17,SINALOA,3493,4,RURAL
25,3,17,SINALOA,3494,4,RURAL
25,3,17,SINALOA,3496,4,RURAL
25,3,17,SINALOA,3497,4,RURAL
25,3,17,SINALOA,3498,4,RURAL
25,3,17,SINALOA,3499,4,RURAL
25,3,17,SINALOA,3500,4,RURAL
25,3,17,SINALOA,3501,4,RURAL
25,3,17,SINALOA,3502,4,RURAL
25,3,17,SINALOA,3503,4,RURAL
25,3,17,SINALOA,3504,4,RURAL
25,3,17,SINALOA,3505,4,RURAL
25,3,17,SINALOA,3506,4,RURAL
25,3,17,SINALOA,3507,4,RURAL
25,3,17,SINALOA,3508,4,RURAL
25,3,17,SINALOA,3509,4,RURAL
25,3,17,SINALOA,3510,4,RURAL
25,3,17,SINALOA,3511,4,RURAL
25,3,17,SINALOA,3512,4,RURAL
25,3,20,JUAN JOSE RIOS,3513,4,RURAL
25,3,17,SINALOA,3514,4,RURAL
25,3,17,SINALOA,3515,4,RURAL
25,3,17,SINALOA,3516,4,RURAL
25,3,17,SINALOA,3517,4,RURAL
25,3,17,SINALOA,3518,2,URBANO(A)
25,3,17,SINALOA,3519,2,URBANO(A)
25,3,17,SINALOA,3520,2,URBANO(A)
25,3,17,SINALOA,3521,2,URBANO(A)
25,3,17,SINALOA,3522,2,URBANO(A)
25,3,17,SINALOA,3523,2,URBANO(A)
25,3,17,SINALOA,3524,2,URBANO(A)
25,3,17,SINALOA,3525,2,URBANO(A)
25,3,17,SINALOA,3526,2,URBANO(A)
25,3,17,SINALOA,3527,2,URBANO(A)
25,3,17,SINALOA,3528,4,RURAL
25,3,17,SINALOA,3529,3,MIXTO(A)
25,3,17,SINALOA,3530,4,RURAL
25,3,17,SINALOA,3532,2,URBANO(A)
25,3,17,SINALOA,3533,3,MIXTO(A)
25,3,17,SINALOA,3534,4,RURAL
25,3,17,SINALOA,3535,4,RURAL
25,3,17,SINALOA,3536,4,RURAL
25,3,17,SINALOA,3537,4,RURAL
25,3,17,SINALOA,3538,4,RURAL
25,3,17,SINALOA,3539,4,RURAL
25,3,17,SINALOA,3540,4,RURAL
25,3,17,SINALOA,3541,4,RURAL
25,3,17,SINALOA,3542,3,MIXTO(A)
25,3,17,SINALOA,3543,3,MIXTO(A)
25,3,17,SINALOA,3544,3,MIXTO(A)
25,3,17,SINALOA,3545,4,RURAL
25,3,17,SINALOA,3546,4,RURAL
25,3,17,SINALOA,3547,4,RURAL
25,3,17,SINALOA,3548,4,RURAL
25,3,17,SINALOA,3549,4,RURAL
25,3,17,SINALOA,3550,4,RURAL
25,3,17,SINALOA,3551,4,RURAL
25,3,17,SINALOA,3552,4,RURAL
25,3,17,SINALOA,3553,4,RURAL
25,3,17,SINALOA,3554,4,RURAL
25,3,17,SINALOA,3555,4,RURAL
25,3,17,SINALOA,3556,4,RURAL
25,3,17,SINALOA,3557,4,RURAL
25,3,17,SINALOA,3558,4,RURAL
25,3,17,SINALOA,3559,4,RURAL
25,3,17,SINALOA,3560,4,RURAL
25,3,17,SINALOA,3561,4,RURAL
25,3,17,SINALOA,3562,4,RURAL
25,3,17,SINALOA,3563,4,RURAL
25,3,17,SINALOA,3564,2,URBANO(A)
25,3,17,SINALOA,3565,3,MIXTO(A)
25,3,17,SINALOA,3566,3,MIXTO(A)
25,3,17,SINALOA,3567,4,RURAL
25,3,17,SINALOA,3568,4,RURAL
25,3,17,SINALOA,3569,4,RURAL
25,3,17,SINALOA,3570,4,RURAL
25,3,17,SINALOA,3571,4,RURAL
25,3,17,SINALOA,3572,4,RURAL
25,3,17,SINALOA,3573,4,RURAL
25,3,17,SINALOA,3575,4,RURAL
25,3,17,SINALOA,3576,4,RURAL
25,3,17,SINALOA,3577,2,URBANO(A)
25,3,17,SINALOA,3578,2,URBANO(A)
25,3,17,SINALOA,3579,2,URBANO(A)
25,3,17,SINALOA,3580,2,URBANO(A)
25,3,17,SINALOA,3581,2,URBANO(A)
25,3,17,SINALOA,3582,2,URBANO(A)
25,3,17,SINALOA,3583,2,URBANO(A)
25,3,17,SINALOA,3584,3,MIXTO(A)
25,3,17,SINALOA,3585,4,RURAL
25,3,17,SINALOA,3586,4,RURAL
25,3,17,SINALOA,3587,4,RURAL
25,3,17,SINALOA,3588,4,RURAL
25,3,17,SINALOA,3589,4,RURAL
25,3,17,SINALOA,3590,4,RURAL
25,3,17,SINALOA,3591,2,URBANO(A)
25,3,17,SINALOA,3592,2,URBANO(A)
25,3,17,SINALOA,3593,2,URBANO(A)
25,3,17,SINALOA,3594,2,URBANO(A)
25,3,17,SINALOA,3595,4,RURAL
25,3,17,SINALOA,3596,4,RURAL
25,3,17,SINALOA,3597,4,RURAL
25,3,17,SINALOA,3598,4,RURAL
25,3,17,SINALOA,3599,4,RURAL
25,3,17,SINALOA,3600,4,RURAL
25,3,17,SINALOA,3601,4,RURAL
25,3,17,SINALOA,3602,4,RURAL
25,3,17,SINALOA,3603,4,RURAL
25,3,17,SINALOA,3604,4,RURAL
25,3,17,SINALOA,3605,4,RURAL
25,3,17,SINALOA,3606,4,RURAL
25,3,17,SINALOA,3607,4,RURAL
25,3,17,SINALOA,3608,3,MIXTO(A)
25,3,17,SINALOA,3609,3,MIXTO(A)
25,3,17,SINALOA,3610,2,URBANO(A)
25,3,17,SINALOA,3611,2,URBANO(A)
25,3,17,SINALOA,3612,2,URBANO(A)
25,3,17,SINALOA,3613,4,RURAL
25,3,18,NAVOLATO,3614,2,URBANO(A)
25,3,18,NAVOLATO,3615,2,URBANO(A)
25,3,18,NAVOLATO,3616,2,URBANO(A)
25,3,18,NAVOLATO,3617,2,URBANO(A)
25,3,18,NAVOLATO,3618,2,URBANO(A)
25,3,18,NAVOLATO,3619,2,URBANO(A)
25,3,18,NAVOLATO,3620,2,URBANO(A)
25,3,18,NAVOLATO,3621,2,URBANO(A)
25,3,18,NAVOLATO,3622,2,URBANO(A)
25,3,18,NAVOLATO,3623,2,URBANO(A)
25,3,18,NAVOLATO,3624,2,URBANO(A)
25,3,18,NAVOLATO,3625,2,URBANO(A)
25,3,18,NAVOLATO,3626,2,URBANO(A)
25,3,18,NAVOLATO,3627,2,URBANO(A)
25,3,18,NAVOLATO,3628,2,URBANO(A)
25,3,18,NAVOLATO,3629,2,URBANO(A)
25,3,18,NAVOLATO,3631,2,URBANO(A)
25,3,18,NAVOLATO,3632,2,URBANO(A)
25,3,18,NAVOLATO,3633,2,URBANO(A)
25,3,18,NAVOLATO,3634,2,URBANO(A)
25,3,18,NAVOLATO,3635,2,URBANO(A)
25,3,18,NAVOLATO,3636,2,URBANO(A)
25,3,18,NAVOLATO,3637,2,URBANO(A)
25,3,18,NAVOLATO,3638,2,URBANO(A)
25,3,18,NAVOLATO,3639,2,URBANO(A)
25,3,18,NAVOLATO,3640,2,URBANO(A)
25,3,18,NAVOLATO,3641,2,URBANO(A)
25,3,18,NAVOLATO,3642,2,URBANO(A)
25,3,18,NAVOLATO,3643,2,URBANO(A)
25,3,18,NAVOLATO,3644,2,URBANO(A)
25,3,18,NAVOLATO,3645,2,URBANO(A)
25,3,18,NAVOLATO,3646,3,MIXTO(A)
25,3,18,NAVOLATO,3647,2,URBANO(A)
25,3,18,NAVOLATO,3648,4,RURAL
25,3,18,NAVOLATO,3649,4,RURAL
25,3,18,NAVOLATO,3650,4,RURAL
25,3,18,NAVOLATO,3651,2,URBANO(A)
25,3,18,NAVOLATO,3652,3,MIXTO(A)
25,3,18,NAVOLATO,3653,2,URBANO(A)
25,3,18,NAVOLATO,3654,3,MIXTO(A)
25,3,18,NAVOLATO,3655,4,RURAL
25,3,18,NAVOLATO,3656,4,RURAL
25,3,18,NAVOLATO,3657,4,RURAL
25,3,18,NAVOLATO,3658,4,RURAL
25,3,18,NAVOLATO,3659,2,URBANO(A)
25,3,18,NAVOLATO,3660,3,MIXTO(A)
25,3,18,NAVOLATO,3661,4,RURAL
25,3,18,NAVOLATO,3662,4,RURAL
25,3,18,NAVOLATO,3663,2,URBANO(A)
25,3,18,NAVOLATO,3664,3,MIXTO(A)
25,3,18,NAVOLATO,3665,2,URBANO(A)
25,3,18,NAVOLATO,3666,2,URBANO(A)
25,3,18,NAVOLATO,3667,2,URBANO(A)
25,3,18,NAVOLATO,3668,2,URBANO(A)
25,3,18,NAVOLATO,3669,2,URBANO(A)
25,3,18,NAVOLATO,3670,2,URBANO(A)
25,3,18,NAVOLATO,3671,2,URBANO(A)
25,3,18,NAVOLATO,3672,3,MIXTO(A)
25,3,18,NAVOLATO,3673,2,URBANO(A)
25,3,18,NAVOLATO,3674,3,MIXTO(A)
25,3,18,NAVOLATO,3675,4,RURAL
25,3,18,NAVOLATO,3676,4,RURAL
25,3,18,NAVOLATO,3677,4,RURAL
25,3,18,NAVOLATO,3678,4,RURAL
25,3,18,NAVOLATO,3679,2,URBANO(A)
25,3,18,NAVOLATO,3680,3,MIXTO(A)
25,3,18,NAVOLATO,3681,3,MIXTO(A)
25,3,18,NAVOLATO,3682,3,MIXTO(A)
25,3,18,NAVOLATO,3683,3,MIXTO(A)
25,3,18,NAVOLATO,3684,2,URBANO(A)
25,3,18,NAVOLATO,3685,3,MIXTO(A)
25,3,18,NAVOLATO,3686,3,MIXTO(A)
25,3,18,NAVOLATO,3687,2,URBANO(A)
25,3,18,NAVOLATO,3688,4,RURAL
25,3,18,NAVOLATO,3689,4,RURAL
25,3,18,NAVOLATO,3690,4,RURAL
25,3,18,NAVOLATO,3691,4,RURAL
25,3,18,NAVOLATO,3692,2,URBANO(A)
25,3,18,NAVOLATO,3693,2,URBANO(A)
25,3,18,NAVOLATO,3694,2,URBANO(A)
25,3,18,NAVOLATO,3695,2,URBANO(A)
25,3,18,NAVOLATO,3696,3,MIXTO(A)
25,3,18,NAVOLATO,3697,4,RURAL
25,3,18,NAVOLATO,3698,4,RURAL
25,3,18,NAVOLATO,3699,4,RURAL
25,3,18,NAVOLATO,3700,4,RURAL
25,3,18,NAVOLATO,3701,2,URBANO(A)
25,3,18,NAVOLATO,3702,3,MIXTO(A)
25,3,18,NAVOLATO,3703,2,URBANO(A)
25,3,18,NAVOLATO,3704,2,URBANO(A)
25,3,18,NAVOLATO,3705,2,URBANO(A)
25,3,18,NAVOLATO,3706,3,MIXTO(A)
25,3,18,NAVOLATO,3707,3,MIXTO(A)
25,3,18,NAVOLATO,3708,4,RURAL
25,3,18,NAVOLATO,3709,4,RURAL
25,3,18,NAVOLATO,3710,3,MIXTO(A)
25,3,18,NAVOLATO,3711,2,URBANO(A)
25,3,18,NAVOLATO,3712,2,URBANO(A)
25,3,18,NAVOLATO,3713,4,RURAL
25,3,18,NAVOLATO,3714,3,MIXTO(A)
25,3,18,NAVOLATO,3715,2,URBANO(A)
25,3,18,NAVOLATO,3716,3,MIXTO(A)
25,3,18,NAVOLATO,3717,3,MIXTO(A)
25,3,18,NAVOLATO,3718,2,URBANO(A)
25,3,18,NAVOLATO,3719,4,RURAL
25,3,18,NAVOLATO,3720,4,RURAL
25,3,18,NAVOLATO,3721,3,MIXTO(A)
25,3,18,NAVOLATO,3722,3,MIXTO(A)
25,3,18,NAVOLATO,3723,4,RURAL
25,3,18,NAVOLATO,3724,4,RURAL
25,3,18,NAVOLATO,3725,2,URBANO(A)
25,3,18,NAVOLATO,3726,3,MIXTO(A)
25,3,18,NAVOLATO,3727,4,RURAL
25,3,18,NAVOLATO,3728,4,RURAL
25,3,18,NAVOLATO,3729,2,URBANO(A)
25,3,18,NAVOLATO,3730,3,MIXTO(A)
25,3,18,NAVOLATO,3731,4,RURAL
25,3,18,NAVOLATO,3732,4,RURAL
25,3,18,NAVOLATO,3733,4,RURAL
25,3,18,NAVOLATO,3734,4,RURAL
25,3,18,NAVOLATO,3735,4,RURAL
25,3,18,NAVOLATO,3736,3,MIXTO(A)
25,3,18,NAVOLATO,3737,2,URBANO(A)
25,3,18,NAVOLATO,3738,3,MIXTO(A)
25,3,18,NAVOLATO,3739,4,RURAL
25,3,18,NAVOLATO,3740,4,RURAL
25,3,18,NAVOLATO,3741,4,RURAL
25,3,18,NAVOLATO,3742,4,RURAL
25,3,18,NAVOLATO,3743,4,RURAL
25,3,18,NAVOLATO,3744,4,RURAL
25,3,18,NAVOLATO,3745,4,RURAL
25,3,18,NAVOLATO,3746,2,URBANO(A)
25,3,18,NAVOLATO,3747,3,MIXTO(A)
25,3,18,NAVOLATO,3748,4,RURAL
25,3,18,NAVOLATO,3749,3,MIXTO(A)
25,3,18,NAVOLATO,3750,2,URBANO(A)
25,3,18,NAVOLATO,3751,2,URBANO(A)
25,3,18,NAVOLATO,3752,4,RURAL
25,3,18,NAVOLATO,3753,4,RURAL
25,3,18,NAVOLATO,3754,4,RURAL
25,3,18,NAVOLATO,3756,3,MIXTO(A)
25,3,18,NAVOLATO,3757,2,URBANO(A)
25,3,18,NAVOLATO,3758,2,URBANO(A)
25,3,18,NAVOLATO,3759,2,URBANO(A)
25,3,18,NAVOLATO,3760,2,URBANO(A)
25,3,18,NAVOLATO,3761,2,URBANO(A)
25,3,18,NAVOLATO,3762,2,URBANO(A)
25,3,18,NAVOLATO,3763,2,URBANO(A)
25,3,18,NAVOLATO,3764,2,URBANO(A)
25,3,18,NAVOLATO,3765,2,URBANO(A)
25,3,18,NAVOLATO,3766,2,URBANO(A)
25,3,18,NAVOLATO,3767,2,URBANO(A)
25,3,18,NAVOLATO,3768,3,MIXTO(A)
25,3,18,NAVOLATO,3770,4,RURAL
25,3,18,NAVOLATO,3772,4,RURAL
25,3,18,NAVOLATO,3773,2,URBANO(A)
25,3,18,NAVOLATO,3774,2,URBANO(A)
25,3,18,NAVOLATO,3775,4,RURAL
25,3,18,NAVOLATO,3776,4,RURAL
25,3,18,NAVOLATO,3777,2,URBANO(A)
25,3,18,NAVOLATO,3778,3,MIXTO(A)
25,3,18,NAVOLATO,3779,4,RURAL
25,3,18,NAVOLATO,3780,4,RURAL
25,3,18,NAVOLATO,3781,4,RURAL
25,3,18,NAVOLATO,3782,4,RURAL
25,3,18,NAVOLATO,3783,3,MIXTO(A)
25,3,18,NAVOLATO,3784,2,URBANO(A)
25,3,18,NAVOLATO,3785,2,URBANO(A)
25,3,18,NAVOLATO,3786,3,MIXTO(A)
25,3,18,NAVOLATO,3787,2,URBANO(A)
25,3,18,NAVOLATO,3788,2,URBANO(A)
25,3,18,NAVOLATO,3789,2,URBANO(A)
25,6,12,MAZATLAN,3790,2,URBANO(A)
25,6,12,MAZATLAN,3791,2,URBANO(A)
25,6,12,MAZATLAN,3792,2,URBANO(A)
25,6,12,MAZATLAN,3793,2,URBANO(A)
25,6,12,MAZATLAN,3794,2,URBANO(A)
25,6,12,MAZATLAN,3795,2,URBANO(A)
25,6,12,MAZATLAN,3796,2,URBANO(A)
25,6,12,MAZATLAN,3797,2,URBANO(A)
25,6,12,MAZATLAN,3798,2,URBANO(A)
25,6,12,MAZATLAN,3799,2,URBANO(A)
25,6,12,MAZATLAN,3800,2,URBANO(A)
25,6,12,MAZATLAN,3801,2,URBANO(A)
25,6,12,MAZATLAN,3802,2,URBANO(A)
25,6,12,MAZATLAN,3803,2,URBANO(A)
25,6,12,MAZATLAN,3804,2,URBANO(A)
25,6,12,MAZATLAN,3805,2,URBANO(A)
25,6,12,MAZATLAN,3806,2,URBANO(A)
25,6,12,MAZATLAN,3807,2,URBANO(A)
25,6,12,MAZATLAN,3808,2,URBANO(A)
25,6,12,MAZATLAN,3809,2,URBANO(A)
25,6,12,MAZATLAN,3810,2,URBANO(A)
25,6,12,MAZATLAN,3811,2,URBANO(A)
25,6,12,MAZATLAN,3812,2,URBANO(A)
25,6,12,MAZATLAN,3813,2,URBANO(A)
25,6,12,MAZATLAN,3814,2,URBANO(A)
25,6,12,MAZATLAN,3815,2,URBANO(A)
25,6,12,MAZATLAN,3816,2,URBANO(A)
25,6,12,MAZATLAN,3817,2,URBANO(A)
25,6,12,MAZATLAN,3818,2,URBANO(A)
25,6,12,MAZATLAN,3819,2,URBANO(A)
25,6,12,MAZATLAN,3820,2,URBANO(A)
25,1,12,MAZATLAN,3821,2,URBANO(A)
25,6,12,MAZATLAN,3822,2,URBANO(A)
25,1,12,MAZATLAN,3823,2,URBANO(A)
25,6,12,MAZATLAN,3824,2,URBANO(A)
25,1,12,MAZATLAN,3825,2,URBANO(A)
25,1,12,MAZATLAN,3826,2,URBANO(A)
25,1,12,MAZATLAN,3827,2,URBANO(A)
25,1,12,MAZATLAN,3828,2,URBANO(A)
25,1,12,MAZATLAN,3829,2,URBANO(A)
25,1,12,MAZATLAN,3830,2,URBANO(A)
25,1,12,MAZATLAN,3831,2,URBANO(A)
25,1,12,MAZATLAN,3832,2,URBANO(A)
25,1,12,MAZATLAN,3833,2,URBANO(A)
25,1,12,MAZATLAN,3834,2,URBANO(A)
25,1,12,MAZATLAN,3835,2,URBANO(A)
25,1,12,MAZATLAN,3836,2,URBANO(A)
25,1,12,MAZATLAN,3837,2,URBANO(A)
25,5,6,CULIACAN,3838,2,URBANO(A)
25,5,6,CULIACAN,3839,2,URBANO(A)
25,5,6,CULIACAN,3840,2,URBANO(A)
25,5,6,CULIACAN,3841,2,URBANO(A)
25,5,6,CULIACAN,3842,2,URBANO(A)
25,5,6,CULIACAN,3843,2,URBANO(A)
25,5,6,CULIACAN,3844,2,URBANO(A)
25,5,6,CULIACAN,3845,2,URBANO(A)
25,5,6,CULIACAN,3846,2,URBANO(A)
25,5,6,CULIACAN,3847,2,URBANO(A)
25,2,1,AHOME,3848,2,URBANO(A)
25,2,1,AHOME,3849,2,URBANO(A)
25,2,1,AHOME,3850,2,URBANO(A)
25,2,1,AHOME,3851,2,URBANO(A)
25,2,1,AHOME,3852,2,URBANO(A)
25,2,1,AHOME,3853,2,URBANO(A)
25,2,1,AHOME,3854,2,URBANO(A)
25,2,1,AHOME,3855,2,URBANO(A)
25,2,1,AHOME,3856,2,URBANO(A)
25,2,1,AHOME,3857,2,URBANO(A)
25,2,1,AHOME,3858,2,URBANO(A)
25,2,1,AHOME,3859,2,URBANO(A)
25,2,1,AHOME,3860,2,URBANO(A)
25,2,1,AHOME,3861,2,URBANO(A)
25,2,1,AHOME,3862,2,URBANO(A)
25,2,1,AHOME,3863,2,URBANO(A)
25,2,1,AHOME,3864,2,URBANO(A)
25,2,1,AHOME,3865,2,URBANO(A)
25,2,1,AHOME,3866,2,URBANO(A)
25,2,1,AHOME,3867,2,URBANO(A)
25,2,1,AHOME,3868,2,URBANO(A)
25,2,1,AHOME,3869,2,URBANO(A)
25,2,1,AHOME,3870,2,URBANO(A)
25,2,1,AHOME,3871,2,URBANO(A)
25,2,1,AHOME,3872,2,URBANO(A)
25,2,1,AHOME,3873,2,URBANO(A)
25,2,1,AHOME,3874,2,URBANO(A)
25,2,1,AHOME,3875,2,URBANO(A)
25,2,1,AHOME,3876,2,URBANO(A)
25,2,1,AHOME,3877,2,URBANO(A)
25,2,1,AHOME,3878,2,URBANO(A)
25,2,1,AHOME,3879,2,URBANO(A)
25,2,1,AHOME,3880,2,URBANO(A)
25,2,1,AHOME,3881,2,URBANO(A)
25,2,1,AHOME,3882,2,URBANO(A)
25,2,1,AHOME,3883,2,URBANO(A)
25,2,1,AHOME,3884,2,URBANO(A)
25,2,1,AHOME,3885,2,URBANO(A)
25,2,1,AHOME,3886,2,URBANO(A)
25,2,1,AHOME,3887,2,URBANO(A)
25,2,1,AHOME,3888,2,URBANO(A)
25,2,1,AHOME,3889,2,URBANO(A)
25,1,12,MAZATLAN,3890,2,URBANO(A)
25,1,12,MAZATLAN,3891,2,URBANO(A)
25,5,6,CULIACAN,3892,2,URBANO(A)
25,5,6,CULIACAN,3893,2,URBANO(A)
25,5,6,CULIACAN,3894,2,URBANO(A)
25,5,6,CULIACAN,3895,2,URBANO(A)
25,5,6,CULIACAN,3896,2,URBANO(A)
25,5,6,CULIACAN,3897,2,URBANO(A)
25,5,6,CULIACAN,3898,2,URBANO(A)
25,5,6,CULIACAN,3899,2,URBANO(A)
25,5,6,CULIACAN,3900,2,URBANO(A)
25,5,6,CULIACAN,3901,2,URBANO(A)
25,5,6,CULIACAN,3902,2,URBANO(A)
25,5,6,CULIACAN,3903,2,URBANO(A)
25,5,6,CULIACAN,3904,2,URBANO(A)
25,5,6,CULIACAN,3905,2,URBANO(A)
25,5,6,CULIACAN,3906,2,URBANO(A)
25,5,6,CULIACAN,3907,2,URBANO(A)
25,5,6,CULIACAN,3908,2,URBANO(A)
25,5,6,CULIACAN,3909,2,URBANO(A)
25,5,6,CULIACAN,3910,2,URBANO(A)
25,6,12,MAZATLAN,3911,2,URBANO(A)
25,6,12,MAZATLAN,3912,2,URBANO(A)
25,6,12,MAZATLAN,3913,2,URBANO(A)
25,6,12,MAZATLAN,3914,2,URBANO(A)
25,7,6,CULIACAN,3915,3,MIXTO(A)
25,7,6,CULIACAN,3916,2,URBANO(A)
25,7,6,CULIACAN,3917,2,URBANO(A)
25,7,6,CULIACAN,3918,2,URBANO(A)
25,7,6,CULIACAN,3919,2,URBANO(A)
25,7,6,CULIACAN,3920,2,URBANO(A)
25,7,6,CULIACAN,3921,2,URBANO(A)
25,7,6,CULIACAN,3922,3,MIXTO(A)
25,1,12,MAZATLAN,3923,3,MIXTO(A)
25,1,12,MAZATLAN,3924,2,URBANO(A)
25,1,12,MAZATLAN,3925,2,URBANO(A)
25,1,12,MAZATLAN,3926,2,URBANO(A)
25,1,12,MAZATLAN,3927,2,URBANO(A)
25,1,12,MAZATLAN,3928,2,URBANO(A)
25,1,12,MAZATLAN,3929,2,URBANO(A)
25,1,12,MAZATLAN,3930,3,MIXTO(A)
25,1,12,MAZATLAN,3931,3,MIXTO(A)
25,1,12,MAZATLAN,3932,2,URBANO(A)
25,1,12,MAZATLAN,3933,2,URBANO(A)
25,4,11,GUASAVE,3934,2,URBANO(A)
25,4,11,GUASAVE,3935,2,URBANO(A)
25,4,11,GUASAVE,3936,2,URBANO(A)
25,4,11,GUASAVE,3937,2,URBANO(A)
25,4,11,GUASAVE,3938,2,URBANO(A)
25,5,6,CULIACAN,3939,2,URBANO(A)
25,5,6,CULIACAN,3940,2,URBANO(A)
25,5,6,CULIACAN,3941,2,URBANO(A)
25,5,6,CULIACAN,3942,2,URBANO(A)
25,5,6,CULIACAN,3943,2,URBANO(A)
25,5,6,CULIACAN,3944,2,URBANO(A)
25,5,6,CULIACAN,3945,2,URBANO(A)
25,5,6,CULIACAN,3946,2,URBANO(A)
25,5,6,CULIACAN,3947,2,URBANO(A)
25,5,6,CULIACAN,3948,2,URBANO(A)
25,6,12,MAZATLAN,3949,3,MIXTO(A)
25,6,12,MAZATLAN,3950,3,MIXTO(A)
25,6,12,MAZATLAN,3951,3,MIXTO(A)
25,6,12,MAZATLAN,3952,2,URBANO(A)
25,6,12,MAZATLAN,3953,2,URBANO(A)
25,6,12,MAZATLAN,3954,2,URBANO(A)
25,6,12,MAZATLAN,3955,2,URBANO(A)
25,6,12,MAZATLAN,3956,3,MIXTO(A)
25,6,12,MAZATLAN,3957,3,MIXTO(A)
25,6,12,MAZATLAN,3958,2,URBANO(A)
25,6,12,MAZATLAN,3959,2,URBANO(A)
25,6,12,MAZATLAN,3960,2,URBANO(A)
25,6,12,MAZATLAN,3961,3,MIXTO(A)
25,6,12,MAZATLAN,3962,3,MIXTO(A)
25,6,12,MAZATLAN,3963,2,URBANO(A)
25,6,12,MAZATLAN,3964,2,URBANO(A)
25,7,6,CULIACAN,3965,2,URBANO(A)
25,7,6,CULIACAN,3966,2,URBANO(A)
25,7,6,CULIACAN,3967,2,URBANO(A)
25,7,6,CULIACAN,3968,2,URBANO(A)
25,7,6,CULIACAN,3969,2,URBANO(A)
25,7,6,CULIACAN,3970,2,URBANO(A)
25,7,6,CULIACAN,3971,2,URBANO(A)
25,7,6,CULIACAN,3972,2,URBANO(A)
25,7,6,CULIACAN,3973,2,URBANO(A)
25,7,6,CULIACAN,3974,2,URBANO(A)
25,2,1,AHOME,3975,2,URBANO(A)
25,2,1,AHOME,3976,2,URBANO(A)
25,2,1,AHOME,3977,2,URBANO(A)
25,5,6,CULIACAN,3978,2,URBANO(A)
25,5,6,CULIACAN,3979,2,URBANO(A)
25,5,6,CULIACAN,3980,2,URBANO(A)
25,5,6,CULIACAN,3981,2,URBANO(A)
25,5,6,CULIACAN,3982,2,URBANO(A)
25,5,6,CULIACAN,3983,2,URBANO(A)
25,5,6,CULIACAN,3984,2,URBANO(A)
25,6,12,MAZATLAN,3985,2,URBANO(A)
25,6,12,MAZATLAN,3986,2,URBANO(A)
25,6,12,MAZATLAN,3987,2,URBANO(A)
25,6,12,MAZATLAN,3988,2,URBANO(A)
25,6,12,MAZATLAN,3989,2,URBANO(A)
25,6,12,MAZATLAN,3990,2,URBANO(A)
25,7,6,CULIACAN,3991,2,URBANO(A)
25,7,6,CULIACAN,3992,2,URBANO(A)
25,7,6,CULIACAN,3993,2,URBANO(A)
25,7,6,CULIACAN,3994,2,URBANO(A)
25,7,6,CULIACAN,3995,2,URBANO(A)
25,7,6,CULIACAN,3996,2,URBANO(A)
25,7,6,CULIACAN,3997,2,URBANO(A)
25,5,6,CULIACAN,3998,2,URBANO(A)
25,5,6,CULIACAN,3999,2,URBANO(A)
25,5,6,CULIACAN,4000,2,URBANO(A)
25,5,6,CULIACAN,4001,2,URBANO(A)
25,5,6,CULIACAN,4002,2,URBANO(A)
25,5,6,CULIACAN,4003,2,URBANO(A)
25,5,6,CULIACAN,4004,3,MIXTO(A)
25,5,6,CULIACAN,4005,2,URBANO(A)
25,5,6,CULIACAN,4006,2,URBANO(A)
25,5,6,CULIACAN,4007,2,URBANO(A)
25,5,6,CULIACAN,4008,2,URBANO(A)
25,5,6,CULIACAN,4009,2,URBANO(A)
25,5,6,CULIACAN,4010,2,URBANO(A)
25,5,6,CULIACAN,4011,2,URBANO(A)
25,5,6,CULIACAN,4012,2,URBANO(A)
25,5,6,CULIACAN,4013,2,URBANO(A)
25,7,6,CULIACAN,4014,2,URBANO(A)
25,7,6,CULIACAN,4015,2,URBANO(A)
25,7,6,CULIACAN,4016,2,URBANO(A)
25,7,6,CULIACAN,4017,2,URBANO(A)
25,7,6,CULIACAN,4018,2,URBANO(A)
25,7,6,CULIACAN,4019,2,URBANO(A)
25,7,6,CULIACAN,4020,2,URBANO(A)
25,7,6,CULIACAN,4021,2,URBANO(A)
25,7,6,CULIACAN,4022,2,URBANO(A)
25,7,6,CULIACAN,4023,2,URBANO(A)
25,7,6,CULIACAN,4024,2,URBANO(A)
25,7,6,CULIACAN,4025,2,URBANO(A)
25,7,6,CULIACAN,4026,2,URBANO(A)
25,7,6,CULIACAN,4027,2,URBANO(A)
25,7,6,CULIACAN,4028,2,URBANO(A)
25,7,6,CULIACAN,4029,2,URBANO(A)
