disn,padre,s
1,3,100
2,2,100
3,,80
4,,76.4705882353
5,,32.7272727273
6,,59.375
7,,52.1739130435
8,,32.0754716981
9,,32.2033898305
10,,67.1232876712
11,,42.5925925926
12,,77.9220779221
13,,45.7627118644
14,,64.4444444444
15,,27.7777777778
16,,25
17,,100
18,,100
